exp,cond,trial,i,latency_us
cdf_fs,off,0,0,2.89
cdf_fs,off,0,1,2.71
cdf_fs,off,0,2,2.31
cdf_fs,off,0,3,2.18
cdf_fs,off,0,4,2.11
cdf_fs,off,0,5,2.28
cdf_fs,off,0,6,2.19
cdf_fs,off,0,7,2.07
cdf_fs,off,0,8,2.1
cdf_fs,off,0,9,2.14
cdf_fs,off,0,10,2.08
cdf_fs,off,0,11,2.11
cdf_fs,off,0,12,2.15
cdf_fs,off,0,13,2.17
cdf_fs,off,0,14,2.18
cdf_fs,off,0,15,2.14
cdf_fs,off,0,16,2.07
cdf_fs,off,0,17,2.16
cdf_fs,off,0,18,2.07
cdf_fs,off,0,19,2.08
cdf_fs,off,0,20,2.24
cdf_fs,off,0,21,2.12
cdf_fs,off,0,22,2.06
cdf_fs,off,0,23,2.09
cdf_fs,off,0,24,2.12
cdf_fs,off,0,25,2.31
cdf_fs,off,0,26,2.05
cdf_fs,off,0,27,2.23
cdf_fs,off,0,28,1.81
cdf_fs,off,0,29,2.11
cdf_fs,off,0,30,2.2
cdf_fs,off,0,31,2.09
cdf_fs,off,0,32,2.09
cdf_fs,off,0,33,2.18
cdf_fs,off,0,34,2.05
cdf_fs,off,0,35,2.06
cdf_fs,off,0,36,2.07
cdf_fs,off,0,37,2.05
cdf_fs,off,0,38,2.34
cdf_fs,off,0,39,2.05
cdf_fs,off,0,40,2.07
cdf_fs,off,0,41,2.19
cdf_fs,off,0,42,2.27
cdf_fs,off,0,43,2.08
cdf_fs,off,0,44,2.07
cdf_fs,off,0,45,2.09
cdf_fs,off,0,46,2.09
cdf_fs,off,0,47,2.1
cdf_fs,off,0,48,2.26
cdf_fs,off,0,49,2.12
cdf_fs,off,0,50,2.24
cdf_fs,off,0,51,2.08
cdf_fs,off,0,52,1.8
cdf_fs,off,0,53,2.13
cdf_fs,off,0,54,2.21
cdf_fs,off,0,55,2.21
cdf_fs,off,0,56,2.1
cdf_fs,off,0,57,2.11
cdf_fs,off,0,58,2.15
cdf_fs,off,0,59,2.11
cdf_fs,off,0,60,2.06
cdf_fs,off,0,61,2.14
cdf_fs,off,0,62,2.08
cdf_fs,off,0,63,2.07
cdf_fs,off,0,64,2.21
cdf_fs,off,0,65,2.11
cdf_fs,off,0,66,2.13
cdf_fs,off,0,67,2.16
cdf_fs,off,0,68,2.17
cdf_fs,off,0,69,2.13
cdf_fs,off,0,70,1.74
cdf_fs,off,0,71,2.29
cdf_fs,off,0,72,2.15
cdf_fs,off,0,73,2.23
cdf_fs,off,0,74,2.26
cdf_fs,off,0,75,2.05
cdf_fs,off,0,76,2.1
cdf_fs,off,0,77,2.14
cdf_fs,off,0,78,2.1
cdf_fs,off,0,79,2.07
cdf_fs,off,0,80,2.06
cdf_fs,off,0,81,2.23
cdf_fs,off,0,82,2.03
cdf_fs,off,0,83,2.15
cdf_fs,off,0,84,2.11
cdf_fs,off,0,85,2.11
cdf_fs,off,0,86,2.15
cdf_fs,off,0,87,2.07
cdf_fs,off,0,88,2.18
cdf_fs,off,0,89,2.07
cdf_fs,off,0,90,2.17
cdf_fs,off,0,91,2.23
cdf_fs,off,0,92,2.25
cdf_fs,off,0,93,2.16
cdf_fs,off,0,94,2.25
cdf_fs,off,0,95,2.06
cdf_fs,off,0,96,2.18
cdf_fs,off,0,97,2.08
cdf_fs,off,0,98,2.06
cdf_fs,off,0,99,2.14
cdf_fs,off,0,100,2.15
cdf_fs,off,0,101,2.21
cdf_fs,off,0,102,2.29
cdf_fs,off,0,103,2.09
cdf_fs,off,0,104,2.22
cdf_fs,off,0,105,2.09
cdf_fs,off,0,106,1.75
cdf_fs,off,0,107,2.08
cdf_fs,off,0,108,2.14
cdf_fs,off,0,109,2.13
cdf_fs,off,0,110,2.61
cdf_fs,off,0,111,2.17
cdf_fs,off,0,112,2.18
cdf_fs,off,0,113,2.25
cdf_fs,off,0,114,2.13
cdf_fs,off,0,115,1.78
cdf_fs,off,0,116,2.09
cdf_fs,off,0,117,2.05
cdf_fs,off,0,118,2.09
cdf_fs,off,0,119,2.33
cdf_fs,off,0,120,1.79
cdf_fs,off,0,121,2.29
cdf_fs,off,0,122,2.09
cdf_fs,off,0,123,2.05
cdf_fs,off,0,124,2.08
cdf_fs,off,0,125,2.14
cdf_fs,off,0,126,2.07
cdf_fs,off,0,127,2.12
cdf_fs,off,0,128,2.11
cdf_fs,off,0,129,2.22
cdf_fs,off,0,130,2.08
cdf_fs,off,0,131,2.07
cdf_fs,off,0,132,2.3
cdf_fs,off,0,133,2.16
cdf_fs,off,0,134,2.13
cdf_fs,off,0,135,2.22
cdf_fs,off,0,136,2.13
cdf_fs,off,0,137,2.16
cdf_fs,off,0,138,2.05
cdf_fs,off,0,139,2.12
cdf_fs,off,0,140,2.18
cdf_fs,off,0,141,2.21
cdf_fs,off,0,142,2.16
cdf_fs,off,0,143,1.79
cdf_fs,off,0,144,2.26
cdf_fs,off,0,145,2.07
cdf_fs,off,0,146,2.14
cdf_fs,off,0,147,2.12
cdf_fs,off,0,148,2.08
cdf_fs,off,0,149,2.07
cdf_fs,off,0,150,2.22
cdf_fs,off,0,151,2.14
cdf_fs,off,0,152,2.07
cdf_fs,off,0,153,2.05
cdf_fs,off,0,154,2.09
cdf_fs,off,0,155,1.77
cdf_fs,off,0,156,2.16
cdf_fs,off,0,157,2.19
cdf_fs,off,0,158,2.11
cdf_fs,off,0,159,1.91
cdf_fs,off,0,160,1.82
cdf_fs,off,0,161,2.21
cdf_fs,off,0,162,2.26
cdf_fs,off,0,163,2.16
cdf_fs,off,0,164,2.1
cdf_fs,off,0,165,2.17
cdf_fs,off,0,166,2.05
cdf_fs,off,0,167,2.15
cdf_fs,off,0,168,2.21
cdf_fs,off,0,169,2.06
cdf_fs,off,0,170,2.13
cdf_fs,off,0,171,1.78
cdf_fs,off,0,172,2.13
cdf_fs,off,0,173,2.22
cdf_fs,off,0,174,2.16
cdf_fs,off,0,175,2.18
cdf_fs,off,0,176,1.78
cdf_fs,off,0,177,2.28
cdf_fs,off,0,178,2.06
cdf_fs,off,0,179,2.18
cdf_fs,off,0,180,1.75
cdf_fs,off,0,181,2.09
cdf_fs,off,0,182,2.22
cdf_fs,off,0,183,2.15
cdf_fs,off,0,184,2.07
cdf_fs,off,0,185,2.07
cdf_fs,off,0,186,2.1
cdf_fs,off,0,187,1.77
cdf_fs,off,0,188,1.78
cdf_fs,off,0,189,2.15
cdf_fs,off,0,190,2.02
cdf_fs,off,0,191,2.11
cdf_fs,off,0,192,2.05
cdf_fs,off,0,193,1.76
cdf_fs,off,0,194,2.19
cdf_fs,off,0,195,2.05
cdf_fs,off,0,196,2.09
cdf_fs,off,0,197,2.04
cdf_fs,off,0,198,2.21
cdf_fs,off,0,199,2.05
cdf_fs,off,0,200,2.12
cdf_fs,off,0,201,2.11
cdf_fs,off,0,202,2.24
cdf_fs,off,0,203,2.05
cdf_fs,off,0,204,2.12
cdf_fs,off,0,205,1.76
cdf_fs,off,0,206,2.07
cdf_fs,off,0,207,2.13
cdf_fs,off,0,208,2.15
cdf_fs,off,0,209,2.21
cdf_fs,off,0,210,2.14
cdf_fs,off,0,211,2.06
cdf_fs,off,0,212,2.16
cdf_fs,off,0,213,2.06
cdf_fs,off,0,214,2.07
cdf_fs,off,0,215,2.14
cdf_fs,off,0,216,1.74
cdf_fs,off,0,217,1.74
cdf_fs,off,0,218,2.08
cdf_fs,off,0,219,2.05
cdf_fs,off,0,220,2.12
cdf_fs,off,0,221,2.27
cdf_fs,off,0,222,2.24
cdf_fs,off,0,223,2.09
cdf_fs,off,0,224,2.12
cdf_fs,off,0,225,2.27
cdf_fs,off,0,226,2.08
cdf_fs,off,0,227,2.21
cdf_fs,off,0,228,2.1
cdf_fs,off,0,229,2.22
cdf_fs,off,0,230,2.1
cdf_fs,off,0,231,1.75
cdf_fs,off,0,232,2.28
cdf_fs,off,0,233,2.08
cdf_fs,off,0,234,2.2
cdf_fs,off,0,235,2.21
cdf_fs,off,0,236,2.08
cdf_fs,off,0,237,2.1
cdf_fs,off,0,238,2.07
cdf_fs,off,0,239,2.06
cdf_fs,off,0,240,2.1
cdf_fs,off,0,241,2.05
cdf_fs,off,0,242,2.04
cdf_fs,off,0,243,2.05
cdf_fs,off,0,244,2.13
cdf_fs,off,0,245,2.04
cdf_fs,off,0,246,2.22
cdf_fs,off,0,247,2.06
cdf_fs,off,0,248,2.11
cdf_fs,off,0,249,2.1
cdf_fs,off,0,250,2.13
cdf_fs,off,0,251,2.06
cdf_fs,off,0,252,2.11
cdf_fs,off,0,253,2.03
cdf_fs,off,0,254,2.04
cdf_fs,off,0,255,2.18
cdf_fs,off,0,256,2.22
cdf_fs,off,0,257,2.11
cdf_fs,off,0,258,2.07
cdf_fs,off,0,259,2.06
cdf_fs,off,0,260,1.76
cdf_fs,off,0,261,2.27
cdf_fs,off,0,262,2.11
cdf_fs,off,0,263,2.11
cdf_fs,off,0,264,2.14
cdf_fs,off,0,265,2.33
cdf_fs,off,0,266,2.14
cdf_fs,off,0,267,2.04
cdf_fs,off,0,268,1.78
cdf_fs,off,0,269,2.12
cdf_fs,off,0,270,2.1
cdf_fs,off,0,271,2.08
cdf_fs,off,0,272,2.18
cdf_fs,off,0,273,2.1
cdf_fs,off,0,274,2.3
cdf_fs,off,0,275,1.81
cdf_fs,off,0,276,2.17
cdf_fs,off,0,277,2.11
cdf_fs,off,0,278,2.08
cdf_fs,off,0,279,1.78
cdf_fs,off,0,280,2.08
cdf_fs,off,0,281,2.05
cdf_fs,off,0,282,2.22
cdf_fs,off,0,283,2.06
cdf_fs,off,0,284,1.8
cdf_fs,off,0,285,2.24
cdf_fs,off,0,286,2.41
cdf_fs,off,0,287,1.95
cdf_fs,off,0,288,2.19
cdf_fs,off,0,289,2.25
cdf_fs,off,0,290,2.23
cdf_fs,off,0,291,2.12
cdf_fs,off,0,292,2.14
cdf_fs,off,0,293,2.2
cdf_fs,off,0,294,2.06
cdf_fs,off,0,295,2.19
cdf_fs,off,0,296,2.2
cdf_fs,off,0,297,2.32
cdf_fs,off,0,298,2.08
cdf_fs,off,0,299,2.14
cdf_fs,off,0,300,2.07
cdf_fs,off,0,301,2.2
cdf_fs,off,0,302,2.15
cdf_fs,off,0,303,1.78
cdf_fs,off,0,304,2.18
cdf_fs,off,0,305,1.75
cdf_fs,off,0,306,2.33
cdf_fs,off,0,307,2.15
cdf_fs,off,0,308,2.27
cdf_fs,off,0,309,2.12
cdf_fs,off,0,310,2.34
cdf_fs,off,0,311,1.77
cdf_fs,off,0,312,2.08
cdf_fs,off,0,313,2.21
cdf_fs,off,0,314,2.12
cdf_fs,off,0,315,2.23
cdf_fs,off,0,316,1.77
cdf_fs,off,0,317,1.8
cdf_fs,off,0,318,2.72
cdf_fs,off,0,319,2.13
cdf_fs,off,0,320,2.08
cdf_fs,off,0,321,2.09
cdf_fs,off,0,322,2.18
cdf_fs,off,0,323,1.83
cdf_fs,off,0,324,2.32
cdf_fs,off,0,325,2.06
cdf_fs,off,0,326,1.78
cdf_fs,off,0,327,2.05
cdf_fs,off,0,328,2.13
cdf_fs,off,0,329,1.75
cdf_fs,off,0,330,2.24
cdf_fs,off,0,331,1.78
cdf_fs,off,0,332,2.07
cdf_fs,off,0,333,2.04
cdf_fs,off,0,334,2.05
cdf_fs,off,0,335,1.76
cdf_fs,off,0,336,2.05
cdf_fs,off,0,337,2.06
cdf_fs,off,0,338,2.25
cdf_fs,off,0,339,2.07
cdf_fs,off,0,340,2.11
cdf_fs,off,0,341,2.05
cdf_fs,off,0,342,2.21
cdf_fs,off,0,343,2.06
cdf_fs,off,0,344,2.1
cdf_fs,off,0,345,2.08
cdf_fs,off,0,346,2.06
cdf_fs,off,0,347,1.76
cdf_fs,off,0,348,1.73
cdf_fs,off,0,349,1.8
cdf_fs,off,0,350,1.73
cdf_fs,off,0,351,2.06
cdf_fs,off,0,352,1.73
cdf_fs,off,0,353,2.11
cdf_fs,off,0,354,2.12
cdf_fs,off,0,355,2.05
cdf_fs,off,0,356,2.05
cdf_fs,off,0,357,1.75
cdf_fs,off,0,358,2.13
cdf_fs,off,0,359,2.15
cdf_fs,off,0,360,2.04
cdf_fs,off,0,361,2.12
cdf_fs,off,0,362,2.05
cdf_fs,off,0,363,2.1
cdf_fs,off,0,364,2.1
cdf_fs,off,0,365,2.12
cdf_fs,off,0,366,2.06
cdf_fs,off,0,367,2.13
cdf_fs,off,0,368,2.05
cdf_fs,off,0,369,2.07
cdf_fs,off,0,370,2.07
cdf_fs,off,0,371,2.08
cdf_fs,off,0,372,2.06
cdf_fs,off,0,373,2.24
cdf_fs,off,0,374,1.75
cdf_fs,off,0,375,2.11
cdf_fs,off,0,376,2.42
cdf_fs,off,0,377,2.98
cdf_fs,off,0,378,2.22
cdf_fs,off,0,379,1.8
cdf_fs,off,0,380,2.11
cdf_fs,off,0,381,2.21
cdf_fs,off,0,382,2.17
cdf_fs,off,0,383,1.78
cdf_fs,off,0,384,2.23
cdf_fs,off,0,385,2.11
cdf_fs,off,0,386,2.11
cdf_fs,off,0,387,2.31
cdf_fs,off,0,388,1.76
cdf_fs,off,0,389,2.08
cdf_fs,off,0,390,2.06
cdf_fs,off,0,391,2.07
cdf_fs,off,0,392,2.08
cdf_fs,off,0,393,2.06
cdf_fs,off,0,394,1.77
cdf_fs,off,0,395,1.8
cdf_fs,off,0,396,2.06
cdf_fs,off,0,397,2.08
cdf_fs,off,0,398,2.14
cdf_fs,off,0,399,2.07
cdf_fs,off,0,400,2.1
cdf_fs,off,0,401,2.18
cdf_fs,off,0,402,2.09
cdf_fs,off,0,403,1.77
cdf_fs,off,0,404,2.07
cdf_fs,off,0,405,1.74
cdf_fs,off,0,406,2.17
cdf_fs,off,0,407,1.77
cdf_fs,off,0,408,1.76
cdf_fs,off,0,409,2.06
cdf_fs,off,0,410,2.16
cdf_fs,off,0,411,2.08
cdf_fs,off,0,412,1.76
cdf_fs,off,0,413,2.19
cdf_fs,off,0,414,1.82
cdf_fs,off,0,415,2.19
cdf_fs,off,0,416,2.21
cdf_fs,off,0,417,2.07
cdf_fs,off,0,418,2.13
cdf_fs,off,0,419,2.24
cdf_fs,off,0,420,1.82
cdf_fs,off,0,421,2.29
cdf_fs,off,0,422,1.75
cdf_fs,off,0,423,2.11
cdf_fs,off,0,424,2.23
cdf_fs,off,0,425,2.09
cdf_fs,off,0,426,2.23
cdf_fs,off,0,427,2.06
cdf_fs,off,0,428,2.14
cdf_fs,off,0,429,2.06
cdf_fs,off,0,430,2.21
cdf_fs,off,0,431,2.44
cdf_fs,off,0,432,2.06
cdf_fs,off,0,433,1.77
cdf_fs,off,0,434,2.16
cdf_fs,off,0,435,2.19
cdf_fs,off,0,436,2.24
cdf_fs,off,0,437,2.07
cdf_fs,off,0,438,2.24
cdf_fs,off,0,439,2.09
cdf_fs,off,0,440,2.15
cdf_fs,off,0,441,2.05
cdf_fs,off,0,442,2.08
cdf_fs,off,0,443,2.08
cdf_fs,off,0,444,2.06
cdf_fs,off,0,445,2.08
cdf_fs,off,0,446,2.06
cdf_fs,off,0,447,2.13
cdf_fs,off,0,448,2.31
cdf_fs,off,0,449,2.13
cdf_fs,off,0,450,1.75
cdf_fs,off,0,451,2.23
cdf_fs,off,0,452,1.77
cdf_fs,off,0,453,1.72
cdf_fs,off,0,454,1.83
cdf_fs,off,0,455,1.84
cdf_fs,off,0,456,1.79
cdf_fs,off,0,457,2.15
cdf_fs,off,0,458,2.08
cdf_fs,off,0,459,2.15
cdf_fs,off,0,460,2.07
cdf_fs,off,0,461,1.81
cdf_fs,off,0,462,1.78
cdf_fs,off,0,463,1.78
cdf_fs,off,0,464,2.2
cdf_fs,off,0,465,2.09
cdf_fs,off,0,466,2.07
cdf_fs,off,0,467,1.72
cdf_fs,off,0,468,2.24
cdf_fs,off,0,469,2.07
cdf_fs,off,0,470,2.03
cdf_fs,off,0,471,2.14
cdf_fs,off,0,472,2.06
cdf_fs,off,0,473,1.78
cdf_fs,off,0,474,2.07
cdf_fs,off,0,475,2.09
cdf_fs,off,0,476,1.77
cdf_fs,off,0,477,2.2
cdf_fs,off,0,478,1.76
cdf_fs,off,0,479,2.15
cdf_fs,off,0,480,2.13
cdf_fs,off,0,481,2.05
cdf_fs,off,0,482,2.08
cdf_fs,off,0,483,2.07
cdf_fs,off,0,484,2.11
cdf_fs,off,0,485,2.08
cdf_fs,off,0,486,2.05
cdf_fs,off,0,487,1.81
cdf_fs,off,0,488,2.12
cdf_fs,off,0,489,2.09
cdf_fs,off,0,490,2.91
cdf_fs,off,0,491,1.8
cdf_fs,off,0,492,2.2
cdf_fs,off,0,493,2.13
cdf_fs,off,0,494,2.15
cdf_fs,off,0,495,1.79
cdf_fs,off,0,496,2.17
cdf_fs,off,0,497,2.03
cdf_fs,off,0,498,2.09
cdf_fs,off,0,499,1.77
cdf_fs,off,0,500,2.08
cdf_fs,off,0,501,1.73
cdf_fs,off,0,502,2.22
cdf_fs,off,0,503,2.23
cdf_fs,off,0,504,2.1
cdf_fs,off,0,505,2.06
cdf_fs,off,0,506,2.2
cdf_fs,off,0,507,2.14
cdf_fs,off,0,508,2.16
cdf_fs,off,0,509,2.06
cdf_fs,off,0,510,2.09
cdf_fs,off,0,511,1.76
cdf_fs,off,0,512,1.73
cdf_fs,off,0,513,1.79
cdf_fs,off,0,514,2.13
cdf_fs,off,0,515,2.2
cdf_fs,off,0,516,2.06
cdf_fs,off,0,517,2.07
cdf_fs,off,0,518,2.15
cdf_fs,off,0,519,2.11
cdf_fs,off,0,520,1.8
cdf_fs,off,0,521,2.13
cdf_fs,off,0,522,2.12
cdf_fs,off,0,523,1.79
cdf_fs,off,0,524,2.11
cdf_fs,off,0,525,2.07
cdf_fs,off,0,526,2.07
cdf_fs,off,0,527,2.23
cdf_fs,off,0,528,2.08
cdf_fs,off,0,529,1.76
cdf_fs,off,0,530,2.19
cdf_fs,off,0,531,2.26
cdf_fs,off,0,532,2.26
cdf_fs,off,0,533,2.13
cdf_fs,off,0,534,2.07
cdf_fs,off,0,535,1.76
cdf_fs,off,0,536,2.11
cdf_fs,off,0,537,2.11
cdf_fs,off,0,538,2.06
cdf_fs,off,0,539,2.2
cdf_fs,off,0,540,1.77
cdf_fs,off,0,541,2.2
cdf_fs,off,0,542,1.87
cdf_fs,off,0,543,1.76
cdf_fs,off,0,544,1.77
cdf_fs,off,0,545,2.13
cdf_fs,off,0,546,2.31
cdf_fs,off,0,547,2.15
cdf_fs,off,0,548,2.16
cdf_fs,off,0,549,2.13
cdf_fs,off,0,550,2.06
cdf_fs,off,0,551,1.77
cdf_fs,off,0,552,2.15
cdf_fs,off,0,553,2.21
cdf_fs,off,0,554,2.06
cdf_fs,off,0,555,2.07
cdf_fs,off,0,556,2.19
cdf_fs,off,0,557,1.76
cdf_fs,off,0,558,2.07
cdf_fs,off,0,559,2.06
cdf_fs,off,0,560,2.04
cdf_fs,off,0,561,2.07
cdf_fs,off,0,562,2.23
cdf_fs,off,0,563,2.06
cdf_fs,off,0,564,2.1
cdf_fs,off,0,565,1.82
cdf_fs,off,0,566,2.06
cdf_fs,off,0,567,2.1
cdf_fs,off,0,568,2.1
cdf_fs,off,0,569,1.77
cdf_fs,off,0,570,2.12
cdf_fs,off,0,571,2.05
cdf_fs,off,0,572,1.8
cdf_fs,off,0,573,2.24
cdf_fs,off,0,574,2.07
cdf_fs,off,0,575,2.05
cdf_fs,off,0,576,2.13
cdf_fs,off,0,577,2.24
cdf_fs,off,0,578,2.06
cdf_fs,off,0,579,2.17
cdf_fs,off,0,580,1.75
cdf_fs,off,0,581,2.14
cdf_fs,off,0,582,2.08
cdf_fs,off,0,583,2.28
cdf_fs,off,0,584,2.21
cdf_fs,off,0,585,2.09
cdf_fs,off,0,586,2.08
cdf_fs,off,0,587,2.12
cdf_fs,off,0,588,2.1
cdf_fs,off,0,589,2.1
cdf_fs,off,0,590,1.77
cdf_fs,off,0,591,1.84
cdf_fs,off,0,592,2.17
cdf_fs,off,0,593,2.11
cdf_fs,off,0,594,2.26
cdf_fs,off,0,595,2.06
cdf_fs,off,0,596,2.09
cdf_fs,off,0,597,2.05
cdf_fs,off,0,598,2.14
cdf_fs,off,0,599,2.23
cdf_fs,off,0,600,2.16
cdf_fs,off,0,601,2.14
cdf_fs,off,0,602,1.78
cdf_fs,off,0,603,1.74
cdf_fs,off,0,604,2.05
cdf_fs,off,0,605,1.78
cdf_fs,off,0,606,2.09
cdf_fs,off,0,607,2.17
cdf_fs,off,0,608,2.04
cdf_fs,off,0,609,2.16
cdf_fs,off,0,610,2.07
cdf_fs,off,0,611,2.09
cdf_fs,off,0,612,2.06
cdf_fs,off,0,613,1.78
cdf_fs,off,0,614,2.14
cdf_fs,off,0,615,2.12
cdf_fs,off,0,616,2.04
cdf_fs,off,0,617,1.77
cdf_fs,off,0,618,2.06
cdf_fs,off,0,619,2.04
cdf_fs,off,0,620,2.25
cdf_fs,off,0,621,2.06
cdf_fs,off,0,622,2.08
cdf_fs,off,0,623,2.15
cdf_fs,off,0,624,2.07
cdf_fs,off,0,625,2.17
cdf_fs,off,0,626,2.32
cdf_fs,off,0,627,2.16
cdf_fs,off,0,628,1.79
cdf_fs,off,0,629,2.31
cdf_fs,off,0,630,2.07
cdf_fs,off,0,631,2.12
cdf_fs,off,0,632,2.05
cdf_fs,off,0,633,2.29
cdf_fs,off,0,634,2.04
cdf_fs,off,0,635,2.07
cdf_fs,off,0,636,1.81
cdf_fs,off,0,637,2.12
cdf_fs,off,0,638,1.8
cdf_fs,off,0,639,2.08
cdf_fs,off,0,640,2.05
cdf_fs,off,0,641,1.82
cdf_fs,off,0,642,1.76
cdf_fs,off,0,643,1.74
cdf_fs,off,0,644,1.73
cdf_fs,off,0,645,1.79
cdf_fs,off,0,646,2.17
cdf_fs,off,0,647,1.8
cdf_fs,off,0,648,2.07
cdf_fs,off,0,649,1.77
cdf_fs,off,0,650,1.77
cdf_fs,off,0,651,1.75
cdf_fs,off,0,652,2.19
cdf_fs,off,0,653,2.05
cdf_fs,off,0,654,2.13
cdf_fs,off,0,655,1.77
cdf_fs,off,0,656,2.08
cdf_fs,off,0,657,1.76
cdf_fs,off,0,658,2.24
cdf_fs,off,0,659,2.33
cdf_fs,off,0,660,2.2
cdf_fs,off,0,661,2.07
cdf_fs,off,0,662,2.1
cdf_fs,off,0,663,2.07
cdf_fs,off,0,664,2.25
cdf_fs,off,0,665,2.07
cdf_fs,off,0,666,1.79
cdf_fs,off,0,667,1.8
cdf_fs,off,0,668,2.06
cdf_fs,off,0,669,2.36
cdf_fs,off,0,670,2.26
cdf_fs,off,0,671,2.1
cdf_fs,off,0,672,2.06
cdf_fs,off,0,673,2.08
cdf_fs,off,0,674,1.83
cdf_fs,off,0,675,1.78
cdf_fs,off,0,676,2.08
cdf_fs,off,0,677,1.77
cdf_fs,off,0,678,2.14
cdf_fs,off,0,679,2.07
cdf_fs,off,0,680,2.15
cdf_fs,off,0,681,2.25
cdf_fs,off,0,682,1.8
cdf_fs,off,0,683,2.13
cdf_fs,off,0,684,2.71
cdf_fs,off,0,685,2.25
cdf_fs,off,0,686,2.06
cdf_fs,off,0,687,2.15
cdf_fs,off,0,688,2.16
cdf_fs,off,0,689,2.25
cdf_fs,off,0,690,1.79
cdf_fs,off,0,691,1.77
cdf_fs,off,0,692,2.24
cdf_fs,off,0,693,2.04
cdf_fs,off,0,694,1.78
cdf_fs,off,0,695,1.81
cdf_fs,off,0,696,2.36
cdf_fs,off,0,697,2.12
cdf_fs,off,0,698,2.1
cdf_fs,off,0,699,1.76
cdf_fs,off,0,700,1.81
cdf_fs,off,0,701,2.08
cdf_fs,off,0,702,1.77
cdf_fs,off,0,703,2.1
cdf_fs,off,0,704,2.2
cdf_fs,off,0,705,2.04
cdf_fs,off,0,706,1.79
cdf_fs,off,0,707,1.77
cdf_fs,off,0,708,1.74
cdf_fs,off,0,709,1.73
cdf_fs,off,0,710,2.06
cdf_fs,off,0,711,1.74
cdf_fs,off,0,712,2.14
cdf_fs,off,0,713,2.05
cdf_fs,off,0,714,1.78
cdf_fs,off,0,715,2.09
cdf_fs,off,0,716,2.07
cdf_fs,off,0,717,2.09
cdf_fs,off,0,718,2.08
cdf_fs,off,0,719,2.11
cdf_fs,off,0,720,1.77
cdf_fs,off,0,721,2.17
cdf_fs,off,0,722,2.01
cdf_fs,off,0,723,2.11
cdf_fs,off,0,724,2.13
cdf_fs,off,0,725,1.75
cdf_fs,off,0,726,2.13
cdf_fs,off,0,727,2.09
cdf_fs,off,0,728,2.17
cdf_fs,off,0,729,2.08
cdf_fs,off,0,730,2.16
cdf_fs,off,0,731,2.09
cdf_fs,off,0,732,1.8
cdf_fs,off,0,733,1.73
cdf_fs,off,0,734,2.08
cdf_fs,off,0,735,2.09
cdf_fs,off,0,736,1.81
cdf_fs,off,0,737,2.1
cdf_fs,off,0,738,1.76
cdf_fs,off,0,739,1.75
cdf_fs,off,0,740,2.1
cdf_fs,off,0,741,2.23
cdf_fs,off,0,742,1.75
cdf_fs,off,0,743,1.76
cdf_fs,off,0,744,2.13
cdf_fs,off,0,745,2.11
cdf_fs,off,0,746,1.8
cdf_fs,off,0,747,2.21
cdf_fs,off,0,748,1.78
cdf_fs,off,0,749,1.77
cdf_fs,off,0,750,1.76
cdf_fs,off,0,751,2.08
cdf_fs,off,0,752,2.16
cdf_fs,off,0,753,1.82
cdf_fs,off,0,754,2.12
cdf_fs,off,0,755,2.14
cdf_fs,off,0,756,2.27
cdf_fs,off,0,757,1.77
cdf_fs,off,0,758,1.77
cdf_fs,off,0,759,2.08
cdf_fs,off,0,760,2.07
cdf_fs,off,0,761,1.83
cdf_fs,off,0,762,1.79
cdf_fs,off,0,763,2.1
cdf_fs,off,0,764,2.19
cdf_fs,off,0,765,2.09
cdf_fs,off,0,766,1.77
cdf_fs,off,0,767,2.32
cdf_fs,off,0,768,1.78
cdf_fs,off,0,769,2.26
cdf_fs,off,0,770,1.82
cdf_fs,off,0,771,1.77
cdf_fs,off,0,772,2.19
cdf_fs,off,0,773,2.12
cdf_fs,off,0,774,2.13
cdf_fs,off,0,775,2.22
cdf_fs,off,0,776,2.06
cdf_fs,off,0,777,1.81
cdf_fs,off,0,778,2.09
cdf_fs,off,0,779,2.14
cdf_fs,off,0,780,2.08
cdf_fs,off,0,781,1.76
cdf_fs,off,0,782,2.2
cdf_fs,off,0,783,2.06
cdf_fs,off,0,784,2.05
cdf_fs,off,0,785,2.05
cdf_fs,off,0,786,2.2
cdf_fs,off,0,787,1.78
cdf_fs,off,0,788,2.13
cdf_fs,off,0,789,2.17
cdf_fs,off,0,790,2.1
cdf_fs,off,0,791,1.8
cdf_fs,off,0,792,1.82
cdf_fs,off,0,793,2.06
cdf_fs,off,0,794,1.76
cdf_fs,off,0,795,2.2
cdf_fs,off,0,796,2.22
cdf_fs,off,0,797,2.45
cdf_fs,off,0,798,1.86
cdf_fs,off,0,799,2.2
cdf_fs,off,0,800,2.21
cdf_fs,off,0,801,2.29
cdf_fs,off,0,802,2.29
cdf_fs,off,0,803,2.08
cdf_fs,off,0,804,2.07
cdf_fs,off,0,805,1.77
cdf_fs,off,0,806,1.78
cdf_fs,off,0,807,2.09
cdf_fs,off,0,808,1.76
cdf_fs,off,0,809,2.09
cdf_fs,off,0,810,1.76
cdf_fs,off,0,811,2.19
cdf_fs,off,0,812,2.06
cdf_fs,off,0,813,2.15
cdf_fs,off,0,814,1.78
cdf_fs,off,0,815,1.75
cdf_fs,off,0,816,2.13
cdf_fs,off,0,817,2.16
cdf_fs,off,0,818,2.24
cdf_fs,off,0,819,2.72
cdf_fs,off,0,820,1.88
cdf_fs,off,0,821,2.1
cdf_fs,off,0,822,2.11
cdf_fs,off,0,823,1.84
cdf_fs,off,0,824,2.21
cdf_fs,off,0,825,1.8
cdf_fs,off,0,826,2.17
cdf_fs,off,0,827,1.76
cdf_fs,off,0,828,2.06
cdf_fs,off,0,829,1.76
cdf_fs,off,0,830,1.79
cdf_fs,off,0,831,5.86
cdf_fs,off,0,832,3.93
cdf_fs,off,0,833,2.36
cdf_fs,off,0,834,2.14
cdf_fs,off,0,835,1.78
cdf_fs,off,0,836,2.19
cdf_fs,off,0,837,2.06
cdf_fs,off,0,838,1.76
cdf_fs,off,0,839,2.08
cdf_fs,off,0,840,2.3
cdf_fs,off,0,841,2.11
cdf_fs,off,0,842,2.07
cdf_fs,off,0,843,1.75
cdf_fs,off,0,844,2.16
cdf_fs,off,0,845,1.82
cdf_fs,off,0,846,2.2
cdf_fs,off,0,847,2.09
cdf_fs,off,0,848,2.08
cdf_fs,off,0,849,2.05
cdf_fs,off,0,850,2.22
cdf_fs,off,0,851,1.76
cdf_fs,off,0,852,2.07
cdf_fs,off,0,853,2.54
cdf_fs,off,0,854,1.85
cdf_fs,off,0,855,1.89
cdf_fs,off,0,856,1.75
cdf_fs,off,0,857,1.75
cdf_fs,off,0,858,2.13
cdf_fs,off,0,859,2.09
cdf_fs,off,0,860,2.06
cdf_fs,off,0,861,2.12
cdf_fs,off,0,862,2.08
cdf_fs,off,0,863,2.1
cdf_fs,off,0,864,1.8
cdf_fs,off,0,865,2.11
cdf_fs,off,0,866,2.25
cdf_fs,off,0,867,2.2
cdf_fs,off,0,868,2.04
cdf_fs,off,0,869,1.79
cdf_fs,off,0,870,1.73
cdf_fs,off,0,871,2.09
cdf_fs,off,0,872,1.76
cdf_fs,off,0,873,2.15
cdf_fs,off,0,874,2.21
cdf_fs,off,0,875,1.75
cdf_fs,off,0,876,2.11
cdf_fs,off,0,877,2.11
cdf_fs,off,0,878,1.75
cdf_fs,off,0,879,2.1
cdf_fs,off,0,880,1.78
cdf_fs,off,0,881,2.08
cdf_fs,off,0,882,2.31
cdf_fs,off,0,883,1.77
cdf_fs,off,0,884,2.13
cdf_fs,off,0,885,1.76
cdf_fs,off,0,886,2.08
cdf_fs,off,0,887,2.06
cdf_fs,off,0,888,1.79
cdf_fs,off,0,889,2.16
cdf_fs,off,0,890,1.74
cdf_fs,off,0,891,2.07
cdf_fs,off,0,892,1.76
cdf_fs,off,0,893,2.1
cdf_fs,off,0,894,2.09
cdf_fs,off,0,895,1.74
cdf_fs,off,0,896,2.16
cdf_fs,off,0,897,2.07
cdf_fs,off,0,898,1.74
cdf_fs,off,0,899,2.08
cdf_fs,off,0,900,1.8
cdf_fs,off,0,901,1.75
cdf_fs,off,0,902,2.16
cdf_fs,off,0,903,2.08
cdf_fs,off,0,904,2.06
cdf_fs,off,0,905,2.26
cdf_fs,off,0,906,2.13
cdf_fs,off,0,907,1.78
cdf_fs,off,0,908,1.82
cdf_fs,off,0,909,1.74
cdf_fs,off,0,910,1.73
cdf_fs,off,0,911,2.06
cdf_fs,off,0,912,1.76
cdf_fs,off,0,913,2.17
cdf_fs,off,0,914,2.04
cdf_fs,off,0,915,1.78
cdf_fs,off,0,916,2.11
cdf_fs,off,0,917,2.22
cdf_fs,off,0,918,2.19
cdf_fs,off,0,919,2.13
cdf_fs,off,0,920,1.76
cdf_fs,off,0,921,2.1
cdf_fs,off,0,922,2.3
cdf_fs,off,0,923,1.94
cdf_fs,off,0,924,2.13
cdf_fs,off,0,925,2.05
cdf_fs,off,0,926,2.09
cdf_fs,off,0,927,2.06
cdf_fs,off,0,928,1.75
cdf_fs,off,0,929,2.12
cdf_fs,off,0,930,2.11
cdf_fs,off,0,931,1.77
cdf_fs,off,0,932,2.26
cdf_fs,off,0,933,2.14
cdf_fs,off,0,934,2.17
cdf_fs,off,0,935,2.03
cdf_fs,off,0,936,2.12
cdf_fs,off,0,937,2.16
cdf_fs,off,0,938,2.13
cdf_fs,off,0,939,2.26
cdf_fs,off,0,940,2.04
cdf_fs,off,0,941,2.04
cdf_fs,off,0,942,1.77
cdf_fs,off,0,943,2.25
cdf_fs,off,0,944,2.05
cdf_fs,off,0,945,2.09
cdf_fs,off,0,946,2.24
cdf_fs,off,0,947,2.24
cdf_fs,off,0,948,1.75
cdf_fs,off,0,949,2.09
cdf_fs,off,0,950,1.78
cdf_fs,off,0,951,2.15
cdf_fs,off,0,952,1.75
cdf_fs,off,0,953,1.72
cdf_fs,off,0,954,2.95
cdf_fs,off,0,955,2.22
cdf_fs,off,0,956,1.78
cdf_fs,off,0,957,1.84
cdf_fs,off,0,958,2.14
cdf_fs,off,0,959,1.79
cdf_fs,off,0,960,2.23
cdf_fs,off,0,961,2.21
cdf_fs,off,0,962,2.13
cdf_fs,off,0,963,1.77
cdf_fs,off,0,964,2.18
cdf_fs,off,0,965,2.06
cdf_fs,off,0,966,2.06
cdf_fs,off,0,967,2.07
cdf_fs,off,0,968,2.08
cdf_fs,off,0,969,2.26
cdf_fs,off,0,970,2.06
cdf_fs,off,0,971,2.05
cdf_fs,off,0,972,2.1
cdf_fs,off,0,973,2.19
cdf_fs,off,0,974,2.15
cdf_fs,off,0,975,2.19
cdf_fs,off,0,976,2.04
cdf_fs,off,0,977,2.04
cdf_fs,off,0,978,1.74
cdf_fs,off,0,979,2.08
cdf_fs,off,0,980,2.13
cdf_fs,off,0,981,2.27
cdf_fs,off,0,982,2.07
cdf_fs,off,0,983,2.15
cdf_fs,off,0,984,2.22
cdf_fs,off,0,985,1.76
cdf_fs,off,0,986,2.07
cdf_fs,off,0,987,1.85
cdf_fs,off,0,988,2.07
cdf_fs,off,0,989,2.05
cdf_fs,off,0,990,2.1
cdf_fs,off,0,991,2.12
cdf_fs,off,0,992,1.81
cdf_fs,off,0,993,2.14
cdf_fs,off,0,994,1.74
cdf_fs,off,0,995,2.1
cdf_fs,off,0,996,2.1
cdf_fs,off,0,997,1.76
cdf_fs,off,0,998,2.08
cdf_fs,off,0,999,2.12
cdf_fs,off,0,1000,2.06
cdf_fs,off,0,1001,2.13
cdf_fs,off,0,1002,2.08
cdf_fs,off,0,1003,2.3
cdf_fs,off,0,1004,2.07
cdf_fs,off,0,1005,2.2
cdf_fs,off,0,1006,1.77
cdf_fs,off,0,1007,1.81
cdf_fs,off,0,1008,2.07
cdf_fs,off,0,1009,1.77
cdf_fs,off,0,1010,1.76
cdf_fs,off,0,1011,2.09
cdf_fs,off,0,1012,2.12
cdf_fs,off,0,1013,1.8
cdf_fs,off,0,1014,1.82
cdf_fs,off,0,1015,1.79
cdf_fs,off,0,1016,2.08
cdf_fs,off,0,1017,2.05
cdf_fs,off,0,1018,1.82
cdf_fs,off,0,1019,2.22
cdf_fs,off,0,1020,1.76
cdf_fs,off,0,1021,1.75
cdf_fs,off,0,1022,1.73
cdf_fs,off,0,1023,2.07
cdf_fs,off,0,1024,2.06
cdf_fs,off,0,1025,1.93
cdf_fs,off,0,1026,2.1
cdf_fs,off,0,1027,1.78
cdf_fs,off,0,1028,2.12
cdf_fs,off,0,1029,2.04
cdf_fs,off,0,1030,2.06
cdf_fs,off,0,1031,1.78
cdf_fs,off,0,1032,1.77
cdf_fs,off,0,1033,2.14
cdf_fs,off,0,1034,2.07
cdf_fs,off,0,1035,2.13
cdf_fs,off,0,1036,2.75
cdf_fs,off,0,1037,2.19
cdf_fs,off,0,1038,1.83
cdf_fs,off,0,1039,1.81
cdf_fs,off,0,1040,2.09
cdf_fs,off,0,1041,2.09
cdf_fs,off,0,1042,1.8
cdf_fs,off,0,1043,1.75
cdf_fs,off,0,1044,2.21
cdf_fs,off,0,1045,2.15
cdf_fs,off,0,1046,1.78
cdf_fs,off,0,1047,2.09
cdf_fs,off,0,1048,2.21
cdf_fs,off,0,1049,2.12
cdf_fs,off,0,1050,1.76
cdf_fs,off,0,1051,2.2
cdf_fs,off,0,1052,1.82
cdf_fs,off,0,1053,2.13
cdf_fs,off,0,1054,1.76
cdf_fs,off,0,1055,2.14
cdf_fs,off,0,1056,2.22
cdf_fs,off,0,1057,1.78
cdf_fs,off,0,1058,1.75
cdf_fs,off,0,1059,1.76
cdf_fs,off,0,1060,2.17
cdf_fs,off,0,1061,2.14
cdf_fs,off,0,1062,2.21
cdf_fs,off,0,1063,2.15
cdf_fs,off,0,1064,2.07
cdf_fs,off,0,1065,1.77
cdf_fs,off,0,1066,2.12
cdf_fs,off,0,1067,1.79
cdf_fs,off,0,1068,2.15
cdf_fs,off,0,1069,2.29
cdf_fs,off,0,1070,2.22
cdf_fs,off,0,1071,2.08
cdf_fs,off,0,1072,2.16
cdf_fs,off,0,1073,2.16
cdf_fs,off,0,1074,2.31
cdf_fs,off,0,1075,2.12
cdf_fs,off,0,1076,2.15
cdf_fs,off,0,1077,2.05
cdf_fs,off,0,1078,2.2
cdf_fs,off,0,1079,1.78
cdf_fs,off,0,1080,1.8
cdf_fs,off,0,1081,2.25
cdf_fs,off,0,1082,1.76
cdf_fs,off,0,1083,2.16
cdf_fs,off,0,1084,1.78
cdf_fs,off,0,1085,2.06
cdf_fs,off,0,1086,1.75
cdf_fs,off,0,1087,2.08
cdf_fs,off,0,1088,2.11
cdf_fs,off,0,1089,1.77
cdf_fs,off,0,1090,2.08
cdf_fs,off,0,1091,2.25
cdf_fs,off,0,1092,2.15
cdf_fs,off,0,1093,2.1
cdf_fs,off,0,1094,1.8
cdf_fs,off,0,1095,2.19
cdf_fs,off,0,1096,2.27
cdf_fs,off,0,1097,2.19
cdf_fs,off,0,1098,2.17
cdf_fs,off,0,1099,1.78
cdf_fs,off,0,1100,2.08
cdf_fs,off,0,1101,2.25
cdf_fs,off,0,1102,2.42
cdf_fs,off,0,1103,2.14
cdf_fs,off,0,1104,2.21
cdf_fs,off,0,1105,1.76
cdf_fs,off,0,1106,2.07
cdf_fs,off,0,1107,1.76
cdf_fs,off,0,1108,2.18
cdf_fs,off,0,1109,2.15
cdf_fs,off,0,1110,2.07
cdf_fs,off,0,1111,2.29
cdf_fs,off,0,1112,2.15
cdf_fs,off,0,1113,1.76
cdf_fs,off,0,1114,1.78
cdf_fs,off,0,1115,2.15
cdf_fs,off,0,1116,2.14
cdf_fs,off,0,1117,1.79
cdf_fs,off,0,1118,1.76
cdf_fs,off,0,1119,2.32
cdf_fs,off,0,1120,2.11
cdf_fs,off,0,1121,2.15
cdf_fs,off,0,1122,1.87
cdf_fs,off,0,1123,1.75
cdf_fs,off,0,1124,1.84
cdf_fs,off,0,1125,2.23
cdf_fs,off,0,1126,1.78
cdf_fs,off,0,1127,2.14
cdf_fs,off,0,1128,2.05
cdf_fs,off,0,1129,1.76
cdf_fs,off,0,1130,2.08
cdf_fs,off,0,1131,1.76
cdf_fs,off,0,1132,2.11
cdf_fs,off,0,1133,2.16
cdf_fs,off,0,1134,2.26
cdf_fs,off,0,1135,2.1
cdf_fs,off,0,1136,2.07
cdf_fs,off,0,1137,2.42
cdf_fs,off,0,1138,1.76
cdf_fs,off,0,1139,1.78
cdf_fs,off,0,1140,1.73
cdf_fs,off,0,1141,1.71
cdf_fs,off,0,1142,2.08
cdf_fs,off,0,1143,1.75
cdf_fs,off,0,1144,2.08
cdf_fs,off,0,1145,2.1
cdf_fs,off,0,1146,2.1
cdf_fs,off,0,1147,2.17
cdf_fs,off,0,1148,2.09
cdf_fs,off,0,1149,2.16
cdf_fs,off,0,1150,2.18
cdf_fs,off,0,1151,2.06
cdf_fs,off,0,1152,2.23
cdf_fs,off,0,1153,2.16
cdf_fs,off,0,1154,2.09
cdf_fs,off,0,1155,1.83
cdf_fs,off,0,1156,2.23
cdf_fs,off,0,1157,2.19
cdf_fs,off,0,1158,2.12
cdf_fs,off,0,1159,2.1
cdf_fs,off,0,1160,1.79
cdf_fs,off,0,1161,2.24
cdf_fs,off,0,1162,2.17
cdf_fs,off,0,1163,2.2
cdf_fs,off,0,1164,2.09
cdf_fs,off,0,1165,2.07
cdf_fs,off,0,1166,1.78
cdf_fs,off,0,1167,2.11
cdf_fs,off,0,1168,2.14
cdf_fs,off,0,1169,2.08
cdf_fs,off,0,1170,2.25
cdf_fs,off,0,1171,2.26
cdf_fs,off,0,1172,1.74
cdf_fs,off,0,1173,2.08
cdf_fs,off,0,1174,1.8
cdf_fs,off,0,1175,2.12
cdf_fs,off,0,1176,2.07
cdf_fs,off,0,1177,1.78
cdf_fs,off,0,1178,2.43
cdf_fs,off,0,1179,2.19
cdf_fs,off,0,1180,1.82
cdf_fs,off,0,1181,2.19
cdf_fs,off,0,1182,2.07
cdf_fs,off,0,1183,1.8
cdf_fs,off,0,1184,1.79
cdf_fs,off,0,1185,2.11
cdf_fs,off,0,1186,1.82
cdf_fs,off,0,1187,1.79
cdf_fs,off,0,1188,2.14
cdf_fs,off,0,1189,2.15
cdf_fs,off,0,1190,2.07
cdf_fs,off,0,1191,1.74
cdf_fs,off,0,1192,1.75
cdf_fs,off,0,1193,1.74
cdf_fs,off,0,1194,2.14
cdf_fs,off,0,1195,2.14
cdf_fs,off,0,1196,1.74
cdf_fs,off,0,1197,1.78
cdf_fs,off,0,1198,1.75
cdf_fs,off,0,1199,1.73
cdf_fs,off,0,1200,2.08
cdf_fs,off,0,1201,1.81
cdf_fs,off,0,1202,1.76
cdf_fs,off,0,1203,2.15
cdf_fs,off,0,1204,2.08
cdf_fs,off,0,1205,1.86
cdf_fs,off,0,1206,2.23
cdf_fs,off,0,1207,2.07
cdf_fs,off,0,1208,1.75
cdf_fs,off,0,1209,1.76
cdf_fs,off,0,1210,2.16
cdf_fs,off,0,1211,1.8
cdf_fs,off,0,1212,2.27
cdf_fs,off,0,1213,2.22
cdf_fs,off,0,1214,1.8
cdf_fs,off,0,1215,2.12
cdf_fs,off,0,1216,2.24
cdf_fs,off,0,1217,2.17
cdf_fs,off,0,1218,1.8
cdf_fs,off,0,1219,2.11
cdf_fs,off,0,1220,1.77
cdf_fs,off,0,1221,2.3
cdf_fs,off,0,1222,2.14
cdf_fs,off,0,1223,2.23
cdf_fs,off,0,1224,2.16
cdf_fs,off,0,1225,2.22
cdf_fs,off,0,1226,2.06
cdf_fs,off,0,1227,1.77
cdf_fs,off,0,1228,2.17
cdf_fs,off,0,1229,2.12
cdf_fs,off,0,1230,2.17
cdf_fs,off,0,1231,1.81
cdf_fs,off,0,1232,1.76
cdf_fs,off,0,1233,2.23
cdf_fs,off,0,1234,1.8
cdf_fs,off,0,1235,2.17
cdf_fs,off,0,1236,2.05
cdf_fs,off,0,1237,1.77
cdf_fs,off,0,1238,2.14
cdf_fs,off,0,1239,2.15
cdf_fs,off,0,1240,2.04
cdf_fs,off,0,1241,2.09
cdf_fs,off,0,1242,1.76
cdf_fs,off,0,1243,2.08
cdf_fs,off,0,1244,2.03
cdf_fs,off,0,1245,2.12
cdf_fs,off,0,1246,2.23
cdf_fs,off,0,1247,2.11
cdf_fs,off,0,1248,2.23
cdf_fs,off,0,1249,1.79
cdf_fs,off,0,1250,2.11
cdf_fs,off,0,1251,2.18
cdf_fs,off,0,1252,2.23
cdf_fs,off,0,1253,2.11
cdf_fs,off,0,1254,2.28
cdf_fs,off,0,1255,2.06
cdf_fs,off,0,1256,2.22
cdf_fs,off,0,1257,1.8
cdf_fs,off,0,1258,2.12
cdf_fs,off,0,1259,2.33
cdf_fs,off,0,1260,2.11
cdf_fs,off,0,1261,1.76
cdf_fs,off,0,1262,1.81
cdf_fs,off,0,1263,2.21
cdf_fs,off,0,1264,1.77
cdf_fs,off,0,1265,2.13
cdf_fs,off,0,1266,2.16
cdf_fs,off,0,1267,2.16
cdf_fs,off,0,1268,1.8
cdf_fs,off,0,1269,2.35
cdf_fs,off,0,1270,1.81
cdf_fs,off,0,1271,2.16
cdf_fs,off,0,1272,2.23
cdf_fs,off,0,1273,1.78
cdf_fs,off,0,1274,1.77
cdf_fs,off,0,1275,1.78
cdf_fs,off,0,1276,2.25
cdf_fs,off,0,1277,2.09
cdf_fs,off,0,1278,1.77
cdf_fs,off,0,1279,2.17
cdf_fs,off,0,1280,1.78
cdf_fs,off,0,1281,1.78
cdf_fs,off,0,1282,1.79
cdf_fs,off,0,1283,1.79
cdf_fs,off,0,1284,2.07
cdf_fs,off,0,1285,2.05
cdf_fs,off,0,1286,2.2
cdf_fs,off,0,1287,2.09
cdf_fs,off,0,1288,2.06
cdf_fs,off,0,1289,1.79
cdf_fs,off,0,1290,6.35
cdf_fs,off,0,1291,3.44
cdf_fs,off,0,1292,2.24
cdf_fs,off,0,1293,2.11
cdf_fs,off,0,1294,1.8
cdf_fs,off,0,1295,2.1
cdf_fs,off,0,1296,1.79
cdf_fs,off,0,1297,1.81
cdf_fs,off,0,1298,2.16
cdf_fs,off,0,1299,2.14
cdf_fs,off,0,1300,1.77
cdf_fs,off,0,1301,2.12
cdf_fs,off,0,1302,1.77
cdf_fs,off,0,1303,2.13
cdf_fs,off,0,1304,2.11
cdf_fs,off,0,1305,2.07
cdf_fs,off,0,1306,1.8
cdf_fs,off,0,1307,1.91
cdf_fs,off,0,1308,2.33
cdf_fs,off,0,1309,2.18
cdf_fs,off,0,1310,2.22
cdf_fs,off,0,1311,2.24
cdf_fs,off,0,1312,2.13
cdf_fs,off,0,1313,2.17
cdf_fs,off,0,1314,2.07
cdf_fs,off,0,1315,2.04
cdf_fs,off,0,1316,2.05
cdf_fs,off,0,1317,1.77
cdf_fs,off,0,1318,2.14
cdf_fs,off,0,1319,1.8
cdf_fs,off,0,1320,2.08
cdf_fs,off,0,1321,1.75
cdf_fs,off,0,1322,2.13
cdf_fs,off,0,1323,2.1
cdf_fs,off,0,1324,1.81
cdf_fs,off,0,1325,2.2
cdf_fs,off,0,1326,2.14
cdf_fs,off,0,1327,1.77
cdf_fs,off,0,1328,2.09
cdf_fs,off,0,1329,1.76
cdf_fs,off,0,1330,1.78
cdf_fs,off,0,1331,2.1
cdf_fs,off,0,1332,2.16
cdf_fs,off,0,1333,2.09
cdf_fs,off,0,1334,2.18
cdf_fs,off,0,1335,1.76
cdf_fs,off,0,1336,2.14
cdf_fs,off,0,1337,2.31
cdf_fs,off,0,1338,2.07
cdf_fs,off,0,1339,2.11
cdf_fs,off,0,1340,2.12
cdf_fs,off,0,1341,1.77
cdf_fs,off,0,1342,2.12
cdf_fs,off,0,1343,1.76
cdf_fs,off,0,1344,2.29
cdf_fs,off,0,1345,1.82
cdf_fs,off,0,1346,2.21
cdf_fs,off,0,1347,2.08
cdf_fs,off,0,1348,1.79
cdf_fs,off,0,1349,1.77
cdf_fs,off,0,1350,2.13
cdf_fs,off,0,1351,2.12
cdf_fs,off,0,1352,1.79
cdf_fs,off,0,1353,2.18
cdf_fs,off,0,1354,2.08
cdf_fs,off,0,1355,2.24
cdf_fs,off,0,1356,2.08
cdf_fs,off,0,1357,1.8
cdf_fs,off,0,1358,1.77
cdf_fs,off,0,1359,2.31
cdf_fs,off,0,1360,2.05
cdf_fs,off,0,1361,1.78
cdf_fs,off,0,1362,2.13
cdf_fs,off,0,1363,2.11
cdf_fs,off,0,1364,2.05
cdf_fs,off,0,1365,2.14
cdf_fs,off,0,1366,1.74
cdf_fs,off,0,1367,1.76
cdf_fs,off,0,1368,2.08
cdf_fs,off,0,1369,1.76
cdf_fs,off,0,1370,2.07
cdf_fs,off,0,1371,2.11
cdf_fs,off,0,1372,1.81
cdf_fs,off,0,1373,2.07
cdf_fs,off,0,1374,2.1
cdf_fs,off,0,1375,2.11
cdf_fs,off,0,1376,1.76
cdf_fs,off,0,1377,1.79
cdf_fs,off,0,1378,1.76
cdf_fs,off,0,1379,2.07
cdf_fs,off,0,1380,2.1
cdf_fs,off,0,1381,2.31
cdf_fs,off,0,1382,2.13
cdf_fs,off,0,1383,2.23
cdf_fs,off,0,1384,2.1
cdf_fs,off,0,1385,1.74
cdf_fs,off,0,1386,2.06
cdf_fs,off,0,1387,1.77
cdf_fs,off,0,1388,1.78
cdf_fs,off,0,1389,1.75
cdf_fs,off,0,1390,2.27
cdf_fs,off,0,1391,2.08
cdf_fs,off,0,1392,2.06
cdf_fs,off,0,1393,1.81
cdf_fs,off,0,1394,1.8
cdf_fs,off,0,1395,2.19
cdf_fs,off,0,1396,1.77
cdf_fs,off,0,1397,1.78
cdf_fs,off,0,1398,2.07
cdf_fs,off,0,1399,1.73
cdf_fs,off,0,1400,2.07
cdf_fs,off,0,1401,2.24
cdf_fs,off,0,1402,1.77
cdf_fs,off,0,1403,1.82
cdf_fs,off,0,1404,2.07
cdf_fs,off,0,1405,2.18
cdf_fs,off,0,1406,2.06
cdf_fs,off,0,1407,2.12
cdf_fs,off,0,1408,2.23
cdf_fs,off,0,1409,2.21
cdf_fs,off,0,1410,2.34
cdf_fs,off,0,1411,2.08
cdf_fs,off,0,1412,1.81
cdf_fs,off,0,1413,1.76
cdf_fs,off,0,1414,1.75
cdf_fs,off,0,1415,2.13
cdf_fs,off,0,1416,2.16
cdf_fs,off,0,1417,2.14
cdf_fs,off,0,1418,2.08
cdf_fs,off,0,1419,2.11
cdf_fs,off,0,1420,2.06
cdf_fs,off,0,1421,1.74
cdf_fs,off,0,1422,2.08
cdf_fs,off,0,1423,1.75
cdf_fs,off,0,1424,2.12
cdf_fs,off,0,1425,2.2
cdf_fs,off,0,1426,2.04
cdf_fs,off,0,1427,1.79
cdf_fs,off,0,1428,2.12
cdf_fs,off,0,1429,1.76
cdf_fs,off,0,1430,1.77
cdf_fs,off,0,1431,1.77
cdf_fs,off,0,1432,2.07
cdf_fs,off,0,1433,2.36
cdf_fs,off,0,1434,2.3
cdf_fs,off,0,1435,2.11
cdf_fs,off,0,1436,1.78
cdf_fs,off,0,1437,2.19
cdf_fs,off,0,1438,1.77
cdf_fs,off,0,1439,2.09
cdf_fs,off,0,1440,1.77
cdf_fs,off,0,1441,2.23
cdf_fs,off,0,1442,1.76
cdf_fs,off,0,1443,2.09
cdf_fs,off,0,1444,1.78
cdf_fs,off,0,1445,2.19
cdf_fs,off,0,1446,2.11
cdf_fs,off,0,1447,1.92
cdf_fs,off,0,1448,2.08
cdf_fs,off,0,1449,2.22
cdf_fs,off,0,1450,1.77
cdf_fs,off,0,1451,2.14
cdf_fs,off,0,1452,2.26
cdf_fs,off,0,1453,2.19
cdf_fs,off,0,1454,1.78
cdf_fs,off,0,1455,1.79
cdf_fs,off,0,1456,1.81
cdf_fs,off,0,1457,2.29
cdf_fs,off,0,1458,2.07
cdf_fs,off,0,1459,1.78
cdf_fs,off,0,1460,2.08
cdf_fs,off,0,1461,1.79
cdf_fs,off,0,1462,1.78
cdf_fs,off,0,1463,1.76
cdf_fs,off,0,1464,2.07
cdf_fs,off,0,1465,1.76
cdf_fs,off,0,1466,2.43
cdf_fs,off,0,1467,2.07
cdf_fs,off,0,1468,1.8
cdf_fs,off,0,1469,1.76
cdf_fs,off,0,1470,1.76
cdf_fs,off,0,1471,1.76
cdf_fs,off,0,1472,2.14
cdf_fs,off,0,1473,2.09
cdf_fs,off,0,1474,2.35
cdf_fs,off,0,1475,2.08
cdf_fs,off,0,1476,2.16
cdf_fs,off,0,1477,1.77
cdf_fs,off,0,1478,1.78
cdf_fs,off,0,1479,2.17
cdf_fs,off,0,1480,1.77
cdf_fs,off,0,1481,2.15
cdf_fs,off,0,1482,2.07
cdf_fs,off,0,1483,2.05
cdf_fs,off,0,1484,2.31
cdf_fs,off,0,1485,1.78
cdf_fs,off,0,1486,2.15
cdf_fs,off,0,1487,2.24
cdf_fs,off,0,1488,2.07
cdf_fs,off,0,1489,1.81
cdf_fs,off,0,1490,2.25
cdf_fs,off,0,1491,2.13
cdf_fs,off,0,1492,1.8
cdf_fs,off,0,1493,1.8
cdf_fs,off,0,1494,2.09
cdf_fs,off,0,1495,2.09
cdf_fs,off,0,1496,2.27
cdf_fs,off,0,1497,2.19
cdf_fs,off,0,1498,1.77
cdf_fs,off,0,1499,2.14
cdf_fs,off,0,1500,1.78
cdf_fs,off,0,1501,1.77
cdf_fs,off,0,1502,2.15
cdf_fs,off,0,1503,2.14
cdf_fs,off,0,1504,1.79
cdf_fs,off,0,1505,1.76
cdf_fs,off,0,1506,2.16
cdf_fs,off,0,1507,2.09
cdf_fs,off,0,1508,2.09
cdf_fs,off,0,1509,1.76
cdf_fs,off,0,1510,1.79
cdf_fs,off,0,1511,1.75
cdf_fs,off,0,1512,2.09
cdf_fs,off,0,1513,2.19
cdf_fs,off,0,1514,2.21
cdf_fs,off,0,1515,1.76
cdf_fs,off,0,1516,2.16
cdf_fs,off,0,1517,2.02
cdf_fs,off,0,1518,2.05
cdf_fs,off,0,1519,2.21
cdf_fs,off,0,1520,2.16
cdf_fs,off,0,1521,2.21
cdf_fs,off,0,1522,2.27
cdf_fs,off,0,1523,1.77
cdf_fs,off,0,1524,2.23
cdf_fs,off,0,1525,2.14
cdf_fs,off,0,1526,2.15
cdf_fs,off,0,1527,1.77
cdf_fs,off,0,1528,1.75
cdf_fs,off,0,1529,1.75
cdf_fs,off,0,1530,2.15
cdf_fs,off,0,1531,2.07
cdf_fs,off,0,1532,1.76
cdf_fs,off,0,1533,1.791
cdf_fs,off,0,1534,1.751
cdf_fs,off,0,1535,2.14
cdf_fs,off,0,1536,2.06
cdf_fs,off,0,1537,2.191
cdf_fs,off,0,1538,2.109
cdf_fs,off,0,1539,1.82
cdf_fs,off,0,1540,1.791
cdf_fs,off,0,1541,1.76
cdf_fs,off,0,1542,1.749
cdf_fs,off,0,1543,1.809
cdf_fs,off,0,1544,1.72
cdf_fs,off,0,1545,1.749
cdf_fs,off,0,1546,1.78
cdf_fs,off,0,1547,1.76
cdf_fs,off,0,1548,2.14
cdf_fs,off,0,1549,2.129
cdf_fs,off,0,1550,1.78
cdf_fs,off,0,1551,2.14
cdf_fs,off,0,1552,2.18
cdf_fs,off,0,1553,2.211
cdf_fs,off,0,1554,2.089
cdf_fs,off,0,1555,2.029
cdf_fs,off,0,1556,1.76
cdf_fs,off,0,1557,1.791
cdf_fs,off,0,1558,1.82
cdf_fs,off,0,1559,1.74
cdf_fs,off,0,1560,1.749
cdf_fs,off,0,1561,1.94
cdf_fs,off,0,1562,2.2
cdf_fs,off,0,1563,2.111
cdf_fs,off,0,1564,1.8
cdf_fs,off,0,1565,2.3
cdf_fs,off,0,1566,1.76
cdf_fs,off,0,1567,2.349
cdf_fs,off,0,1568,1.789
cdf_fs,off,0,1569,2.1
cdf_fs,off,0,1570,1.829
cdf_fs,off,0,1571,1.76
cdf_fs,off,0,1572,1.731
cdf_fs,off,0,1573,2.06
cdf_fs,off,0,1574,1.88
cdf_fs,off,0,1575,2.18
cdf_fs,off,0,1576,2.129
cdf_fs,off,0,1577,2.091
cdf_fs,off,0,1578,2.06
cdf_fs,off,0,1579,2.16
cdf_fs,off,0,1580,1.791
cdf_fs,off,0,1581,2.111
cdf_fs,off,0,1582,1.791
cdf_fs,off,0,1583,1.791
cdf_fs,off,0,1584,1.78
cdf_fs,off,0,1585,2.34
cdf_fs,off,0,1586,1.771
cdf_fs,off,0,1587,1.76
cdf_fs,off,0,1588,2.16
cdf_fs,off,0,1589,2.06
cdf_fs,off,0,1590,2.14
cdf_fs,off,0,1591,1.78
cdf_fs,off,0,1592,1.74
cdf_fs,off,0,1593,2.231
cdf_fs,off,0,1594,2.06
cdf_fs,off,0,1595,1.811
cdf_fs,off,0,1596,1.831
cdf_fs,off,0,1597,2.14
cdf_fs,off,0,1598,1.749
cdf_fs,off,0,1599,2.249
cdf_fs,off,0,1600,1.76
cdf_fs,off,0,1601,2.38
cdf_fs,off,0,1602,1.78
cdf_fs,off,0,1603,2.091
cdf_fs,off,0,1604,1.8
cdf_fs,off,0,1605,2.16
cdf_fs,off,0,1606,1.771
cdf_fs,off,0,1607,1.771
cdf_fs,off,0,1608,2.131
cdf_fs,off,0,1609,2.089
cdf_fs,off,0,1610,2.111
cdf_fs,off,0,1611,1.8
cdf_fs,off,0,1612,2.149
cdf_fs,off,0,1613,2.051
cdf_fs,off,0,1614,2.251
cdf_fs,off,0,1615,2.051
cdf_fs,off,0,1616,2.151
cdf_fs,off,0,1617,1.771
cdf_fs,off,0,1618,2.06
cdf_fs,off,0,1619,1.76
cdf_fs,off,0,1620,1.771
cdf_fs,off,0,1621,2.06
cdf_fs,off,0,1622,2.12
cdf_fs,off,0,1623,2.131
cdf_fs,off,0,1624,2.04
cdf_fs,off,0,1625,1.78
cdf_fs,off,0,1626,1.751
cdf_fs,off,0,1627,1.76
cdf_fs,off,0,1628,2.14
cdf_fs,off,0,1629,2.2
cdf_fs,off,0,1630,2.049
cdf_fs,off,0,1631,1.769
cdf_fs,off,0,1632,1.78
cdf_fs,off,0,1633,2.171
cdf_fs,off,0,1634,1.82
cdf_fs,off,0,1635,2.091
cdf_fs,off,0,1636,2.06
cdf_fs,off,0,1637,2.14
cdf_fs,off,0,1638,2.14
cdf_fs,off,0,1639,1.789
cdf_fs,off,0,1640,2.16
cdf_fs,off,0,1641,1.789
cdf_fs,off,0,1642,1.869
cdf_fs,off,0,1643,2.18
cdf_fs,off,0,1644,1.78
cdf_fs,off,0,1645,1.84
cdf_fs,off,0,1646,2.091
cdf_fs,off,0,1647,2.06
cdf_fs,off,0,1648,1.789
cdf_fs,off,0,1649,1.809
cdf_fs,off,0,1650,1.769
cdf_fs,off,0,1651,2.089
cdf_fs,off,0,1652,2.209
cdf_fs,off,0,1653,1.769
cdf_fs,off,0,1654,2.129
cdf_fs,off,0,1655,1.78
cdf_fs,off,0,1656,1.829
cdf_fs,off,0,1657,2.189
cdf_fs,off,0,1658,2.12
cdf_fs,off,0,1659,2.12
cdf_fs,off,0,1660,2.08
cdf_fs,off,0,1661,2.16
cdf_fs,off,0,1662,1.871
cdf_fs,off,0,1663,2.1
cdf_fs,off,0,1664,2.2
cdf_fs,off,0,1665,2.06
cdf_fs,off,0,1666,2.409
cdf_fs,off,0,1667,1.769
cdf_fs,off,0,1668,1.749
cdf_fs,off,0,1669,2.109
cdf_fs,off,0,1670,2.111
cdf_fs,off,0,1671,1.76
cdf_fs,off,0,1672,1.78
cdf_fs,off,0,1673,2.2
cdf_fs,off,0,1674,1.78
cdf_fs,off,0,1675,2.071
cdf_fs,off,0,1676,2.251
cdf_fs,off,0,1677,2.071
cdf_fs,off,0,1678,2.08
cdf_fs,off,0,1679,2.06
cdf_fs,off,0,1680,2.109
cdf_fs,off,0,1681,1.771
cdf_fs,off,0,1682,1.76
cdf_fs,off,0,1683,2.26
cdf_fs,off,0,1684,1.78
cdf_fs,off,0,1685,2.069
cdf_fs,off,0,1686,1.82
cdf_fs,off,0,1687,1.76
cdf_fs,off,0,1688,2.129
cdf_fs,off,0,1689,1.911
cdf_fs,off,0,1690,1.789
cdf_fs,off,0,1691,2.2
cdf_fs,off,0,1692,1.789
cdf_fs,off,0,1693,2.449
cdf_fs,off,0,1694,1.8
cdf_fs,off,0,1695,2.169
cdf_fs,off,0,1696,1.751
cdf_fs,off,0,1697,2.209
cdf_fs,off,0,1698,1.769
cdf_fs,off,0,1699,2.069
cdf_fs,off,0,1700,2.16
cdf_fs,off,0,1701,1.729
cdf_fs,off,0,1702,1.751
cdf_fs,off,0,1703,2.12
cdf_fs,off,0,1704,2.06
cdf_fs,off,0,1705,1.771
cdf_fs,off,0,1706,2.171
cdf_fs,off,0,1707,2.2
cdf_fs,off,0,1708,1.731
cdf_fs,off,0,1709,1.76
cdf_fs,off,0,1710,1.76
cdf_fs,off,0,1711,1.74
cdf_fs,off,0,1712,1.76
cdf_fs,off,0,1713,2.14
cdf_fs,off,0,1714,2.06
cdf_fs,off,0,1715,1.8
cdf_fs,off,0,1716,1.809
cdf_fs,off,0,1717,1.78
cdf_fs,off,0,1718,1.729
cdf_fs,off,0,1719,1.76
cdf_fs,off,0,1720,2.091
cdf_fs,off,0,1721,2.189
cdf_fs,off,0,1722,2.229
cdf_fs,off,0,1723,1.78
cdf_fs,off,0,1724,2.14
cdf_fs,off,0,1725,2.271
cdf_fs,off,0,1726,2.2
cdf_fs,off,0,1727,1.769
cdf_fs,off,0,1728,2.2
cdf_fs,off,0,1729,1.78
cdf_fs,off,0,1730,1.749
cdf_fs,off,0,1731,1.78
cdf_fs,off,0,1732,1.769
cdf_fs,off,0,1733,2.16
cdf_fs,off,0,1734,1.771
cdf_fs,off,0,1735,1.74
cdf_fs,off,0,1736,1.789
cdf_fs,off,0,1737,2.291
cdf_fs,off,0,1738,1.811
cdf_fs,off,0,1739,2.169
cdf_fs,off,0,1740,2.14
cdf_fs,off,0,1741,1.78
cdf_fs,off,0,1742,1.76
cdf_fs,off,0,1743,2.251
cdf_fs,off,0,1744,1.74
cdf_fs,off,0,1745,1.771
cdf_fs,off,0,1746,1.731
cdf_fs,off,0,1747,1.729
cdf_fs,off,0,1748,1.749
cdf_fs,off,0,1749,2.08
cdf_fs,off,0,1750,2.06
cdf_fs,off,0,1751,2.249
cdf_fs,off,0,1752,2.129
cdf_fs,off,0,1753,2.06
cdf_fs,off,0,1754,2.109
cdf_fs,off,0,1755,1.771
cdf_fs,off,0,1756,1.761
cdf_fs,off,0,1757,1.73
cdf_fs,off,0,1758,3.61
cdf_fs,off,0,1759,2.17
cdf_fs,off,0,1760,1.78
cdf_fs,off,0,1761,2.15
cdf_fs,off,0,1762,2.27
cdf_fs,off,0,1763,2.13
cdf_fs,off,0,1764,1.78
cdf_fs,off,0,1765,1.78
cdf_fs,off,0,1766,1.82
cdf_fs,off,0,1767,2.28
cdf_fs,off,0,1768,1.78
cdf_fs,off,0,1769,1.79
cdf_fs,off,0,1770,1.74
cdf_fs,off,0,1771,1.77
cdf_fs,off,0,1772,1.77
cdf_fs,off,0,1773,2.32
cdf_fs,off,0,1774,2.05
cdf_fs,off,0,1775,2.07
cdf_fs,off,0,1776,1.8
cdf_fs,off,0,1777,2.15
cdf_fs,off,0,1778,1.78
cdf_fs,off,0,1779,2.08
cdf_fs,off,0,1780,2.11
cdf_fs,off,0,1781,2.07
cdf_fs,off,0,1782,1.76
cdf_fs,off,0,1783,2.08
cdf_fs,off,0,1784,1.77
cdf_fs,off,0,1785,2.19
cdf_fs,off,0,1786,1.79
cdf_fs,off,0,1787,1.77
cdf_fs,off,0,1788,2.16
cdf_fs,off,0,1789,1.79
cdf_fs,off,0,1790,2.23
cdf_fs,off,0,1791,2.26
cdf_fs,off,0,1792,2.22
cdf_fs,off,0,1793,1.79
cdf_fs,off,0,1794,2.1
cdf_fs,off,0,1795,1.77
cdf_fs,off,0,1796,1.76
cdf_fs,off,0,1797,1.76
cdf_fs,off,0,1798,1.76
cdf_fs,off,0,1799,2.3
cdf_fs,off,0,1800,1.75
cdf_fs,off,0,1801,1.75
cdf_fs,off,0,1802,2.06
cdf_fs,off,0,1803,1.78
cdf_fs,off,0,1804,2.2
cdf_fs,off,0,1805,2.02
cdf_fs,off,0,1806,1.77
cdf_fs,off,0,1807,2.29
cdf_fs,off,0,1808,1.75
cdf_fs,off,0,1809,1.78
cdf_fs,off,0,1810,2.15
cdf_fs,off,0,1811,1.79
cdf_fs,off,0,1812,1.77
cdf_fs,off,0,1813,1.74
cdf_fs,off,0,1814,2.06
cdf_fs,off,0,1815,1.75
cdf_fs,off,0,1816,1.81
cdf_fs,off,0,1817,2.24
cdf_fs,off,0,1818,1.84
cdf_fs,off,0,1819,1.78
cdf_fs,off,0,1820,1.74
cdf_fs,off,0,1821,2.25
cdf_fs,off,0,1822,2.09
cdf_fs,off,0,1823,1.77
cdf_fs,off,0,1824,1.76
cdf_fs,off,0,1825,2.07
cdf_fs,off,0,1826,1.75
cdf_fs,off,0,1827,2.29
cdf_fs,off,0,1828,2.16
cdf_fs,off,0,1829,1.75
cdf_fs,off,0,1830,2.19
cdf_fs,off,0,1831,2.12
cdf_fs,off,0,1832,1.75
cdf_fs,off,0,1833,1.76
cdf_fs,off,0,1834,1.72
cdf_fs,off,0,1835,2.24
cdf_fs,off,0,1836,1.81
cdf_fs,off,0,1837,2.22
cdf_fs,off,0,1838,2.13
cdf_fs,off,0,1839,1.85
cdf_fs,off,0,1840,2.07
cdf_fs,off,0,1841,1.74
cdf_fs,off,0,1842,1.75
cdf_fs,off,0,1843,2.24
cdf_fs,off,0,1844,2.06
cdf_fs,off,0,1845,2.17
cdf_fs,off,0,1846,1.76
cdf_fs,off,0,1847,2.1
cdf_fs,off,0,1848,1.78
cdf_fs,off,0,1849,2.12
cdf_fs,off,0,1850,1.82
cdf_fs,off,0,1851,2.18
cdf_fs,off,0,1852,2.23
cdf_fs,off,0,1853,1.8
cdf_fs,off,0,1854,1.77
cdf_fs,off,0,1855,1.76
cdf_fs,off,0,1856,1.76
cdf_fs,off,0,1857,2.08
cdf_fs,off,0,1858,2.06
cdf_fs,off,0,1859,1.76
cdf_fs,off,0,1860,2.24
cdf_fs,off,0,1861,1.8
cdf_fs,off,0,1862,1.81
cdf_fs,off,0,1863,2.29
cdf_fs,off,0,1864,2.23
cdf_fs,off,0,1865,2.16
cdf_fs,off,0,1866,2.15
cdf_fs,off,0,1867,1.81
cdf_fs,off,0,1868,2.09
cdf_fs,off,0,1869,2.08
cdf_fs,off,0,1870,2.07
cdf_fs,off,0,1871,1.77
cdf_fs,off,0,1872,1.77
cdf_fs,off,0,1873,1.76
cdf_fs,off,0,1874,1.81
cdf_fs,off,0,1875,2.24
cdf_fs,off,0,1876,1.77
cdf_fs,off,0,1877,1.78
cdf_fs,off,0,1878,2.3
cdf_fs,off,0,1879,2.14
cdf_fs,off,0,1880,1.76
cdf_fs,off,0,1881,1.75
cdf_fs,off,0,1882,1.76
cdf_fs,off,0,1883,1.74
cdf_fs,off,0,1884,2.11
cdf_fs,off,0,1885,1.77
cdf_fs,off,0,1886,2.19
cdf_fs,off,0,1887,1.76
cdf_fs,off,0,1888,2.06
cdf_fs,off,0,1889,1.79
cdf_fs,off,0,1890,1.79
cdf_fs,off,0,1891,2.14
cdf_fs,off,0,1892,2.23
cdf_fs,off,0,1893,1.85
cdf_fs,off,0,1894,1.8
cdf_fs,off,0,1895,1.74
cdf_fs,off,0,1896,2.17
cdf_fs,off,0,1897,1.79
cdf_fs,off,0,1898,2.08
cdf_fs,off,0,1899,1.76
cdf_fs,off,0,1900,1.77
cdf_fs,off,0,1901,2.24
cdf_fs,off,0,1902,2.06
cdf_fs,off,0,1903,1.85
cdf_fs,off,0,1904,1.77
cdf_fs,off,0,1905,2.07
cdf_fs,off,0,1906,2.14
cdf_fs,off,0,1907,1.76
cdf_fs,off,0,1908,1.81
cdf_fs,off,0,1909,1.79
cdf_fs,off,0,1910,1.77
cdf_fs,off,0,1911,1.74
cdf_fs,off,0,1912,1.76
cdf_fs,off,0,1913,2.08
cdf_fs,off,0,1914,2.07
cdf_fs,off,0,1915,2.12
cdf_fs,off,0,1916,2.15
cdf_fs,off,0,1917,2.14
cdf_fs,off,0,1918,1.82
cdf_fs,off,0,1919,2.09
cdf_fs,off,0,1920,1.79
cdf_fs,off,0,1921,1.76
cdf_fs,off,0,1922,2.13
cdf_fs,off,0,1923,2.08
cdf_fs,off,0,1924,1.75
cdf_fs,off,0,1925,2.16
cdf_fs,off,0,1926,1.77
cdf_fs,off,0,1927,1.75
cdf_fs,off,0,1928,1.78
cdf_fs,off,0,1929,2.08
cdf_fs,off,0,1930,1.82
cdf_fs,off,0,1931,2.09
cdf_fs,off,0,1932,1.74
cdf_fs,off,0,1933,2.12
cdf_fs,off,0,1934,1.75
cdf_fs,off,0,1935,1.78
cdf_fs,off,0,1936,2.15
cdf_fs,off,0,1937,2.16
cdf_fs,off,0,1938,1.76
cdf_fs,off,0,1939,2.4
cdf_fs,off,0,1940,2.14
cdf_fs,off,0,1941,1.75
cdf_fs,off,0,1942,1.79
cdf_fs,off,0,1943,1.91
cdf_fs,off,0,1944,1.8
cdf_fs,off,0,1945,1.79
cdf_fs,off,0,1946,1.77
cdf_fs,off,0,1947,1.81
cdf_fs,off,0,1948,1.76
cdf_fs,off,0,1949,1.77
cdf_fs,off,0,1950,2.17
cdf_fs,off,0,1951,1.83
cdf_fs,off,0,1952,1.73
cdf_fs,off,0,1953,2.12
cdf_fs,off,0,1954,2.04
cdf_fs,off,0,1955,2.06
cdf_fs,off,0,1956,1.76
cdf_fs,off,0,1957,2.2
cdf_fs,off,0,1958,1.77
cdf_fs,off,0,1959,2.09
cdf_fs,off,0,1960,1.83
cdf_fs,off,0,1961,2.11
cdf_fs,off,0,1962,1.75
cdf_fs,off,0,1963,2.19
cdf_fs,off,0,1964,1.75
cdf_fs,off,0,1965,1.8
cdf_fs,off,0,1966,1.76
cdf_fs,off,0,1967,1.76
cdf_fs,off,0,1968,2.25
cdf_fs,off,0,1969,1.76
cdf_fs,off,0,1970,2.15
cdf_fs,off,0,1971,2.13
cdf_fs,off,0,1972,2.06
cdf_fs,off,0,1973,2.05
cdf_fs,off,0,1974,2.1
cdf_fs,off,0,1975,2.16
cdf_fs,off,0,1976,2.21
cdf_fs,off,0,1977,2.05
cdf_fs,off,0,1978,2.06
cdf_fs,off,0,1979,1.75
cdf_fs,off,0,1980,2.06
cdf_fs,off,0,1981,1.76
cdf_fs,off,0,1982,2.14
cdf_fs,off,0,1983,2.21
cdf_fs,off,0,1984,2.08
cdf_fs,off,0,1985,1.78
cdf_fs,off,0,1986,2.37
cdf_fs,off,0,1987,2.08
cdf_fs,off,0,1988,2.1
cdf_fs,off,0,1989,1.78
cdf_fs,off,0,1990,2.21
cdf_fs,off,0,1991,1.77
cdf_fs,off,0,1992,2.09
cdf_fs,off,0,1993,1.77
cdf_fs,off,0,1994,1.92
cdf_fs,off,0,1995,1.82
cdf_fs,off,0,1996,1.79
cdf_fs,off,0,1997,2.23
cdf_fs,off,0,1998,1.8
cdf_fs,off,0,1999,2.27
cdf_fs,off,0,2000,1.77
cdf_fs,off,0,2001,1.79
cdf_fs,off,0,2002,1.81
cdf_fs,off,0,2003,1.79
cdf_fs,off,0,2004,1.76
cdf_fs,off,0,2005,1.79
cdf_fs,off,0,2006,1.74
cdf_fs,off,0,2007,2.26
cdf_fs,off,0,2008,1.75
cdf_fs,off,0,2009,1.76
cdf_fs,off,0,2010,2.11
cdf_fs,off,0,2011,1.79
cdf_fs,off,0,2012,2.18
cdf_fs,off,0,2013,2.16
cdf_fs,off,0,2014,2.09
cdf_fs,off,0,2015,1.77
cdf_fs,off,0,2016,1.76
cdf_fs,off,0,2017,1.88
cdf_fs,off,0,2018,2.08
cdf_fs,off,0,2019,2.24
cdf_fs,off,0,2020,1.77
cdf_fs,off,0,2021,2.21
cdf_fs,off,0,2022,1.78
cdf_fs,off,0,2023,1.75
cdf_fs,off,0,2024,1.75
cdf_fs,off,0,2025,2.09
cdf_fs,off,0,2026,2.07
cdf_fs,off,0,2027,1.75
cdf_fs,off,0,2028,2.33
cdf_fs,off,0,2029,1.77
cdf_fs,off,0,2030,2.1
cdf_fs,off,0,2031,2.24
cdf_fs,off,0,2032,1.79
cdf_fs,off,0,2033,2.08
cdf_fs,off,0,2034,2.06
cdf_fs,off,0,2035,2.08
cdf_fs,off,0,2036,1.75
cdf_fs,off,0,2037,1.75
cdf_fs,off,0,2038,2.11
cdf_fs,off,0,2039,2.28
cdf_fs,off,0,2040,1.76
cdf_fs,off,0,2041,1.74
cdf_fs,off,0,2042,1.75
cdf_fs,off,0,2043,1.76
cdf_fs,off,0,2044,1.73
cdf_fs,off,0,2045,1.84
cdf_fs,off,0,2046,1.74
cdf_fs,off,0,2047,1.74
cdf_fs,off,0,2048,1.71
cdf_fs,off,0,2049,2.25
cdf_fs,off,0,2050,2.1
cdf_fs,off,0,2051,2.18
cdf_fs,off,0,2052,1.76
cdf_fs,off,0,2053,2.11
cdf_fs,off,0,2054,1.75
cdf_fs,off,0,2055,2.22
cdf_fs,off,0,2056,1.76
cdf_fs,off,0,2057,1.72
cdf_fs,off,0,2058,2.24
cdf_fs,off,0,2059,1.78
cdf_fs,off,0,2060,2.13
cdf_fs,off,0,2061,2.04
cdf_fs,off,0,2062,2.19
cdf_fs,off,0,2063,1.82
cdf_fs,off,0,2064,2.14
cdf_fs,off,0,2065,1.77
cdf_fs,off,0,2066,2.06
cdf_fs,off,0,2067,1.76
cdf_fs,off,0,2068,2.14
cdf_fs,off,0,2069,2.08
cdf_fs,off,0,2070,1.75
cdf_fs,off,0,2071,2.2
cdf_fs,off,0,2072,2.29
cdf_fs,off,0,2073,2.26
cdf_fs,off,0,2074,2.14
cdf_fs,off,0,2075,1.77
cdf_fs,off,0,2076,1.76
cdf_fs,off,0,2077,1.73
cdf_fs,off,0,2078,2.09
cdf_fs,off,0,2079,1.8
cdf_fs,off,0,2080,2.14
cdf_fs,off,0,2081,1.74
cdf_fs,off,0,2082,1.76
cdf_fs,off,0,2083,1.79
cdf_fs,off,0,2084,1.74
cdf_fs,off,0,2085,1.8
cdf_fs,off,0,2086,1.74
cdf_fs,off,0,2087,2.05
cdf_fs,off,0,2088,1.74
cdf_fs,off,0,2089,1.75
cdf_fs,off,0,2090,2.15
cdf_fs,off,0,2091,2.16
cdf_fs,off,0,2092,1.75
cdf_fs,off,0,2093,1.78
cdf_fs,off,0,2094,1.78
cdf_fs,off,0,2095,2.13
cdf_fs,off,0,2096,1.75
cdf_fs,off,0,2097,1.79
cdf_fs,off,0,2098,2.08
cdf_fs,off,0,2099,2.06
cdf_fs,off,0,2100,1.74
cdf_fs,off,0,2101,1.78
cdf_fs,off,0,2102,2.05
cdf_fs,off,0,2103,1.78
cdf_fs,off,0,2104,1.76
cdf_fs,off,0,2105,1.75
cdf_fs,off,0,2106,1.75
cdf_fs,off,0,2107,2.15
cdf_fs,off,0,2108,2.05
cdf_fs,off,0,2109,2.21
cdf_fs,off,0,2110,1.79
cdf_fs,off,0,2111,1.74
cdf_fs,off,0,2112,2.21
cdf_fs,off,0,2113,1.78
cdf_fs,off,0,2114,2.08
cdf_fs,off,0,2115,1.76
cdf_fs,off,0,2116,1.83
cdf_fs,off,0,2117,1.78
cdf_fs,off,0,2118,2.09
cdf_fs,off,0,2119,1.78
cdf_fs,off,0,2120,1.83
cdf_fs,off,0,2121,2.08
cdf_fs,off,0,2122,2.14
cdf_fs,off,0,2123,1.77
cdf_fs,off,0,2124,2.06
cdf_fs,off,0,2125,1.74
cdf_fs,off,0,2126,1.77
cdf_fs,off,0,2127,1.73
cdf_fs,off,0,2128,1.72
cdf_fs,off,0,2129,1.72
cdf_fs,off,0,2130,1.75
cdf_fs,off,0,2131,2.35
cdf_fs,off,0,2132,1.76
cdf_fs,off,0,2133,1.76
cdf_fs,off,0,2134,1.74
cdf_fs,off,0,2135,1.71
cdf_fs,off,0,2136,1.74
cdf_fs,off,0,2137,1.74
cdf_fs,off,0,2138,2.15
cdf_fs,off,0,2139,1.78
cdf_fs,off,0,2140,2.07
cdf_fs,off,0,2141,1.76
cdf_fs,off,0,2142,1.75
cdf_fs,off,0,2143,1.73
cdf_fs,off,0,2144,1.73
cdf_fs,off,0,2145,1.75
cdf_fs,off,0,2146,2.05
cdf_fs,off,0,2147,1.81
cdf_fs,off,0,2148,1.73
cdf_fs,off,0,2149,2.23
cdf_fs,off,0,2150,1.75
cdf_fs,off,0,2151,1.76
cdf_fs,off,0,2152,1.73
cdf_fs,off,0,2153,2.12
cdf_fs,off,0,2154,1.77
cdf_fs,off,0,2155,2.07
cdf_fs,off,0,2156,1.77
cdf_fs,off,0,2157,2.16
cdf_fs,off,0,2158,1.79
cdf_fs,off,0,2159,2.07
cdf_fs,off,0,2160,2.22
cdf_fs,off,0,2161,2.32
cdf_fs,off,0,2162,1.76
cdf_fs,off,0,2163,2.17
cdf_fs,off,0,2164,1.77
cdf_fs,off,0,2165,2.09
cdf_fs,off,0,2166,1.76
cdf_fs,off,0,2167,1.76
cdf_fs,off,0,2168,1.75
cdf_fs,off,0,2169,2.13
cdf_fs,off,0,2170,1.75
cdf_fs,off,0,2171,2.24
cdf_fs,off,0,2172,2.05
cdf_fs,off,0,2173,1.78
cdf_fs,off,0,2174,1.75
cdf_fs,off,0,2175,2.07
cdf_fs,off,0,2176,1.76
cdf_fs,off,0,2177,1.78
cdf_fs,off,0,2178,2.16
cdf_fs,off,0,2179,1.77
cdf_fs,off,0,2180,1.79
cdf_fs,off,0,2181,2.15
cdf_fs,off,0,2182,1.78
cdf_fs,off,0,2183,2.13
cdf_fs,off,0,2184,1.77
cdf_fs,off,0,2185,2.18
cdf_fs,off,0,2186,1.75
cdf_fs,off,0,2187,1.77
cdf_fs,off,0,2188,1.79
cdf_fs,off,0,2189,1.77
cdf_fs,off,0,2190,1.75
cdf_fs,off,0,2191,1.76
cdf_fs,off,0,2192,1.73
cdf_fs,off,0,2193,1.75
cdf_fs,off,0,2194,2.07
cdf_fs,off,0,2195,1.72
cdf_fs,off,0,2196,2.16
cdf_fs,off,0,2197,1.8
cdf_fs,off,0,2198,1.74
cdf_fs,off,0,2199,1.9
cdf_fs,off,0,2200,2.2
cdf_fs,off,0,2201,1.74
cdf_fs,off,0,2202,1.77
cdf_fs,off,0,2203,1.74
cdf_fs,off,0,2204,1.76
cdf_fs,off,0,2205,1.74
cdf_fs,off,0,2206,1.79
cdf_fs,off,0,2207,2.07
cdf_fs,off,0,2208,1.73
cdf_fs,off,0,2209,1.84
cdf_fs,off,0,2210,1.75
cdf_fs,off,0,2211,1.75
cdf_fs,off,0,2212,1.76
cdf_fs,off,0,2213,2.24
cdf_fs,off,0,2214,2.05
cdf_fs,off,0,2215,1.74
cdf_fs,off,0,2216,1.77
cdf_fs,off,0,2217,2.2
cdf_fs,off,0,2218,2.07
cdf_fs,off,0,2219,2.12
cdf_fs,off,0,2220,2.16
cdf_fs,off,0,2221,2.11
cdf_fs,off,0,2222,1.79
cdf_fs,off,0,2223,1.75
cdf_fs,off,0,2224,1.79
cdf_fs,off,0,2225,2.16
cdf_fs,off,0,2226,1.77
cdf_fs,off,0,2227,2.06
cdf_fs,off,0,2228,1.77
cdf_fs,off,0,2229,2.13
cdf_fs,off,0,2230,1.76
cdf_fs,off,0,2231,1.78
cdf_fs,off,0,2232,8.07
cdf_fs,off,0,2233,1.82
cdf_fs,off,0,2234,1.82
cdf_fs,off,0,2235,1.75
cdf_fs,off,0,2236,1.73
cdf_fs,off,0,2237,1.75
cdf_fs,off,0,2238,1.76
cdf_fs,off,0,2239,1.75
cdf_fs,off,0,2240,1.77
cdf_fs,off,0,2241,2.22
cdf_fs,off,0,2242,1.78
cdf_fs,off,0,2243,2.15
cdf_fs,off,0,2244,2.06
cdf_fs,off,0,2245,2.09
cdf_fs,off,0,2246,1.78
cdf_fs,off,0,2247,2.09
cdf_fs,off,0,2248,2.06
cdf_fs,off,0,2249,1.83
cdf_fs,off,0,2250,2.07
cdf_fs,off,0,2251,1.75
cdf_fs,off,0,2252,2.11
cdf_fs,off,0,2253,1.77
cdf_fs,off,0,2254,2.07
cdf_fs,off,0,2255,2.13
cdf_fs,off,0,2256,1.75
cdf_fs,off,0,2257,2.16
cdf_fs,off,0,2258,1.79
cdf_fs,off,0,2259,1.76
cdf_fs,off,0,2260,1.77
cdf_fs,off,0,2261,1.76
cdf_fs,off,0,2262,1.77
cdf_fs,off,0,2263,1.73
cdf_fs,off,0,2264,1.78
cdf_fs,off,0,2265,2.1
cdf_fs,off,0,2266,2.28
cdf_fs,off,0,2267,1.78
cdf_fs,off,0,2268,2.08
cdf_fs,off,0,2269,1.77
cdf_fs,off,0,2270,1.74
cdf_fs,off,0,2271,1.75
cdf_fs,off,0,2272,2.14
cdf_fs,off,0,2273,1.82
cdf_fs,off,0,2274,2.09
cdf_fs,off,0,2275,1.77
cdf_fs,off,0,2276,1.8
cdf_fs,off,0,2277,1.77
cdf_fs,off,0,2278,1.76
cdf_fs,off,0,2279,2.1
cdf_fs,off,0,2280,2.16
cdf_fs,off,0,2281,2.15
cdf_fs,off,0,2282,1.77
cdf_fs,off,0,2283,1.79
cdf_fs,off,0,2284,1.74
cdf_fs,off,0,2285,2.05
cdf_fs,off,0,2286,1.74
cdf_fs,off,0,2287,2.16
cdf_fs,off,0,2288,1.77
cdf_fs,off,0,2289,2.29
cdf_fs,off,0,2290,1.77
cdf_fs,off,0,2291,1.76
cdf_fs,off,0,2292,1.76
cdf_fs,off,0,2293,1.77
cdf_fs,off,0,2294,1.74
cdf_fs,off,0,2295,1.75
cdf_fs,off,0,2296,11.08
cdf_fs,off,0,2297,1.9
cdf_fs,off,0,2298,1.74
cdf_fs,off,0,2299,1.81
cdf_fs,off,0,2300,1.76
cdf_fs,off,0,2301,2.42
cdf_fs,off,0,2302,1.77
cdf_fs,off,0,2303,1.76
cdf_fs,off,0,2304,1.75
cdf_fs,off,0,2305,2.22
cdf_fs,off,0,2306,2.09
cdf_fs,off,0,2307,1.78
cdf_fs,off,0,2308,2.29
cdf_fs,off,0,2309,2.04
cdf_fs,off,0,2310,1.78
cdf_fs,off,0,2311,1.78
cdf_fs,off,0,2312,2.06
cdf_fs,off,0,2313,2.04
cdf_fs,off,0,2314,1.74
cdf_fs,off,0,2315,1.8
cdf_fs,off,0,2316,1.74
cdf_fs,off,0,2317,2.09
cdf_fs,off,0,2318,1.74
cdf_fs,off,0,2319,2.05
cdf_fs,off,0,2320,2.04
cdf_fs,off,0,2321,1.79
cdf_fs,off,0,2322,1.76
cdf_fs,off,0,2323,2.15
cdf_fs,off,0,2324,1.81
cdf_fs,off,0,2325,2.16
cdf_fs,off,0,2326,1.78
cdf_fs,off,0,2327,1.91
cdf_fs,off,0,2328,1.79
cdf_fs,off,0,2329,1.79
cdf_fs,off,0,2330,2.1
cdf_fs,off,0,2331,1.79
cdf_fs,off,0,2332,2.17
cdf_fs,off,0,2333,2.1
cdf_fs,off,0,2334,1.75
cdf_fs,off,0,2335,1.82
cdf_fs,off,0,2336,2.08
cdf_fs,off,0,2337,1.76
cdf_fs,off,0,2338,1.82
cdf_fs,off,0,2339,1.76
cdf_fs,off,0,2340,2.1
cdf_fs,off,0,2341,2.19
cdf_fs,off,0,2342,2.07
cdf_fs,off,0,2343,2.07
cdf_fs,off,0,2344,2.21
cdf_fs,off,0,2345,1.77
cdf_fs,off,0,2346,2.06
cdf_fs,off,0,2347,1.78
cdf_fs,off,0,2348,2.18
cdf_fs,off,0,2349,1.77
cdf_fs,off,0,2350,2.22
cdf_fs,off,0,2351,2.13
cdf_fs,off,0,2352,2.04
cdf_fs,off,0,2353,2.13
cdf_fs,off,0,2354,1.83
cdf_fs,off,0,2355,1.79
cdf_fs,off,0,2356,1.81
cdf_fs,off,0,2357,1.72
cdf_fs,off,0,2358,2.17
cdf_fs,off,0,2359,1.8
cdf_fs,off,0,2360,1.77
cdf_fs,off,0,2361,1.72
cdf_fs,off,0,2362,1.73
cdf_fs,off,0,2363,1.79
cdf_fs,off,0,2364,1.72
cdf_fs,off,0,2365,1.74
cdf_fs,off,0,2366,1.74
cdf_fs,off,0,2367,2.15
cdf_fs,off,0,2368,1.74
cdf_fs,off,0,2369,2.06
cdf_fs,off,0,2370,1.84
cdf_fs,off,0,2371,1.77
cdf_fs,off,0,2372,2.07
cdf_fs,off,0,2373,2.04
cdf_fs,off,0,2374,1.77
cdf_fs,off,0,2375,1.74
cdf_fs,off,0,2376,2.17
cdf_fs,off,0,2377,2.04
cdf_fs,off,0,2378,2.07
cdf_fs,off,0,2379,2.07
cdf_fs,off,0,2380,1.85
cdf_fs,off,0,2381,2.19
cdf_fs,off,0,2382,1.77
cdf_fs,off,0,2383,1.77
cdf_fs,off,0,2384,2.06
cdf_fs,off,0,2385,1.72
cdf_fs,off,0,2386,2.15
cdf_fs,off,0,2387,2.29
cdf_fs,off,0,2388,1.81
cdf_fs,off,0,2389,1.73
cdf_fs,off,0,2390,2.24
cdf_fs,off,0,2391,2.23
cdf_fs,off,0,2392,1.76
cdf_fs,off,0,2393,1.78
cdf_fs,off,0,2394,2.26
cdf_fs,off,0,2395,1.75
cdf_fs,off,0,2396,1.85
cdf_fs,off,0,2397,1.74
cdf_fs,off,0,2398,1.76
cdf_fs,off,0,2399,2.15
cdf_fs,off,0,2400,2.29
cdf_fs,off,0,2401,1.75
cdf_fs,off,0,2402,2.15
cdf_fs,off,0,2403,2.07
cdf_fs,off,0,2404,1.75
cdf_fs,off,0,2405,1.77
cdf_fs,off,0,2406,1.81
cdf_fs,off,0,2407,1.76
cdf_fs,off,0,2408,1.72
cdf_fs,off,0,2409,2.08
cdf_fs,off,0,2410,2.16
cdf_fs,off,0,2411,1.81
cdf_fs,off,0,2412,2.23
cdf_fs,off,0,2413,2.13
cdf_fs,off,0,2414,2.08
cdf_fs,off,0,2415,2.06
cdf_fs,off,0,2416,2.12
cdf_fs,off,0,2417,1.78
cdf_fs,off,0,2418,1.74
cdf_fs,off,0,2419,1.77
cdf_fs,off,0,2420,2.04
cdf_fs,off,0,2421,2.16
cdf_fs,off,0,2422,1.82
cdf_fs,off,0,2423,2.15
cdf_fs,off,0,2424,2.07
cdf_fs,off,0,2425,1.77
cdf_fs,off,0,2426,1.76
cdf_fs,off,0,2427,1.77
cdf_fs,off,0,2428,1.71
cdf_fs,off,0,2429,2.04
cdf_fs,off,0,2430,1.77
cdf_fs,off,0,2431,1.77
cdf_fs,off,0,2432,1.72
cdf_fs,off,0,2433,2.09
cdf_fs,off,0,2434,1.75
cdf_fs,off,0,2435,1.76
cdf_fs,off,0,2436,1.79
cdf_fs,off,0,2437,2.22
cdf_fs,off,0,2438,1.78
cdf_fs,off,0,2439,1.76
cdf_fs,off,0,2440,1.75
cdf_fs,off,0,2441,2.26
cdf_fs,off,0,2442,2.18
cdf_fs,off,0,2443,2.21
cdf_fs,off,0,2444,1.79
cdf_fs,off,0,2445,1.74
cdf_fs,off,0,2446,1.73
cdf_fs,off,0,2447,1.8
cdf_fs,off,0,2448,1.74
cdf_fs,off,0,2449,2.07
cdf_fs,off,0,2450,1.74
cdf_fs,off,0,2451,1.76
cdf_fs,off,0,2452,1.74
cdf_fs,off,0,2453,1.92
cdf_fs,off,0,2454,1.76
cdf_fs,off,0,2455,1.78
cdf_fs,off,0,2456,2.13
cdf_fs,off,0,2457,1.77
cdf_fs,off,0,2458,2.05
cdf_fs,off,0,2459,1.77
cdf_fs,off,0,2460,1.76
cdf_fs,off,0,2461,1.76
cdf_fs,off,0,2462,1.73
cdf_fs,off,0,2463,2.14
cdf_fs,off,0,2464,1.78
cdf_fs,off,0,2465,1.75
cdf_fs,off,0,2466,1.72
cdf_fs,off,0,2467,1.75
cdf_fs,off,0,2468,2.19
cdf_fs,off,0,2469,1.71
cdf_fs,off,0,2470,2.09
cdf_fs,off,0,2471,2.1
cdf_fs,off,0,2472,1.75
cdf_fs,off,0,2473,2.14
cdf_fs,off,0,2474,2.25
cdf_fs,off,0,2475,1.75
cdf_fs,off,0,2476,1.75
cdf_fs,off,0,2477,2.37
cdf_fs,off,0,2478,1.71
cdf_fs,off,0,2479,2.16
cdf_fs,off,0,2480,2.05
cdf_fs,off,0,2481,1.73
cdf_fs,off,0,2482,2.07
cdf_fs,off,0,2483,1.81
cdf_fs,off,0,2484,1.73
cdf_fs,off,0,2485,1.76
cdf_fs,off,0,2486,1.73
cdf_fs,off,0,2487,2.09
cdf_fs,off,0,2488,1.81
cdf_fs,off,0,2489,2.12
cdf_fs,off,0,2490,1.76
cdf_fs,off,0,2491,2.23
cdf_fs,off,0,2492,1.8
cdf_fs,off,0,2493,1.78
cdf_fs,off,0,2494,2.11
cdf_fs,off,0,2495,2.29
cdf_fs,off,0,2496,1.74
cdf_fs,off,0,2497,1.76
cdf_fs,off,0,2498,2.16
cdf_fs,off,0,2499,1.74
cdf_fs,off,0,2500,2.06
cdf_fs,off,0,2501,2.33
cdf_fs,off,0,2502,1.77
cdf_fs,off,0,2503,2.13
cdf_fs,off,0,2504,1.74
cdf_fs,off,0,2505,1.75
cdf_fs,off,0,2506,1.75
cdf_fs,off,0,2507,1.78
cdf_fs,off,0,2508,1.7
cdf_fs,off,0,2509,2.16
cdf_fs,off,0,2510,1.88
cdf_fs,off,0,2511,2.12
cdf_fs,off,0,2512,1.76
cdf_fs,off,0,2513,1.76
cdf_fs,off,0,2514,2.27
cdf_fs,off,0,2515,2.06
cdf_fs,off,0,2516,1.78
cdf_fs,off,0,2517,1.76
cdf_fs,off,0,2518,1.76
cdf_fs,off,0,2519,2.32
cdf_fs,off,0,2520,2.06
cdf_fs,off,0,2521,2.16
cdf_fs,off,0,2522,1.78
cdf_fs,off,0,2523,1.75
cdf_fs,off,0,2524,1.75
cdf_fs,off,0,2525,2.18
cdf_fs,off,0,2526,1.75
cdf_fs,off,0,2527,1.79
cdf_fs,off,0,2528,1.75
cdf_fs,off,0,2529,2.16
cdf_fs,off,0,2530,1.81
cdf_fs,off,0,2531,1.76
cdf_fs,off,0,2532,2.1
cdf_fs,off,0,2533,1.75
cdf_fs,off,0,2534,1.74
cdf_fs,off,0,2535,1.73
cdf_fs,off,0,2536,1.74
cdf_fs,off,0,2537,1.72
cdf_fs,off,0,2538,1.77
cdf_fs,off,0,2539,1.76
cdf_fs,off,0,2540,1.74
cdf_fs,off,0,2541,2.22
cdf_fs,off,0,2542,2.43
cdf_fs,off,0,2543,1.76
cdf_fs,off,0,2544,1.78
cdf_fs,off,0,2545,2.25
cdf_fs,off,0,2546,1.78
cdf_fs,off,0,2547,2.08
cdf_fs,off,0,2548,2.1
cdf_fs,off,0,2549,1.75
cdf_fs,off,0,2550,1.8
cdf_fs,off,0,2551,1.76
cdf_fs,off,0,2552,2.29
cdf_fs,off,0,2553,2.11
cdf_fs,off,0,2554,1.77
cdf_fs,off,0,2555,1.76
cdf_fs,off,0,2556,1.76
cdf_fs,off,0,2557,1.73
cdf_fs,off,0,2558,1.72
cdf_fs,off,0,2559,2.07
cdf_fs,off,0,2560,1.74
cdf_fs,off,0,2561,2.2
cdf_fs,off,0,2562,2.2
cdf_fs,off,0,2563,2.07
cdf_fs,off,0,2564,1.78
cdf_fs,off,0,2565,1.79
cdf_fs,off,0,2566,2.26
cdf_fs,off,0,2567,2.08
cdf_fs,off,0,2568,2.14
cdf_fs,off,0,2569,1.77
cdf_fs,off,0,2570,1.77
cdf_fs,off,0,2571,1.8
cdf_fs,off,0,2572,1.75
cdf_fs,off,0,2573,1.76
cdf_fs,off,0,2574,1.79
cdf_fs,off,0,2575,1.78
cdf_fs,off,0,2576,2.07
cdf_fs,off,0,2577,1.74
cdf_fs,off,0,2578,1.77
cdf_fs,off,0,2579,2.08
cdf_fs,off,0,2580,1.76
cdf_fs,off,0,2581,1.92
cdf_fs,off,0,2582,1.82
cdf_fs,off,0,2583,1.76
cdf_fs,off,0,2584,1.84
cdf_fs,off,0,2585,1.78
cdf_fs,off,0,2586,2.26
cdf_fs,off,0,2587,1.81
cdf_fs,off,0,2588,2.09
cdf_fs,off,0,2589,2.07
cdf_fs,off,0,2590,1.75
cdf_fs,off,0,2591,1.75
cdf_fs,off,0,2592,1.72
cdf_fs,off,0,2593,1.73
cdf_fs,off,0,2594,1.75
cdf_fs,off,0,2595,1.71
cdf_fs,off,0,2596,2.17
cdf_fs,off,0,2597,2.2
cdf_fs,off,0,2598,1.78
cdf_fs,off,0,2599,1.86
cdf_fs,off,0,2600,1.84
cdf_fs,off,0,2601,1.9
cdf_fs,off,0,2602,1.75
cdf_fs,off,0,2603,2.22
cdf_fs,off,0,2604,2.07
cdf_fs,off,0,2605,1.76
cdf_fs,off,0,2606,1.79
cdf_fs,off,0,2607,2.06
cdf_fs,off,0,2608,1.76
cdf_fs,off,0,2609,1.87
cdf_fs,off,0,2610,1.75
cdf_fs,off,0,2611,2.08
cdf_fs,off,0,2612,1.76
cdf_fs,off,0,2613,1.75
cdf_fs,off,0,2614,2.18
cdf_fs,off,0,2615,1.74
cdf_fs,off,0,2616,1.75
cdf_fs,off,0,2617,1.72
cdf_fs,off,0,2618,2.22
cdf_fs,off,0,2619,1.73
cdf_fs,off,0,2620,2.09
cdf_fs,off,0,2621,1.79
cdf_fs,off,0,2622,1.79
cdf_fs,off,0,2623,1.76
cdf_fs,off,0,2624,1.74
cdf_fs,off,0,2625,1.74
cdf_fs,off,0,2626,2.13
cdf_fs,off,0,2627,2.25
cdf_fs,off,0,2628,1.76
cdf_fs,off,0,2629,1.74
cdf_fs,off,0,2630,1.78
cdf_fs,off,0,2631,2.07
cdf_fs,off,0,2632,1.76
cdf_fs,off,0,2633,2.17
cdf_fs,off,0,2634,1.75
cdf_fs,off,0,2635,2.07
cdf_fs,off,0,2636,1.75
cdf_fs,off,0,2637,1.76
cdf_fs,off,0,2638,1.72
cdf_fs,off,0,2639,1.78
cdf_fs,off,0,2640,1.75
cdf_fs,off,0,2641,2.29
cdf_fs,off,0,2642,1.78
cdf_fs,off,0,2643,2.11
cdf_fs,off,0,2644,1.76
cdf_fs,off,0,2645,1.75
cdf_fs,off,0,2646,1.74
cdf_fs,off,0,2647,1.75
cdf_fs,off,0,2648,1.72
cdf_fs,off,0,2649,1.73
cdf_fs,off,0,2650,2.08
cdf_fs,off,0,2651,2.06
cdf_fs,off,0,2652,2.56
cdf_fs,off,0,2653,1.77
cdf_fs,off,0,2654,2.48
cdf_fs,off,0,2655,1.76
cdf_fs,off,0,2656,1.77
cdf_fs,off,0,2657,2.56
cdf_fs,off,0,2658,2.63
cdf_fs,off,0,2659,2.53
cdf_fs,off,0,2660,1.75
cdf_fs,off,0,2661,2.3
cdf_fs,off,0,2662,2.05
cdf_fs,off,0,2663,1.78
cdf_fs,off,0,2664,1.8
cdf_fs,off,0,2665,1.72
cdf_fs,off,0,2666,1.77
cdf_fs,off,0,2667,1.74
cdf_fs,off,0,2668,1.77
cdf_fs,off,0,2669,1.77
cdf_fs,off,0,2670,1.76
cdf_fs,off,0,2671,1.74
cdf_fs,off,0,2672,1.75
cdf_fs,off,0,2673,1.74
cdf_fs,off,0,2674,1.77
cdf_fs,off,0,2675,1.72
cdf_fs,off,0,2676,2.08
cdf_fs,off,0,2677,1.77
cdf_fs,off,0,2678,1.77
cdf_fs,off,0,2679,2.1
cdf_fs,off,0,2680,2.09
cdf_fs,off,0,2681,2.05
cdf_fs,off,0,2682,2.11
cdf_fs,off,0,2683,1.76
cdf_fs,off,0,2684,2.18
cdf_fs,off,0,2685,1.76
cdf_fs,off,0,2686,1.78
cdf_fs,off,0,2687,1.76
cdf_fs,off,0,2688,1.77
cdf_fs,off,0,2689,2.25
cdf_fs,off,0,2690,1.75
cdf_fs,off,0,2691,1.83
cdf_fs,off,0,2692,1.75
cdf_fs,off,0,2693,1.79
cdf_fs,off,0,2694,1.74
cdf_fs,off,0,2695,2.07
cdf_fs,off,0,2696,1.74
cdf_fs,off,0,2697,1.76
cdf_fs,off,0,2698,1.74
cdf_fs,off,0,2699,2.21
cdf_fs,off,0,2700,2.41
cdf_fs,off,0,2701,2.25
cdf_fs,off,0,2702,1.82
cdf_fs,off,0,2703,2.06
cdf_fs,off,0,2704,1.78
cdf_fs,off,0,2705,1.74
cdf_fs,off,0,2706,1.76
cdf_fs,off,0,2707,1.76
cdf_fs,off,0,2708,2.02
cdf_fs,off,0,2709,2.69
cdf_fs,off,0,2710,9.66
cdf_fs,off,0,2711,3.45
cdf_fs,off,0,2712,1.82
cdf_fs,off,0,2713,1.84
cdf_fs,off,0,2714,1.77
cdf_fs,off,0,2715,1.75
cdf_fs,off,0,2716,1.88
cdf_fs,off,0,2717,2.12
cdf_fs,off,0,2718,2.09
cdf_fs,off,0,2719,2.12
cdf_fs,off,0,2720,1.76
cdf_fs,off,0,2721,2.19
cdf_fs,off,0,2722,2.08
cdf_fs,off,0,2723,2.15
cdf_fs,off,0,2724,1.77
cdf_fs,off,0,2725,1.71
cdf_fs,off,0,2726,2.18
cdf_fs,off,0,2727,1.78
cdf_fs,off,0,2728,1.72
cdf_fs,off,0,2729,2.4
cdf_fs,off,0,2730,2.55
cdf_fs,off,0,2731,1.77
cdf_fs,off,0,2732,2.43
cdf_fs,off,0,2733,1.75
cdf_fs,off,0,2734,1.8
cdf_fs,off,0,2735,2.42
cdf_fs,off,0,2736,2.32
cdf_fs,off,0,2737,1.81
cdf_fs,off,0,2738,2.32
cdf_fs,off,0,2739,1.76
cdf_fs,off,0,2740,1.92
cdf_fs,off,0,2741,2.18
cdf_fs,off,0,2742,1.95
cdf_fs,off,0,2743,1.76
cdf_fs,off,0,2744,2.09
cdf_fs,off,0,2745,1.73
cdf_fs,off,0,2746,1.75
cdf_fs,off,0,2747,2.11
cdf_fs,off,0,2748,1.75
cdf_fs,off,0,2749,1.77
cdf_fs,off,0,2750,1.84
cdf_fs,off,0,2751,2.3
cdf_fs,off,0,2752,1.76
cdf_fs,off,0,2753,1.77
cdf_fs,off,0,2754,2.14
cdf_fs,off,0,2755,1.75
cdf_fs,off,0,2756,2.25
cdf_fs,off,0,2757,1.79
cdf_fs,off,0,2758,2.16
cdf_fs,off,0,2759,2.03
cdf_fs,off,0,2760,1.77
cdf_fs,off,0,2761,1.76
cdf_fs,off,0,2762,2.19
cdf_fs,off,0,2763,1.72
cdf_fs,off,0,2764,1.77
cdf_fs,off,0,2765,1.95
cdf_fs,off,0,2766,1.73
cdf_fs,off,0,2767,1.83
cdf_fs,off,0,2768,1.85
cdf_fs,off,0,2769,1.86
cdf_fs,off,0,2770,1.79
cdf_fs,off,0,2771,2.1
cdf_fs,off,0,2772,1.76
cdf_fs,off,0,2773,1.78
cdf_fs,off,0,2774,1.79
cdf_fs,off,0,2775,1.79
cdf_fs,off,0,2776,1.75
cdf_fs,off,0,2777,2.07
cdf_fs,off,0,2778,1.76
cdf_fs,off,0,2779,1.77
cdf_fs,off,0,2780,2.08
cdf_fs,off,0,2781,1.78
cdf_fs,off,0,2782,1.74
cdf_fs,off,0,2783,1.88
cdf_fs,off,0,2784,2.19
cdf_fs,off,0,2785,1.89
cdf_fs,off,0,2786,1.76
cdf_fs,off,0,2787,2.16
cdf_fs,off,0,2788,2.05
cdf_fs,off,0,2789,1.77
cdf_fs,off,0,2790,2.1
cdf_fs,off,0,2791,1.77
cdf_fs,off,0,2792,2.23
cdf_fs,off,0,2793,2.17
cdf_fs,off,0,2794,1.78
cdf_fs,off,0,2795,1.74
cdf_fs,off,0,2796,1.78
cdf_fs,off,0,2797,2.11
cdf_fs,off,0,2798,1.76
cdf_fs,off,0,2799,2.27
cdf_fs,off,0,2800,1.78
cdf_fs,off,0,2801,1.74
cdf_fs,off,0,2802,1.75
cdf_fs,off,0,2803,2.11
cdf_fs,off,0,2804,1.8
cdf_fs,off,0,2805,1.75
cdf_fs,off,0,2806,1.73
cdf_fs,off,0,2807,1.78
cdf_fs,off,0,2808,2.06
cdf_fs,off,0,2809,1.75
cdf_fs,off,0,2810,2.24
cdf_fs,off,0,2811,1.85
cdf_fs,off,0,2812,1.95
cdf_fs,off,0,2813,2.12
cdf_fs,off,0,2814,2.09
cdf_fs,off,0,2815,1.77
cdf_fs,off,0,2816,2.32
cdf_fs,off,0,2817,2.23
cdf_fs,off,0,2818,2.29
cdf_fs,off,0,2819,2.56
cdf_fs,off,0,2820,1.84
cdf_fs,off,0,2821,2.08
cdf_fs,off,0,2822,1.77
cdf_fs,off,0,2823,2.71
cdf_fs,off,0,2824,2.75
cdf_fs,off,0,2825,1.77
cdf_fs,off,0,2826,1.8
cdf_fs,off,0,2827,2.14
cdf_fs,off,0,2828,1.76
cdf_fs,off,0,2829,1.78
cdf_fs,off,0,2830,2.07
cdf_fs,off,0,2831,1.81
cdf_fs,off,0,2832,1.78
cdf_fs,off,0,2833,1.74
cdf_fs,off,0,2834,2.07
cdf_fs,off,0,2835,1.77
cdf_fs,off,0,2836,1.84
cdf_fs,off,0,2837,2.19
cdf_fs,off,0,2838,2.12
cdf_fs,off,0,2839,2.91
cdf_fs,off,0,2840,2.17
cdf_fs,off,0,2841,1.74
cdf_fs,off,0,2842,2.08
cdf_fs,off,0,2843,1.74
cdf_fs,off,0,2844,1.78
cdf_fs,off,0,2845,1.78
cdf_fs,off,0,2846,2.11
cdf_fs,off,0,2847,1.75
cdf_fs,off,0,2848,1.74
cdf_fs,off,0,2849,1.75
cdf_fs,off,0,2850,2.14
cdf_fs,off,0,2851,1.77
cdf_fs,off,0,2852,2.2
cdf_fs,off,0,2853,2.09
cdf_fs,off,0,2854,2.05
cdf_fs,off,0,2855,1.74
cdf_fs,off,0,2856,1.76
cdf_fs,off,0,2857,1.93
cdf_fs,off,0,2858,1.93
cdf_fs,off,0,2859,2.3
cdf_fs,off,0,2860,2.44
cdf_fs,off,0,2861,2.45
cdf_fs,off,0,2862,1.75
cdf_fs,off,0,2863,1.76
cdf_fs,off,0,2864,1.74
cdf_fs,off,0,2865,1.74
cdf_fs,off,0,2866,1.76
cdf_fs,off,0,2867,1.82
cdf_fs,off,0,2868,1.73
cdf_fs,off,0,2869,1.77
cdf_fs,off,0,2870,2.27
cdf_fs,off,0,2871,2.08
cdf_fs,off,0,2872,2.55
cdf_fs,off,0,2873,2.34
cdf_fs,off,0,2874,2.32
cdf_fs,off,0,2875,1.8
cdf_fs,off,0,2876,1.75
cdf_fs,off,0,2877,1.84
cdf_fs,off,0,2878,1.75
cdf_fs,off,0,2879,2.07
cdf_fs,off,0,2880,1.75
cdf_fs,off,0,2881,1.77
cdf_fs,off,0,2882,1.75
cdf_fs,off,0,2883,2.24
cdf_fs,off,0,2884,1.76
cdf_fs,off,0,2885,2.21
cdf_fs,off,0,2886,2.14
cdf_fs,off,0,2887,1.77
cdf_fs,off,0,2888,1.76
cdf_fs,off,0,2889,1.76
cdf_fs,off,0,2890,1.8
cdf_fs,off,0,2891,2.07
cdf_fs,off,0,2892,1.79
cdf_fs,off,0,2893,2.33
cdf_fs,off,0,2894,1.73
cdf_fs,off,0,2895,1.75
cdf_fs,off,0,2896,1.76
cdf_fs,off,0,2897,1.76
cdf_fs,off,0,2898,1.78
cdf_fs,off,0,2899,1.78
cdf_fs,off,0,2900,1.75
cdf_fs,off,0,2901,1.75
cdf_fs,off,0,2902,1.72
cdf_fs,off,0,2903,1.78
cdf_fs,off,0,2904,1.73
cdf_fs,off,0,2905,1.71
cdf_fs,off,0,2906,1.75
cdf_fs,off,0,2907,1.73
cdf_fs,off,0,2908,2.19
cdf_fs,off,0,2909,2.07
cdf_fs,off,0,2910,1.8
cdf_fs,off,0,2911,1.76
cdf_fs,off,0,2912,1.72
cdf_fs,off,0,2913,1.72
cdf_fs,off,0,2914,1.75
cdf_fs,off,0,2915,1.77
cdf_fs,off,0,2916,1.76
cdf_fs,off,0,2917,1.72
cdf_fs,off,0,2918,2.22
cdf_fs,off,0,2919,2.04
cdf_fs,off,0,2920,1.82
cdf_fs,off,0,2921,1.74
cdf_fs,off,0,2922,1.72
cdf_fs,off,0,2923,1.74
cdf_fs,off,0,2924,2.0
cdf_fs,off,0,2925,2.01
cdf_fs,off,0,2926,2.0
cdf_fs,off,0,2927,1.92
cdf_fs,off,0,2928,1.9
cdf_fs,off,0,2929,1.73
cdf_fs,off,0,2930,2.09
cdf_fs,off,0,2931,1.74
cdf_fs,off,0,2932,2.2
cdf_fs,off,0,2933,1.8
cdf_fs,off,0,2934,1.75
cdf_fs,off,0,2935,2.1
cdf_fs,off,0,2936,1.88
cdf_fs,off,0,2937,2.22
cdf_fs,off,0,2938,1.9
cdf_fs,off,0,2939,1.75
cdf_fs,off,0,2940,2.08
cdf_fs,off,0,2941,1.76
cdf_fs,off,0,2942,2.24
cdf_fs,off,0,2943,1.75
cdf_fs,off,0,2944,1.77
cdf_fs,off,0,2945,1.71
cdf_fs,off,0,2946,1.74
cdf_fs,off,0,2947,1.73
cdf_fs,off,0,2948,2.13
cdf_fs,off,0,2949,1.77
cdf_fs,off,0,2950,1.75
cdf_fs,off,0,2951,2.1
cdf_fs,off,0,2952,1.73
cdf_fs,off,0,2953,2.08
cdf_fs,off,0,2954,1.77
cdf_fs,off,0,2955,2.19
cdf_fs,off,0,2956,1.8
cdf_fs,off,0,2957,1.76
cdf_fs,off,0,2958,1.79
cdf_fs,off,0,2959,1.89
cdf_fs,off,0,2960,1.78
cdf_fs,off,0,2961,1.77
cdf_fs,off,0,2962,2.28
cdf_fs,off,0,2963,2.07
cdf_fs,off,0,2964,1.85
cdf_fs,off,0,2965,1.75
cdf_fs,off,0,2966,2.34
cdf_fs,off,0,2967,1.78
cdf_fs,off,0,2968,1.78
cdf_fs,off,0,2969,1.77
cdf_fs,off,0,2970,1.77
cdf_fs,off,0,2971,2.16
cdf_fs,off,0,2972,1.84
cdf_fs,off,0,2973,1.76
cdf_fs,off,0,2974,2.17
cdf_fs,off,0,2975,1.76
cdf_fs,off,0,2976,2.37
cdf_fs,off,0,2977,1.8
cdf_fs,off,0,2978,2.1
cdf_fs,off,0,2979,2.26
cdf_fs,off,0,2980,1.76
cdf_fs,off,0,2981,2.08
cdf_fs,off,0,2982,1.76
cdf_fs,off,0,2983,2.08
cdf_fs,off,0,2984,2.24
cdf_fs,off,0,2985,1.77
cdf_fs,off,0,2986,1.77
cdf_fs,off,0,2987,1.76
cdf_fs,off,0,2988,2.07
cdf_fs,off,0,2989,1.77
cdf_fs,off,0,2990,1.77
cdf_fs,off,0,2991,1.75
cdf_fs,off,0,2992,2.06
cdf_fs,off,0,2993,1.76
cdf_fs,off,0,2994,2.34
cdf_fs,off,0,2995,1.77
cdf_fs,off,0,2996,2.13
cdf_fs,off,0,2997,2.04
cdf_fs,off,0,2998,1.75
cdf_fs,off,0,2999,1.76
cdf_fs,off,0,3000,1.75
cdf_fs,off,0,3001,2.14
cdf_fs,off,0,3002,1.75
cdf_fs,off,0,3003,1.82
cdf_fs,off,0,3004,3.01
cdf_fs,off,0,3005,2.25
cdf_fs,off,0,3006,1.77
cdf_fs,off,0,3007,1.77
cdf_fs,off,0,3008,1.78
cdf_fs,off,0,3009,1.73
cdf_fs,off,0,3010,1.99
cdf_fs,off,0,3011,1.83
cdf_fs,off,0,3012,1.84
cdf_fs,off,0,3013,1.73
cdf_fs,off,0,3014,1.82
cdf_fs,off,0,3015,1.8
cdf_fs,off,0,3016,1.74
cdf_fs,off,0,3017,1.72
cdf_fs,off,0,3018,1.76
cdf_fs,off,0,3019,1.76
cdf_fs,off,0,3020,1.72
cdf_fs,off,0,3021,1.74
cdf_fs,off,0,3022,1.78
cdf_fs,off,0,3023,1.72
cdf_fs,off,0,3024,1.73
cdf_fs,off,0,3025,1.74
cdf_fs,off,0,3026,1.73
cdf_fs,off,0,3027,1.72
cdf_fs,off,0,3028,1.75
cdf_fs,off,0,3029,1.8
cdf_fs,off,0,3030,1.73
cdf_fs,off,0,3031,1.73
cdf_fs,off,0,3032,2.11
cdf_fs,off,0,3033,1.82
cdf_fs,off,0,3034,1.75
cdf_fs,off,0,3035,2.16
cdf_fs,off,0,3036,1.74
cdf_fs,off,0,3037,1.76
cdf_fs,off,0,3038,1.73
cdf_fs,off,0,3039,2.15
cdf_fs,off,0,3040,1.76
cdf_fs,off,0,3041,1.78
cdf_fs,off,0,3042,1.78
cdf_fs,off,0,3043,1.73
cdf_fs,off,0,3044,1.78
cdf_fs,off,0,3045,1.76
cdf_fs,off,0,3046,1.72
cdf_fs,off,0,3047,2.07
cdf_fs,off,0,3048,1.92
cdf_fs,off,0,3049,1.83
cdf_fs,off,0,3050,1.74
cdf_fs,off,0,3051,1.75
cdf_fs,off,0,3052,1.75
cdf_fs,off,0,3053,1.72
cdf_fs,off,0,3054,1.75
cdf_fs,off,0,3055,1.75
cdf_fs,off,0,3056,1.78
cdf_fs,off,0,3057,2.18
cdf_fs,off,0,3058,1.83
cdf_fs,off,0,3059,1.84
cdf_fs,off,0,3060,1.75
cdf_fs,off,0,3061,1.77
cdf_fs,off,0,3062,1.73
cdf_fs,off,0,3063,1.71
cdf_fs,off,0,3064,1.71
cdf_fs,off,0,3065,1.74
cdf_fs,off,0,3066,1.75
cdf_fs,off,0,3067,1.75
cdf_fs,off,0,3068,1.73
cdf_fs,off,0,3069,1.74
cdf_fs,off,0,3070,1.77
cdf_fs,off,0,3071,1.73
cdf_fs,off,0,3072,1.78
cdf_fs,off,0,3073,1.73
cdf_fs,off,0,3074,1.76
cdf_fs,off,0,3075,1.74
cdf_fs,off,0,3076,1.81
cdf_fs,off,0,3077,2.18
cdf_fs,off,0,3078,1.75
cdf_fs,off,0,3079,2.1
cdf_fs,off,0,3080,1.76
cdf_fs,off,0,3081,2.21
cdf_fs,off,0,3082,2.33
cdf_fs,off,0,3083,2.89
cdf_fs,off,0,3084,1.78
cdf_fs,off,0,3085,1.79
cdf_fs,off,0,3086,1.74
cdf_fs,off,0,3087,1.76
cdf_fs,off,0,3088,1.85
cdf_fs,off,0,3089,2.22
cdf_fs,off,0,3090,2.06
cdf_fs,off,0,3091,1.93
cdf_fs,off,0,3092,1.79
cdf_fs,off,0,3093,1.82
cdf_fs,off,0,3094,2.31
cdf_fs,off,0,3095,2.07
cdf_fs,off,0,3096,1.79
cdf_fs,off,0,3097,2.1
cdf_fs,off,0,3098,2.26
cdf_fs,off,0,3099,2.18
cdf_fs,off,0,3100,1.82
cdf_fs,off,0,3101,1.76
cdf_fs,off,0,3102,2.15
cdf_fs,off,0,3103,1.77
cdf_fs,off,0,3104,1.77
cdf_fs,off,0,3105,1.76
cdf_fs,off,0,3106,2.05
cdf_fs,off,0,3107,1.81
cdf_fs,off,0,3108,2.14
cdf_fs,off,0,3109,2.07
cdf_fs,off,0,3110,1.78
cdf_fs,off,0,3111,1.77
cdf_fs,off,0,3112,1.74
cdf_fs,off,0,3113,1.78
cdf_fs,off,0,3114,2.09
cdf_fs,off,0,3115,1.77
cdf_fs,off,0,3116,1.76
cdf_fs,off,0,3117,1.75
cdf_fs,off,0,3118,1.76
cdf_fs,off,0,3119,1.71
cdf_fs,off,0,3120,1.77
cdf_fs,off,0,3121,1.8
cdf_fs,off,0,3122,1.77
cdf_fs,off,0,3123,1.77
cdf_fs,off,0,3124,1.77
cdf_fs,off,0,3125,1.74
cdf_fs,off,0,3126,2.26
cdf_fs,off,0,3127,1.79
cdf_fs,off,0,3128,2.08
cdf_fs,off,0,3129,1.74
cdf_fs,off,0,3130,1.75
cdf_fs,off,0,3131,1.76
cdf_fs,off,0,3132,1.75
cdf_fs,off,0,3133,1.76
cdf_fs,off,0,3134,1.76
cdf_fs,off,0,3135,1.73
cdf_fs,off,0,3136,1.73
cdf_fs,off,0,3137,2.18
cdf_fs,off,0,3138,2.02
cdf_fs,off,0,3139,1.79
cdf_fs,off,0,3140,1.78
cdf_fs,off,0,3141,1.79
cdf_fs,off,0,3142,1.74
cdf_fs,off,0,3143,2.06
cdf_fs,off,0,3144,1.72
cdf_fs,off,0,3145,1.76
cdf_fs,off,0,3146,1.74
cdf_fs,off,0,3147,1.74
cdf_fs,off,0,3148,1.75
cdf_fs,off,0,3149,1.73
cdf_fs,off,0,3150,1.75
cdf_fs,off,0,3151,1.74
cdf_fs,off,0,3152,1.75
cdf_fs,off,0,3153,1.78
cdf_fs,off,0,3154,1.79
cdf_fs,off,0,3155,1.75
cdf_fs,off,0,3156,2.18
cdf_fs,off,0,3157,1.76
cdf_fs,off,0,3158,1.73
cdf_fs,off,0,3159,1.75
cdf_fs,off,0,3160,1.75
cdf_fs,off,0,3161,1.74
cdf_fs,off,0,3162,1.72
cdf_fs,off,0,3163,2.09
cdf_fs,off,0,3164,2.12
cdf_fs,off,0,3165,1.73
cdf_fs,off,0,3166,2.12
cdf_fs,off,0,3167,1.77
cdf_fs,off,0,3168,1.76
cdf_fs,off,0,3169,1.81
cdf_fs,off,0,3170,2.1
cdf_fs,off,0,3171,1.77
cdf_fs,off,0,3172,1.75
cdf_fs,off,0,3173,1.78
cdf_fs,off,0,3174,1.72
cdf_fs,off,0,3175,1.78
cdf_fs,off,0,3176,2.1
cdf_fs,off,0,3177,2.09
cdf_fs,off,0,3178,2.11
cdf_fs,off,0,3179,1.74
cdf_fs,off,0,3180,2.16
cdf_fs,off,0,3181,1.77
cdf_fs,off,0,3182,1.73
cdf_fs,off,0,3183,1.73
cdf_fs,off,0,3184,1.76
cdf_fs,off,0,3185,1.72
cdf_fs,off,0,3186,1.76
cdf_fs,off,0,3187,1.74
cdf_fs,off,0,3188,1.77
cdf_fs,off,0,3189,2.09
cdf_fs,off,0,3190,2.07
cdf_fs,off,0,3191,1.74
cdf_fs,off,0,3192,1.8
cdf_fs,off,0,3193,2.13
cdf_fs,off,0,3194,2.03
cdf_fs,off,0,3195,1.77
cdf_fs,off,0,3196,1.77
cdf_fs,off,0,3197,5.39
cdf_fs,off,0,3198,4.38
cdf_fs,off,0,3199,2.29
cdf_fs,off,0,3200,1.79
cdf_fs,off,0,3201,2.08
cdf_fs,off,0,3202,1.8
cdf_fs,off,0,3203,2.19
cdf_fs,off,0,3204,1.84
cdf_fs,off,0,3205,1.76
cdf_fs,off,0,3206,1.77
cdf_fs,off,0,3207,2.06
cdf_fs,off,0,3208,1.75
cdf_fs,off,0,3209,1.74
cdf_fs,off,0,3210,1.74
cdf_fs,off,0,3211,1.74
cdf_fs,off,0,3212,1.79
cdf_fs,off,0,3213,2.1
cdf_fs,off,0,3214,1.76
cdf_fs,off,0,3215,1.78
cdf_fs,off,0,3216,1.75
cdf_fs,off,0,3217,1.74
cdf_fs,off,0,3218,2.16
cdf_fs,off,0,3219,1.9
cdf_fs,off,0,3220,2.22
cdf_fs,off,0,3221,1.77
cdf_fs,off,0,3222,1.77
cdf_fs,off,0,3223,2.06
cdf_fs,off,0,3224,2.15
cdf_fs,off,0,3225,1.77
cdf_fs,off,0,3226,2.13
cdf_fs,off,0,3227,1.75
cdf_fs,off,0,3228,1.84
cdf_fs,off,0,3229,1.74
cdf_fs,off,0,3230,1.75
cdf_fs,off,0,3231,2.08
cdf_fs,off,0,3232,1.78
cdf_fs,off,0,3233,2.11
cdf_fs,off,0,3234,1.76
cdf_fs,off,0,3235,1.76
cdf_fs,off,0,3236,2.21
cdf_fs,off,0,3237,1.91
cdf_fs,off,0,3238,1.78
cdf_fs,off,0,3239,1.76
cdf_fs,off,0,3240,1.74
cdf_fs,off,0,3241,1.76
cdf_fs,off,0,3242,1.79
cdf_fs,off,0,3243,1.74
cdf_fs,off,0,3244,1.77
cdf_fs,off,0,3245,2.17
cdf_fs,off,0,3246,2.07
cdf_fs,off,0,3247,1.77
cdf_fs,off,0,3248,1.75
cdf_fs,off,0,3249,1.82
cdf_fs,off,0,3250,1.78
cdf_fs,off,0,3251,1.75
cdf_fs,off,0,3252,2.28
cdf_fs,off,0,3253,2.12
cdf_fs,off,0,3254,2.28
cdf_fs,off,0,3255,1.76
cdf_fs,off,0,3256,1.75
cdf_fs,off,0,3257,2.17
cdf_fs,off,0,3258,2.3
cdf_fs,off,0,3259,1.78
cdf_fs,off,0,3260,1.82
cdf_fs,off,0,3261,1.75
cdf_fs,off,0,3262,1.74
cdf_fs,off,0,3263,1.84
cdf_fs,off,0,3264,1.88
cdf_fs,off,0,3265,1.75
cdf_fs,off,0,3266,2.23
cdf_fs,off,0,3267,2.07
cdf_fs,off,0,3268,1.8
cdf_fs,off,0,3269,1.9
cdf_fs,off,0,3270,1.76
cdf_fs,off,0,3271,1.74
cdf_fs,off,0,3272,2.12
cdf_fs,off,0,3273,1.76
cdf_fs,off,0,3274,1.81
cdf_fs,off,0,3275,2.1
cdf_fs,off,0,3276,1.76
cdf_fs,off,0,3277,2.08
cdf_fs,off,0,3278,1.77
cdf_fs,off,0,3279,1.77
cdf_fs,off,0,3280,1.75
cdf_fs,off,0,3281,2.08
cdf_fs,off,0,3282,2.09
cdf_fs,off,0,3283,1.77
cdf_fs,off,0,3284,2.16
cdf_fs,off,0,3285,1.77
cdf_fs,off,0,3286,1.75
cdf_fs,off,0,3287,2.1
cdf_fs,off,0,3288,2.07
cdf_fs,off,0,3289,1.8
cdf_fs,off,0,3290,1.76
cdf_fs,off,0,3291,1.83
cdf_fs,off,0,3292,1.72
cdf_fs,off,0,3293,1.77
cdf_fs,off,0,3294,1.81
cdf_fs,off,0,3295,1.72
cdf_fs,off,0,3296,2.24
cdf_fs,off,0,3297,2.98
cdf_fs,off,0,3298,1.85
cdf_fs,off,0,3299,1.78
cdf_fs,off,0,3300,1.76
cdf_fs,off,0,3301,2.18
cdf_fs,off,0,3302,1.75
cdf_fs,off,0,3303,2.38
cdf_fs,off,0,3304,2.07
cdf_fs,off,0,3305,1.75
cdf_fs,off,0,3306,1.76
cdf_fs,off,0,3307,1.76
cdf_fs,off,0,3308,2.12
cdf_fs,off,0,3309,1.76
cdf_fs,off,0,3310,2.09
cdf_fs,off,0,3311,1.77
cdf_fs,off,0,3312,2.1
cdf_fs,off,0,3313,1.74
cdf_fs,off,0,3314,1.74
cdf_fs,off,0,3315,2.09
cdf_fs,off,0,3316,1.76
cdf_fs,off,0,3317,2.14
cdf_fs,off,0,3318,1.77
cdf_fs,off,0,3319,2.24
cdf_fs,off,0,3320,1.75
cdf_fs,off,0,3321,1.77
cdf_fs,off,0,3322,1.76
cdf_fs,off,0,3323,2.15
cdf_fs,off,0,3324,2.07
cdf_fs,off,0,3325,1.74
cdf_fs,off,0,3326,1.83
cdf_fs,off,0,3327,2.16
cdf_fs,off,0,3328,1.75
cdf_fs,off,0,3329,1.74
cdf_fs,off,0,3330,1.75
cdf_fs,off,0,3331,2.06
cdf_fs,off,0,3332,1.74
cdf_fs,off,0,3333,2.2
cdf_fs,off,0,3334,1.73
cdf_fs,off,0,3335,1.77
cdf_fs,off,0,3336,1.74
cdf_fs,off,0,3337,1.78
cdf_fs,off,0,3338,1.73
cdf_fs,off,0,3339,2.27
cdf_fs,off,0,3340,1.75
cdf_fs,off,0,3341,1.74
cdf_fs,off,0,3342,2.18
cdf_fs,off,0,3343,2.18
cdf_fs,off,0,3344,1.78
cdf_fs,off,0,3345,1.74
cdf_fs,off,0,3346,2.16
cdf_fs,off,0,3347,1.95
cdf_fs,off,0,3348,1.87
cdf_fs,off,0,3349,1.78
cdf_fs,off,0,3350,1.73
cdf_fs,off,0,3351,1.73
cdf_fs,off,0,3352,2.2
cdf_fs,off,0,3353,1.77
cdf_fs,off,0,3354,1.75
cdf_fs,off,0,3355,2.22
cdf_fs,off,0,3356,1.85
cdf_fs,off,0,3357,1.75
cdf_fs,off,0,3358,1.86
cdf_fs,off,0,3359,1.73
cdf_fs,off,0,3360,1.79
cdf_fs,off,0,3361,1.73
cdf_fs,off,0,3362,2.1
cdf_fs,off,0,3363,1.74
cdf_fs,off,0,3364,2.35
cdf_fs,off,0,3365,1.75
cdf_fs,off,0,3366,2.12
cdf_fs,off,0,3367,2.07
cdf_fs,off,0,3368,1.74
cdf_fs,off,0,3369,1.75
cdf_fs,off,0,3370,1.81
cdf_fs,off,0,3371,2.15
cdf_fs,off,0,3372,1.74
cdf_fs,off,0,3373,2.13
cdf_fs,off,0,3374,2.11
cdf_fs,off,0,3375,2.04
cdf_fs,off,0,3376,1.8
cdf_fs,off,0,3377,1.76
cdf_fs,off,0,3378,2.1
cdf_fs,off,0,3379,2.07
cdf_fs,off,0,3380,1.81
cdf_fs,off,0,3381,1.78
cdf_fs,off,0,3382,1.76
cdf_fs,off,0,3383,2.28
cdf_fs,off,0,3384,2.09
cdf_fs,off,0,3385,1.79
cdf_fs,off,0,3386,2.16
cdf_fs,off,0,3387,1.79
cdf_fs,off,0,3388,1.78
cdf_fs,off,0,3389,1.75
cdf_fs,off,0,3390,2.08
cdf_fs,off,0,3391,1.82
cdf_fs,off,0,3392,1.76
cdf_fs,off,0,3393,1.82
cdf_fs,off,0,3394,1.78
cdf_fs,off,0,3395,2.09
cdf_fs,off,0,3396,1.74
cdf_fs,off,0,3397,1.81
cdf_fs,off,0,3398,1.78
cdf_fs,off,0,3399,1.74
cdf_fs,off,0,3400,1.74
cdf_fs,off,0,3401,1.73
cdf_fs,off,0,3402,1.74
cdf_fs,off,0,3403,1.71
cdf_fs,off,0,3404,1.75
cdf_fs,off,0,3405,1.72
cdf_fs,off,0,3406,1.73
cdf_fs,off,0,3407,1.74
cdf_fs,off,0,3408,1.75
cdf_fs,off,0,3409,1.73
cdf_fs,off,0,3410,1.74
cdf_fs,off,0,3411,1.75
cdf_fs,off,0,3412,1.74
cdf_fs,off,0,3413,1.74
cdf_fs,off,0,3414,1.73
cdf_fs,off,0,3415,1.73
cdf_fs,off,0,3416,2.08
cdf_fs,off,0,3417,1.77
cdf_fs,off,0,3418,1.74
cdf_fs,off,0,3419,1.72
cdf_fs,off,0,3420,1.75
cdf_fs,off,0,3421,1.73
cdf_fs,off,0,3422,2.5
cdf_fs,off,0,3423,1.78
cdf_fs,off,0,3424,1.77
cdf_fs,off,0,3425,1.85
cdf_fs,off,0,3426,1.71
cdf_fs,off,0,3427,1.78
cdf_fs,off,0,3428,1.73
cdf_fs,off,0,3429,2.12
cdf_fs,off,0,3430,1.74
cdf_fs,off,0,3431,1.77
cdf_fs,off,0,3432,1.71
cdf_fs,off,0,3433,1.76
cdf_fs,off,0,3434,1.72
cdf_fs,off,0,3435,1.78
cdf_fs,off,0,3436,2.15
cdf_fs,off,0,3437,1.72
cdf_fs,off,0,3438,1.73
cdf_fs,off,0,3439,1.77
cdf_fs,off,0,3440,1.75
cdf_fs,off,0,3441,2.06
cdf_fs,off,0,3442,1.74
cdf_fs,off,0,3443,1.81
cdf_fs,off,0,3444,1.71
cdf_fs,off,0,3445,1.75
cdf_fs,off,0,3446,1.74
cdf_fs,off,0,3447,2.85
cdf_fs,off,0,3448,1.81
cdf_fs,off,0,3449,1.81
cdf_fs,off,0,3450,1.75
cdf_fs,off,0,3451,1.74
cdf_fs,off,0,3452,1.78
cdf_fs,off,0,3453,1.74
cdf_fs,off,0,3454,1.76
cdf_fs,off,0,3455,1.78
cdf_fs,off,0,3456,1.75
cdf_fs,off,0,3457,1.74
cdf_fs,off,0,3458,1.83
cdf_fs,off,0,3459,1.82
cdf_fs,off,0,3460,1.82
cdf_fs,off,0,3461,1.71
cdf_fs,off,0,3462,2.32
cdf_fs,off,0,3463,1.75
cdf_fs,off,0,3464,2.05
cdf_fs,off,0,3465,1.77
cdf_fs,off,0,3466,2.08
cdf_fs,off,0,3467,1.74
cdf_fs,off,0,3468,1.74
cdf_fs,off,0,3469,1.76
cdf_fs,off,0,3470,1.75
cdf_fs,off,0,3471,1.75
cdf_fs,off,0,3472,1.75
cdf_fs,off,0,3473,1.89
cdf_fs,off,0,3474,1.8
cdf_fs,off,0,3475,1.81
cdf_fs,off,0,3476,1.8
cdf_fs,off,0,3477,1.79
cdf_fs,off,0,3478,1.78
cdf_fs,off,0,3479,1.77
cdf_fs,off,0,3480,1.77
cdf_fs,off,0,3481,2.17
cdf_fs,off,0,3482,1.77
cdf_fs,off,0,3483,1.78
cdf_fs,off,0,3484,1.73
cdf_fs,off,0,3485,1.79
cdf_fs,off,0,3486,1.75
cdf_fs,off,0,3487,2.09
cdf_fs,off,0,3488,1.81
cdf_fs,off,0,3489,1.75
cdf_fs,off,0,3490,2.22
cdf_fs,off,0,3491,2.06
cdf_fs,off,0,3492,1.75
cdf_fs,off,0,3493,1.78
cdf_fs,off,0,3494,1.74
cdf_fs,off,0,3495,1.75
cdf_fs,off,0,3496,1.83
cdf_fs,off,0,3497,2.15
cdf_fs,off,0,3498,1.8
cdf_fs,off,0,3499,1.77
cdf_fs,off,0,3500,1.74
cdf_fs,off,0,3501,2.25
cdf_fs,off,0,3502,2.25
cdf_fs,off,0,3503,1.8
cdf_fs,off,0,3504,1.76
cdf_fs,off,0,3505,1.75
cdf_fs,off,0,3506,1.76
cdf_fs,off,0,3507,1.76
cdf_fs,off,0,3508,1.74
cdf_fs,off,0,3509,1.78
cdf_fs,off,0,3510,2.07
cdf_fs,off,0,3511,1.81
cdf_fs,off,0,3512,1.75
cdf_fs,off,0,3513,1.78
cdf_fs,off,0,3514,1.78
cdf_fs,off,0,3515,2.18
cdf_fs,off,0,3516,1.77
cdf_fs,off,0,3517,1.71
cdf_fs,off,0,3518,1.77
cdf_fs,off,0,3519,1.76
cdf_fs,off,0,3520,1.76
cdf_fs,off,0,3521,2.17
cdf_fs,off,0,3522,2.24
cdf_fs,off,0,3523,1.76
cdf_fs,off,0,3524,1.83
cdf_fs,off,0,3525,1.72
cdf_fs,off,0,3526,2.16
cdf_fs,off,0,3527,2.36
cdf_fs,off,0,3528,2.35
cdf_fs,off,0,3529,1.84
cdf_fs,off,0,3530,1.87
cdf_fs,off,0,3531,1.75
cdf_fs,off,0,3532,1.76
cdf_fs,off,0,3533,1.78
cdf_fs,off,0,3534,1.79
cdf_fs,off,0,3535,1.89
cdf_fs,off,0,3536,2.17
cdf_fs,off,0,3537,1.77
cdf_fs,off,0,3538,1.75
cdf_fs,off,0,3539,1.74
cdf_fs,off,0,3540,1.71
cdf_fs,off,0,3541,1.72
cdf_fs,off,0,3542,1.76
cdf_fs,off,0,3543,1.73
cdf_fs,off,0,3544,1.7
cdf_fs,off,0,3545,1.74
cdf_fs,off,0,3546,2.07
cdf_fs,off,0,3547,1.72
cdf_fs,off,0,3548,1.74
cdf_fs,off,0,3549,1.72
cdf_fs,off,0,3550,1.82
cdf_fs,off,0,3551,1.83
cdf_fs,off,0,3552,2.18
cdf_fs,off,0,3553,2.12
cdf_fs,off,0,3554,1.82
cdf_fs,off,0,3555,1.76
cdf_fs,off,0,3556,2.13
cdf_fs,off,0,3557,2.06
cdf_fs,off,0,3558,1.73
cdf_fs,off,0,3559,1.79
cdf_fs,off,0,3560,1.73
cdf_fs,off,0,3561,1.71
cdf_fs,off,0,3562,1.72
cdf_fs,off,0,3563,1.73
cdf_fs,off,0,3564,1.72
cdf_fs,off,0,3565,2.16
cdf_fs,off,0,3566,1.76
cdf_fs,off,0,3567,1.79
cdf_fs,off,0,3568,1.75
cdf_fs,off,0,3569,1.74
cdf_fs,off,0,3570,1.75
cdf_fs,off,0,3571,1.72
cdf_fs,off,0,3572,1.8
cdf_fs,off,0,3573,1.76
cdf_fs,off,0,3574,1.76
cdf_fs,off,0,3575,1.73
cdf_fs,off,0,3576,1.76
cdf_fs,off,0,3577,1.73
cdf_fs,off,0,3578,2.16
cdf_fs,off,0,3579,1.73
cdf_fs,off,0,3580,2.15
cdf_fs,off,0,3581,2.13
cdf_fs,off,0,3582,2.18
cdf_fs,off,0,3583,1.79
cdf_fs,off,0,3584,1.74
cdf_fs,off,0,3585,1.71
cdf_fs,off,0,3586,1.78
cdf_fs,off,0,3587,1.75
cdf_fs,off,0,3588,1.8
cdf_fs,off,0,3589,1.72
cdf_fs,off,0,3590,1.74
cdf_fs,off,0,3591,2.08
cdf_fs,off,0,3592,1.73
cdf_fs,off,0,3593,1.73
cdf_fs,off,0,3594,1.73
cdf_fs,off,0,3595,2.19
cdf_fs,off,0,3596,2.11
cdf_fs,off,0,3597,1.78
cdf_fs,off,0,3598,2.26
cdf_fs,off,0,3599,1.81
cdf_fs,off,0,3600,1.75
cdf_fs,off,0,3601,2.42
cdf_fs,off,0,3602,1.81
cdf_fs,off,0,3603,1.79
cdf_fs,off,0,3604,1.8
cdf_fs,off,0,3605,1.74
cdf_fs,off,0,3606,2.23
cdf_fs,off,0,3607,1.72
cdf_fs,off,0,3608,1.75
cdf_fs,off,0,3609,1.74
cdf_fs,off,0,3610,1.78
cdf_fs,off,0,3611,1.73
cdf_fs,off,0,3612,2.13
cdf_fs,off,0,3613,1.72
cdf_fs,off,0,3614,1.74
cdf_fs,off,0,3615,1.73
cdf_fs,off,0,3616,1.76
cdf_fs,off,0,3617,1.75
cdf_fs,off,0,3618,1.71
cdf_fs,off,0,3619,1.74
cdf_fs,off,0,3620,1.73
cdf_fs,off,0,3621,1.73
cdf_fs,off,0,3622,2.09
cdf_fs,off,0,3623,2.08
cdf_fs,off,0,3624,1.76
cdf_fs,off,0,3625,1.71
cdf_fs,off,0,3626,1.73
cdf_fs,off,0,3627,1.73
cdf_fs,off,0,3628,1.71
cdf_fs,off,0,3629,1.76
cdf_fs,off,0,3630,1.74
cdf_fs,off,0,3631,2.08
cdf_fs,off,0,3632,1.77
cdf_fs,off,0,3633,2.3
cdf_fs,off,0,3634,1.78
cdf_fs,off,0,3635,1.8
cdf_fs,off,0,3636,1.78
cdf_fs,off,0,3637,2.1
cdf_fs,off,0,3638,2.21
cdf_fs,off,0,3639,1.76
cdf_fs,off,0,3640,1.76
cdf_fs,off,0,3641,1.93
cdf_fs,off,0,3642,1.75
cdf_fs,off,0,3643,1.72
cdf_fs,off,0,3644,1.75
cdf_fs,off,0,3645,1.75
cdf_fs,off,0,3646,1.72
cdf_fs,off,0,3647,2.12
cdf_fs,off,0,3648,2.16
cdf_fs,off,0,3649,2.21
cdf_fs,off,0,3650,1.8
cdf_fs,off,0,3651,2.26
cdf_fs,off,0,3652,1.75
cdf_fs,off,0,3653,2.3
cdf_fs,off,0,3654,1.74
cdf_fs,off,0,3655,1.74
cdf_fs,off,0,3656,1.73
cdf_fs,off,0,3657,1.73
cdf_fs,off,0,3658,2.09
cdf_fs,off,0,3659,1.72
cdf_fs,off,0,3660,1.73
cdf_fs,off,0,3661,1.81
cdf_fs,off,0,3662,1.74
cdf_fs,off,0,3663,1.73
cdf_fs,off,0,3664,1.74
cdf_fs,off,0,3665,1.72
cdf_fs,off,0,3666,2.29
cdf_fs,off,0,3667,1.75
cdf_fs,off,0,3668,2.08
cdf_fs,off,0,3669,1.75
cdf_fs,off,0,3670,1.75
cdf_fs,off,0,3671,2.05
cdf_fs,off,0,3672,2.05
cdf_fs,off,0,3673,1.76
cdf_fs,off,0,3674,1.79
cdf_fs,off,0,3675,1.73
cdf_fs,off,0,3676,2.12
cdf_fs,off,0,3677,1.74
cdf_fs,off,0,3678,1.75
cdf_fs,off,0,3679,2.05
cdf_fs,off,0,3680,1.79
cdf_fs,off,0,3681,1.76
cdf_fs,off,0,3682,2.27
cdf_fs,off,0,3683,1.76
cdf_fs,off,0,3684,1.74
cdf_fs,off,0,3685,1.79
cdf_fs,off,0,3686,1.83
cdf_fs,off,0,3687,2.08
cdf_fs,off,0,3688,2.02
cdf_fs,off,0,3689,1.74
cdf_fs,off,0,3690,2.23
cdf_fs,off,0,3691,7.02
cdf_fs,off,0,3692,1.83
cdf_fs,off,0,3693,1.74
cdf_fs,off,0,3694,1.89
cdf_fs,off,0,3695,1.85
cdf_fs,off,0,3696,1.88
cdf_fs,off,0,3697,1.77
cdf_fs,off,0,3698,1.77
cdf_fs,off,0,3699,1.77
cdf_fs,off,0,3700,1.74
cdf_fs,off,0,3701,1.75
cdf_fs,off,0,3702,2.47
cdf_fs,off,0,3703,1.76
cdf_fs,off,0,3704,1.82
cdf_fs,off,0,3705,1.8
cdf_fs,off,0,3706,2.07
cdf_fs,off,0,3707,1.74
cdf_fs,off,0,3708,1.8
cdf_fs,off,0,3709,1.75
cdf_fs,off,0,3710,1.74
cdf_fs,off,0,3711,1.72
cdf_fs,off,0,3712,2.09
cdf_fs,off,0,3713,1.76
cdf_fs,off,0,3714,1.76
cdf_fs,off,0,3715,1.76
cdf_fs,off,0,3716,1.75
cdf_fs,off,0,3717,1.71
cdf_fs,off,0,3718,1.75
cdf_fs,off,0,3719,1.75
cdf_fs,off,0,3720,1.74
cdf_fs,off,0,3721,1.77
cdf_fs,off,0,3722,1.73
cdf_fs,off,0,3723,1.75
cdf_fs,off,0,3724,2.15
cdf_fs,off,0,3725,1.74
cdf_fs,off,0,3726,1.74
cdf_fs,off,0,3727,2.11
cdf_fs,off,0,3728,1.78
cdf_fs,off,0,3729,1.89
cdf_fs,off,0,3730,1.85
cdf_fs,off,0,3731,1.77
cdf_fs,off,0,3732,2.1
cdf_fs,off,0,3733,2.08
cdf_fs,off,0,3734,1.76
cdf_fs,off,0,3735,1.73
cdf_fs,off,0,3736,1.83
cdf_fs,off,0,3737,2.3
cdf_fs,off,0,3738,1.77
cdf_fs,off,0,3739,1.74
cdf_fs,off,0,3740,1.78
cdf_fs,off,0,3741,1.75
cdf_fs,off,0,3742,1.72
cdf_fs,off,0,3743,1.76
cdf_fs,off,0,3744,1.74
cdf_fs,off,0,3745,1.84
cdf_fs,off,0,3746,1.72
cdf_fs,off,0,3747,1.75
cdf_fs,off,0,3748,1.75
cdf_fs,off,0,3749,1.75
cdf_fs,off,0,3750,1.82
cdf_fs,off,0,3751,1.72
cdf_fs,off,0,3752,1.74
cdf_fs,off,0,3753,2.07
cdf_fs,off,0,3754,1.73
cdf_fs,off,0,3755,1.77
cdf_fs,off,0,3756,1.86
cdf_fs,off,0,3757,1.74
cdf_fs,off,0,3758,1.81
cdf_fs,off,0,3759,1.76
cdf_fs,off,0,3760,1.93
cdf_fs,off,0,3761,2.02
cdf_fs,off,0,3762,1.74
cdf_fs,off,0,3763,2.23
cdf_fs,off,0,3764,1.74
cdf_fs,off,0,3765,2.08
cdf_fs,off,0,3766,1.75
cdf_fs,off,0,3767,2.09
cdf_fs,off,0,3768,2.22
cdf_fs,off,0,3769,2.2
cdf_fs,off,0,3770,1.77
cdf_fs,off,0,3771,1.79
cdf_fs,off,0,3772,1.79
cdf_fs,off,0,3773,2.3
cdf_fs,off,0,3774,1.75
cdf_fs,off,0,3775,2.13
cdf_fs,off,0,3776,1.78
cdf_fs,off,0,3777,1.8
cdf_fs,off,0,3778,1.71
cdf_fs,off,0,3779,1.73
cdf_fs,off,0,3780,1.83
cdf_fs,off,0,3781,1.73
cdf_fs,off,0,3782,1.74
cdf_fs,off,0,3783,1.78
cdf_fs,off,0,3784,2.09
cdf_fs,off,0,3785,1.75
cdf_fs,off,0,3786,1.77
cdf_fs,off,0,3787,1.76
cdf_fs,off,0,3788,1.75
cdf_fs,off,0,3789,1.78
cdf_fs,off,0,3790,1.76
cdf_fs,off,0,3791,1.75
cdf_fs,off,0,3792,1.74
cdf_fs,off,0,3793,1.75
cdf_fs,off,0,3794,1.75
cdf_fs,off,0,3795,1.75
cdf_fs,off,0,3796,2.1
cdf_fs,off,0,3797,1.74
cdf_fs,off,0,3798,1.84
cdf_fs,off,0,3799,1.8
cdf_fs,off,0,3800,1.73
cdf_fs,off,0,3801,1.77
cdf_fs,off,0,3802,1.74
cdf_fs,off,0,3803,1.8
cdf_fs,off,0,3804,1.84
cdf_fs,off,0,3805,2.24
cdf_fs,off,0,3806,1.81
cdf_fs,off,0,3807,1.79
cdf_fs,off,0,3808,1.77
cdf_fs,off,0,3809,1.8
cdf_fs,off,0,3810,1.77
cdf_fs,off,0,3811,2.14
cdf_fs,off,0,3812,1.81
cdf_fs,off,0,3813,1.75
cdf_fs,off,0,3814,1.75
cdf_fs,off,0,3815,1.74
cdf_fs,off,0,3816,2.24
cdf_fs,off,0,3817,1.78
cdf_fs,off,0,3818,2.09
cdf_fs,off,0,3819,1.96
cdf_fs,off,0,3820,1.88
cdf_fs,off,0,3821,1.74
cdf_fs,off,0,3822,1.76
cdf_fs,off,0,3823,1.74
cdf_fs,off,0,3824,2.26
cdf_fs,off,0,3825,2.06
cdf_fs,off,0,3826,1.84
cdf_fs,off,0,3827,1.75
cdf_fs,off,0,3828,2.17
cdf_fs,off,0,3829,1.77
cdf_fs,off,0,3830,1.85
cdf_fs,off,0,3831,1.76
cdf_fs,off,0,3832,1.74
cdf_fs,off,0,3833,1.75
cdf_fs,off,0,3834,1.75
cdf_fs,off,0,3835,1.71
cdf_fs,off,0,3836,1.78
cdf_fs,off,0,3837,1.74
cdf_fs,off,0,3838,1.76
cdf_fs,off,0,3839,2.11
cdf_fs,off,0,3840,1.76
cdf_fs,off,0,3841,1.74
cdf_fs,off,0,3842,2.07
cdf_fs,off,0,3843,1.77
cdf_fs,off,0,3844,1.81
cdf_fs,off,0,3845,1.74
cdf_fs,off,0,3846,1.73
cdf_fs,off,0,3847,1.73
cdf_fs,off,0,3848,1.73
cdf_fs,off,0,3849,1.75
cdf_fs,off,0,3850,1.73
cdf_fs,off,0,3851,1.75
cdf_fs,off,0,3852,1.78
cdf_fs,off,0,3853,1.75
cdf_fs,off,0,3854,1.72
cdf_fs,off,0,3855,2.08
cdf_fs,off,0,3856,1.76
cdf_fs,off,0,3857,1.92
cdf_fs,off,0,3858,2.34
cdf_fs,off,0,3859,1.86
cdf_fs,off,0,3860,2.22
cdf_fs,off,0,3861,2.14
cdf_fs,off,0,3862,1.77
cdf_fs,off,0,3863,1.77
cdf_fs,off,0,3864,1.76
cdf_fs,off,0,3865,1.81
cdf_fs,off,0,3866,1.75
cdf_fs,off,0,3867,2.1
cdf_fs,off,0,3868,1.76
cdf_fs,off,0,3869,2.1
cdf_fs,off,0,3870,1.88
cdf_fs,off,0,3871,1.74
cdf_fs,off,0,3872,1.77
cdf_fs,off,0,3873,1.76
cdf_fs,off,0,3874,1.75
cdf_fs,off,0,3875,1.74
cdf_fs,off,0,3876,1.76
cdf_fs,off,0,3877,1.75
cdf_fs,off,0,3878,1.75
cdf_fs,off,0,3879,2.07
cdf_fs,off,0,3880,1.85
cdf_fs,off,0,3881,1.81
cdf_fs,off,0,3882,1.77
cdf_fs,off,0,3883,1.84
cdf_fs,off,0,3884,1.76
cdf_fs,off,0,3885,2.08
cdf_fs,off,0,3886,1.76
cdf_fs,off,0,3887,1.73
cdf_fs,off,0,3888,1.73
cdf_fs,off,0,3889,1.74
cdf_fs,off,0,3890,2.09
cdf_fs,off,0,3891,1.77
cdf_fs,off,0,3892,1.76
cdf_fs,off,0,3893,1.73
cdf_fs,off,0,3894,1.77
cdf_fs,off,0,3895,1.74
cdf_fs,off,0,3896,1.74
cdf_fs,off,0,3897,1.76
cdf_fs,off,0,3898,2.1
cdf_fs,off,0,3899,1.79
cdf_fs,off,0,3900,1.75
cdf_fs,off,0,3901,1.77
cdf_fs,off,0,3902,1.78
cdf_fs,off,0,3903,1.73
cdf_fs,off,0,3904,1.74
cdf_fs,off,0,3905,1.74
cdf_fs,off,0,3906,1.79
cdf_fs,off,0,3907,1.83
cdf_fs,off,0,3908,1.79
cdf_fs,off,0,3909,2.43
cdf_fs,off,0,3910,1.78
cdf_fs,off,0,3911,2.03
cdf_fs,off,0,3912,1.81
cdf_fs,off,0,3913,1.83
cdf_fs,off,0,3914,1.81
cdf_fs,off,0,3915,1.79
cdf_fs,off,0,3916,2.09
cdf_fs,off,0,3917,2.07
cdf_fs,off,0,3918,2.05
cdf_fs,off,0,3919,1.76
cdf_fs,off,0,3920,2.14
cdf_fs,off,0,3921,1.77
cdf_fs,off,0,3922,1.72
cdf_fs,off,0,3923,1.73
cdf_fs,off,0,3924,1.75
cdf_fs,off,0,3925,2.85
cdf_fs,off,0,3926,2.1
cdf_fs,off,0,3927,1.76
cdf_fs,off,0,3928,1.77
cdf_fs,off,0,3929,1.73
cdf_fs,off,0,3930,1.73
cdf_fs,off,0,3931,1.74
cdf_fs,off,0,3932,1.75
cdf_fs,off,0,3933,1.77
cdf_fs,off,0,3934,1.75
cdf_fs,off,0,3935,1.84
cdf_fs,off,0,3936,1.77
cdf_fs,off,0,3937,1.74
cdf_fs,off,0,3938,1.73
cdf_fs,off,0,3939,1.74
cdf_fs,off,0,3940,1.75
cdf_fs,off,0,3941,1.84
cdf_fs,off,0,3942,1.74
cdf_fs,off,0,3943,2.14
cdf_fs,off,0,3944,1.75
cdf_fs,off,0,3945,1.75
cdf_fs,off,0,3946,2.23
cdf_fs,off,0,3947,1.75
cdf_fs,off,0,3948,1.77
cdf_fs,off,0,3949,1.72
cdf_fs,off,0,3950,1.75
cdf_fs,off,0,3951,2.16
cdf_fs,off,0,3952,1.75
cdf_fs,off,0,3953,1.71
cdf_fs,off,0,3954,2.17
cdf_fs,off,0,3955,2.24
cdf_fs,off,0,3956,1.75
cdf_fs,off,0,3957,1.75
cdf_fs,off,0,3958,1.75
cdf_fs,off,0,3959,1.74
cdf_fs,off,0,3960,2.15
cdf_fs,off,0,3961,1.73
cdf_fs,off,0,3962,1.75
cdf_fs,off,0,3963,1.8
cdf_fs,off,0,3964,1.75
cdf_fs,off,0,3965,2.18
cdf_fs,off,0,3966,1.78
cdf_fs,off,0,3967,1.73
cdf_fs,off,0,3968,2.06
cdf_fs,off,0,3969,1.75
cdf_fs,off,0,3970,1.84
cdf_fs,off,0,3971,2.07
cdf_fs,off,0,3972,1.96
cdf_fs,off,0,3973,2.0
cdf_fs,off,0,3974,1.9
cdf_fs,off,0,3975,1.73
cdf_fs,off,0,3976,1.71
cdf_fs,off,0,3977,1.73
cdf_fs,off,0,3978,1.73
cdf_fs,off,0,3979,1.73
cdf_fs,off,0,3980,1.76
cdf_fs,off,0,3981,2.14
cdf_fs,off,0,3982,1.73
cdf_fs,off,0,3983,1.91
cdf_fs,off,0,3984,1.76
cdf_fs,off,0,3985,2.12
cdf_fs,off,0,3986,2.13
cdf_fs,off,0,3987,1.78
cdf_fs,off,0,3988,2.18
cdf_fs,off,0,3989,1.81
cdf_fs,off,0,3990,1.83
cdf_fs,off,0,3991,1.75
cdf_fs,off,0,3992,1.74
cdf_fs,off,0,3993,2.11
cdf_fs,off,0,3994,1.74
cdf_fs,off,0,3995,1.78
cdf_fs,off,0,3996,1.75
cdf_fs,off,0,3997,1.77
cdf_fs,off,0,3998,2.07
cdf_fs,off,0,3999,1.76
cdf_fs,off,0,4000,1.89
cdf_fs,off,0,4001,1.87
cdf_fs,off,0,4002,1.84
cdf_fs,off,0,4003,1.77
cdf_fs,off,0,4004,1.75
cdf_fs,off,0,4005,1.79
cdf_fs,off,0,4006,1.75
cdf_fs,off,0,4007,1.75
cdf_fs,off,0,4008,2.09
cdf_fs,off,0,4009,1.75
cdf_fs,off,0,4010,2.07
cdf_fs,off,0,4011,1.8
cdf_fs,off,0,4012,1.81
cdf_fs,off,0,4013,2.13
cdf_fs,off,0,4014,1.74
cdf_fs,off,0,4015,1.76
cdf_fs,off,0,4016,1.78
cdf_fs,off,0,4017,1.73
cdf_fs,off,0,4018,2.14
cdf_fs,off,0,4019,1.74
cdf_fs,off,0,4020,1.74
cdf_fs,off,0,4021,1.87
cdf_fs,off,0,4022,1.74
cdf_fs,off,0,4023,1.7
cdf_fs,off,0,4024,1.71
cdf_fs,off,0,4025,2.07
cdf_fs,off,0,4026,2.21
cdf_fs,off,0,4027,1.74
cdf_fs,off,0,4028,1.75
cdf_fs,off,0,4029,1.74
cdf_fs,off,0,4030,2.07
cdf_fs,off,0,4031,1.77
cdf_fs,off,0,4032,1.8
cdf_fs,off,0,4033,1.77
cdf_fs,off,0,4034,1.74
cdf_fs,off,0,4035,2.08
cdf_fs,off,0,4036,1.73
cdf_fs,off,0,4037,1.75
cdf_fs,off,0,4038,1.78
cdf_fs,off,0,4039,1.71
cdf_fs,off,0,4040,2.05
cdf_fs,off,0,4041,1.75
cdf_fs,off,0,4042,2.05
cdf_fs,off,0,4043,2.05
cdf_fs,off,0,4044,1.76
cdf_fs,off,0,4045,1.74
cdf_fs,off,0,4046,1.74
cdf_fs,off,0,4047,1.71
cdf_fs,off,0,4048,1.74
cdf_fs,off,0,4049,1.75
cdf_fs,off,0,4050,2.09
cdf_fs,off,0,4051,1.77
cdf_fs,off,0,4052,2.14
cdf_fs,off,0,4053,1.77
cdf_fs,off,0,4054,1.9
cdf_fs,off,0,4055,2.26
cdf_fs,off,0,4056,1.84
cdf_fs,off,0,4057,2.15
cdf_fs,off,0,4058,1.73
cdf_fs,off,0,4059,1.74
cdf_fs,off,0,4060,1.87
cdf_fs,off,0,4061,2.05
cdf_fs,off,0,4062,1.91
cdf_fs,off,0,4063,1.72
cdf_fs,off,0,4064,1.75
cdf_fs,off,0,4065,2.13
cdf_fs,off,0,4066,1.79
cdf_fs,off,0,4067,1.74
cdf_fs,off,0,4068,2.34
cdf_fs,off,0,4069,1.78
cdf_fs,off,0,4070,1.83
cdf_fs,off,0,4071,1.73
cdf_fs,off,0,4072,1.72
cdf_fs,off,0,4073,2.23
cdf_fs,off,0,4074,1.87
cdf_fs,off,0,4075,1.73
cdf_fs,off,0,4076,1.75
cdf_fs,off,0,4077,2.09
cdf_fs,off,0,4078,1.74
cdf_fs,off,0,4079,1.92
cdf_fs,off,0,4080,1.84
cdf_fs,off,0,4081,1.74
cdf_fs,off,0,4082,1.73
cdf_fs,off,0,4083,1.75
cdf_fs,off,0,4084,1.72
cdf_fs,off,0,4085,1.79
cdf_fs,off,0,4086,1.73
cdf_fs,off,0,4087,1.79
cdf_fs,off,0,4088,1.71
cdf_fs,off,0,4089,2.24
cdf_fs,off,0,4090,1.98
cdf_fs,off,0,4091,1.73
cdf_fs,off,0,4092,1.73
cdf_fs,off,0,4093,1.7
cdf_fs,off,0,4094,1.89
cdf_fs,off,0,4095,2.2
cdf_fs,off,0,4096,1.83
cdf_fs,off,0,4097,2.36
cdf_fs,off,0,4098,1.74
cdf_fs,off,0,4099,2.2
cdf_fs,off,0,4100,1.77
cdf_fs,off,0,4101,2.06
cdf_fs,off,0,4102,1.78
cdf_fs,off,0,4103,1.95
cdf_fs,off,0,4104,1.73
cdf_fs,off,0,4105,1.77
cdf_fs,off,0,4106,1.8
cdf_fs,off,0,4107,1.82
cdf_fs,off,0,4108,2.23
cdf_fs,off,0,4109,1.73
cdf_fs,off,0,4110,1.77
cdf_fs,off,0,4111,1.85
cdf_fs,off,0,4112,1.76
cdf_fs,off,0,4113,1.74
cdf_fs,off,0,4114,1.73
cdf_fs,off,0,4115,2.17
cdf_fs,off,0,4116,1.75
cdf_fs,off,0,4117,1.73
cdf_fs,off,0,4118,1.74
cdf_fs,off,0,4119,1.729
cdf_fs,off,0,4120,1.709
cdf_fs,off,0,4121,1.731
cdf_fs,off,0,4122,1.82
cdf_fs,off,0,4123,2.089
cdf_fs,off,0,4124,1.751
cdf_fs,off,0,4125,1.749
cdf_fs,off,0,4126,1.749
cdf_fs,off,0,4127,1.74
cdf_fs,off,0,4128,1.771
cdf_fs,off,0,4129,1.8
cdf_fs,off,0,4130,1.731
cdf_fs,off,0,4131,2.129
cdf_fs,off,0,4132,1.78
cdf_fs,off,0,4133,1.811
cdf_fs,off,0,4134,1.94
cdf_fs,off,0,4135,1.769
cdf_fs,off,0,4136,1.731
cdf_fs,off,0,4137,1.76
cdf_fs,off,0,4138,1.72
cdf_fs,off,0,4139,1.72
cdf_fs,off,0,4140,1.74
cdf_fs,off,0,4141,1.72
cdf_fs,off,0,4142,2.071
cdf_fs,off,0,4143,2.04
cdf_fs,off,0,4144,1.749
cdf_fs,off,0,4145,2.24
cdf_fs,off,0,4146,1.729
cdf_fs,off,0,4147,1.76
cdf_fs,off,0,4148,1.74
cdf_fs,off,0,4149,1.72
cdf_fs,off,0,4150,2.24
cdf_fs,off,0,4151,1.789
cdf_fs,off,0,4152,1.74
cdf_fs,off,0,4153,1.8
cdf_fs,off,0,4154,1.9
cdf_fs,off,0,4155,1.971
cdf_fs,off,0,4156,1.729
cdf_fs,off,0,4157,1.72
cdf_fs,off,0,4158,1.72
cdf_fs,off,0,4159,2.14
cdf_fs,off,0,4160,1.74
cdf_fs,off,0,4161,2.1
cdf_fs,off,0,4162,1.771
cdf_fs,off,0,4163,1.76
cdf_fs,off,0,4164,1.72
cdf_fs,off,0,4165,1.751
cdf_fs,off,0,4166,1.751
cdf_fs,off,0,4167,1.729
cdf_fs,off,0,4168,1.729
cdf_fs,off,0,4169,2.051
cdf_fs,off,0,4170,1.8
cdf_fs,off,0,4171,1.751
cdf_fs,off,0,4172,1.769
cdf_fs,off,0,4173,1.74
cdf_fs,off,0,4174,1.7
cdf_fs,off,0,4175,1.709
cdf_fs,off,0,4176,1.88
cdf_fs,off,0,4177,1.74
cdf_fs,off,0,4178,1.731
cdf_fs,off,0,4179,1.731
cdf_fs,off,0,4180,2.08
cdf_fs,off,0,4181,1.8
cdf_fs,off,0,4182,1.731
cdf_fs,off,0,4183,1.76
cdf_fs,off,0,4184,1.74
cdf_fs,off,0,4185,2.08
cdf_fs,off,0,4186,1.731
cdf_fs,off,0,4187,2.329
cdf_fs,off,0,4188,1.78
cdf_fs,off,0,4189,2.109
cdf_fs,off,0,4190,1.76
cdf_fs,off,0,4191,6.949
cdf_fs,off,0,4192,1.849
cdf_fs,off,0,4193,1.8
cdf_fs,off,0,4194,1.82
cdf_fs,off,0,4195,1.76
cdf_fs,off,0,4196,1.791
cdf_fs,off,0,4197,1.771
cdf_fs,off,0,4198,1.78
cdf_fs,off,0,4199,1.76
cdf_fs,off,0,4200,2.3
cdf_fs,off,0,4201,2.149
cdf_fs,off,0,4202,1.84
cdf_fs,off,0,4203,1.749
cdf_fs,off,0,4204,1.749
cdf_fs,off,0,4205,1.74
cdf_fs,off,0,4206,1.76
cdf_fs,off,0,4207,2.129
cdf_fs,off,0,4208,1.76
cdf_fs,off,0,4209,1.729
cdf_fs,off,0,4210,1.72
cdf_fs,off,0,4211,1.731
cdf_fs,off,0,4212,1.74
cdf_fs,off,0,4213,2.169
cdf_fs,off,0,4214,1.74
cdf_fs,off,0,4215,1.789
cdf_fs,off,0,4216,1.749
cdf_fs,off,0,4217,2.16
cdf_fs,off,0,4218,1.769
cdf_fs,off,0,4219,2.26
cdf_fs,off,0,4220,2.06
cdf_fs,off,0,4221,1.851
cdf_fs,off,0,4222,1.751
cdf_fs,off,0,4223,1.74
cdf_fs,off,0,4224,1.749
cdf_fs,off,0,4225,1.751
cdf_fs,off,0,4226,1.891
cdf_fs,off,0,4227,1.809
cdf_fs,off,0,4228,1.769
cdf_fs,off,0,4229,2.249
cdf_fs,off,0,4230,1.74
cdf_fs,off,0,4231,1.751
cdf_fs,off,0,4232,1.751
cdf_fs,off,0,4233,1.74
cdf_fs,off,0,4234,1.74
cdf_fs,off,0,4235,1.751
cdf_fs,off,0,4236,1.74
cdf_fs,off,0,4237,1.729
cdf_fs,off,0,4238,1.749
cdf_fs,off,0,4239,1.9
cdf_fs,off,0,4240,1.8
cdf_fs,off,0,4241,1.76
cdf_fs,off,0,4242,1.78
cdf_fs,off,0,4243,1.829
cdf_fs,off,0,4244,1.94
cdf_fs,off,0,4245,1.749
cdf_fs,off,0,4246,1.74
cdf_fs,off,0,4247,1.749
cdf_fs,off,0,4248,2.16
cdf_fs,off,0,4249,1.729
cdf_fs,off,0,4250,1.769
cdf_fs,off,0,4251,1.749
cdf_fs,off,0,4252,2.08
cdf_fs,off,0,4253,1.8
cdf_fs,off,0,4254,1.76
cdf_fs,off,0,4255,1.749
cdf_fs,off,0,4256,2.189
cdf_fs,off,0,4257,2.22
cdf_fs,off,0,4258,1.729
cdf_fs,off,0,4259,1.749
cdf_fs,off,0,4260,2.051
cdf_fs,off,0,4261,1.791
cdf_fs,off,0,4262,1.74
cdf_fs,off,0,4263,1.76
cdf_fs,off,0,4264,2.1
cdf_fs,off,0,4265,2.089
cdf_fs,off,0,4266,1.751
cdf_fs,off,0,4267,1.76
cdf_fs,off,0,4268,1.74
cdf_fs,off,0,4269,1.74
cdf_fs,off,0,4270,1.709
cdf_fs,off,0,4271,2.14
cdf_fs,off,0,4272,2.18
cdf_fs,off,0,4273,2.12
cdf_fs,off,0,4274,1.811
cdf_fs,off,0,4275,2.091
cdf_fs,off,0,4276,1.74
cdf_fs,off,0,4277,1.789
cdf_fs,off,0,4278,1.72
cdf_fs,off,0,4279,1.74
cdf_fs,off,0,4280,1.9
cdf_fs,off,0,4281,1.751
cdf_fs,off,0,4282,2.14
cdf_fs,off,0,4283,2.289
cdf_fs,off,0,4284,1.74
cdf_fs,off,0,4285,2.149
cdf_fs,off,0,4286,1.771
cdf_fs,off,0,4287,1.729
cdf_fs,off,0,4288,1.86
cdf_fs,off,0,4289,1.78
cdf_fs,off,0,4290,1.74
cdf_fs,off,0,4291,1.711
cdf_fs,off,0,4292,1.729
cdf_fs,off,0,4293,1.72
cdf_fs,off,0,4294,1.88
cdf_fs,off,0,4295,1.889
cdf_fs,off,0,4296,1.76
cdf_fs,off,0,4297,1.74
cdf_fs,off,0,4298,1.74
cdf_fs,off,0,4299,1.76
cdf_fs,off,0,4300,1.731
cdf_fs,off,0,4301,1.74
cdf_fs,off,0,4302,1.731
cdf_fs,off,0,4303,1.74
cdf_fs,off,0,4304,1.729
cdf_fs,off,0,4305,1.791
cdf_fs,off,0,4306,1.749
cdf_fs,off,0,4307,2.129
cdf_fs,off,0,4308,2.06
cdf_fs,off,0,4309,1.74
cdf_fs,off,0,4310,2.06
cdf_fs,off,0,4311,2.04
cdf_fs,off,0,4312,2.08
cdf_fs,off,0,4313,1.751
cdf_fs,off,0,4314,2.08
cdf_fs,off,0,4315,2.049
cdf_fs,off,0,4316,1.731
cdf_fs,off,0,4317,1.969
cdf_fs,off,0,4318,1.729
cdf_fs,off,0,4319,1.851
cdf_fs,off,0,4320,1.751
cdf_fs,off,0,4321,2.24
cdf_fs,off,0,4322,1.771
cdf_fs,off,0,4323,1.76
cdf_fs,off,0,4324,1.74
cdf_fs,off,0,4325,1.811
cdf_fs,off,0,4326,1.771
cdf_fs,off,0,4327,1.769
cdf_fs,off,0,4328,1.751
cdf_fs,off,0,4329,1.76
cdf_fs,off,0,4330,1.769
cdf_fs,off,0,4331,1.76
cdf_fs,off,0,4332,1.711
cdf_fs,off,0,4333,2.069
cdf_fs,off,0,4334,1.74
cdf_fs,off,0,4335,1.8
cdf_fs,off,0,4336,1.78
cdf_fs,off,0,4337,1.78
cdf_fs,off,0,4338,2.269
cdf_fs,off,0,4339,1.74
cdf_fs,off,0,4340,2.309
cdf_fs,off,0,4341,1.76
cdf_fs,off,0,4342,1.751
cdf_fs,off,0,4343,1.751
cdf_fs,off,0,4344,1.78
cdf_fs,off,0,4345,2.229
cdf_fs,off,0,4346,1.74
cdf_fs,off,0,4347,1.74
cdf_fs,off,0,4348,1.74
cdf_fs,off,0,4349,1.78
cdf_fs,off,0,4350,1.729
cdf_fs,off,0,4351,1.729
cdf_fs,off,0,4352,1.74
cdf_fs,off,0,4353,1.709
cdf_fs,off,0,4354,1.72
cdf_fs,off,0,4355,2.18
cdf_fs,off,0,4356,1.82
cdf_fs,off,0,4357,1.771
cdf_fs,off,0,4358,1.82
cdf_fs,off,0,4359,1.8
cdf_fs,off,0,4360,1.769
cdf_fs,off,0,4361,1.749
cdf_fs,off,0,4362,1.831
cdf_fs,off,0,4363,1.711
cdf_fs,off,0,4364,1.709
cdf_fs,off,0,4365,1.72
cdf_fs,off,0,4366,2.409
cdf_fs,off,0,4367,1.96
cdf_fs,off,0,4368,1.851
cdf_fs,off,0,4369,1.809
cdf_fs,off,0,4370,2.291
cdf_fs,off,0,4371,1.78
cdf_fs,off,0,4372,1.8
cdf_fs,off,0,4373,1.751
cdf_fs,off,0,4374,1.76
cdf_fs,off,0,4375,1.791
cdf_fs,off,0,4376,2.331
cdf_fs,off,0,4377,1.831
cdf_fs,off,0,4378,2.111
cdf_fs,off,0,4379,1.76
cdf_fs,off,0,4380,1.76
cdf_fs,off,0,4381,2.251
cdf_fs,off,0,4382,1.769
cdf_fs,off,0,4383,2.28
cdf_fs,off,0,4384,2.08
cdf_fs,off,0,4385,1.8
cdf_fs,off,0,4386,1.72
cdf_fs,off,0,4387,1.74
cdf_fs,off,0,4388,1.74
cdf_fs,off,0,4389,2.08
cdf_fs,off,0,4390,1.8
cdf_fs,off,0,4391,1.8
cdf_fs,off,0,4392,1.74
cdf_fs,off,0,4393,1.749
cdf_fs,off,0,4394,1.81
cdf_fs,off,0,4395,1.74
cdf_fs,off,0,4396,2.25
cdf_fs,off,0,4397,1.74
cdf_fs,off,0,4398,2.25
cdf_fs,off,0,4399,2.17
cdf_fs,off,0,4400,1.89
cdf_fs,off,0,4401,1.82
cdf_fs,off,0,4402,1.72
cdf_fs,off,0,4403,1.74
cdf_fs,off,0,4404,1.76
cdf_fs,off,0,4405,1.74
cdf_fs,off,0,4406,1.9
cdf_fs,off,0,4407,1.72
cdf_fs,off,0,4408,1.81
cdf_fs,off,0,4409,2.22
cdf_fs,off,0,4410,1.74
cdf_fs,off,0,4411,1.74
cdf_fs,off,0,4412,2.23
cdf_fs,off,0,4413,2.13
cdf_fs,off,0,4414,2.13
cdf_fs,off,0,4415,1.81
cdf_fs,off,0,4416,1.9
cdf_fs,off,0,4417,1.75
cdf_fs,off,0,4418,1.74
cdf_fs,off,0,4419,1.82
cdf_fs,off,0,4420,1.93
cdf_fs,off,0,4421,1.74
cdf_fs,off,0,4422,1.78
cdf_fs,off,0,4423,2.19
cdf_fs,off,0,4424,1.83
cdf_fs,off,0,4425,1.8
cdf_fs,off,0,4426,1.76
cdf_fs,off,0,4427,2.07
cdf_fs,off,0,4428,1.77
cdf_fs,off,0,4429,1.78
cdf_fs,off,0,4430,2.23
cdf_fs,off,0,4431,2.2
cdf_fs,off,0,4432,1.77
cdf_fs,off,0,4433,1.75
cdf_fs,off,0,4434,2.29
cdf_fs,off,0,4435,2.05
cdf_fs,off,0,4436,2.25
cdf_fs,off,0,4437,1.75
cdf_fs,off,0,4438,2.06
cdf_fs,off,0,4439,1.75
cdf_fs,off,0,4440,1.72
cdf_fs,off,0,4441,1.73
cdf_fs,off,0,4442,1.74
cdf_fs,off,0,4443,1.72
cdf_fs,off,0,4444,2.16
cdf_fs,off,0,4445,1.75
cdf_fs,off,0,4446,1.76
cdf_fs,off,0,4447,1.74
cdf_fs,off,0,4448,1.97
cdf_fs,off,0,4449,1.74
cdf_fs,off,0,4450,1.84
cdf_fs,off,0,4451,2.04
cdf_fs,off,0,4452,1.84
cdf_fs,off,0,4453,1.74
cdf_fs,off,0,4454,1.87
cdf_fs,off,0,4455,2.08
cdf_fs,off,0,4456,1.82
cdf_fs,off,0,4457,2.32
cdf_fs,off,0,4458,1.81
cdf_fs,off,0,4459,1.74
cdf_fs,off,0,4460,1.74
cdf_fs,off,0,4461,2.1
cdf_fs,off,0,4462,1.76
cdf_fs,off,0,4463,1.76
cdf_fs,off,0,4464,1.78
cdf_fs,off,0,4465,1.73
cdf_fs,off,0,4466,1.8
cdf_fs,off,0,4467,1.72
cdf_fs,off,0,4468,1.72
cdf_fs,off,0,4469,1.73
cdf_fs,off,0,4470,2.25
cdf_fs,off,0,4471,1.74
cdf_fs,off,0,4472,1.74
cdf_fs,off,0,4473,1.84
cdf_fs,off,0,4474,1.75
cdf_fs,off,0,4475,1.72
cdf_fs,off,0,4476,1.72
cdf_fs,off,0,4477,1.8
cdf_fs,off,0,4478,1.76
cdf_fs,off,0,4479,1.73
cdf_fs,off,0,4480,1.73
cdf_fs,off,0,4481,2.08
cdf_fs,off,0,4482,1.8
cdf_fs,off,0,4483,1.85
cdf_fs,off,0,4484,1.78
cdf_fs,off,0,4485,1.85
cdf_fs,off,0,4486,1.74
cdf_fs,off,0,4487,1.78
cdf_fs,off,0,4488,2.1
cdf_fs,off,0,4489,1.73
cdf_fs,off,0,4490,1.73
cdf_fs,off,0,4491,1.74
cdf_fs,off,0,4492,1.8
cdf_fs,off,0,4493,1.94
cdf_fs,off,0,4494,1.95
cdf_fs,off,0,4495,1.85
cdf_fs,off,0,4496,1.73
cdf_fs,off,0,4497,1.74
cdf_fs,off,0,4498,1.78
cdf_fs,off,0,4499,2.09
cdf_fs,off,0,4500,1.74
cdf_fs,off,0,4501,1.82
cdf_fs,off,0,4502,1.85
cdf_fs,off,0,4503,1.74
cdf_fs,off,0,4504,1.74
cdf_fs,off,0,4505,1.75
cdf_fs,off,0,4506,1.74
cdf_fs,off,0,4507,2.14
cdf_fs,off,0,4508,1.77
cdf_fs,off,0,4509,1.8
cdf_fs,off,0,4510,1.75
cdf_fs,off,0,4511,1.73
cdf_fs,off,0,4512,1.72
cdf_fs,off,0,4513,1.76
cdf_fs,off,0,4514,1.74
cdf_fs,off,0,4515,1.73
cdf_fs,off,0,4516,1.8
cdf_fs,off,0,4517,1.76
cdf_fs,off,0,4518,2.18
cdf_fs,off,0,4519,2.03
cdf_fs,off,0,4520,1.75
cdf_fs,off,0,4521,1.73
cdf_fs,off,0,4522,1.74
cdf_fs,off,0,4523,1.75
cdf_fs,off,0,4524,1.71
cdf_fs,off,0,4525,1.74
cdf_fs,off,0,4526,1.74
cdf_fs,off,0,4527,1.8
cdf_fs,off,0,4528,1.73
cdf_fs,off,0,4529,2.26
cdf_fs,off,0,4530,1.74
cdf_fs,off,0,4531,1.74
cdf_fs,off,0,4532,2.31
cdf_fs,off,0,4533,1.74
cdf_fs,off,0,4534,1.76
cdf_fs,off,0,4535,1.74
cdf_fs,off,0,4536,1.73
cdf_fs,off,0,4537,2.08
cdf_fs,off,0,4538,1.77
cdf_fs,off,0,4539,2.25
cdf_fs,off,0,4540,2.26
cdf_fs,off,0,4541,1.77
cdf_fs,off,0,4542,1.74
cdf_fs,off,0,4543,1.72
cdf_fs,off,0,4544,2.41
cdf_fs,off,0,4545,1.78
cdf_fs,off,0,4546,1.74
cdf_fs,off,0,4547,1.73
cdf_fs,off,0,4548,1.72
cdf_fs,off,0,4549,1.75
cdf_fs,off,0,4550,2.14
cdf_fs,off,0,4551,1.77
cdf_fs,off,0,4552,1.72
cdf_fs,off,0,4553,1.73
cdf_fs,off,0,4554,1.72
cdf_fs,off,0,4555,1.75
cdf_fs,off,0,4556,2.21
cdf_fs,off,0,4557,1.73
cdf_fs,off,0,4558,1.73
cdf_fs,off,0,4559,2.11
cdf_fs,off,0,4560,1.77
cdf_fs,off,0,4561,1.72
cdf_fs,off,0,4562,1.73
cdf_fs,off,0,4563,1.87
cdf_fs,off,0,4564,1.74
cdf_fs,off,0,4565,2.08
cdf_fs,off,0,4566,1.74
cdf_fs,off,0,4567,1.73
cdf_fs,off,0,4568,1.73
cdf_fs,off,0,4569,1.71
cdf_fs,off,0,4570,1.73
cdf_fs,off,0,4571,1.71
cdf_fs,off,0,4572,1.73
cdf_fs,off,0,4573,1.82
cdf_fs,off,0,4574,1.73
cdf_fs,off,0,4575,1.76
cdf_fs,off,0,4576,1.74
cdf_fs,off,0,4577,1.78
cdf_fs,off,0,4578,1.73
cdf_fs,off,0,4579,1.74
cdf_fs,off,0,4580,1.74
cdf_fs,off,0,4581,1.77
cdf_fs,off,0,4582,1.74
cdf_fs,off,0,4583,1.74
cdf_fs,off,0,4584,1.73
cdf_fs,off,0,4585,1.72
cdf_fs,off,0,4586,1.72
cdf_fs,off,0,4587,1.75
cdf_fs,off,0,4588,1.75
cdf_fs,off,0,4589,1.72
cdf_fs,off,0,4590,1.75
cdf_fs,off,0,4591,1.78
cdf_fs,off,0,4592,1.78
cdf_fs,off,0,4593,1.74
cdf_fs,off,0,4594,2.1
cdf_fs,off,0,4595,2.12
cdf_fs,off,0,4596,1.77
cdf_fs,off,0,4597,1.77
cdf_fs,off,0,4598,1.78
cdf_fs,off,0,4599,2.21
cdf_fs,off,0,4600,1.89
cdf_fs,off,0,4601,1.74
cdf_fs,off,0,4602,1.77
cdf_fs,off,0,4603,2.13
cdf_fs,off,0,4604,1.78
cdf_fs,off,0,4605,1.75
cdf_fs,off,0,4606,1.77
cdf_fs,off,0,4607,1.78
cdf_fs,off,0,4608,2.3
cdf_fs,off,0,4609,2.03
cdf_fs,off,0,4610,1.8
cdf_fs,off,0,4611,1.75
cdf_fs,off,0,4612,1.81
cdf_fs,off,0,4613,1.73
cdf_fs,off,0,4614,1.84
cdf_fs,off,0,4615,2.1
cdf_fs,off,0,4616,2.11
cdf_fs,off,0,4617,1.74
cdf_fs,off,0,4618,2.18
cdf_fs,off,0,4619,2.06
cdf_fs,off,0,4620,1.76
cdf_fs,off,0,4621,2.27
cdf_fs,off,0,4622,1.79
cdf_fs,off,0,4623,2.16
cdf_fs,off,0,4624,1.86
cdf_fs,off,0,4625,1.75
cdf_fs,off,0,4626,1.8
cdf_fs,off,0,4627,1.72
cdf_fs,off,0,4628,1.75
cdf_fs,off,0,4629,1.81
cdf_fs,off,0,4630,1.79
cdf_fs,off,0,4631,1.75
cdf_fs,off,0,4632,1.75
cdf_fs,off,0,4633,1.75
cdf_fs,off,0,4634,1.75
cdf_fs,off,0,4635,1.73
cdf_fs,off,0,4636,1.75
cdf_fs,off,0,4637,2.18
cdf_fs,off,0,4638,1.75
cdf_fs,off,0,4639,1.83
cdf_fs,off,0,4640,2.2
cdf_fs,off,0,4641,1.73
cdf_fs,off,0,4642,1.78
cdf_fs,off,0,4643,1.75
cdf_fs,off,0,4644,1.81
cdf_fs,off,0,4645,1.86
cdf_fs,off,0,4646,1.75
cdf_fs,off,0,4647,1.75
cdf_fs,off,0,4648,2.1
cdf_fs,off,0,4649,1.78
cdf_fs,off,0,4650,1.76
cdf_fs,off,0,4651,1.74
cdf_fs,off,0,4652,1.78
cdf_fs,off,0,4653,1.74
cdf_fs,off,0,4654,1.72
cdf_fs,off,0,4655,1.75
cdf_fs,off,0,4656,1.78
cdf_fs,off,0,4657,1.72
cdf_fs,off,0,4658,1.85
cdf_fs,off,0,4659,1.73
cdf_fs,off,0,4660,1.76
cdf_fs,off,0,4661,1.74
cdf_fs,off,0,4662,1.78
cdf_fs,off,0,4663,1.74
cdf_fs,off,0,4664,1.81
cdf_fs,off,0,4665,1.73
cdf_fs,off,0,4666,1.74
cdf_fs,off,0,4667,1.74
cdf_fs,off,0,4668,1.74
cdf_fs,off,0,4669,1.77
cdf_fs,off,0,4670,1.73
cdf_fs,off,0,4671,1.73
cdf_fs,off,0,4672,1.73
cdf_fs,off,0,4673,1.73
cdf_fs,off,0,4674,1.73
cdf_fs,off,0,4675,1.73
cdf_fs,off,0,4676,1.79
cdf_fs,off,0,4677,1.73
cdf_fs,off,0,4678,1.73
cdf_fs,off,0,4679,1.75
cdf_fs,off,0,4680,1.73
cdf_fs,off,0,4681,1.72
cdf_fs,off,0,4682,1.7
cdf_fs,off,0,4683,1.8
cdf_fs,off,0,4684,1.81
cdf_fs,off,0,4685,1.74
cdf_fs,off,0,4686,1.83
cdf_fs,off,0,4687,1.72
cdf_fs,off,0,4688,2.1
cdf_fs,off,0,4689,2.07
cdf_fs,off,0,4690,5.66
cdf_fs,off,0,4691,3.03
cdf_fs,off,0,4692,1.8
cdf_fs,off,0,4693,1.82
cdf_fs,off,0,4694,1.78
cdf_fs,off,0,4695,1.86
cdf_fs,off,0,4696,2.13
cdf_fs,off,0,4697,2.08
cdf_fs,off,0,4698,2.06
cdf_fs,off,0,4699,1.78
cdf_fs,off,0,4700,1.75
cdf_fs,off,0,4701,1.76
cdf_fs,off,0,4702,2.23
cdf_fs,off,0,4703,1.78
cdf_fs,off,0,4704,1.86
cdf_fs,off,0,4705,1.77
cdf_fs,off,0,4706,1.75
cdf_fs,off,0,4707,2.08
cdf_fs,off,0,4708,1.85
cdf_fs,off,0,4709,1.74
cdf_fs,off,0,4710,1.81
cdf_fs,off,0,4711,1.76
cdf_fs,off,0,4712,2.35
cdf_fs,off,0,4713,1.89
cdf_fs,off,0,4714,1.83
cdf_fs,off,0,4715,1.81
cdf_fs,off,0,4716,1.81
cdf_fs,off,0,4717,1.78
cdf_fs,off,0,4718,2.33
cdf_fs,off,0,4719,1.76
cdf_fs,off,0,4720,1.99
cdf_fs,off,0,4721,1.85
cdf_fs,off,0,4722,1.96
cdf_fs,off,0,4723,1.82
cdf_fs,off,0,4724,2.12
cdf_fs,off,0,4725,1.74
cdf_fs,off,0,4726,1.77
cdf_fs,off,0,4727,1.73
cdf_fs,off,0,4728,1.76
cdf_fs,off,0,4729,2.06
cdf_fs,off,0,4730,1.81
cdf_fs,off,0,4731,1.74
cdf_fs,off,0,4732,1.75
cdf_fs,off,0,4733,2.11
cdf_fs,off,0,4734,1.82
cdf_fs,off,0,4735,1.77
cdf_fs,off,0,4736,1.73
cdf_fs,off,0,4737,1.73
cdf_fs,off,0,4738,1.74
cdf_fs,off,0,4739,1.77
cdf_fs,off,0,4740,2.07
cdf_fs,off,0,4741,1.77
cdf_fs,off,0,4742,1.77
cdf_fs,off,0,4743,1.74
cdf_fs,off,0,4744,2.13
cdf_fs,off,0,4745,1.8
cdf_fs,off,0,4746,1.83
cdf_fs,off,0,4747,2.33
cdf_fs,off,0,4748,2.24
cdf_fs,off,0,4749,1.93
cdf_fs,off,0,4750,2.28
cdf_fs,off,0,4751,2.15
cdf_fs,off,0,4752,1.88
cdf_fs,off,0,4753,2.11
cdf_fs,off,0,4754,1.78
cdf_fs,off,0,4755,1.84
cdf_fs,off,0,4756,1.77
cdf_fs,off,0,4757,1.79
cdf_fs,off,0,4758,2.23
cdf_fs,off,0,4759,1.75
cdf_fs,off,0,4760,1.79
cdf_fs,off,0,4761,1.75
cdf_fs,off,0,4762,2.1
cdf_fs,off,0,4763,1.75
cdf_fs,off,0,4764,2.36
cdf_fs,off,0,4765,1.78
cdf_fs,off,0,4766,1.83
cdf_fs,off,0,4767,1.76
cdf_fs,off,0,4768,1.78
cdf_fs,off,0,4769,1.79
cdf_fs,off,0,4770,1.78
cdf_fs,off,0,4771,1.74
cdf_fs,off,0,4772,1.78
cdf_fs,off,0,4773,2.23
cdf_fs,off,0,4774,1.8
cdf_fs,off,0,4775,1.8
cdf_fs,off,0,4776,1.81
cdf_fs,off,0,4777,1.75
cdf_fs,off,0,4778,1.77
cdf_fs,off,0,4779,1.96
cdf_fs,off,0,4780,1.73
cdf_fs,off,0,4781,1.73
cdf_fs,off,0,4782,2.16
cdf_fs,off,0,4783,1.85
cdf_fs,off,0,4784,1.75
cdf_fs,off,0,4785,1.78
cdf_fs,off,0,4786,1.76
cdf_fs,off,0,4787,1.76
cdf_fs,off,0,4788,2.15
cdf_fs,off,0,4789,1.75
cdf_fs,off,0,4790,1.73
cdf_fs,off,0,4791,1.82
cdf_fs,off,0,4792,1.74
cdf_fs,off,0,4793,1.75
cdf_fs,off,0,4794,1.73
cdf_fs,off,0,4795,1.75
cdf_fs,off,0,4796,1.74
cdf_fs,off,0,4797,1.8
cdf_fs,off,0,4798,1.76
cdf_fs,off,0,4799,1.77
cdf_fs,off,0,4800,2.09
cdf_fs,off,0,4801,2.07
cdf_fs,off,0,4802,1.78
cdf_fs,off,0,4803,1.78
cdf_fs,off,0,4804,2.15
cdf_fs,off,0,4805,1.86
cdf_fs,off,0,4806,2.17
cdf_fs,off,0,4807,1.77
cdf_fs,off,0,4808,1.75
cdf_fs,off,0,4809,1.76
cdf_fs,off,0,4810,1.73
cdf_fs,off,0,4811,1.74
cdf_fs,off,0,4812,1.75
cdf_fs,off,0,4813,1.74
cdf_fs,off,0,4814,1.74
cdf_fs,off,0,4815,1.74
cdf_fs,off,0,4816,1.74
cdf_fs,off,0,4817,1.71
cdf_fs,off,0,4818,1.73
cdf_fs,off,0,4819,1.77
cdf_fs,off,0,4820,1.75
cdf_fs,off,0,4821,1.78
cdf_fs,off,0,4822,2.07
cdf_fs,off,0,4823,1.78
cdf_fs,off,0,4824,1.76
cdf_fs,off,0,4825,2.1
cdf_fs,off,0,4826,1.76
cdf_fs,off,0,4827,1.76
cdf_fs,off,0,4828,1.8
cdf_fs,off,0,4829,1.82
cdf_fs,off,0,4830,1.73
cdf_fs,off,0,4831,1.75
cdf_fs,off,0,4832,1.73
cdf_fs,off,0,4833,1.75
cdf_fs,off,0,4834,2.06
cdf_fs,off,0,4835,1.78
cdf_fs,off,0,4836,1.74
cdf_fs,off,0,4837,1.73
cdf_fs,off,0,4838,2.11
cdf_fs,off,0,4839,1.76
cdf_fs,off,0,4840,1.78
cdf_fs,off,0,4841,1.77
cdf_fs,off,0,4842,1.77
cdf_fs,off,0,4843,1.76
cdf_fs,off,0,4844,2.06
cdf_fs,off,0,4845,1.75
cdf_fs,off,0,4846,1.77
cdf_fs,off,0,4847,1.75
cdf_fs,off,0,4848,1.72
cdf_fs,off,0,4849,1.74
cdf_fs,off,0,4850,1.75
cdf_fs,off,0,4851,1.82
cdf_fs,off,0,4852,2.13
cdf_fs,off,0,4853,1.86
cdf_fs,off,0,4854,1.76
cdf_fs,off,0,4855,1.75
cdf_fs,off,0,4856,1.74
cdf_fs,off,0,4857,2.21
cdf_fs,off,0,4858,2.28
cdf_fs,off,0,4859,1.79
cdf_fs,off,0,4860,2.23
cdf_fs,off,0,4861,1.77
cdf_fs,off,0,4862,1.76
cdf_fs,off,0,4863,1.79
cdf_fs,off,0,4864,2.21
cdf_fs,off,0,4865,1.79
cdf_fs,off,0,4866,1.77
cdf_fs,off,0,4867,1.78
cdf_fs,off,0,4868,2.08
cdf_fs,off,0,4869,1.79
cdf_fs,off,0,4870,1.75
cdf_fs,off,0,4871,2.13
cdf_fs,off,0,4872,1.83
cdf_fs,off,0,4873,2.1
cdf_fs,off,0,4874,1.78
cdf_fs,off,0,4875,1.72
cdf_fs,off,0,4876,1.77
cdf_fs,off,0,4877,1.94
cdf_fs,off,0,4878,1.83
cdf_fs,off,0,4879,1.78
cdf_fs,off,0,4880,1.74
cdf_fs,off,0,4881,1.76
cdf_fs,off,0,4882,1.8
cdf_fs,off,0,4883,1.75
cdf_fs,off,0,4884,1.78
cdf_fs,off,0,4885,1.75
cdf_fs,off,0,4886,1.76
cdf_fs,off,0,4887,1.76
cdf_fs,off,0,4888,1.75
cdf_fs,off,0,4889,1.75
cdf_fs,off,0,4890,1.73
cdf_fs,off,0,4891,1.81
cdf_fs,off,0,4892,1.73
cdf_fs,off,0,4893,1.74
cdf_fs,off,0,4894,2.25
cdf_fs,off,0,4895,1.78
cdf_fs,off,0,4896,1.75
cdf_fs,off,0,4897,2.69
cdf_fs,off,0,4898,1.86
cdf_fs,off,0,4899,1.85
cdf_fs,off,0,4900,2.27
cdf_fs,off,0,4901,2.19
cdf_fs,off,0,4902,1.83
cdf_fs,off,0,4903,1.76
cdf_fs,off,0,4904,1.76
cdf_fs,off,0,4905,1.76
cdf_fs,off,0,4906,1.76
cdf_fs,off,0,4907,1.74
cdf_fs,off,0,4908,1.76
cdf_fs,off,0,4909,1.73
cdf_fs,off,0,4910,1.77
cdf_fs,off,0,4911,1.74
cdf_fs,off,0,4912,2.06
cdf_fs,off,0,4913,2.08
cdf_fs,off,0,4914,1.75
cdf_fs,off,0,4915,1.76
cdf_fs,off,0,4916,1.83
cdf_fs,off,0,4917,2.14
cdf_fs,off,0,4918,1.77
cdf_fs,off,0,4919,1.82
cdf_fs,off,0,4920,1.74
cdf_fs,off,0,4921,1.96
cdf_fs,off,0,4922,1.76
cdf_fs,off,0,4923,2.1
cdf_fs,off,0,4924,1.74
cdf_fs,off,0,4925,1.79
cdf_fs,off,0,4926,2.06
cdf_fs,off,0,4927,1.75
cdf_fs,off,0,4928,1.77
cdf_fs,off,0,4929,1.8
cdf_fs,off,0,4930,1.77
cdf_fs,off,0,4931,1.73
cdf_fs,off,0,4932,1.71
cdf_fs,off,0,4933,1.75
cdf_fs,off,0,4934,1.72
cdf_fs,off,0,4935,1.76
cdf_fs,off,0,4936,1.74
cdf_fs,off,0,4937,1.83
cdf_fs,off,0,4938,1.72
cdf_fs,off,0,4939,1.74
cdf_fs,off,0,4940,1.75
cdf_fs,off,0,4941,1.75
cdf_fs,off,0,4942,1.73
cdf_fs,off,0,4943,1.73
cdf_fs,off,0,4944,1.94
cdf_fs,off,0,4945,1.84
cdf_fs,off,0,4946,1.77
cdf_fs,off,0,4947,1.74
cdf_fs,off,0,4948,1.79
cdf_fs,off,0,4949,1.76
cdf_fs,off,0,4950,2.09
cdf_fs,off,0,4951,1.77
cdf_fs,off,0,4952,1.75
cdf_fs,off,0,4953,1.75
cdf_fs,off,0,4954,1.76
cdf_fs,off,0,4955,1.76
cdf_fs,off,0,4956,1.73
cdf_fs,off,0,4957,1.75
cdf_fs,off,0,4958,1.75
cdf_fs,off,0,4959,1.73
cdf_fs,off,0,4960,1.74
cdf_fs,off,0,4961,1.8
cdf_fs,off,0,4962,1.73
cdf_fs,off,0,4963,1.78
cdf_fs,off,0,4964,1.73
cdf_fs,off,0,4965,1.76
cdf_fs,off,0,4966,2.12
cdf_fs,off,0,4967,1.77
cdf_fs,off,0,4968,1.74
cdf_fs,off,0,4969,1.75
cdf_fs,off,0,4970,2.33
cdf_fs,off,0,4971,1.8
cdf_fs,off,0,4972,1.83
cdf_fs,off,0,4973,1.81
cdf_fs,off,0,4974,1.78
cdf_fs,off,0,4975,1.74
cdf_fs,off,0,4976,1.76
cdf_fs,off,0,4977,1.73
cdf_fs,off,0,4978,1.79
cdf_fs,off,0,4979,1.74
cdf_fs,off,0,4980,2.24
cdf_fs,off,0,4981,1.8
cdf_fs,off,0,4982,1.75
cdf_fs,off,0,4983,1.77
cdf_fs,off,0,4984,1.76
cdf_fs,off,0,4985,1.73
cdf_fs,off,0,4986,1.78
cdf_fs,off,0,4987,1.74
cdf_fs,off,0,4988,1.74
cdf_fs,off,0,4989,2.2
cdf_fs,off,0,4990,1.76
cdf_fs,off,0,4991,1.76
cdf_fs,off,0,4992,1.81
cdf_fs,off,0,4993,1.85
cdf_fs,off,0,4994,1.75
cdf_fs,off,0,4995,1.72
cdf_fs,off,0,4996,1.78
cdf_fs,off,0,4997,1.74
cdf_fs,off,0,4998,1.73
cdf_fs,off,0,4999,1.78
cdf_fs,ebpf,0,0,5.96
cdf_fs,ebpf,0,1,5.49
cdf_fs,ebpf,0,2,5.17
cdf_fs,ebpf,0,3,5.47
cdf_fs,ebpf,0,4,5.08
cdf_fs,ebpf,0,5,5.51
cdf_fs,ebpf,0,6,5.13
cdf_fs,ebpf,0,7,5.28
cdf_fs,ebpf,0,8,5.07
cdf_fs,ebpf,0,9,5.69
cdf_fs,ebpf,0,10,5.05
cdf_fs,ebpf,0,11,5.36
cdf_fs,ebpf,0,12,5.28
cdf_fs,ebpf,0,13,5.37
cdf_fs,ebpf,0,14,4.09
cdf_fs,ebpf,0,15,5.42
cdf_fs,ebpf,0,16,5.07
cdf_fs,ebpf,0,17,5.48
cdf_fs,ebpf,0,18,5.15
cdf_fs,ebpf,0,19,5.37
cdf_fs,ebpf,0,20,5.1
cdf_fs,ebpf,0,21,5.47
cdf_fs,ebpf,0,22,5.04
cdf_fs,ebpf,0,23,5.45
cdf_fs,ebpf,0,24,5.15
cdf_fs,ebpf,0,25,5.51
cdf_fs,ebpf,0,26,4.0
cdf_fs,ebpf,0,27,5.53
cdf_fs,ebpf,0,28,3.55
cdf_fs,ebpf,0,29,5.29
cdf_fs,ebpf,0,30,4.19
cdf_fs,ebpf,0,31,5.25
cdf_fs,ebpf,0,32,5.4
cdf_fs,ebpf,0,33,5.37
cdf_fs,ebpf,0,34,4.04
cdf_fs,ebpf,0,35,5.44
cdf_fs,ebpf,0,36,4.1
cdf_fs,ebpf,0,37,5.52
cdf_fs,ebpf,0,38,4.04
cdf_fs,ebpf,0,39,5.48
cdf_fs,ebpf,0,40,5.03
cdf_fs,ebpf,0,41,5.33
cdf_fs,ebpf,0,42,5.2
cdf_fs,ebpf,0,43,5.37
cdf_fs,ebpf,0,44,5.13
cdf_fs,ebpf,0,45,5.43
cdf_fs,ebpf,0,46,5.14
cdf_fs,ebpf,0,47,5.24
cdf_fs,ebpf,0,48,5.29
cdf_fs,ebpf,0,49,5.39
cdf_fs,ebpf,0,50,4.12
cdf_fs,ebpf,0,51,5.31
cdf_fs,ebpf,0,52,3.49
cdf_fs,ebpf,0,53,5.46
cdf_fs,ebpf,0,54,4.98
cdf_fs,ebpf,0,55,5.4
cdf_fs,ebpf,0,56,4.2
cdf_fs,ebpf,0,57,5.99
cdf_fs,ebpf,0,58,5.16
cdf_fs,ebpf,0,59,5.36
cdf_fs,ebpf,0,60,4.12
cdf_fs,ebpf,0,61,5.36
cdf_fs,ebpf,0,62,5.04
cdf_fs,ebpf,0,63,5.31
cdf_fs,ebpf,0,64,4.97
cdf_fs,ebpf,0,65,5.55
cdf_fs,ebpf,0,66,5.04
cdf_fs,ebpf,0,67,5.45
cdf_fs,ebpf,0,68,5.09
cdf_fs,ebpf,0,69,5.41
cdf_fs,ebpf,0,70,3.51
cdf_fs,ebpf,0,71,5.39
cdf_fs,ebpf,0,72,5.23
cdf_fs,ebpf,0,73,5.29
cdf_fs,ebpf,0,74,4.13
cdf_fs,ebpf,0,75,5.19
cdf_fs,ebpf,0,76,5.15
cdf_fs,ebpf,0,77,5.33
cdf_fs,ebpf,0,78,3.96
cdf_fs,ebpf,0,79,5.23
cdf_fs,ebpf,0,80,5.23
cdf_fs,ebpf,0,81,5.51
cdf_fs,ebpf,0,82,4.99
cdf_fs,ebpf,0,83,5.55
cdf_fs,ebpf,0,84,4.93
cdf_fs,ebpf,0,85,5.34
cdf_fs,ebpf,0,86,4.04
cdf_fs,ebpf,0,87,5.46
cdf_fs,ebpf,0,88,5.3
cdf_fs,ebpf,0,89,5.31
cdf_fs,ebpf,0,90,4.94
cdf_fs,ebpf,0,91,5.21
cdf_fs,ebpf,0,92,4.98
cdf_fs,ebpf,0,93,5.41
cdf_fs,ebpf,0,94,8.86
cdf_fs,ebpf,0,95,6.64
cdf_fs,ebpf,0,96,4.07
cdf_fs,ebpf,0,97,5.48
cdf_fs,ebpf,0,98,4.24
cdf_fs,ebpf,0,99,5.34
cdf_fs,ebpf,0,100,5.18
cdf_fs,ebpf,0,101,5.5
cdf_fs,ebpf,0,102,4.05
cdf_fs,ebpf,0,103,5.49
cdf_fs,ebpf,0,104,5.93
cdf_fs,ebpf,0,105,5.55
cdf_fs,ebpf,0,106,3.54
cdf_fs,ebpf,0,107,5.62
cdf_fs,ebpf,0,108,4.42
cdf_fs,ebpf,0,109,5.4
cdf_fs,ebpf,0,110,5.2
cdf_fs,ebpf,0,111,5.44
cdf_fs,ebpf,0,112,4.94
cdf_fs,ebpf,0,113,5.37
cdf_fs,ebpf,0,114,5.19
cdf_fs,ebpf,0,115,4.88
cdf_fs,ebpf,0,116,3.89
cdf_fs,ebpf,0,117,5.31
cdf_fs,ebpf,0,118,5.13
cdf_fs,ebpf,0,119,5.3
cdf_fs,ebpf,0,120,3.54
cdf_fs,ebpf,0,121,5.43
cdf_fs,ebpf,0,122,5.06
cdf_fs,ebpf,0,123,5.73
cdf_fs,ebpf,0,124,5.1
cdf_fs,ebpf,0,125,5.45
cdf_fs,ebpf,0,126,5.19
cdf_fs,ebpf,0,127,5.35
cdf_fs,ebpf,0,128,5.05
cdf_fs,ebpf,0,129,5.68
cdf_fs,ebpf,0,130,5.23
cdf_fs,ebpf,0,131,5.21
cdf_fs,ebpf,0,132,5.05
cdf_fs,ebpf,0,133,5.33
cdf_fs,ebpf,0,134,4.08
cdf_fs,ebpf,0,135,5.33
cdf_fs,ebpf,0,136,5.04
cdf_fs,ebpf,0,137,5.45
cdf_fs,ebpf,0,138,5.08
cdf_fs,ebpf,0,139,5.6
cdf_fs,ebpf,0,140,5.13
cdf_fs,ebpf,0,141,5.42
cdf_fs,ebpf,0,142,5.26
cdf_fs,ebpf,0,143,4.97
cdf_fs,ebpf,0,144,5.19
cdf_fs,ebpf,0,145,5.51
cdf_fs,ebpf,0,146,5.03
cdf_fs,ebpf,0,147,5.36
cdf_fs,ebpf,0,148,5.23
cdf_fs,ebpf,0,149,5.42
cdf_fs,ebpf,0,150,4.93
cdf_fs,ebpf,0,151,5.36
cdf_fs,ebpf,0,152,4.03
cdf_fs,ebpf,0,153,5.16
cdf_fs,ebpf,0,154,4.98
cdf_fs,ebpf,0,155,4.92
cdf_fs,ebpf,0,156,4.03
cdf_fs,ebpf,0,157,5.5
cdf_fs,ebpf,0,158,3.91
cdf_fs,ebpf,0,159,5.0
cdf_fs,ebpf,0,160,3.61
cdf_fs,ebpf,0,161,5.23
cdf_fs,ebpf,0,162,5.17
cdf_fs,ebpf,0,163,6.07
cdf_fs,ebpf,0,164,5.1
cdf_fs,ebpf,0,165,5.34
cdf_fs,ebpf,0,166,5.08
cdf_fs,ebpf,0,167,5.44
cdf_fs,ebpf,0,168,5.25
cdf_fs,ebpf,0,169,5.32
cdf_fs,ebpf,0,170,5.29
cdf_fs,ebpf,0,171,4.83
cdf_fs,ebpf,0,172,4.98
cdf_fs,ebpf,0,173,5.5
cdf_fs,ebpf,0,174,4.95
cdf_fs,ebpf,0,175,5.38
cdf_fs,ebpf,0,176,3.64
cdf_fs,ebpf,0,177,5.33
cdf_fs,ebpf,0,178,5.14
cdf_fs,ebpf,0,179,5.49
cdf_fs,ebpf,0,180,3.53
cdf_fs,ebpf,0,181,5.42
cdf_fs,ebpf,0,182,5.1
cdf_fs,ebpf,0,183,5.38
cdf_fs,ebpf,0,184,5.11
cdf_fs,ebpf,0,185,5.36
cdf_fs,ebpf,0,186,5.18
cdf_fs,ebpf,0,187,4.81
cdf_fs,ebpf,0,188,4.56
cdf_fs,ebpf,0,189,5.29
cdf_fs,ebpf,0,190,4.02
cdf_fs,ebpf,0,191,5.47
cdf_fs,ebpf,0,192,5.17
cdf_fs,ebpf,0,193,4.77
cdf_fs,ebpf,0,194,4.98
cdf_fs,ebpf,0,195,5.29
cdf_fs,ebpf,0,196,5.15
cdf_fs,ebpf,0,197,5.47
cdf_fs,ebpf,0,198,4.01
cdf_fs,ebpf,0,199,5.26
cdf_fs,ebpf,0,200,4.99
cdf_fs,ebpf,0,201,5.3
cdf_fs,ebpf,0,202,4.12
cdf_fs,ebpf,0,203,5.36
cdf_fs,ebpf,0,204,5.31
cdf_fs,ebpf,0,205,4.9
cdf_fs,ebpf,0,206,4.13
cdf_fs,ebpf,0,207,5.22
cdf_fs,ebpf,0,208,5.18
cdf_fs,ebpf,0,209,5.49
cdf_fs,ebpf,0,210,5.16
cdf_fs,ebpf,0,211,5.35
cdf_fs,ebpf,0,212,5.18
cdf_fs,ebpf,0,213,5.31
cdf_fs,ebpf,0,214,5.01
cdf_fs,ebpf,0,215,5.51
cdf_fs,ebpf,0,216,3.56
cdf_fs,ebpf,0,217,4.79
cdf_fs,ebpf,0,218,5.05
cdf_fs,ebpf,0,219,5.4
cdf_fs,ebpf,0,220,5.03
cdf_fs,ebpf,0,221,5.9
cdf_fs,ebpf,0,222,4.17
cdf_fs,ebpf,0,223,5.36
cdf_fs,ebpf,0,224,5.09
cdf_fs,ebpf,0,225,5.51
cdf_fs,ebpf,0,226,4.06
cdf_fs,ebpf,0,227,5.33
cdf_fs,ebpf,0,228,5.23
cdf_fs,ebpf,0,229,5.5
cdf_fs,ebpf,0,230,5.01
cdf_fs,ebpf,0,231,4.77
cdf_fs,ebpf,0,232,4.17
cdf_fs,ebpf,0,233,5.24
cdf_fs,ebpf,0,234,5.01
cdf_fs,ebpf,0,235,5.34
cdf_fs,ebpf,0,236,5.11
cdf_fs,ebpf,0,237,5.54
cdf_fs,ebpf,0,238,4.92
cdf_fs,ebpf,0,239,5.3
cdf_fs,ebpf,0,240,5.06
cdf_fs,ebpf,0,241,5.31
cdf_fs,ebpf,0,242,4.96
cdf_fs,ebpf,0,243,5.48
cdf_fs,ebpf,0,244,5.07
cdf_fs,ebpf,0,245,5.52
cdf_fs,ebpf,0,246,5.2
cdf_fs,ebpf,0,247,5.33
cdf_fs,ebpf,0,248,5.2
cdf_fs,ebpf,0,249,5.31
cdf_fs,ebpf,0,250,4.27
cdf_fs,ebpf,0,251,5.43
cdf_fs,ebpf,0,252,5.48
cdf_fs,ebpf,0,253,5.47
cdf_fs,ebpf,0,254,3.93
cdf_fs,ebpf,0,255,5.55
cdf_fs,ebpf,0,256,5.24
cdf_fs,ebpf,0,257,5.25
cdf_fs,ebpf,0,258,5.16
cdf_fs,ebpf,0,259,5.36
cdf_fs,ebpf,0,260,3.77
cdf_fs,ebpf,0,261,5.36
cdf_fs,ebpf,0,262,5.09
cdf_fs,ebpf,0,263,5.51
cdf_fs,ebpf,0,264,5.2
cdf_fs,ebpf,0,265,5.44
cdf_fs,ebpf,0,266,5.32
cdf_fs,ebpf,0,267,5.27
cdf_fs,ebpf,0,268,3.52
cdf_fs,ebpf,0,269,5.31
cdf_fs,ebpf,0,270,4.1
cdf_fs,ebpf,0,271,5.47
cdf_fs,ebpf,0,272,5.17
cdf_fs,ebpf,0,273,5.35
cdf_fs,ebpf,0,274,5.62
cdf_fs,ebpf,0,275,4.89
cdf_fs,ebpf,0,276,5.1
cdf_fs,ebpf,0,277,5.48
cdf_fs,ebpf,0,278,5.26
cdf_fs,ebpf,0,279,4.94
cdf_fs,ebpf,0,280,5.15
cdf_fs,ebpf,0,281,5.4
cdf_fs,ebpf,0,282,5.13
cdf_fs,ebpf,0,283,5.33
cdf_fs,ebpf,0,284,3.69
cdf_fs,ebpf,0,285,5.6
cdf_fs,ebpf,0,286,10.21
cdf_fs,ebpf,0,287,5.75
cdf_fs,ebpf,0,288,5.6
cdf_fs,ebpf,0,289,5.99
cdf_fs,ebpf,0,290,5.24
cdf_fs,ebpf,0,291,5.12
cdf_fs,ebpf,0,292,5.22
cdf_fs,ebpf,0,293,5.06
cdf_fs,ebpf,0,294,5.4
cdf_fs,ebpf,0,295,4.16
cdf_fs,ebpf,0,296,5.42
cdf_fs,ebpf,0,297,5.16
cdf_fs,ebpf,0,298,5.33
cdf_fs,ebpf,0,299,5.12
cdf_fs,ebpf,0,300,5.39
cdf_fs,ebpf,0,301,4.97
cdf_fs,ebpf,0,302,5.33
cdf_fs,ebpf,0,303,3.85
cdf_fs,ebpf,0,304,5.46
cdf_fs,ebpf,0,305,3.57
cdf_fs,ebpf,0,306,5.37
cdf_fs,ebpf,0,307,5.04
cdf_fs,ebpf,0,308,5.5
cdf_fs,ebpf,0,309,5.17
cdf_fs,ebpf,0,310,5.3
cdf_fs,ebpf,0,311,4.66
cdf_fs,ebpf,0,312,5.28
cdf_fs,ebpf,0,313,5.06
cdf_fs,ebpf,0,314,5.35
cdf_fs,ebpf,0,315,5.07
cdf_fs,ebpf,0,316,4.88
cdf_fs,ebpf,0,317,3.5
cdf_fs,ebpf,0,318,5.41
cdf_fs,ebpf,0,319,4.29
cdf_fs,ebpf,0,320,5.38
cdf_fs,ebpf,0,321,5.23
cdf_fs,ebpf,0,322,5.3
cdf_fs,ebpf,0,323,3.58
cdf_fs,ebpf,0,324,5.25
cdf_fs,ebpf,0,325,5.07
cdf_fs,ebpf,0,326,4.99
cdf_fs,ebpf,0,327,4.0
cdf_fs,ebpf,0,328,5.53
cdf_fs,ebpf,0,329,3.59
cdf_fs,ebpf,0,330,5.28
cdf_fs,ebpf,0,331,3.67
cdf_fs,ebpf,0,332,5.36
cdf_fs,ebpf,0,333,5.11
cdf_fs,ebpf,0,334,5.45
cdf_fs,ebpf,0,335,3.81
cdf_fs,ebpf,0,336,5.29
cdf_fs,ebpf,0,337,4.97
cdf_fs,ebpf,0,338,5.34
cdf_fs,ebpf,0,339,5.13
cdf_fs,ebpf,0,340,5.26
cdf_fs,ebpf,0,341,5.03
cdf_fs,ebpf,0,342,5.45
cdf_fs,ebpf,0,343,5.05
cdf_fs,ebpf,0,344,5.25
cdf_fs,ebpf,0,345,5.04
cdf_fs,ebpf,0,346,5.32
cdf_fs,ebpf,0,347,3.6
cdf_fs,ebpf,0,348,4.77
cdf_fs,ebpf,0,349,4.69
cdf_fs,ebpf,0,350,4.9
cdf_fs,ebpf,0,351,4.21
cdf_fs,ebpf,0,352,4.82
cdf_fs,ebpf,0,353,5.19
cdf_fs,ebpf,0,354,5.36
cdf_fs,ebpf,0,355,5.1
cdf_fs,ebpf,0,356,5.41
cdf_fs,ebpf,0,357,3.63
cdf_fs,ebpf,0,358,5.33
cdf_fs,ebpf,0,359,5.06
cdf_fs,ebpf,0,360,5.52
cdf_fs,ebpf,0,361,5.16
cdf_fs,ebpf,0,362,5.27
cdf_fs,ebpf,0,363,5.1
cdf_fs,ebpf,0,364,5.4
cdf_fs,ebpf,0,365,5.12
cdf_fs,ebpf,0,366,5.32
cdf_fs,ebpf,0,367,4.02
cdf_fs,ebpf,0,368,5.35
cdf_fs,ebpf,0,369,5.03
cdf_fs,ebpf,0,370,5.31
cdf_fs,ebpf,0,371,5.16
cdf_fs,ebpf,0,372,5.37
cdf_fs,ebpf,0,373,5.15
cdf_fs,ebpf,0,374,4.79
cdf_fs,ebpf,0,375,5.11
cdf_fs,ebpf,0,376,4.97
cdf_fs,ebpf,0,377,3.57
cdf_fs,ebpf,0,378,5.48
cdf_fs,ebpf,0,379,5.07
cdf_fs,ebpf,0,380,5.13
cdf_fs,ebpf,0,381,5.4
cdf_fs,ebpf,0,382,5.09
cdf_fs,ebpf,0,383,5.05
cdf_fs,ebpf,0,384,5.07
cdf_fs,ebpf,0,385,5.38
cdf_fs,ebpf,0,386,4.04
cdf_fs,ebpf,0,387,5.56
cdf_fs,ebpf,0,388,3.65
cdf_fs,ebpf,0,389,5.37
cdf_fs,ebpf,0,390,5.13
cdf_fs,ebpf,0,391,5.45
cdf_fs,ebpf,0,392,4.99
cdf_fs,ebpf,0,393,5.46
cdf_fs,ebpf,0,394,3.62
cdf_fs,ebpf,0,395,4.77
cdf_fs,ebpf,0,396,5.02
cdf_fs,ebpf,0,397,5.38
cdf_fs,ebpf,0,398,4.13
cdf_fs,ebpf,0,399,5.37
cdf_fs,ebpf,0,400,5.02
cdf_fs,ebpf,0,401,5.59
cdf_fs,ebpf,0,402,5.04
cdf_fs,ebpf,0,403,4.81
cdf_fs,ebpf,0,404,5.13
cdf_fs,ebpf,0,405,4.88
cdf_fs,ebpf,0,406,4.93
cdf_fs,ebpf,0,407,4.91
cdf_fs,ebpf,0,408,3.65
cdf_fs,ebpf,0,409,5.3
cdf_fs,ebpf,0,410,4.96
cdf_fs,ebpf,0,411,5.6
cdf_fs,ebpf,0,412,3.61
cdf_fs,ebpf,0,413,5.33
cdf_fs,ebpf,0,414,4.79
cdf_fs,ebpf,0,415,5.04
cdf_fs,ebpf,0,416,5.4
cdf_fs,ebpf,0,417,4.97
cdf_fs,ebpf,0,418,5.31
cdf_fs,ebpf,0,419,5.29
cdf_fs,ebpf,0,420,4.84
cdf_fs,ebpf,0,421,4.27
cdf_fs,ebpf,0,422,4.78
cdf_fs,ebpf,0,423,4.98
cdf_fs,ebpf,0,424,5.4
cdf_fs,ebpf,0,425,5.21
cdf_fs,ebpf,0,426,5.34
cdf_fs,ebpf,0,427,5.11
cdf_fs,ebpf,0,428,5.48
cdf_fs,ebpf,0,429,5.07
cdf_fs,ebpf,0,430,5.3
cdf_fs,ebpf,0,431,5.09
cdf_fs,ebpf,0,432,5.35
cdf_fs,ebpf,0,433,3.51
cdf_fs,ebpf,0,434,5.37
cdf_fs,ebpf,0,435,5.02
cdf_fs,ebpf,0,436,5.51
cdf_fs,ebpf,0,437,5.12
cdf_fs,ebpf,0,438,5.87
cdf_fs,ebpf,0,439,5.17
cdf_fs,ebpf,0,440,5.36
cdf_fs,ebpf,0,441,5.03
cdf_fs,ebpf,0,442,5.31
cdf_fs,ebpf,0,443,5.08
cdf_fs,ebpf,0,444,5.59
cdf_fs,ebpf,0,445,5.4
cdf_fs,ebpf,0,446,5.32
cdf_fs,ebpf,0,447,5.03
cdf_fs,ebpf,0,448,5.27
cdf_fs,ebpf,0,449,5.03
cdf_fs,ebpf,0,450,5.0
cdf_fs,ebpf,0,451,5.17
cdf_fs,ebpf,0,452,5.14
cdf_fs,ebpf,0,453,3.59
cdf_fs,ebpf,0,454,4.93
cdf_fs,ebpf,0,455,3.66
cdf_fs,ebpf,0,456,4.96
cdf_fs,ebpf,0,457,5.03
cdf_fs,ebpf,0,458,5.45
cdf_fs,ebpf,0,459,5.13
cdf_fs,ebpf,0,460,5.36
cdf_fs,ebpf,0,461,3.54
cdf_fs,ebpf,0,462,4.83
cdf_fs,ebpf,0,463,4.65
cdf_fs,ebpf,0,464,6.09
cdf_fs,ebpf,0,465,5.21
cdf_fs,ebpf,0,466,5.49
cdf_fs,ebpf,0,467,3.56
cdf_fs,ebpf,0,468,5.36
cdf_fs,ebpf,0,469,5.05
cdf_fs,ebpf,0,470,5.25
cdf_fs,ebpf,0,471,5.17
cdf_fs,ebpf,0,472,5.26
cdf_fs,ebpf,0,473,4.78
cdf_fs,ebpf,0,474,5.54
cdf_fs,ebpf,0,475,5.13
cdf_fs,ebpf,0,476,4.99
cdf_fs,ebpf,0,477,4.0
cdf_fs,ebpf,0,478,4.84
cdf_fs,ebpf,0,479,8.44
cdf_fs,ebpf,0,480,6.49
cdf_fs,ebpf,0,481,5.31
cdf_fs,ebpf,0,482,5.41
cdf_fs,ebpf,0,483,5.19
cdf_fs,ebpf,0,484,5.35
cdf_fs,ebpf,0,485,5.06
cdf_fs,ebpf,0,486,5.21
cdf_fs,ebpf,0,487,4.67
cdf_fs,ebpf,0,488,5.52
cdf_fs,ebpf,0,489,5.11
cdf_fs,ebpf,0,490,5.35
cdf_fs,ebpf,0,491,3.5
cdf_fs,ebpf,0,492,5.3
cdf_fs,ebpf,0,493,5.28
cdf_fs,ebpf,0,494,5.32
cdf_fs,ebpf,0,495,3.63
cdf_fs,ebpf,0,496,5.24
cdf_fs,ebpf,0,497,5.14
cdf_fs,ebpf,0,498,5.22
cdf_fs,ebpf,0,499,3.68
cdf_fs,ebpf,0,500,5.37
cdf_fs,ebpf,0,501,3.67
cdf_fs,ebpf,0,502,5.23
cdf_fs,ebpf,0,503,5.09
cdf_fs,ebpf,0,504,5.29
cdf_fs,ebpf,0,505,5.77
cdf_fs,ebpf,0,506,4.12
cdf_fs,ebpf,0,507,5.35
cdf_fs,ebpf,0,508,4.19
cdf_fs,ebpf,0,509,5.45
cdf_fs,ebpf,0,510,5.01
cdf_fs,ebpf,0,511,5.06
cdf_fs,ebpf,0,512,3.61
cdf_fs,ebpf,0,513,4.85
cdf_fs,ebpf,0,514,5.22
cdf_fs,ebpf,0,515,5.31
cdf_fs,ebpf,0,516,5.16
cdf_fs,ebpf,0,517,5.46
cdf_fs,ebpf,0,518,5.16
cdf_fs,ebpf,0,519,5.41
cdf_fs,ebpf,0,520,3.54
cdf_fs,ebpf,0,521,5.42
cdf_fs,ebpf,0,522,4.08
cdf_fs,ebpf,0,523,4.76
cdf_fs,ebpf,0,524,5.06
cdf_fs,ebpf,0,525,5.42
cdf_fs,ebpf,0,526,5.29
cdf_fs,ebpf,0,527,5.3
cdf_fs,ebpf,0,528,4.24
cdf_fs,ebpf,0,529,4.72
cdf_fs,ebpf,0,530,5.23
cdf_fs,ebpf,0,531,5.34
cdf_fs,ebpf,0,532,4.06
cdf_fs,ebpf,0,533,5.27
cdf_fs,ebpf,0,534,5.02
cdf_fs,ebpf,0,535,4.82
cdf_fs,ebpf,0,536,5.15
cdf_fs,ebpf,0,537,5.35
cdf_fs,ebpf,0,538,5.14
cdf_fs,ebpf,0,539,5.4
cdf_fs,ebpf,0,540,3.52
cdf_fs,ebpf,0,541,5.6
cdf_fs,ebpf,0,542,3.68
cdf_fs,ebpf,0,543,4.9
cdf_fs,ebpf,0,544,3.7
cdf_fs,ebpf,0,545,5.29
cdf_fs,ebpf,0,546,4.03
cdf_fs,ebpf,0,547,5.4
cdf_fs,ebpf,0,548,5.09
cdf_fs,ebpf,0,549,5.27
cdf_fs,ebpf,0,550,4.06
cdf_fs,ebpf,0,551,4.86
cdf_fs,ebpf,0,552,5.15
cdf_fs,ebpf,0,553,5.34
cdf_fs,ebpf,0,554,5.18
cdf_fs,ebpf,0,555,5.36
cdf_fs,ebpf,0,556,5.13
cdf_fs,ebpf,0,557,4.97
cdf_fs,ebpf,0,558,4.08
cdf_fs,ebpf,0,559,5.27
cdf_fs,ebpf,0,560,5.0
cdf_fs,ebpf,0,561,5.43
cdf_fs,ebpf,0,562,5.1
cdf_fs,ebpf,0,563,5.6
cdf_fs,ebpf,0,564,5.19
cdf_fs,ebpf,0,565,4.8
cdf_fs,ebpf,0,566,4.91
cdf_fs,ebpf,0,567,5.43
cdf_fs,ebpf,0,568,5.06
cdf_fs,ebpf,0,569,4.92
cdf_fs,ebpf,0,570,5.1
cdf_fs,ebpf,0,571,5.42
cdf_fs,ebpf,0,572,3.54
cdf_fs,ebpf,0,573,5.43
cdf_fs,ebpf,0,574,5.0
cdf_fs,ebpf,0,575,5.28
cdf_fs,ebpf,0,576,5.07
cdf_fs,ebpf,0,577,5.25
cdf_fs,ebpf,0,578,4.95
cdf_fs,ebpf,0,579,5.29
cdf_fs,ebpf,0,580,3.64
cdf_fs,ebpf,0,581,5.47
cdf_fs,ebpf,0,582,5.01
cdf_fs,ebpf,0,583,5.44
cdf_fs,ebpf,0,584,5.02
cdf_fs,ebpf,0,585,5.53
cdf_fs,ebpf,0,586,5.21
cdf_fs,ebpf,0,587,5.3
cdf_fs,ebpf,0,588,5.02
cdf_fs,ebpf,0,589,5.4
cdf_fs,ebpf,0,590,3.65
cdf_fs,ebpf,0,591,4.98
cdf_fs,ebpf,0,592,4.36
cdf_fs,ebpf,0,593,5.23
cdf_fs,ebpf,0,594,5.11
cdf_fs,ebpf,0,595,5.37
cdf_fs,ebpf,0,596,4.05
cdf_fs,ebpf,0,597,5.32
cdf_fs,ebpf,0,598,5.07
cdf_fs,ebpf,0,599,5.29
cdf_fs,ebpf,0,600,5.38
cdf_fs,ebpf,0,601,5.25
cdf_fs,ebpf,0,602,3.49
cdf_fs,ebpf,0,603,4.87
cdf_fs,ebpf,0,604,5.2
cdf_fs,ebpf,0,605,4.81
cdf_fs,ebpf,0,606,4.14
cdf_fs,ebpf,0,607,5.38
cdf_fs,ebpf,0,608,4.93
cdf_fs,ebpf,0,609,5.26
cdf_fs,ebpf,0,610,5.14
cdf_fs,ebpf,0,611,5.5
cdf_fs,ebpf,0,612,5.22
cdf_fs,ebpf,0,613,4.84
cdf_fs,ebpf,0,614,4.03
cdf_fs,ebpf,0,615,5.22
cdf_fs,ebpf,0,616,5.0
cdf_fs,ebpf,0,617,4.87
cdf_fs,ebpf,0,618,5.03
cdf_fs,ebpf,0,619,5.34
cdf_fs,ebpf,0,620,5.07
cdf_fs,ebpf,0,621,5.3
cdf_fs,ebpf,0,622,5.08
cdf_fs,ebpf,0,623,5.59
cdf_fs,ebpf,0,624,5.08
cdf_fs,ebpf,0,625,5.56
cdf_fs,ebpf,0,626,5.16
cdf_fs,ebpf,0,627,5.43
cdf_fs,ebpf,0,628,3.49
cdf_fs,ebpf,0,629,5.46
cdf_fs,ebpf,0,630,5.42
cdf_fs,ebpf,0,631,5.43
cdf_fs,ebpf,0,632,4.08
cdf_fs,ebpf,0,633,5.58
cdf_fs,ebpf,0,634,5.06
cdf_fs,ebpf,0,635,5.4
cdf_fs,ebpf,0,636,3.57
cdf_fs,ebpf,0,637,5.34
cdf_fs,ebpf,0,638,3.73
cdf_fs,ebpf,0,639,5.42
cdf_fs,ebpf,0,640,5.09
cdf_fs,ebpf,0,641,4.97
cdf_fs,ebpf,0,642,3.83
cdf_fs,ebpf,0,643,4.89
cdf_fs,ebpf,0,644,4.66
cdf_fs,ebpf,0,645,4.92
cdf_fs,ebpf,0,646,4.12
cdf_fs,ebpf,0,647,4.88
cdf_fs,ebpf,0,648,5.13
cdf_fs,ebpf,0,649,4.82
cdf_fs,ebpf,0,650,3.65
cdf_fs,ebpf,0,651,4.78
cdf_fs,ebpf,0,652,4.97
cdf_fs,ebpf,0,653,5.51
cdf_fs,ebpf,0,654,5.02
cdf_fs,ebpf,0,655,4.82
cdf_fs,ebpf,0,656,5.08
cdf_fs,ebpf,0,657,4.74
cdf_fs,ebpf,0,658,4.91
cdf_fs,ebpf,0,659,5.46
cdf_fs,ebpf,0,660,4.18
cdf_fs,ebpf,0,661,5.27
cdf_fs,ebpf,0,662,4.11
cdf_fs,ebpf,0,663,5.47
cdf_fs,ebpf,0,664,5.01
cdf_fs,ebpf,0,665,5.33
cdf_fs,ebpf,0,666,3.69
cdf_fs,ebpf,0,667,5.02
cdf_fs,ebpf,0,668,4.09
cdf_fs,ebpf,0,669,5.23
cdf_fs,ebpf,0,670,5.07
cdf_fs,ebpf,0,671,5.38
cdf_fs,ebpf,0,672,5.29
cdf_fs,ebpf,0,673,5.79
cdf_fs,ebpf,0,674,3.58
cdf_fs,ebpf,0,675,10.27
cdf_fs,ebpf,0,676,5.19
cdf_fs,ebpf,0,677,4.88
cdf_fs,ebpf,0,678,5.11
cdf_fs,ebpf,0,679,5.77
cdf_fs,ebpf,0,680,5.07
cdf_fs,ebpf,0,681,5.54
cdf_fs,ebpf,0,682,3.68
cdf_fs,ebpf,0,683,5.16
cdf_fs,ebpf,0,684,5.14
cdf_fs,ebpf,0,685,5.47
cdf_fs,ebpf,0,686,5.08
cdf_fs,ebpf,0,687,5.26
cdf_fs,ebpf,0,688,5.16
cdf_fs,ebpf,0,689,5.32
cdf_fs,ebpf,0,690,3.71
cdf_fs,ebpf,0,691,4.91
cdf_fs,ebpf,0,692,4.14
cdf_fs,ebpf,0,693,5.59
cdf_fs,ebpf,0,694,3.67
cdf_fs,ebpf,0,695,5.0
cdf_fs,ebpf,0,696,5.08
cdf_fs,ebpf,0,697,5.39
cdf_fs,ebpf,0,698,4.95
cdf_fs,ebpf,0,699,4.8
cdf_fs,ebpf,0,700,3.49
cdf_fs,ebpf,0,701,5.38
cdf_fs,ebpf,0,702,3.61
cdf_fs,ebpf,0,703,5.24
cdf_fs,ebpf,0,704,4.1
cdf_fs,ebpf,0,705,5.38
cdf_fs,ebpf,0,706,3.5
cdf_fs,ebpf,0,707,4.92
cdf_fs,ebpf,0,708,3.63
cdf_fs,ebpf,0,709,4.86
cdf_fs,ebpf,0,710,4.94
cdf_fs,ebpf,0,711,4.84
cdf_fs,ebpf,0,712,5.18
cdf_fs,ebpf,0,713,5.52
cdf_fs,ebpf,0,714,3.52
cdf_fs,ebpf,0,715,5.34
cdf_fs,ebpf,0,716,5.08
cdf_fs,ebpf,0,717,5.46
cdf_fs,ebpf,0,718,5.05
cdf_fs,ebpf,0,719,5.32
cdf_fs,ebpf,0,720,3.61
cdf_fs,ebpf,0,721,5.43
cdf_fs,ebpf,0,722,5.08
cdf_fs,ebpf,0,723,5.36
cdf_fs,ebpf,0,724,5.03
cdf_fs,ebpf,0,725,4.82
cdf_fs,ebpf,0,726,5.05
cdf_fs,ebpf,0,727,5.46
cdf_fs,ebpf,0,728,5.14
cdf_fs,ebpf,0,729,5.44
cdf_fs,ebpf,0,730,5.04
cdf_fs,ebpf,0,731,5.52
cdf_fs,ebpf,0,732,3.631
cdf_fs,ebpf,0,733,4.9
cdf_fs,ebpf,0,734,4.989
cdf_fs,ebpf,0,735,5.471
cdf_fs,ebpf,0,736,3.729
cdf_fs,ebpf,0,737,5.391
cdf_fs,ebpf,0,738,3.5
cdf_fs,ebpf,0,739,4.82
cdf_fs,ebpf,0,740,5.12
cdf_fs,ebpf,0,741,5.56
cdf_fs,ebpf,0,742,3.5
cdf_fs,ebpf,0,743,4.76
cdf_fs,ebpf,0,744,5.24
cdf_fs,ebpf,0,745,5.42
cdf_fs,ebpf,0,746,3.64
cdf_fs,ebpf,0,747,5.331
cdf_fs,ebpf,0,748,3.749
cdf_fs,ebpf,0,749,4.951
cdf_fs,ebpf,0,750,3.469
cdf_fs,ebpf,0,751,5.411
cdf_fs,ebpf,0,752,5.22
cdf_fs,ebpf,0,753,4.84
cdf_fs,ebpf,0,754,5.151
cdf_fs,ebpf,0,755,6.009
cdf_fs,ebpf,0,756,5.06
cdf_fs,ebpf,0,757,4.911
cdf_fs,ebpf,0,758,3.551
cdf_fs,ebpf,0,759,5.52
cdf_fs,ebpf,0,760,5.051
cdf_fs,ebpf,0,761,4.92
cdf_fs,ebpf,0,762,3.609
cdf_fs,ebpf,0,763,5.3
cdf_fs,ebpf,0,764,5.049
cdf_fs,ebpf,0,765,5.331
cdf_fs,ebpf,0,766,3.529
cdf_fs,ebpf,0,767,5.309
cdf_fs,ebpf,0,768,3.769
cdf_fs,ebpf,0,769,5.609
cdf_fs,ebpf,0,770,3.6
cdf_fs,ebpf,0,771,5.04
cdf_fs,ebpf,0,772,5.211
cdf_fs,ebpf,0,773,5.349
cdf_fs,ebpf,0,774,5.04
cdf_fs,ebpf,0,775,5.371
cdf_fs,ebpf,0,776,4.991
cdf_fs,ebpf,0,777,4.949
cdf_fs,ebpf,0,778,4.08
cdf_fs,ebpf,0,779,5.32
cdf_fs,ebpf,0,780,4.98
cdf_fs,ebpf,0,781,4.76
cdf_fs,ebpf,0,782,5.109
cdf_fs,ebpf,0,783,5.589
cdf_fs,ebpf,0,784,5.069
cdf_fs,ebpf,0,785,5.38
cdf_fs,ebpf,0,786,5.051
cdf_fs,ebpf,0,787,4.8
cdf_fs,ebpf,0,788,5.2
cdf_fs,ebpf,0,789,5.44
cdf_fs,ebpf,0,790,5.131
cdf_fs,ebpf,0,791,4.991
cdf_fs,ebpf,0,792,3.56
cdf_fs,ebpf,0,793,5.36
cdf_fs,ebpf,0,794,3.5
cdf_fs,ebpf,0,795,5.449
cdf_fs,ebpf,0,796,5.16
cdf_fs,ebpf,0,797,5.429
cdf_fs,ebpf,0,798,3.56
cdf_fs,ebpf,0,799,5.329
cdf_fs,ebpf,0,800,4.169
cdf_fs,ebpf,0,801,6.32
cdf_fs,ebpf,0,802,5.031
cdf_fs,ebpf,0,803,5.529
cdf_fs,ebpf,0,804,4.94
cdf_fs,ebpf,0,805,4.8
cdf_fs,ebpf,0,806,3.549
cdf_fs,ebpf,0,807,5.289
cdf_fs,ebpf,0,808,3.611
cdf_fs,ebpf,0,809,5.34
cdf_fs,ebpf,0,810,3.651
cdf_fs,ebpf,0,811,5.36
cdf_fs,ebpf,0,812,5.16
cdf_fs,ebpf,0,813,5.28
cdf_fs,ebpf,0,814,3.62
cdf_fs,ebpf,0,815,4.911
cdf_fs,ebpf,0,816,4.02
cdf_fs,ebpf,0,817,5.5
cdf_fs,ebpf,0,818,5.0
cdf_fs,ebpf,0,819,5.411
cdf_fs,ebpf,0,820,3.64
cdf_fs,ebpf,0,821,5.849
cdf_fs,ebpf,0,822,5.02
cdf_fs,ebpf,0,823,4.829
cdf_fs,ebpf,0,824,5.1
cdf_fs,ebpf,0,825,4.751
cdf_fs,ebpf,0,826,5.0
cdf_fs,ebpf,0,827,4.94
cdf_fs,ebpf,0,828,4.889
cdf_fs,ebpf,0,829,4.831
cdf_fs,ebpf,0,830,3.56
cdf_fs,ebpf,0,831,5.44
cdf_fs,ebpf,0,832,4.2
cdf_fs,ebpf,0,833,5.46
cdf_fs,ebpf,0,834,5.029
cdf_fs,ebpf,0,835,4.96
cdf_fs,ebpf,0,836,4.14
cdf_fs,ebpf,0,837,5.309
cdf_fs,ebpf,0,838,3.68
cdf_fs,ebpf,0,839,5.38
cdf_fs,ebpf,0,840,5.131
cdf_fs,ebpf,0,841,5.549
cdf_fs,ebpf,0,842,4.111
cdf_fs,ebpf,0,843,4.84
cdf_fs,ebpf,0,844,5.229
cdf_fs,ebpf,0,845,4.92
cdf_fs,ebpf,0,846,5.0
cdf_fs,ebpf,0,847,5.46
cdf_fs,ebpf,0,848,4.129
cdf_fs,ebpf,0,849,5.28
cdf_fs,ebpf,0,850,5.129
cdf_fs,ebpf,0,851,5.011
cdf_fs,ebpf,0,852,4.94
cdf_fs,ebpf,0,853,5.469
cdf_fs,ebpf,0,854,3.64
cdf_fs,ebpf,0,855,5.109
cdf_fs,ebpf,0,856,3.52
cdf_fs,ebpf,0,857,4.969
cdf_fs,ebpf,0,858,5.211
cdf_fs,ebpf,0,859,5.32
cdf_fs,ebpf,0,860,5.1
cdf_fs,ebpf,0,861,5.46
cdf_fs,ebpf,0,862,4.931
cdf_fs,ebpf,0,863,5.429
cdf_fs,ebpf,0,864,3.64
cdf_fs,ebpf,0,865,5.449
cdf_fs,ebpf,0,866,5.02
cdf_fs,ebpf,0,867,5.34
cdf_fs,ebpf,0,868,5.22
cdf_fs,ebpf,0,869,4.831
cdf_fs,ebpf,0,870,4.649
cdf_fs,ebpf,0,871,5.36
cdf_fs,ebpf,0,872,3.731
cdf_fs,ebpf,0,873,5.269
cdf_fs,ebpf,0,874,12.0
cdf_fs,ebpf,0,875,3.749
cdf_fs,ebpf,0,876,5.309
cdf_fs,ebpf,0,877,5.12
cdf_fs,ebpf,0,878,5.291
cdf_fs,ebpf,0,879,5.2
cdf_fs,ebpf,0,880,4.831
cdf_fs,ebpf,0,881,5.12
cdf_fs,ebpf,0,882,5.429
cdf_fs,ebpf,0,883,3.671
cdf_fs,ebpf,0,884,5.571
cdf_fs,ebpf,0,885,3.64
cdf_fs,ebpf,0,886,5.32
cdf_fs,ebpf,0,887,5.14
cdf_fs,ebpf,0,888,4.989
cdf_fs,ebpf,0,889,5.531
cdf_fs,ebpf,0,890,3.74
cdf_fs,ebpf,0,891,5.38
cdf_fs,ebpf,0,892,3.64
cdf_fs,ebpf,0,893,5.209
cdf_fs,ebpf,0,894,5.04
cdf_fs,ebpf,0,895,5.011
cdf_fs,ebpf,0,896,5.06
cdf_fs,ebpf,0,897,5.42
cdf_fs,ebpf,0,898,3.749
cdf_fs,ebpf,0,899,5.32
cdf_fs,ebpf,0,900,3.731
cdf_fs,ebpf,0,901,4.96
cdf_fs,ebpf,0,902,4.06
cdf_fs,ebpf,0,903,5.46
cdf_fs,ebpf,0,904,4.94
cdf_fs,ebpf,0,905,5.38
cdf_fs,ebpf,0,906,5.031
cdf_fs,ebpf,0,907,4.94
cdf_fs,ebpf,0,908,3.551
cdf_fs,ebpf,0,909,4.989
cdf_fs,ebpf,0,910,3.511
cdf_fs,ebpf,0,911,5.311
cdf_fs,ebpf,0,912,3.529
cdf_fs,ebpf,0,913,5.54
cdf_fs,ebpf,0,914,5.129
cdf_fs,ebpf,0,915,5.0
cdf_fs,ebpf,0,916,3.949
cdf_fs,ebpf,0,917,5.42
cdf_fs,ebpf,0,918,5.14
cdf_fs,ebpf,0,919,5.391
cdf_fs,ebpf,0,920,3.76
cdf_fs,ebpf,0,921,5.24
cdf_fs,ebpf,0,922,4.98
cdf_fs,ebpf,0,923,5.08
cdf_fs,ebpf,0,924,4.211
cdf_fs,ebpf,0,925,4.351
cdf_fs,ebpf,0,926,5.391
cdf_fs,ebpf,0,927,5.069
cdf_fs,ebpf,0,928,4.9
cdf_fs,ebpf,0,929,4.0
cdf_fs,ebpf,0,930,5.251
cdf_fs,ebpf,0,931,3.709
cdf_fs,ebpf,0,932,5.311
cdf_fs,ebpf,0,933,4.96
cdf_fs,ebpf,0,934,5.34
cdf_fs,ebpf,0,935,5.06
cdf_fs,ebpf,0,936,5.309
cdf_fs,ebpf,0,937,4.969
cdf_fs,ebpf,0,938,5.589
cdf_fs,ebpf,0,939,5.12
cdf_fs,ebpf,0,940,5.291
cdf_fs,ebpf,0,941,5.2
cdf_fs,ebpf,0,942,4.84
cdf_fs,ebpf,0,943,4.12
cdf_fs,ebpf,0,944,5.38
cdf_fs,ebpf,0,945,4.02
cdf_fs,ebpf,0,946,5.46
cdf_fs,ebpf,0,947,5.271
cdf_fs,ebpf,0,948,4.891
cdf_fs,ebpf,0,949,4.031
cdf_fs,ebpf,0,950,4.92
cdf_fs,ebpf,0,951,4.249
cdf_fs,ebpf,0,952,4.92
cdf_fs,ebpf,0,953,3.489
cdf_fs,ebpf,0,954,5.471
cdf_fs,ebpf,0,955,4.22
cdf_fs,ebpf,0,956,4.91
cdf_fs,ebpf,0,957,4.67
cdf_fs,ebpf,0,958,17.55
cdf_fs,ebpf,0,959,3.65
cdf_fs,ebpf,0,960,5.37
cdf_fs,ebpf,0,961,5.09
cdf_fs,ebpf,0,962,5.41
cdf_fs,ebpf,0,963,3.51
cdf_fs,ebpf,0,964,5.37
cdf_fs,ebpf,0,965,3.97
cdf_fs,ebpf,0,966,5.4
cdf_fs,ebpf,0,967,5.09
cdf_fs,ebpf,0,968,5.71
cdf_fs,ebpf,0,969,5.1
cdf_fs,ebpf,0,970,5.38
cdf_fs,ebpf,0,971,4.11
cdf_fs,ebpf,0,972,5.36
cdf_fs,ebpf,0,973,5.11
cdf_fs,ebpf,0,974,5.5
cdf_fs,ebpf,0,975,5.22
cdf_fs,ebpf,0,976,5.34
cdf_fs,ebpf,0,977,5.02
cdf_fs,ebpf,0,978,4.97
cdf_fs,ebpf,0,979,3.94
cdf_fs,ebpf,0,980,5.44
cdf_fs,ebpf,0,981,5.01
cdf_fs,ebpf,0,982,5.51
cdf_fs,ebpf,0,983,5.1
cdf_fs,ebpf,0,984,5.37
cdf_fs,ebpf,0,985,3.52
cdf_fs,ebpf,0,986,5.35
cdf_fs,ebpf,0,987,4.73
cdf_fs,ebpf,0,988,5.5
cdf_fs,ebpf,0,989,5.1
cdf_fs,ebpf,0,990,5.31
cdf_fs,ebpf,0,991,5.01
cdf_fs,ebpf,0,992,4.87
cdf_fs,ebpf,0,993,5.06
cdf_fs,ebpf,0,994,4.93
cdf_fs,ebpf,0,995,3.98
cdf_fs,ebpf,0,996,5.47
cdf_fs,ebpf,0,997,3.55
cdf_fs,ebpf,0,998,5.24
cdf_fs,ebpf,0,999,5.11
cdf_fs,ebpf,0,1000,5.46
cdf_fs,ebpf,0,1001,5.07
cdf_fs,ebpf,0,1002,5.3
cdf_fs,ebpf,0,1003,5.16
cdf_fs,ebpf,0,1004,5.23
cdf_fs,ebpf,0,1005,5.08
cdf_fs,ebpf,0,1006,4.83
cdf_fs,ebpf,0,1007,3.58
cdf_fs,ebpf,0,1008,5.25
cdf_fs,ebpf,0,1009,3.64
cdf_fs,ebpf,0,1010,4.93
cdf_fs,ebpf,0,1011,5.13
cdf_fs,ebpf,0,1012,5.44
cdf_fs,ebpf,0,1013,3.75
cdf_fs,ebpf,0,1014,4.89
cdf_fs,ebpf,0,1015,4.92
cdf_fs,ebpf,0,1016,4.95
cdf_fs,ebpf,0,1017,5.76
cdf_fs,ebpf,0,1018,3.59
cdf_fs,ebpf,0,1019,5.41
cdf_fs,ebpf,0,1020,3.58
cdf_fs,ebpf,0,1021,4.94
cdf_fs,ebpf,0,1022,3.42
cdf_fs,ebpf,0,1023,5.33
cdf_fs,ebpf,0,1024,5.56
cdf_fs,ebpf,0,1025,5.05
cdf_fs,ebpf,0,1026,5.0
cdf_fs,ebpf,0,1027,4.86
cdf_fs,ebpf,0,1028,4.03
cdf_fs,ebpf,0,1029,5.38
cdf_fs,ebpf,0,1030,5.35
cdf_fs,ebpf,0,1031,4.92
cdf_fs,ebpf,0,1032,3.58
cdf_fs,ebpf,0,1033,5.36
cdf_fs,ebpf,0,1034,5.08
cdf_fs,ebpf,0,1035,5.62
cdf_fs,ebpf,0,1036,5.33
cdf_fs,ebpf,0,1037,5.54
cdf_fs,ebpf,0,1038,3.61
cdf_fs,ebpf,0,1039,4.92
cdf_fs,ebpf,0,1040,4.03
cdf_fs,ebpf,0,1041,5.29
cdf_fs,ebpf,0,1042,3.64
cdf_fs,ebpf,0,1043,5.01
cdf_fs,ebpf,0,1044,5.12
cdf_fs,ebpf,0,1045,5.45
cdf_fs,ebpf,0,1046,3.62
cdf_fs,ebpf,0,1047,5.34
cdf_fs,ebpf,0,1048,4.98
cdf_fs,ebpf,0,1049,5.4
cdf_fs,ebpf,0,1050,3.61
cdf_fs,ebpf,0,1051,5.55
cdf_fs,ebpf,0,1052,3.6
cdf_fs,ebpf,0,1053,5.39
cdf_fs,ebpf,0,1054,3.72
cdf_fs,ebpf,0,1055,5.38
cdf_fs,ebpf,0,1056,5.36
cdf_fs,ebpf,0,1057,4.95
cdf_fs,ebpf,0,1058,4.69
cdf_fs,ebpf,0,1059,4.8
cdf_fs,ebpf,0,1060,4.93
cdf_fs,ebpf,0,1061,5.5
cdf_fs,ebpf,0,1062,5.15
cdf_fs,ebpf,0,1063,5.35
cdf_fs,ebpf,0,1064,5.25
cdf_fs,ebpf,0,1065,5.09
cdf_fs,ebpf,0,1066,4.94
cdf_fs,ebpf,0,1067,4.9
cdf_fs,ebpf,0,1068,5.11
cdf_fs,ebpf,0,1069,9.89
cdf_fs,ebpf,0,1070,6.63
cdf_fs,ebpf,0,1071,5.09
cdf_fs,ebpf,0,1072,5.35
cdf_fs,ebpf,0,1073,4.44
cdf_fs,ebpf,0,1074,6.02
cdf_fs,ebpf,0,1075,5.23
cdf_fs,ebpf,0,1076,5.27
cdf_fs,ebpf,0,1077,4.93
cdf_fs,ebpf,0,1078,5.53
cdf_fs,ebpf,0,1079,4.81
cdf_fs,ebpf,0,1080,4.96
cdf_fs,ebpf,0,1081,5.29
cdf_fs,ebpf,0,1082,4.94
cdf_fs,ebpf,0,1083,5.15
cdf_fs,ebpf,0,1084,4.81
cdf_fs,ebpf,0,1085,5.21
cdf_fs,ebpf,0,1086,4.95
cdf_fs,ebpf,0,1087,5.17
cdf_fs,ebpf,0,1088,5.36
cdf_fs,ebpf,0,1089,3.56
cdf_fs,ebpf,0,1090,5.16
cdf_fs,ebpf,0,1091,4.96
cdf_fs,ebpf,0,1092,5.48
cdf_fs,ebpf,0,1093,5.11
cdf_fs,ebpf,0,1094,4.9
cdf_fs,ebpf,0,1095,5.11
cdf_fs,ebpf,0,1096,5.52
cdf_fs,ebpf,0,1097,5.2
cdf_fs,ebpf,0,1098,5.42
cdf_fs,ebpf,0,1099,3.63
cdf_fs,ebpf,0,1100,5.24
cdf_fs,ebpf,0,1101,5.32
cdf_fs,ebpf,0,1102,5.27
cdf_fs,ebpf,0,1103,5.08
cdf_fs,ebpf,0,1104,5.44
cdf_fs,ebpf,0,1105,3.7
cdf_fs,ebpf,0,1106,5.38
cdf_fs,ebpf,0,1107,3.61
cdf_fs,ebpf,0,1108,5.24
cdf_fs,ebpf,0,1109,5.0
cdf_fs,ebpf,0,1110,5.43
cdf_fs,ebpf,0,1111,5.15
cdf_fs,ebpf,0,1112,5.5
cdf_fs,ebpf,0,1113,3.62
cdf_fs,ebpf,0,1114,4.93
cdf_fs,ebpf,0,1115,4.16
cdf_fs,ebpf,0,1116,5.4
cdf_fs,ebpf,0,1117,3.51
cdf_fs,ebpf,0,1118,4.84
cdf_fs,ebpf,0,1119,5.03
cdf_fs,ebpf,0,1120,5.45
cdf_fs,ebpf,0,1121,5.09
cdf_fs,ebpf,0,1122,4.96
cdf_fs,ebpf,0,1123,3.82
cdf_fs,ebpf,0,1124,4.99
cdf_fs,ebpf,0,1125,4.98
cdf_fs,ebpf,0,1126,4.78
cdf_fs,ebpf,0,1127,5.13
cdf_fs,ebpf,0,1128,5.53
cdf_fs,ebpf,0,1129,3.68
cdf_fs,ebpf,0,1130,5.33
cdf_fs,ebpf,0,1131,3.59
cdf_fs,ebpf,0,1132,5.33
cdf_fs,ebpf,0,1133,5.03
cdf_fs,ebpf,0,1134,5.39
cdf_fs,ebpf,0,1135,5.23
cdf_fs,ebpf,0,1136,5.3
cdf_fs,ebpf,0,1137,4.1
cdf_fs,ebpf,0,1138,4.91
cdf_fs,ebpf,0,1139,4.64
cdf_fs,ebpf,0,1140,5.01
cdf_fs,ebpf,0,1141,3.68
cdf_fs,ebpf,0,1142,5.54
cdf_fs,ebpf,0,1143,5.02
cdf_fs,ebpf,0,1144,5.13
cdf_fs,ebpf,0,1145,5.45
cdf_fs,ebpf,0,1146,5.11
cdf_fs,ebpf,0,1147,5.56
cdf_fs,ebpf,0,1148,5.1
cdf_fs,ebpf,0,1149,5.42
cdf_fs,ebpf,0,1150,4.07
cdf_fs,ebpf,0,1151,5.22
cdf_fs,ebpf,0,1152,5.21
cdf_fs,ebpf,0,1153,5.33
cdf_fs,ebpf,0,1154,5.36
cdf_fs,ebpf,0,1155,4.94
cdf_fs,ebpf,0,1156,4.82
cdf_fs,ebpf,0,1157,5.3
cdf_fs,ebpf,0,1158,4.91
cdf_fs,ebpf,0,1159,5.46
cdf_fs,ebpf,0,1160,3.66
cdf_fs,ebpf,0,1161,5.49
cdf_fs,ebpf,0,1162,4.99
cdf_fs,ebpf,0,1163,5.34
cdf_fs,ebpf,0,1164,5.11
cdf_fs,ebpf,0,1165,5.5
cdf_fs,ebpf,0,1166,3.71
cdf_fs,ebpf,0,1167,5.63
cdf_fs,ebpf,0,1168,5.11
cdf_fs,ebpf,0,1169,5.3
cdf_fs,ebpf,0,1170,5.09
cdf_fs,ebpf,0,1171,5.44
cdf_fs,ebpf,0,1172,3.73
cdf_fs,ebpf,0,1173,5.3
cdf_fs,ebpf,0,1174,4.68
cdf_fs,ebpf,0,1175,5.41
cdf_fs,ebpf,0,1176,4.99
cdf_fs,ebpf,0,1177,4.94
cdf_fs,ebpf,0,1178,5.0
cdf_fs,ebpf,0,1179,5.32
cdf_fs,ebpf,0,1180,3.63
cdf_fs,ebpf,0,1181,5.29
cdf_fs,ebpf,0,1182,5.19
cdf_fs,ebpf,0,1183,4.79
cdf_fs,ebpf,0,1184,4.61
cdf_fs,ebpf,0,1185,5.41
cdf_fs,ebpf,0,1186,3.7
cdf_fs,ebpf,0,1187,4.97
cdf_fs,ebpf,0,1188,3.88
cdf_fs,ebpf,0,1189,5.39
cdf_fs,ebpf,0,1190,4.07
cdf_fs,ebpf,0,1191,4.89
cdf_fs,ebpf,0,1192,3.64
cdf_fs,ebpf,0,1193,4.93
cdf_fs,ebpf,0,1194,4.12
cdf_fs,ebpf,0,1195,5.8
cdf_fs,ebpf,0,1196,3.74
cdf_fs,ebpf,0,1197,4.9
cdf_fs,ebpf,0,1198,3.67
cdf_fs,ebpf,0,1199,5.05
cdf_fs,ebpf,0,1200,5.07
cdf_fs,ebpf,0,1201,4.99
cdf_fs,ebpf,0,1202,3.54
cdf_fs,ebpf,0,1203,5.39
cdf_fs,ebpf,0,1204,5.01
cdf_fs,ebpf,0,1205,4.81
cdf_fs,ebpf,0,1206,4.98
cdf_fs,ebpf,0,1207,5.24
cdf_fs,ebpf,0,1208,3.63
cdf_fs,ebpf,0,1209,5.0
cdf_fs,ebpf,0,1210,5.11
cdf_fs,ebpf,0,1211,4.89
cdf_fs,ebpf,0,1212,5.02
cdf_fs,ebpf,0,1213,5.46
cdf_fs,ebpf,0,1214,3.6
cdf_fs,ebpf,0,1215,5.58
cdf_fs,ebpf,0,1216,5.17
cdf_fs,ebpf,0,1217,5.53
cdf_fs,ebpf,0,1218,3.53
cdf_fs,ebpf,0,1219,5.32
cdf_fs,ebpf,0,1220,4.69
cdf_fs,ebpf,0,1221,5.51
cdf_fs,ebpf,0,1222,5.11
cdf_fs,ebpf,0,1223,5.57
cdf_fs,ebpf,0,1224,5.16
cdf_fs,ebpf,0,1225,5.37
cdf_fs,ebpf,0,1226,5.02
cdf_fs,ebpf,0,1227,4.96
cdf_fs,ebpf,0,1228,5.14
cdf_fs,ebpf,0,1229,5.26
cdf_fs,ebpf,0,1230,5.06
cdf_fs,ebpf,0,1231,4.98
cdf_fs,ebpf,0,1232,3.5
cdf_fs,ebpf,0,1233,5.37
cdf_fs,ebpf,0,1234,3.67
cdf_fs,ebpf,0,1235,5.42
cdf_fs,ebpf,0,1236,5.06
cdf_fs,ebpf,0,1237,4.99
cdf_fs,ebpf,0,1238,4.08
cdf_fs,ebpf,0,1239,5.42
cdf_fs,ebpf,0,1240,5.18
cdf_fs,ebpf,0,1241,5.38
cdf_fs,ebpf,0,1242,3.89
cdf_fs,ebpf,0,1243,5.42
cdf_fs,ebpf,0,1244,5.16
cdf_fs,ebpf,0,1245,5.55
cdf_fs,ebpf,0,1246,5.13
cdf_fs,ebpf,0,1247,5.45
cdf_fs,ebpf,0,1248,4.04
cdf_fs,ebpf,0,1249,4.94
cdf_fs,ebpf,0,1250,4.92
cdf_fs,ebpf,0,1251,5.43
cdf_fs,ebpf,0,1252,5.2
cdf_fs,ebpf,0,1253,5.72
cdf_fs,ebpf,0,1254,5.15
cdf_fs,ebpf,0,1255,5.46
cdf_fs,ebpf,0,1256,5.24
cdf_fs,ebpf,0,1257,4.97
cdf_fs,ebpf,0,1258,5.44
cdf_fs,ebpf,0,1259,5.54
cdf_fs,ebpf,0,1260,5.1
cdf_fs,ebpf,0,1261,4.89
cdf_fs,ebpf,0,1262,3.64
cdf_fs,ebpf,0,1263,5.37
cdf_fs,ebpf,0,1264,3.62
cdf_fs,ebpf,0,1265,12.5
cdf_fs,ebpf,0,1266,6.6
cdf_fs,ebpf,0,1267,4.1
cdf_fs,ebpf,0,1268,4.81
cdf_fs,ebpf,0,1269,4.39
cdf_fs,ebpf,0,1270,4.89
cdf_fs,ebpf,0,1271,5.66
cdf_fs,ebpf,0,1272,5.04
cdf_fs,ebpf,0,1273,4.93
cdf_fs,ebpf,0,1274,3.71
cdf_fs,ebpf,0,1275,4.88
cdf_fs,ebpf,0,1276,4.23
cdf_fs,ebpf,0,1277,5.35
cdf_fs,ebpf,0,1278,3.81
cdf_fs,ebpf,0,1279,5.38
cdf_fs,ebpf,0,1280,3.59
cdf_fs,ebpf,0,1281,4.81
cdf_fs,ebpf,0,1282,4.61
cdf_fs,ebpf,0,1283,4.86
cdf_fs,ebpf,0,1284,5.01
cdf_fs,ebpf,0,1285,5.44
cdf_fs,ebpf,0,1286,5.23
cdf_fs,ebpf,0,1287,5.53
cdf_fs,ebpf,0,1288,5.31
cdf_fs,ebpf,0,1289,5.02
cdf_fs,ebpf,0,1290,4.63
cdf_fs,ebpf,0,1291,5.43
cdf_fs,ebpf,0,1292,5.11
cdf_fs,ebpf,0,1293,5.44
cdf_fs,ebpf,0,1294,3.63
cdf_fs,ebpf,0,1295,5.4
cdf_fs,ebpf,0,1296,3.56
cdf_fs,ebpf,0,1297,5.06
cdf_fs,ebpf,0,1298,5.22
cdf_fs,ebpf,0,1299,5.54
cdf_fs,ebpf,0,1300,3.59
cdf_fs,ebpf,0,1301,5.5
cdf_fs,ebpf,0,1302,3.65
cdf_fs,ebpf,0,1303,5.43
cdf_fs,ebpf,0,1304,5.01
cdf_fs,ebpf,0,1305,5.57
cdf_fs,ebpf,0,1306,3.63
cdf_fs,ebpf,0,1307,4.97
cdf_fs,ebpf,0,1308,5.33
cdf_fs,ebpf,0,1309,5.55
cdf_fs,ebpf,0,1310,5.16
cdf_fs,ebpf,0,1311,5.35
cdf_fs,ebpf,0,1312,4.14
cdf_fs,ebpf,0,1313,6.43
cdf_fs,ebpf,0,1314,4.13
cdf_fs,ebpf,0,1315,5.4
cdf_fs,ebpf,0,1316,5.13
cdf_fs,ebpf,0,1317,4.82
cdf_fs,ebpf,0,1318,5.03
cdf_fs,ebpf,0,1319,4.87
cdf_fs,ebpf,0,1320,5.18
cdf_fs,ebpf,0,1321,4.91
cdf_fs,ebpf,0,1322,4.09
cdf_fs,ebpf,0,1323,5.34
cdf_fs,ebpf,0,1324,3.72
cdf_fs,ebpf,0,1325,5.51
cdf_fs,ebpf,0,1326,5.34
cdf_fs,ebpf,0,1327,4.95
cdf_fs,ebpf,0,1328,5.15
cdf_fs,ebpf,0,1329,4.8
cdf_fs,ebpf,0,1330,4.55
cdf_fs,ebpf,0,1331,5.54
cdf_fs,ebpf,0,1332,5.24
cdf_fs,ebpf,0,1333,5.5
cdf_fs,ebpf,0,1334,4.94
cdf_fs,ebpf,0,1335,4.97
cdf_fs,ebpf,0,1336,3.97
cdf_fs,ebpf,0,1337,5.48
cdf_fs,ebpf,0,1338,5.11
cdf_fs,ebpf,0,1339,5.59
cdf_fs,ebpf,0,1340,5.11
cdf_fs,ebpf,0,1341,4.88
cdf_fs,ebpf,0,1342,5.09
cdf_fs,ebpf,0,1343,5.04
cdf_fs,ebpf,0,1344,4.14
cdf_fs,ebpf,0,1345,4.98
cdf_fs,ebpf,0,1346,5.06
cdf_fs,ebpf,0,1347,5.43
cdf_fs,ebpf,0,1348,3.51
cdf_fs,ebpf,0,1349,4.97
cdf_fs,ebpf,0,1350,5.01
cdf_fs,ebpf,0,1351,5.43
cdf_fs,ebpf,0,1352,3.88
cdf_fs,ebpf,0,1353,5.44
cdf_fs,ebpf,0,1354,4.04
cdf_fs,ebpf,0,1355,5.15
cdf_fs,ebpf,0,1356,5.11
cdf_fs,ebpf,0,1357,4.9
cdf_fs,ebpf,0,1358,3.52
cdf_fs,ebpf,0,1359,5.44
cdf_fs,ebpf,0,1360,5.33
cdf_fs,ebpf,0,1361,5.01
cdf_fs,ebpf,0,1362,4.93
cdf_fs,ebpf,0,1363,5.33
cdf_fs,ebpf,0,1364,5.11
cdf_fs,ebpf,0,1365,5.45
cdf_fs,ebpf,0,1366,3.7
cdf_fs,ebpf,0,1367,5.1
cdf_fs,ebpf,0,1368,5.01
cdf_fs,ebpf,0,1369,5.02
cdf_fs,ebpf,0,1370,5.15
cdf_fs,ebpf,0,1371,5.89
cdf_fs,ebpf,0,1372,3.69
cdf_fs,ebpf,0,1373,5.3
cdf_fs,ebpf,0,1374,4.96
cdf_fs,ebpf,0,1375,5.59
cdf_fs,ebpf,0,1376,3.71
cdf_fs,ebpf,0,1377,4.82
cdf_fs,ebpf,0,1378,3.66
cdf_fs,ebpf,0,1379,5.42
cdf_fs,ebpf,0,1380,5.03
cdf_fs,ebpf,0,1381,5.54
cdf_fs,ebpf,0,1382,5.26
cdf_fs,ebpf,0,1383,5.45
cdf_fs,ebpf,0,1384,5.28
cdf_fs,ebpf,0,1385,4.93
cdf_fs,ebpf,0,1386,5.16
cdf_fs,ebpf,0,1387,4.99
cdf_fs,ebpf,0,1388,4.77
cdf_fs,ebpf,0,1389,4.83
cdf_fs,ebpf,0,1390,5.09
cdf_fs,ebpf,0,1391,5.32
cdf_fs,ebpf,0,1392,4.17
cdf_fs,ebpf,0,1393,4.76
cdf_fs,ebpf,0,1394,3.67
cdf_fs,ebpf,0,1395,5.52
cdf_fs,ebpf,0,1396,3.55
cdf_fs,ebpf,0,1397,4.92
cdf_fs,ebpf,0,1398,5.02
cdf_fs,ebpf,0,1399,5.05
cdf_fs,ebpf,0,1400,5.11
cdf_fs,ebpf,0,1401,5.3
cdf_fs,ebpf,0,1402,3.73
cdf_fs,ebpf,0,1403,4.96
cdf_fs,ebpf,0,1404,5.05
cdf_fs,ebpf,0,1405,5.53
cdf_fs,ebpf,0,1406,4.18
cdf_fs,ebpf,0,1407,5.36
cdf_fs,ebpf,0,1408,5.09
cdf_fs,ebpf,0,1409,5.8
cdf_fs,ebpf,0,1410,4.97
cdf_fs,ebpf,0,1411,5.56
cdf_fs,ebpf,0,1412,3.58
cdf_fs,ebpf,0,1413,5.11
cdf_fs,ebpf,0,1414,3.64
cdf_fs,ebpf,0,1415,5.3
cdf_fs,ebpf,0,1416,3.94
cdf_fs,ebpf,0,1417,5.35
cdf_fs,ebpf,0,1418,4.08
cdf_fs,ebpf,0,1419,5.37
cdf_fs,ebpf,0,1420,5.02
cdf_fs,ebpf,0,1421,5.08
cdf_fs,ebpf,0,1422,4.19
cdf_fs,ebpf,0,1423,4.95
cdf_fs,ebpf,0,1424,5.26
cdf_fs,ebpf,0,1425,5.33
cdf_fs,ebpf,0,1426,5.02
cdf_fs,ebpf,0,1427,4.76
cdf_fs,ebpf,0,1428,4.9
cdf_fs,ebpf,0,1429,4.94
cdf_fs,ebpf,0,1430,5.13
cdf_fs,ebpf,0,1431,4.98
cdf_fs,ebpf,0,1432,5.08
cdf_fs,ebpf,0,1433,5.4
cdf_fs,ebpf,0,1434,5.03
cdf_fs,ebpf,0,1435,5.39
cdf_fs,ebpf,0,1436,3.62
cdf_fs,ebpf,0,1437,5.37
cdf_fs,ebpf,0,1438,3.53
cdf_fs,ebpf,0,1439,5.41
cdf_fs,ebpf,0,1440,3.67
cdf_fs,ebpf,0,1441,5.32
cdf_fs,ebpf,0,1442,3.47
cdf_fs,ebpf,0,1443,5.39
cdf_fs,ebpf,0,1444,4.73
cdf_fs,ebpf,0,1445,5.39
cdf_fs,ebpf,0,1446,5.04
cdf_fs,ebpf,0,1447,4.76
cdf_fs,ebpf,0,1448,5.03
cdf_fs,ebpf,0,1449,5.46
cdf_fs,ebpf,0,1450,3.74
cdf_fs,ebpf,0,1451,5.36
cdf_fs,ebpf,0,1452,5.12
cdf_fs,ebpf,0,1453,5.33
cdf_fs,ebpf,0,1454,3.6
cdf_fs,ebpf,0,1455,4.81
cdf_fs,ebpf,0,1456,4.65
cdf_fs,ebpf,0,1457,5.44
cdf_fs,ebpf,0,1458,5.05
cdf_fs,ebpf,0,1459,4.94
cdf_fs,ebpf,0,1460,3.92
cdf_fs,ebpf,0,1461,5.18
cdf_fs,ebpf,0,1462,14.34
cdf_fs,ebpf,0,1463,5.83
cdf_fs,ebpf,0,1464,5.31
cdf_fs,ebpf,0,1465,4.91
cdf_fs,ebpf,0,1466,5.48
cdf_fs,ebpf,0,1467,5.05
cdf_fs,ebpf,0,1468,4.92
cdf_fs,ebpf,0,1469,3.68
cdf_fs,ebpf,0,1470,4.97
cdf_fs,ebpf,0,1471,3.66
cdf_fs,ebpf,0,1472,5.27
cdf_fs,ebpf,0,1473,4.96
cdf_fs,ebpf,0,1474,5.43
cdf_fs,ebpf,0,1475,5.1
cdf_fs,ebpf,0,1476,5.45
cdf_fs,ebpf,0,1477,4.68
cdf_fs,ebpf,0,1478,5.02
cdf_fs,ebpf,0,1479,4.07
cdf_fs,ebpf,0,1480,4.93
cdf_fs,ebpf,0,1481,5.11
cdf_fs,ebpf,0,1482,5.62
cdf_fs,ebpf,0,1483,5.29
cdf_fs,ebpf,0,1484,5.43
cdf_fs,ebpf,0,1485,3.72
cdf_fs,ebpf,0,1486,5.35
cdf_fs,ebpf,0,1487,5.15
cdf_fs,ebpf,0,1488,5.42
cdf_fs,ebpf,0,1489,3.5
cdf_fs,ebpf,0,1490,5.33
cdf_fs,ebpf,0,1491,5.06
cdf_fs,ebpf,0,1492,4.9
cdf_fs,ebpf,0,1493,4.65
cdf_fs,ebpf,0,1494,5.38
cdf_fs,ebpf,0,1495,5.13
cdf_fs,ebpf,0,1496,5.48
cdf_fs,ebpf,0,1497,5.03
cdf_fs,ebpf,0,1498,4.84
cdf_fs,ebpf,0,1499,5.19
cdf_fs,ebpf,0,1500,4.97
cdf_fs,ebpf,0,1501,3.51
cdf_fs,ebpf,0,1502,5.32
cdf_fs,ebpf,0,1503,5.08
cdf_fs,ebpf,0,1504,4.83
cdf_fs,ebpf,0,1505,4.75
cdf_fs,ebpf,0,1506,5.3
cdf_fs,ebpf,0,1507,5.02
cdf_fs,ebpf,0,1508,5.62
cdf_fs,ebpf,0,1509,3.72
cdf_fs,ebpf,0,1510,4.72
cdf_fs,ebpf,0,1511,4.91
cdf_fs,ebpf,0,1512,5.49
cdf_fs,ebpf,0,1513,5.11
cdf_fs,ebpf,0,1514,5.45
cdf_fs,ebpf,0,1515,3.76
cdf_fs,ebpf,0,1516,5.35
cdf_fs,ebpf,0,1517,5.26
cdf_fs,ebpf,0,1518,5.34
cdf_fs,ebpf,0,1519,5.06
cdf_fs,ebpf,0,1520,5.37
cdf_fs,ebpf,0,1521,4.12
cdf_fs,ebpf,0,1522,5.44
cdf_fs,ebpf,0,1523,3.84
cdf_fs,ebpf,0,1524,5.36
cdf_fs,ebpf,0,1525,5.57
cdf_fs,ebpf,0,1526,4.21
cdf_fs,ebpf,0,1527,4.87
cdf_fs,ebpf,0,1528,4.59
cdf_fs,ebpf,0,1529,4.91
cdf_fs,ebpf,0,1530,5.11
cdf_fs,ebpf,0,1531,5.5
cdf_fs,ebpf,0,1532,3.62
cdf_fs,ebpf,0,1533,4.95
cdf_fs,ebpf,0,1534,3.49
cdf_fs,ebpf,0,1535,5.39
cdf_fs,ebpf,0,1536,5.0
cdf_fs,ebpf,0,1537,5.31
cdf_fs,ebpf,0,1538,5.16
cdf_fs,ebpf,0,1539,4.9
cdf_fs,ebpf,0,1540,4.82
cdf_fs,ebpf,0,1541,4.89
cdf_fs,ebpf,0,1542,3.78
cdf_fs,ebpf,0,1543,5.52
cdf_fs,ebpf,0,1544,4.56
cdf_fs,ebpf,0,1545,4.8
cdf_fs,ebpf,0,1546,3.49
cdf_fs,ebpf,0,1547,4.98
cdf_fs,ebpf,0,1548,5.34
cdf_fs,ebpf,0,1549,5.39
cdf_fs,ebpf,0,1550,3.64
cdf_fs,ebpf,0,1551,5.49
cdf_fs,ebpf,0,1552,5.07
cdf_fs,ebpf,0,1553,5.36
cdf_fs,ebpf,0,1554,5.33
cdf_fs,ebpf,0,1555,5.41
cdf_fs,ebpf,0,1556,3.63
cdf_fs,ebpf,0,1557,4.78
cdf_fs,ebpf,0,1558,4.54
cdf_fs,ebpf,0,1559,5.04
cdf_fs,ebpf,0,1560,4.61
cdf_fs,ebpf,0,1561,5.04
cdf_fs,ebpf,0,1562,5.09
cdf_fs,ebpf,0,1563,5.31
cdf_fs,ebpf,0,1564,3.63
cdf_fs,ebpf,0,1565,5.27
cdf_fs,ebpf,0,1566,3.84
cdf_fs,ebpf,0,1567,5.53
cdf_fs,ebpf,0,1568,3.58
cdf_fs,ebpf,0,1569,5.42
cdf_fs,ebpf,0,1570,4.72
cdf_fs,ebpf,0,1571,5.06
cdf_fs,ebpf,0,1572,3.7
cdf_fs,ebpf,0,1573,5.38
cdf_fs,ebpf,0,1574,3.71
cdf_fs,ebpf,0,1575,5.54
cdf_fs,ebpf,0,1576,5.1
cdf_fs,ebpf,0,1577,5.38
cdf_fs,ebpf,0,1578,4.03
cdf_fs,ebpf,0,1579,5.33
cdf_fs,ebpf,0,1580,3.59
cdf_fs,ebpf,0,1581,5.37
cdf_fs,ebpf,0,1582,3.58
cdf_fs,ebpf,0,1583,4.81
cdf_fs,ebpf,0,1584,3.51
cdf_fs,ebpf,0,1585,5.85
cdf_fs,ebpf,0,1586,3.66
cdf_fs,ebpf,0,1587,4.86
cdf_fs,ebpf,0,1588,5.1
cdf_fs,ebpf,0,1589,5.63
cdf_fs,ebpf,0,1590,4.08
cdf_fs,ebpf,0,1591,4.99
cdf_fs,ebpf,0,1592,3.68
cdf_fs,ebpf,0,1593,5.36
cdf_fs,ebpf,0,1594,5.07
cdf_fs,ebpf,0,1595,5.18
cdf_fs,ebpf,0,1596,4.59
cdf_fs,ebpf,0,1597,5.48
cdf_fs,ebpf,0,1598,3.7
cdf_fs,ebpf,0,1599,5.49
cdf_fs,ebpf,0,1600,3.75
cdf_fs,ebpf,0,1601,5.42
cdf_fs,ebpf,0,1602,3.65
cdf_fs,ebpf,0,1603,5.83
cdf_fs,ebpf,0,1604,3.47
cdf_fs,ebpf,0,1605,5.41
cdf_fs,ebpf,0,1606,3.57
cdf_fs,ebpf,0,1607,4.85
cdf_fs,ebpf,0,1608,5.05
cdf_fs,ebpf,0,1609,5.65
cdf_fs,ebpf,0,1610,5.3
cdf_fs,ebpf,0,1611,5.05
cdf_fs,ebpf,0,1612,5.1
cdf_fs,ebpf,0,1613,5.29
cdf_fs,ebpf,0,1614,5.14
cdf_fs,ebpf,0,1615,5.3
cdf_fs,ebpf,0,1616,5.19
cdf_fs,ebpf,0,1617,4.85
cdf_fs,ebpf,0,1618,5.14
cdf_fs,ebpf,0,1619,4.97
cdf_fs,ebpf,0,1620,3.79
cdf_fs,ebpf,0,1621,5.38
cdf_fs,ebpf,0,1622,5.21
cdf_fs,ebpf,0,1623,5.44
cdf_fs,ebpf,0,1624,4.99
cdf_fs,ebpf,0,1625,4.98
cdf_fs,ebpf,0,1626,3.66
cdf_fs,ebpf,0,1627,4.99
cdf_fs,ebpf,0,1628,4.3
cdf_fs,ebpf,0,1629,5.48
cdf_fs,ebpf,0,1630,4.87
cdf_fs,ebpf,0,1631,5.11
cdf_fs,ebpf,0,1632,3.58
cdf_fs,ebpf,0,1633,5.31
cdf_fs,ebpf,0,1634,3.76
cdf_fs,ebpf,0,1635,5.35
cdf_fs,ebpf,0,1636,5.13
cdf_fs,ebpf,0,1637,5.27
cdf_fs,ebpf,0,1638,4.96
cdf_fs,ebpf,0,1639,4.93
cdf_fs,ebpf,0,1640,5.41
cdf_fs,ebpf,0,1641,5.62
cdf_fs,ebpf,0,1642,3.75
cdf_fs,ebpf,0,1643,5.36
cdf_fs,ebpf,0,1644,3.66
cdf_fs,ebpf,0,1645,5.0
cdf_fs,ebpf,0,1646,5.04
cdf_fs,ebpf,0,1647,5.669
cdf_fs,ebpf,0,1648,3.631
cdf_fs,ebpf,0,1649,5.22
cdf_fs,ebpf,0,1650,3.74
cdf_fs,ebpf,0,1651,5.3
cdf_fs,ebpf,0,1652,4.951
cdf_fs,ebpf,0,1653,5.12
cdf_fs,ebpf,0,1654,4.191
cdf_fs,ebpf,0,1655,4.849
cdf_fs,ebpf,0,1656,4.651
cdf_fs,ebpf,0,1657,5.62
cdf_fs,ebpf,0,1658,5.029
cdf_fs,ebpf,0,1659,5.471
cdf_fs,ebpf,0,1660,10.02
cdf_fs,ebpf,0,1661,6.68
cdf_fs,ebpf,0,1662,3.62
cdf_fs,ebpf,0,1663,5.269
cdf_fs,ebpf,0,1664,5.04
cdf_fs,ebpf,0,1665,6.051
cdf_fs,ebpf,0,1666,5.06
cdf_fs,ebpf,0,1667,4.891
cdf_fs,ebpf,0,1668,3.6
cdf_fs,ebpf,0,1669,5.369
cdf_fs,ebpf,0,1670,5.211
cdf_fs,ebpf,0,1671,5.031
cdf_fs,ebpf,0,1672,3.749
cdf_fs,ebpf,0,1673,5.431
cdf_fs,ebpf,0,1674,3.729
cdf_fs,ebpf,0,1675,5.349
cdf_fs,ebpf,0,1676,5.2
cdf_fs,ebpf,0,1677,5.531
cdf_fs,ebpf,0,1678,5.111
cdf_fs,ebpf,0,1679,5.48
cdf_fs,ebpf,0,1680,5.02
cdf_fs,ebpf,0,1681,4.949
cdf_fs,ebpf,0,1682,3.62
cdf_fs,ebpf,0,1683,5.54
cdf_fs,ebpf,0,1684,3.78
cdf_fs,ebpf,0,1685,5.311
cdf_fs,ebpf,0,1686,4.929
cdf_fs,ebpf,0,1687,4.9
cdf_fs,ebpf,0,1688,4.86
cdf_fs,ebpf,0,1689,4.989
cdf_fs,ebpf,0,1690,4.589
cdf_fs,ebpf,0,1691,5.76
cdf_fs,ebpf,0,1692,3.611
cdf_fs,ebpf,0,1693,5.311
cdf_fs,ebpf,0,1694,3.48
cdf_fs,ebpf,0,1695,5.309
cdf_fs,ebpf,0,1696,3.609
cdf_fs,ebpf,0,1697,5.22
cdf_fs,ebpf,0,1698,4.64
cdf_fs,ebpf,0,1699,5.32
cdf_fs,ebpf,0,1700,5.171
cdf_fs,ebpf,0,1701,5.031
cdf_fs,ebpf,0,1702,4.611
cdf_fs,ebpf,0,1703,5.52
cdf_fs,ebpf,0,1704,5.16
cdf_fs,ebpf,0,1705,5.02
cdf_fs,ebpf,0,1706,5.1
cdf_fs,ebpf,0,1707,5.191
cdf_fs,ebpf,0,1708,3.66
cdf_fs,ebpf,0,1709,5.0
cdf_fs,ebpf,0,1710,3.74
cdf_fs,ebpf,0,1711,5.02
cdf_fs,ebpf,0,1712,4.82
cdf_fs,ebpf,0,1713,5.471
cdf_fs,ebpf,0,1714,5.311
cdf_fs,ebpf,0,1715,4.889
cdf_fs,ebpf,0,1716,3.66
cdf_fs,ebpf,0,1717,4.9
cdf_fs,ebpf,0,1718,3.56
cdf_fs,ebpf,0,1719,5.0
cdf_fs,ebpf,0,1720,5.129
cdf_fs,ebpf,0,1721,5.371
cdf_fs,ebpf,0,1722,5.151
cdf_fs,ebpf,0,1723,4.88
cdf_fs,ebpf,0,1724,5.0
cdf_fs,ebpf,0,1725,5.56
cdf_fs,ebpf,0,1726,5.111
cdf_fs,ebpf,0,1727,5.569
cdf_fs,ebpf,0,1728,5.16
cdf_fs,ebpf,0,1729,4.94
cdf_fs,ebpf,0,1730,3.529
cdf_fs,ebpf,0,1731,4.72
cdf_fs,ebpf,0,1732,3.529
cdf_fs,ebpf,0,1733,5.509
cdf_fs,ebpf,0,1734,4.64
cdf_fs,ebpf,0,1735,4.869
cdf_fs,ebpf,0,1736,4.789
cdf_fs,ebpf,0,1737,5.451
cdf_fs,ebpf,0,1738,3.58
cdf_fs,ebpf,0,1739,5.74
cdf_fs,ebpf,0,1740,4.16
cdf_fs,ebpf,0,1741,4.84
cdf_fs,ebpf,0,1742,3.88
cdf_fs,ebpf,0,1743,5.4
cdf_fs,ebpf,0,1744,3.471
cdf_fs,ebpf,0,1745,4.909
cdf_fs,ebpf,0,1746,5.031
cdf_fs,ebpf,0,1747,4.849
cdf_fs,ebpf,0,1748,3.591
cdf_fs,ebpf,0,1749,5.4
cdf_fs,ebpf,0,1750,4.34
cdf_fs,ebpf,0,1751,5.631
cdf_fs,ebpf,0,1752,5.1
cdf_fs,ebpf,0,1753,5.609
cdf_fs,ebpf,0,1754,4.14
cdf_fs,ebpf,0,1755,4.94
cdf_fs,ebpf,0,1756,3.7
cdf_fs,ebpf,0,1757,4.8
cdf_fs,ebpf,0,1758,3.72
cdf_fs,ebpf,0,1759,5.38
cdf_fs,ebpf,0,1760,3.66
cdf_fs,ebpf,0,1761,5.271
cdf_fs,ebpf,0,1762,5.069
cdf_fs,ebpf,0,1763,5.36
cdf_fs,ebpf,0,1764,4.751
cdf_fs,ebpf,0,1765,4.951
cdf_fs,ebpf,0,1766,3.709
cdf_fs,ebpf,0,1767,5.329
cdf_fs,ebpf,0,1768,3.651
cdf_fs,ebpf,0,1769,4.969
cdf_fs,ebpf,0,1770,3.651
cdf_fs,ebpf,0,1771,4.871
cdf_fs,ebpf,0,1772,3.569
cdf_fs,ebpf,0,1773,5.671
cdf_fs,ebpf,0,1774,5.009
cdf_fs,ebpf,0,1775,5.48
cdf_fs,ebpf,0,1776,3.78
cdf_fs,ebpf,0,1777,5.349
cdf_fs,ebpf,0,1778,3.631
cdf_fs,ebpf,0,1779,5.291
cdf_fs,ebpf,0,1780,5.24
cdf_fs,ebpf,0,1781,5.6
cdf_fs,ebpf,0,1782,3.829
cdf_fs,ebpf,0,1783,5.429
cdf_fs,ebpf,0,1784,3.66
cdf_fs,ebpf,0,1785,5.369
cdf_fs,ebpf,0,1786,4.7
cdf_fs,ebpf,0,1787,5.1
cdf_fs,ebpf,0,1788,5.46
cdf_fs,ebpf,0,1789,4.82
cdf_fs,ebpf,0,1790,5.129
cdf_fs,ebpf,0,1791,5.48
cdf_fs,ebpf,0,1792,3.96
cdf_fs,ebpf,0,1793,4.969
cdf_fs,ebpf,0,1794,4.931
cdf_fs,ebpf,0,1795,4.94
cdf_fs,ebpf,0,1796,3.8
cdf_fs,ebpf,0,1797,5.029
cdf_fs,ebpf,0,1798,3.58
cdf_fs,ebpf,0,1799,5.489
cdf_fs,ebpf,0,1800,3.611
cdf_fs,ebpf,0,1801,5.22
cdf_fs,ebpf,0,1802,4.209
cdf_fs,ebpf,0,1803,4.98
cdf_fs,ebpf,0,1804,4.92
cdf_fs,ebpf,0,1805,5.54
cdf_fs,ebpf,0,1806,3.609
cdf_fs,ebpf,0,1807,5.371
cdf_fs,ebpf,0,1808,4.729
cdf_fs,ebpf,0,1809,4.98
cdf_fs,ebpf,0,1810,4.049
cdf_fs,ebpf,0,1811,4.771
cdf_fs,ebpf,0,1812,4.64
cdf_fs,ebpf,0,1813,5.12
cdf_fs,ebpf,0,1814,5.191
cdf_fs,ebpf,0,1815,5.26
cdf_fs,ebpf,0,1816,3.66
cdf_fs,ebpf,0,1817,5.649
cdf_fs,ebpf,0,1818,3.629
cdf_fs,ebpf,0,1819,4.951
cdf_fs,ebpf,0,1820,4.68
cdf_fs,ebpf,0,1821,5.52
cdf_fs,ebpf,0,1822,5.129
cdf_fs,ebpf,0,1823,4.969
cdf_fs,ebpf,0,1824,3.58
cdf_fs,ebpf,0,1825,6.329
cdf_fs,ebpf,0,1826,3.64
cdf_fs,ebpf,0,1827,5.329
cdf_fs,ebpf,0,1828,5.04
cdf_fs,ebpf,0,1829,5.28
cdf_fs,ebpf,0,1830,5.069
cdf_fs,ebpf,0,1831,5.269
cdf_fs,ebpf,0,1832,3.8
cdf_fs,ebpf,0,1833,4.811
cdf_fs,ebpf,0,1834,3.569
cdf_fs,ebpf,0,1835,5.32
cdf_fs,ebpf,0,1836,4.831
cdf_fs,ebpf,0,1837,5.34
cdf_fs,ebpf,0,1838,4.189
cdf_fs,ebpf,0,1839,4.96
cdf_fs,ebpf,0,1840,5.08
cdf_fs,ebpf,0,1841,4.9
cdf_fs,ebpf,0,1842,4.66
cdf_fs,ebpf,0,1843,5.289
cdf_fs,ebpf,0,1844,5.0
cdf_fs,ebpf,0,1845,5.509
cdf_fs,ebpf,0,1846,3.56
cdf_fs,ebpf,0,1847,5.409
cdf_fs,ebpf,0,1848,3.791
cdf_fs,ebpf,0,1849,5.32
cdf_fs,ebpf,0,1850,3.76
cdf_fs,ebpf,0,1851,5.409
cdf_fs,ebpf,0,1852,5.049
cdf_fs,ebpf,0,1853,5.289
cdf_fs,ebpf,0,1854,4.64
cdf_fs,ebpf,0,1855,4.829
cdf_fs,ebpf,0,1856,3.86
cdf_fs,ebpf,0,1857,5.45
cdf_fs,ebpf,0,1858,5.18
cdf_fs,ebpf,0,1859,5.07
cdf_fs,ebpf,0,1860,5.06
cdf_fs,ebpf,0,1861,9.03
cdf_fs,ebpf,0,1862,6.04
cdf_fs,ebpf,0,1863,5.11
cdf_fs,ebpf,0,1864,5.58
cdf_fs,ebpf,0,1865,5.12
cdf_fs,ebpf,0,1866,5.25
cdf_fs,ebpf,0,1867,3.66
cdf_fs,ebpf,0,1868,5.39
cdf_fs,ebpf,0,1869,5.21
cdf_fs,ebpf,0,1870,5.52
cdf_fs,ebpf,0,1871,3.79
cdf_fs,ebpf,0,1872,4.95
cdf_fs,ebpf,0,1873,3.6
cdf_fs,ebpf,0,1874,4.99
cdf_fs,ebpf,0,1875,5.2
cdf_fs,ebpf,0,1876,4.95
cdf_fs,ebpf,0,1877,3.69
cdf_fs,ebpf,0,1878,5.4
cdf_fs,ebpf,0,1879,5.1
cdf_fs,ebpf,0,1880,4.95
cdf_fs,ebpf,0,1881,4.67
cdf_fs,ebpf,0,1882,4.92
cdf_fs,ebpf,0,1883,3.6
cdf_fs,ebpf,0,1884,5.47
cdf_fs,ebpf,0,1885,3.52
cdf_fs,ebpf,0,1886,5.37
cdf_fs,ebpf,0,1887,3.63
cdf_fs,ebpf,0,1888,5.44
cdf_fs,ebpf,0,1889,3.63
cdf_fs,ebpf,0,1890,5.05
cdf_fs,ebpf,0,1891,3.79
cdf_fs,ebpf,0,1892,5.5
cdf_fs,ebpf,0,1893,3.63
cdf_fs,ebpf,0,1894,5.01
cdf_fs,ebpf,0,1895,3.73
cdf_fs,ebpf,0,1896,5.43
cdf_fs,ebpf,0,1897,3.74
cdf_fs,ebpf,0,1898,5.19
cdf_fs,ebpf,0,1899,3.73
cdf_fs,ebpf,0,1900,4.99
cdf_fs,ebpf,0,1901,4.09
cdf_fs,ebpf,0,1902,5.41
cdf_fs,ebpf,0,1903,3.59
cdf_fs,ebpf,0,1904,4.87
cdf_fs,ebpf,0,1905,4.24
cdf_fs,ebpf,0,1906,5.43
cdf_fs,ebpf,0,1907,3.66
cdf_fs,ebpf,0,1908,5.02
cdf_fs,ebpf,0,1909,5.34
cdf_fs,ebpf,0,1910,3.8
cdf_fs,ebpf,0,1911,4.83
cdf_fs,ebpf,0,1912,3.7
cdf_fs,ebpf,0,1913,5.51
cdf_fs,ebpf,0,1914,5.0
cdf_fs,ebpf,0,1915,5.42
cdf_fs,ebpf,0,1916,5.04
cdf_fs,ebpf,0,1917,5.43
cdf_fs,ebpf,0,1918,3.88
cdf_fs,ebpf,0,1919,5.18
cdf_fs,ebpf,0,1920,3.59
cdf_fs,ebpf,0,1921,5.02
cdf_fs,ebpf,0,1922,4.08
cdf_fs,ebpf,0,1923,5.26
cdf_fs,ebpf,0,1924,3.74
cdf_fs,ebpf,0,1925,5.46
cdf_fs,ebpf,0,1926,3.66
cdf_fs,ebpf,0,1927,4.91
cdf_fs,ebpf,0,1928,3.68
cdf_fs,ebpf,0,1929,5.46
cdf_fs,ebpf,0,1930,3.63
cdf_fs,ebpf,0,1931,5.28
cdf_fs,ebpf,0,1932,3.86
cdf_fs,ebpf,0,1933,5.45
cdf_fs,ebpf,0,1934,3.59
cdf_fs,ebpf,0,1935,4.86
cdf_fs,ebpf,0,1936,5.02
cdf_fs,ebpf,0,1937,5.5
cdf_fs,ebpf,0,1938,3.62
cdf_fs,ebpf,0,1939,5.28
cdf_fs,ebpf,0,1940,5.16
cdf_fs,ebpf,0,1941,4.88
cdf_fs,ebpf,0,1942,3.57
cdf_fs,ebpf,0,1943,5.0
cdf_fs,ebpf,0,1944,3.76
cdf_fs,ebpf,0,1945,4.82
cdf_fs,ebpf,0,1946,3.64
cdf_fs,ebpf,0,1947,5.02
cdf_fs,ebpf,0,1948,5.11
cdf_fs,ebpf,0,1949,4.11
cdf_fs,ebpf,0,1950,4.75
cdf_fs,ebpf,0,1951,4.98
cdf_fs,ebpf,0,1952,3.71
cdf_fs,ebpf,0,1953,5.68
cdf_fs,ebpf,0,1954,4.9
cdf_fs,ebpf,0,1955,5.47
cdf_fs,ebpf,0,1956,3.68
cdf_fs,ebpf,0,1957,5.49
cdf_fs,ebpf,0,1958,3.62
cdf_fs,ebpf,0,1959,5.36
cdf_fs,ebpf,0,1960,3.7
cdf_fs,ebpf,0,1961,5.5
cdf_fs,ebpf,0,1962,3.56
cdf_fs,ebpf,0,1963,5.29
cdf_fs,ebpf,0,1964,3.71
cdf_fs,ebpf,0,1965,4.86
cdf_fs,ebpf,0,1966,4.58
cdf_fs,ebpf,0,1967,5.09
cdf_fs,ebpf,0,1968,5.06
cdf_fs,ebpf,0,1969,4.92
cdf_fs,ebpf,0,1970,4.97
cdf_fs,ebpf,0,1971,5.33
cdf_fs,ebpf,0,1972,4.97
cdf_fs,ebpf,0,1973,5.45
cdf_fs,ebpf,0,1974,5.12
cdf_fs,ebpf,0,1975,5.37
cdf_fs,ebpf,0,1976,5.2
cdf_fs,ebpf,0,1977,5.52
cdf_fs,ebpf,0,1978,4.93
cdf_fs,ebpf,0,1979,4.87
cdf_fs,ebpf,0,1980,5.33
cdf_fs,ebpf,0,1981,4.78
cdf_fs,ebpf,0,1982,5.13
cdf_fs,ebpf,0,1983,5.44
cdf_fs,ebpf,0,1984,4.01
cdf_fs,ebpf,0,1985,4.92
cdf_fs,ebpf,0,1986,4.2
cdf_fs,ebpf,0,1987,5.4
cdf_fs,ebpf,0,1988,4.02
cdf_fs,ebpf,0,1989,4.85
cdf_fs,ebpf,0,1990,4.87
cdf_fs,ebpf,0,1991,5.14
cdf_fs,ebpf,0,1992,5.15
cdf_fs,ebpf,0,1993,4.94
cdf_fs,ebpf,0,1994,3.56
cdf_fs,ebpf,0,1995,5.09
cdf_fs,ebpf,0,1996,3.77
cdf_fs,ebpf,0,1997,5.62
cdf_fs,ebpf,0,1998,3.67
cdf_fs,ebpf,0,1999,5.26
cdf_fs,ebpf,0,2000,4.52
cdf_fs,ebpf,0,2001,4.95
cdf_fs,ebpf,0,2002,3.66
cdf_fs,ebpf,0,2003,4.93
cdf_fs,ebpf,0,2004,3.69
cdf_fs,ebpf,0,2005,4.95
cdf_fs,ebpf,0,2006,3.73
cdf_fs,ebpf,0,2007,5.54
cdf_fs,ebpf,0,2008,3.76
cdf_fs,ebpf,0,2009,4.99
cdf_fs,ebpf,0,2010,4.1
cdf_fs,ebpf,0,2011,5.13
cdf_fs,ebpf,0,2012,5.01
cdf_fs,ebpf,0,2013,5.37
cdf_fs,ebpf,0,2014,5.02
cdf_fs,ebpf,0,2015,5.03
cdf_fs,ebpf,0,2016,3.66
cdf_fs,ebpf,0,2017,5.07
cdf_fs,ebpf,0,2018,5.11
cdf_fs,ebpf,0,2019,5.33
cdf_fs,ebpf,0,2020,4.74
cdf_fs,ebpf,0,2021,5.28
cdf_fs,ebpf,0,2022,3.49
cdf_fs,ebpf,0,2023,4.91
cdf_fs,ebpf,0,2024,4.74
cdf_fs,ebpf,0,2025,5.33
cdf_fs,ebpf,0,2026,5.09
cdf_fs,ebpf,0,2027,4.8
cdf_fs,ebpf,0,2028,4.84
cdf_fs,ebpf,0,2029,5.02
cdf_fs,ebpf,0,2030,5.21
cdf_fs,ebpf,0,2031,4.91
cdf_fs,ebpf,0,2032,3.46
cdf_fs,ebpf,0,2033,5.34
cdf_fs,ebpf,0,2034,5.02
cdf_fs,ebpf,0,2035,5.64
cdf_fs,ebpf,0,2036,3.58
cdf_fs,ebpf,0,2037,4.96
cdf_fs,ebpf,0,2038,5.02
cdf_fs,ebpf,0,2039,5.45
cdf_fs,ebpf,0,2040,3.71
cdf_fs,ebpf,0,2041,5.06
cdf_fs,ebpf,0,2042,3.75
cdf_fs,ebpf,0,2043,4.9
cdf_fs,ebpf,0,2044,3.62
cdf_fs,ebpf,0,2045,4.91
cdf_fs,ebpf,0,2046,3.71
cdf_fs,ebpf,0,2047,4.97
cdf_fs,ebpf,0,2048,4.85
cdf_fs,ebpf,0,2049,5.55
cdf_fs,ebpf,0,2050,5.08
cdf_fs,ebpf,0,2051,5.36
cdf_fs,ebpf,0,2052,5.05
cdf_fs,ebpf,0,2053,5.52
cdf_fs,ebpf,0,2054,3.58
cdf_fs,ebpf,0,2055,5.36
cdf_fs,ebpf,0,2056,3.64
cdf_fs,ebpf,0,2057,4.99
cdf_fs,ebpf,0,2058,5.19
cdf_fs,ebpf,0,2059,4.95
cdf_fs,ebpf,0,2060,5.17
cdf_fs,ebpf,0,2061,5.6
cdf_fs,ebpf,0,2062,4.96
cdf_fs,ebpf,0,2063,5.09
cdf_fs,ebpf,0,2064,4.12
cdf_fs,ebpf,0,2065,8.64
cdf_fs,ebpf,0,2066,6.28
cdf_fs,ebpf,0,2067,5.25
cdf_fs,ebpf,0,2068,5.32
cdf_fs,ebpf,0,2069,5.45
cdf_fs,ebpf,0,2070,3.85
cdf_fs,ebpf,0,2071,5.29
cdf_fs,ebpf,0,2072,5.31
cdf_fs,ebpf,0,2073,5.58
cdf_fs,ebpf,0,2074,5.05
cdf_fs,ebpf,0,2075,5.56
cdf_fs,ebpf,0,2076,4.61
cdf_fs,ebpf,0,2077,4.85
cdf_fs,ebpf,0,2078,4.98
cdf_fs,ebpf,0,2079,5.06
cdf_fs,ebpf,0,2080,5.11
cdf_fs,ebpf,0,2081,4.86
cdf_fs,ebpf,0,2082,4.56
cdf_fs,ebpf,0,2083,5.01
cdf_fs,ebpf,0,2084,3.75
cdf_fs,ebpf,0,2085,5.1
cdf_fs,ebpf,0,2086,3.75
cdf_fs,ebpf,0,2087,5.43
cdf_fs,ebpf,0,2088,3.8
cdf_fs,ebpf,0,2089,4.88
cdf_fs,ebpf,0,2090,5.08
cdf_fs,ebpf,0,2091,5.57
cdf_fs,ebpf,0,2092,3.67
cdf_fs,ebpf,0,2093,4.93
cdf_fs,ebpf,0,2094,4.48
cdf_fs,ebpf,0,2095,5.56
cdf_fs,ebpf,0,2096,3.71
cdf_fs,ebpf,0,2097,5.1
cdf_fs,ebpf,0,2098,5.0
cdf_fs,ebpf,0,2099,5.44
cdf_fs,ebpf,0,2100,3.56
cdf_fs,ebpf,0,2101,5.03
cdf_fs,ebpf,0,2102,4.11
cdf_fs,ebpf,0,2103,4.88
cdf_fs,ebpf,0,2104,4.81
cdf_fs,ebpf,0,2105,5.0
cdf_fs,ebpf,0,2106,3.65
cdf_fs,ebpf,0,2107,5.55
cdf_fs,ebpf,0,2108,4.34
cdf_fs,ebpf,0,2109,5.52
cdf_fs,ebpf,0,2110,3.6
cdf_fs,ebpf,0,2111,4.85
cdf_fs,ebpf,0,2112,5.12
cdf_fs,ebpf,0,2113,4.92
cdf_fs,ebpf,0,2114,5.27
cdf_fs,ebpf,0,2115,4.88
cdf_fs,ebpf,0,2116,3.67
cdf_fs,ebpf,0,2117,5.05
cdf_fs,ebpf,0,2118,4.32
cdf_fs,ebpf,0,2119,5.07
cdf_fs,ebpf,0,2120,4.75
cdf_fs,ebpf,0,2121,5.29
cdf_fs,ebpf,0,2122,5.06
cdf_fs,ebpf,0,2123,4.93
cdf_fs,ebpf,0,2124,4.99
cdf_fs,ebpf,0,2125,5.07
cdf_fs,ebpf,0,2126,3.72
cdf_fs,ebpf,0,2127,5.14
cdf_fs,ebpf,0,2128,4.67
cdf_fs,ebpf,0,2129,4.81
cdf_fs,ebpf,0,2130,3.7
cdf_fs,ebpf,0,2131,5.51
cdf_fs,ebpf,0,2132,4.78
cdf_fs,ebpf,0,2133,4.94
cdf_fs,ebpf,0,2134,4.67
cdf_fs,ebpf,0,2135,4.95
cdf_fs,ebpf,0,2136,3.62
cdf_fs,ebpf,0,2137,5.06
cdf_fs,ebpf,0,2138,4.21
cdf_fs,ebpf,0,2139,5.1
cdf_fs,ebpf,0,2140,5.08
cdf_fs,ebpf,0,2141,5.0
cdf_fs,ebpf,0,2142,4.86
cdf_fs,ebpf,0,2143,5.15
cdf_fs,ebpf,0,2144,3.48
cdf_fs,ebpf,0,2145,4.99
cdf_fs,ebpf,0,2146,5.31
cdf_fs,ebpf,0,2147,4.98
cdf_fs,ebpf,0,2148,3.64
cdf_fs,ebpf,0,2149,5.31
cdf_fs,ebpf,0,2150,3.42
cdf_fs,ebpf,0,2151,4.89
cdf_fs,ebpf,0,2152,3.79
cdf_fs,ebpf,0,2153,5.42
cdf_fs,ebpf,0,2154,3.66
cdf_fs,ebpf,0,2155,5.32
cdf_fs,ebpf,0,2156,3.6
cdf_fs,ebpf,0,2157,5.4
cdf_fs,ebpf,0,2158,3.67
cdf_fs,ebpf,0,2159,5.87
cdf_fs,ebpf,0,2160,4.91
cdf_fs,ebpf,0,2161,5.32
cdf_fs,ebpf,0,2162,3.8
cdf_fs,ebpf,0,2163,5.44
cdf_fs,ebpf,0,2164,3.61
cdf_fs,ebpf,0,2165,5.46
cdf_fs,ebpf,0,2166,3.91
cdf_fs,ebpf,0,2167,4.92
cdf_fs,ebpf,0,2168,3.65
cdf_fs,ebpf,0,2169,5.25
cdf_fs,ebpf,0,2170,3.62
cdf_fs,ebpf,0,2171,5.82
cdf_fs,ebpf,0,2172,5.09
cdf_fs,ebpf,0,2173,5.13
cdf_fs,ebpf,0,2174,3.62
cdf_fs,ebpf,0,2175,5.25
cdf_fs,ebpf,0,2176,3.63
cdf_fs,ebpf,0,2177,5.07
cdf_fs,ebpf,0,2178,5.05
cdf_fs,ebpf,0,2179,4.79
cdf_fs,ebpf,0,2180,3.73
cdf_fs,ebpf,0,2181,5.4
cdf_fs,ebpf,0,2182,3.61
cdf_fs,ebpf,0,2183,5.72
cdf_fs,ebpf,0,2184,3.74
cdf_fs,ebpf,0,2185,5.18
cdf_fs,ebpf,0,2186,3.59
cdf_fs,ebpf,0,2187,5.07
cdf_fs,ebpf,0,2188,3.55
cdf_fs,ebpf,0,2189,4.85
cdf_fs,ebpf,0,2190,3.65
cdf_fs,ebpf,0,2191,4.95
cdf_fs,ebpf,0,2192,4.63
cdf_fs,ebpf,0,2193,5.03
cdf_fs,ebpf,0,2194,4.13
cdf_fs,ebpf,0,2195,4.83
cdf_fs,ebpf,0,2196,5.1
cdf_fs,ebpf,0,2197,4.79
cdf_fs,ebpf,0,2198,3.64
cdf_fs,ebpf,0,2199,4.84
cdf_fs,ebpf,0,2200,5.12
cdf_fs,ebpf,0,2201,4.9
cdf_fs,ebpf,0,2202,3.71
cdf_fs,ebpf,0,2203,4.74
cdf_fs,ebpf,0,2204,3.76
cdf_fs,ebpf,0,2205,4.72
cdf_fs,ebpf,0,2206,3.64
cdf_fs,ebpf,0,2207,5.31
cdf_fs,ebpf,0,2208,3.71
cdf_fs,ebpf,0,2209,4.9
cdf_fs,ebpf,0,2210,3.53
cdf_fs,ebpf,0,2211,4.94
cdf_fs,ebpf,0,2212,3.71
cdf_fs,ebpf,0,2213,5.29
cdf_fs,ebpf,0,2214,5.05
cdf_fs,ebpf,0,2215,4.92
cdf_fs,ebpf,0,2216,3.69
cdf_fs,ebpf,0,2217,5.23
cdf_fs,ebpf,0,2218,4.95
cdf_fs,ebpf,0,2219,5.59
cdf_fs,ebpf,0,2220,5.22
cdf_fs,ebpf,0,2221,5.61
cdf_fs,ebpf,0,2222,3.63
cdf_fs,ebpf,0,2223,5.12
cdf_fs,ebpf,0,2224,4.62
cdf_fs,ebpf,0,2225,5.5
cdf_fs,ebpf,0,2226,3.81
cdf_fs,ebpf,0,2227,5.4
cdf_fs,ebpf,0,2228,3.73
cdf_fs,ebpf,0,2229,5.29
cdf_fs,ebpf,0,2230,3.57
cdf_fs,ebpf,0,2231,4.97
cdf_fs,ebpf,0,2232,5.15
cdf_fs,ebpf,0,2233,5.12
cdf_fs,ebpf,0,2234,3.61
cdf_fs,ebpf,0,2235,4.96
cdf_fs,ebpf,0,2236,3.58
cdf_fs,ebpf,0,2237,4.86
cdf_fs,ebpf,0,2238,3.54
cdf_fs,ebpf,0,2239,4.94
cdf_fs,ebpf,0,2240,4.88
cdf_fs,ebpf,0,2241,5.65
cdf_fs,ebpf,0,2242,3.61
cdf_fs,ebpf,0,2243,5.34
cdf_fs,ebpf,0,2244,5.08
cdf_fs,ebpf,0,2245,5.47
cdf_fs,ebpf,0,2246,3.76
cdf_fs,ebpf,0,2247,5.29
cdf_fs,ebpf,0,2248,5.21
cdf_fs,ebpf,0,2249,5.11
cdf_fs,ebpf,0,2250,4.1
cdf_fs,ebpf,0,2251,4.89
cdf_fs,ebpf,0,2252,5.21
cdf_fs,ebpf,0,2253,4.86
cdf_fs,ebpf,0,2254,5.16
cdf_fs,ebpf,0,2255,5.39
cdf_fs,ebpf,0,2256,3.68
cdf_fs,ebpf,0,2257,5.56
cdf_fs,ebpf,0,2258,3.77
cdf_fs,ebpf,0,2259,5.12
cdf_fs,ebpf,0,2260,3.52
cdf_fs,ebpf,0,2261,4.79
cdf_fs,ebpf,0,2262,3.64
cdf_fs,ebpf,0,2263,5.16
cdf_fs,ebpf,0,2264,4.86
cdf_fs,ebpf,0,2265,5.44
cdf_fs,ebpf,0,2266,5.09
cdf_fs,ebpf,0,2267,4.99
cdf_fs,ebpf,0,2268,4.13
cdf_fs,ebpf,0,2269,5.01
cdf_fs,ebpf,0,2270,3.65
cdf_fs,ebpf,0,2271,9.62
cdf_fs,ebpf,0,2272,6.74
cdf_fs,ebpf,0,2273,4.81
cdf_fs,ebpf,0,2274,5.44
cdf_fs,ebpf,0,2275,3.66
cdf_fs,ebpf,0,2276,5.11
cdf_fs,ebpf,0,2277,3.67
cdf_fs,ebpf,0,2278,5.05
cdf_fs,ebpf,0,2279,5.02
cdf_fs,ebpf,0,2280,5.52
cdf_fs,ebpf,0,2281,4.12
cdf_fs,ebpf,0,2282,4.82
cdf_fs,ebpf,0,2283,3.86
cdf_fs,ebpf,0,2284,4.82
cdf_fs,ebpf,0,2285,5.13
cdf_fs,ebpf,0,2286,4.9
cdf_fs,ebpf,0,2287,5.0
cdf_fs,ebpf,0,2288,5.0
cdf_fs,ebpf,0,2289,5.08
cdf_fs,ebpf,0,2290,4.98
cdf_fs,ebpf,0,2291,4.91
cdf_fs,ebpf,0,2292,4.69
cdf_fs,ebpf,0,2293,4.78
cdf_fs,ebpf,0,2294,4.56
cdf_fs,ebpf,0,2295,5.07
cdf_fs,ebpf,0,2296,5.24
cdf_fs,ebpf,0,2297,5.08
cdf_fs,ebpf,0,2298,3.67
cdf_fs,ebpf,0,2299,4.8
cdf_fs,ebpf,0,2300,4.6
cdf_fs,ebpf,0,2301,5.38
cdf_fs,ebpf,0,2302,3.65
cdf_fs,ebpf,0,2303,5.01
cdf_fs,ebpf,0,2304,3.71
cdf_fs,ebpf,0,2305,5.44
cdf_fs,ebpf,0,2306,5.09
cdf_fs,ebpf,0,2307,5.04
cdf_fs,ebpf,0,2308,5.19
cdf_fs,ebpf,0,2309,5.65
cdf_fs,ebpf,0,2310,3.64
cdf_fs,ebpf,0,2311,4.95
cdf_fs,ebpf,0,2312,5.06
cdf_fs,ebpf,0,2313,5.4
cdf_fs,ebpf,0,2314,3.77
cdf_fs,ebpf,0,2315,4.89
cdf_fs,ebpf,0,2316,3.76
cdf_fs,ebpf,0,2317,5.55
cdf_fs,ebpf,0,2318,3.56
cdf_fs,ebpf,0,2319,5.57
cdf_fs,ebpf,0,2320,5.36
cdf_fs,ebpf,0,2321,4.98
cdf_fs,ebpf,0,2322,4.73
cdf_fs,ebpf,0,2323,5.26
cdf_fs,ebpf,0,2324,3.72
cdf_fs,ebpf,0,2325,5.39
cdf_fs,ebpf,0,2326,3.69
cdf_fs,ebpf,0,2327,5.05
cdf_fs,ebpf,0,2328,4.9
cdf_fs,ebpf,0,2329,4.93
cdf_fs,ebpf,0,2330,4.98
cdf_fs,ebpf,0,2331,4.86
cdf_fs,ebpf,0,2332,5.19
cdf_fs,ebpf,0,2333,5.46
cdf_fs,ebpf,0,2334,3.66
cdf_fs,ebpf,0,2335,5.06
cdf_fs,ebpf,0,2336,4.02
cdf_fs,ebpf,0,2337,5.89
cdf_fs,ebpf,0,2338,3.7
cdf_fs,ebpf,0,2339,5.71
cdf_fs,ebpf,0,2340,4.96
cdf_fs,ebpf,0,2341,5.38
cdf_fs,ebpf,0,2342,5.07
cdf_fs,ebpf,0,2343,5.4
cdf_fs,ebpf,0,2344,5.29
cdf_fs,ebpf,0,2345,4.93
cdf_fs,ebpf,0,2346,5.14
cdf_fs,ebpf,0,2347,5.01
cdf_fs,ebpf,0,2348,4.27
cdf_fs,ebpf,0,2349,4.96
cdf_fs,ebpf,0,2350,5.1
cdf_fs,ebpf,0,2351,5.4
cdf_fs,ebpf,0,2352,5.06
cdf_fs,ebpf,0,2353,5.33
cdf_fs,ebpf,0,2354,3.67
cdf_fs,ebpf,0,2355,5.0
cdf_fs,ebpf,0,2356,4.68
cdf_fs,ebpf,0,2357,4.96
cdf_fs,ebpf,0,2358,5.06
cdf_fs,ebpf,0,2359,5.05
cdf_fs,ebpf,0,2360,3.5
cdf_fs,ebpf,0,2361,4.83
cdf_fs,ebpf,0,2362,3.76
cdf_fs,ebpf,0,2363,3.63
cdf_fs,ebpf,0,2364,3.75
cdf_fs,ebpf,0,2365,3.7
cdf_fs,ebpf,0,2366,4.71
cdf_fs,ebpf,0,2367,5.48
cdf_fs,ebpf,0,2368,3.71
cdf_fs,ebpf,0,2369,5.12
cdf_fs,ebpf,0,2370,4.84
cdf_fs,ebpf,0,2371,3.57
cdf_fs,ebpf,0,2372,5.14
cdf_fs,ebpf,0,2373,5.5
cdf_fs,ebpf,0,2374,3.66
cdf_fs,ebpf,0,2375,3.71
cdf_fs,ebpf,0,2376,5.03
cdf_fs,ebpf,0,2377,5.38
cdf_fs,ebpf,0,2378,4.06
cdf_fs,ebpf,0,2379,4.05
cdf_fs,ebpf,0,2380,4.74
cdf_fs,ebpf,0,2381,5.52
cdf_fs,ebpf,0,2382,3.68
cdf_fs,ebpf,0,2383,4.49
cdf_fs,ebpf,0,2384,5.27
cdf_fs,ebpf,0,2385,3.78
cdf_fs,ebpf,0,2386,4.97
cdf_fs,ebpf,0,2387,5.52
cdf_fs,ebpf,0,2388,3.77
cdf_fs,ebpf,0,2389,3.59
cdf_fs,ebpf,0,2390,5.36
cdf_fs,ebpf,0,2391,4.01
cdf_fs,ebpf,0,2392,3.65
cdf_fs,ebpf,0,2393,3.71
cdf_fs,ebpf,0,2394,4.09
cdf_fs,ebpf,0,2395,4.53
cdf_fs,ebpf,0,2396,4.88
cdf_fs,ebpf,0,2397,3.54
cdf_fs,ebpf,0,2398,3.52
cdf_fs,ebpf,0,2399,5.04
cdf_fs,ebpf,0,2400,4.26
cdf_fs,ebpf,0,2401,4.6
cdf_fs,ebpf,0,2402,5.33
cdf_fs,ebpf,0,2403,4.08
cdf_fs,ebpf,0,2404,3.43
cdf_fs,ebpf,0,2405,4.49
cdf_fs,ebpf,0,2406,5.11
cdf_fs,ebpf,0,2407,3.73
cdf_fs,ebpf,0,2408,3.57
cdf_fs,ebpf,0,2409,4.19
cdf_fs,ebpf,0,2410,5.17
cdf_fs,ebpf,0,2411,3.58
cdf_fs,ebpf,0,2412,5.13
cdf_fs,ebpf,0,2413,5.37
cdf_fs,ebpf,0,2414,4.26
cdf_fs,ebpf,0,2415,4.98
cdf_fs,ebpf,0,2416,4.9
cdf_fs,ebpf,0,2417,4.89
cdf_fs,ebpf,0,2418,3.84
cdf_fs,ebpf,0,2419,5.11
cdf_fs,ebpf,0,2420,4.32
cdf_fs,ebpf,0,2421,5.02
cdf_fs,ebpf,0,2422,4.94
cdf_fs,ebpf,0,2423,4.14
cdf_fs,ebpf,0,2424,3.98
cdf_fs,ebpf,0,2425,4.72
cdf_fs,ebpf,0,2426,5.0
cdf_fs,ebpf,0,2427,3.67
cdf_fs,ebpf,0,2428,3.97
cdf_fs,ebpf,0,2429,4.86
cdf_fs,ebpf,0,2430,5.04
cdf_fs,ebpf,0,2431,3.79
cdf_fs,ebpf,0,2432,3.72
cdf_fs,ebpf,0,2433,5.86
cdf_fs,ebpf,0,2434,3.7
cdf_fs,ebpf,0,2435,4.45
cdf_fs,ebpf,0,2436,4.61
cdf_fs,ebpf,0,2437,5.53
cdf_fs,ebpf,0,2438,3.82
cdf_fs,ebpf,0,2439,3.64
cdf_fs,ebpf,0,2440,4.5
cdf_fs,ebpf,0,2441,5.43
cdf_fs,ebpf,0,2442,4.29
cdf_fs,ebpf,0,2443,5.69
cdf_fs,ebpf,0,2444,3.65
cdf_fs,ebpf,0,2445,3.81
cdf_fs,ebpf,0,2446,4.65
cdf_fs,ebpf,0,2447,4.96
cdf_fs,ebpf,0,2448,3.77
cdf_fs,ebpf,0,2449,5.03
cdf_fs,ebpf,0,2450,4.79
cdf_fs,ebpf,0,2451,3.6
cdf_fs,ebpf,0,2452,3.73
cdf_fs,ebpf,0,2453,3.63
cdf_fs,ebpf,0,2454,4.37
cdf_fs,ebpf,0,2455,5.24
cdf_fs,ebpf,0,2456,4.05
cdf_fs,ebpf,0,2457,3.68
cdf_fs,ebpf,0,2458,5.36
cdf_fs,ebpf,0,2459,3.68
cdf_fs,ebpf,0,2460,3.47
cdf_fs,ebpf,0,2461,4.6
cdf_fs,ebpf,0,2462,4.87
cdf_fs,ebpf,0,2463,3.98
cdf_fs,ebpf,0,2464,3.5
cdf_fs,ebpf,0,2465,4.87
cdf_fs,ebpf,0,2466,3.44
cdf_fs,ebpf,0,2467,3.69
cdf_fs,ebpf,0,2468,5.24
cdf_fs,ebpf,0,2469,4.99
cdf_fs,ebpf,0,2470,4.01
cdf_fs,ebpf,0,2471,4.92
cdf_fs,ebpf,0,2472,4.86
cdf_fs,ebpf,0,2473,4.02
cdf_fs,ebpf,0,2474,4.13
cdf_fs,ebpf,0,2475,4.9
cdf_fs,ebpf,0,2476,3.71
cdf_fs,ebpf,0,2477,4.99
cdf_fs,ebpf,0,2478,4.75
cdf_fs,ebpf,0,2479,4.14
cdf_fs,ebpf,0,2480,5.07
cdf_fs,ebpf,0,2481,9.99
cdf_fs,ebpf,0,2482,4.14
cdf_fs,ebpf,0,2483,3.76
cdf_fs,ebpf,0,2484,3.64
cdf_fs,ebpf,0,2485,4.89
cdf_fs,ebpf,0,2486,4.27
cdf_fs,ebpf,0,2487,5.2
cdf_fs,ebpf,0,2488,4.97
cdf_fs,ebpf,0,2489,4.0
cdf_fs,ebpf,0,2490,4.55
cdf_fs,ebpf,0,2491,5.64
cdf_fs,ebpf,0,2492,3.85
cdf_fs,ebpf,0,2493,3.72
cdf_fs,ebpf,0,2494,4.1
cdf_fs,ebpf,0,2495,5.5
cdf_fs,ebpf,0,2496,3.64
cdf_fs,ebpf,0,2497,3.51
cdf_fs,ebpf,0,2498,4.12
cdf_fs,ebpf,0,2499,4.7
cdf_fs,ebpf,0,2500,5.48
cdf_fs,ebpf,0,2501,4.16
cdf_fs,ebpf,0,2502,4.57
cdf_fs,ebpf,0,2503,5.33
cdf_fs,ebpf,0,2504,3.79
cdf_fs,ebpf,0,2505,4.36
cdf_fs,ebpf,0,2506,4.97
cdf_fs,ebpf,0,2507,3.74
cdf_fs,ebpf,0,2508,3.55
cdf_fs,ebpf,0,2509,5.6
cdf_fs,ebpf,0,2510,3.75
cdf_fs,ebpf,0,2511,4.11
cdf_fs,ebpf,0,2512,3.57
cdf_fs,ebpf,0,2513,5.85
cdf_fs,ebpf,0,2514,4.17
cdf_fs,ebpf,0,2515,5.22
cdf_fs,ebpf,0,2516,5.01
cdf_fs,ebpf,0,2517,3.89
cdf_fs,ebpf,0,2518,3.59
cdf_fs,ebpf,0,2519,5.32
cdf_fs,ebpf,0,2520,4.07
cdf_fs,ebpf,0,2521,5.16
cdf_fs,ebpf,0,2522,4.78
cdf_fs,ebpf,0,2523,3.67
cdf_fs,ebpf,0,2524,3.74
cdf_fs,ebpf,0,2525,4.08
cdf_fs,ebpf,0,2526,5.05
cdf_fs,ebpf,0,2527,3.53
cdf_fs,ebpf,0,2528,3.68
cdf_fs,ebpf,0,2529,5.13
cdf_fs,ebpf,0,2530,4.93
cdf_fs,ebpf,0,2531,3.66
cdf_fs,ebpf,0,2532,4.1
cdf_fs,ebpf,0,2533,4.51
cdf_fs,ebpf,0,2534,4.81
cdf_fs,ebpf,0,2535,3.63
cdf_fs,ebpf,0,2536,4.42
cdf_fs,ebpf,0,2537,4.45
cdf_fs,ebpf,0,2538,5.07
cdf_fs,ebpf,0,2539,3.6
cdf_fs,ebpf,0,2540,3.45
cdf_fs,ebpf,0,2541,4.29
cdf_fs,ebpf,0,2542,5.55
cdf_fs,ebpf,0,2543,3.61
cdf_fs,ebpf,0,2544,4.56
cdf_fs,ebpf,0,2545,5.73
cdf_fs,ebpf,0,2546,3.65
cdf_fs,ebpf,0,2547,5.41
cdf_fs,ebpf,0,2548,5.36
cdf_fs,ebpf,0,2549,3.63
cdf_fs,ebpf,0,2550,3.66
cdf_fs,ebpf,0,2551,4.43
cdf_fs,ebpf,0,2552,5.57
cdf_fs,ebpf,0,2553,4.54
cdf_fs,ebpf,0,2554,4.41
cdf_fs,ebpf,0,2555,4.85
cdf_fs,ebpf,0,2556,3.51
cdf_fs,ebpf,0,2557,3.61
cdf_fs,ebpf,0,2558,3.71
cdf_fs,ebpf,0,2559,4.98
cdf_fs,ebpf,0,2560,5.16
cdf_fs,ebpf,0,2561,3.62
cdf_fs,ebpf,0,2562,4.19
cdf_fs,ebpf,0,2563,5.26
cdf_fs,ebpf,0,2564,3.62
cdf_fs,ebpf,0,2565,4.64
cdf_fs,ebpf,0,2566,5.65
cdf_fs,ebpf,0,2567,4.27
cdf_fs,ebpf,0,2568,4.96
cdf_fs,ebpf,0,2569,5.01
cdf_fs,ebpf,0,2570,3.66
cdf_fs,ebpf,0,2571,3.61
cdf_fs,ebpf,0,2572,3.68
cdf_fs,ebpf,0,2573,4.33
cdf_fs,ebpf,0,2574,4.86
cdf_fs,ebpf,0,2575,3.66
cdf_fs,ebpf,0,2576,5.03
cdf_fs,ebpf,0,2577,5.71
cdf_fs,ebpf,0,2578,3.66
cdf_fs,ebpf,0,2579,4.15
cdf_fs,ebpf,0,2580,4.4
cdf_fs,ebpf,0,2581,5.02
cdf_fs,ebpf,0,2582,3.77
cdf_fs,ebpf,0,2583,3.49
cdf_fs,ebpf,0,2584,4.7
cdf_fs,ebpf,0,2585,4.55
cdf_fs,ebpf,0,2586,5.64
cdf_fs,ebpf,0,2587,3.73
cdf_fs,ebpf,0,2588,5.06
cdf_fs,ebpf,0,2589,5.45
cdf_fs,ebpf,0,2590,3.57
cdf_fs,ebpf,0,2591,3.51
cdf_fs,ebpf,0,2592,3.54
cdf_fs,ebpf,0,2593,4.41
cdf_fs,ebpf,0,2594,4.91
cdf_fs,ebpf,0,2595,3.56
cdf_fs,ebpf,0,2596,5.01
cdf_fs,ebpf,0,2597,5.72
cdf_fs,ebpf,0,2598,3.69
cdf_fs,ebpf,0,2599,3.47
cdf_fs,ebpf,0,2600,4.55
cdf_fs,ebpf,0,2601,4.51
cdf_fs,ebpf,0,2602,4.74
cdf_fs,ebpf,0,2603,4.17
cdf_fs,ebpf,0,2604,5.07
cdf_fs,ebpf,0,2605,5.12
cdf_fs,ebpf,0,2606,3.6
cdf_fs,ebpf,0,2607,4.06
cdf_fs,ebpf,0,2608,4.87
cdf_fs,ebpf,0,2609,3.61
cdf_fs,ebpf,0,2610,3.47
cdf_fs,ebpf,0,2611,5.33
cdf_fs,ebpf,0,2612,3.75
cdf_fs,ebpf,0,2613,4.49
cdf_fs,ebpf,0,2614,5.44
cdf_fs,ebpf,0,2615,3.76
cdf_fs,ebpf,0,2616,3.87
cdf_fs,ebpf,0,2617,3.61
cdf_fs,ebpf,0,2618,5.35
cdf_fs,ebpf,0,2619,5.15
cdf_fs,ebpf,0,2620,3.95
cdf_fs,ebpf,0,2621,3.81
cdf_fs,ebpf,0,2622,3.64
cdf_fs,ebpf,0,2623,6.04
cdf_fs,ebpf,0,2624,3.69
cdf_fs,ebpf,0,2625,3.59
cdf_fs,ebpf,0,2626,4.94
cdf_fs,ebpf,0,2627,5.63
cdf_fs,ebpf,0,2628,3.78
cdf_fs,ebpf,0,2629,3.78
cdf_fs,ebpf,0,2630,4.62
cdf_fs,ebpf,0,2631,5.36
cdf_fs,ebpf,0,2632,3.6
cdf_fs,ebpf,0,2633,5.07
cdf_fs,ebpf,0,2634,5.09
cdf_fs,ebpf,0,2635,4.0
cdf_fs,ebpf,0,2636,4.42
cdf_fs,ebpf,0,2637,4.42
cdf_fs,ebpf,0,2638,4.91
cdf_fs,ebpf,0,2639,3.69
cdf_fs,ebpf,0,2640,3.74
cdf_fs,ebpf,0,2641,5.48
cdf_fs,ebpf,0,2642,3.57
cdf_fs,ebpf,0,2643,4.89
cdf_fs,ebpf,0,2644,4.93
cdf_fs,ebpf,0,2645,3.55
cdf_fs,ebpf,0,2646,3.62
cdf_fs,ebpf,0,2647,5.19
cdf_fs,ebpf,0,2648,5.06
cdf_fs,ebpf,0,2649,4.05
cdf_fs,ebpf,0,2650,5.07
cdf_fs,ebpf,0,2651,5.4
cdf_fs,ebpf,0,2652,4.25
cdf_fs,ebpf,0,2653,4.42
cdf_fs,ebpf,0,2654,5.6
cdf_fs,ebpf,0,2655,3.56
cdf_fs,ebpf,0,2656,3.58
cdf_fs,ebpf,0,2657,4.05
cdf_fs,ebpf,0,2658,5.8
cdf_fs,ebpf,0,2659,4.14
cdf_fs,ebpf,0,2660,4.85
cdf_fs,ebpf,0,2661,5.34
cdf_fs,ebpf,0,2662,4.28
cdf_fs,ebpf,0,2663,4.47
cdf_fs,ebpf,0,2664,4.89
cdf_fs,ebpf,0,2665,3.59
cdf_fs,ebpf,0,2666,4.56
cdf_fs,ebpf,0,2667,4.89
cdf_fs,ebpf,0,2668,3.53
cdf_fs,ebpf,0,2669,3.65
cdf_fs,ebpf,0,2670,4.4
cdf_fs,ebpf,0,2671,4.98
cdf_fs,ebpf,0,2672,3.52
cdf_fs,ebpf,0,2673,5.25
cdf_fs,ebpf,0,2674,3.73
cdf_fs,ebpf,0,2675,3.72
cdf_fs,ebpf,0,2676,4.21
cdf_fs,ebpf,0,2677,4.65
cdf_fs,ebpf,0,2678,4.87
cdf_fs,ebpf,0,2679,4.18
cdf_fs,ebpf,0,2680,4.94
cdf_fs,ebpf,0,2681,5.41
cdf_fs,ebpf,0,2682,4.07
cdf_fs,ebpf,0,2683,3.63
cdf_fs,ebpf,0,2684,5.65
cdf_fs,ebpf,0,2685,3.69
cdf_fs,ebpf,0,2686,3.51
cdf_fs,ebpf,0,2687,4.47
cdf_fs,ebpf,0,2688,4.49
cdf_fs,ebpf,0,2689,5.4
cdf_fs,ebpf,0,2690,3.72
cdf_fs,ebpf,0,2691,3.76
cdf_fs,ebpf,0,2692,4.85
cdf_fs,ebpf,0,2693,5.21
cdf_fs,ebpf,0,2694,3.65
cdf_fs,ebpf,0,2695,4.12
cdf_fs,ebpf,0,2696,4.81
cdf_fs,ebpf,0,2697,4.88
cdf_fs,ebpf,0,2698,3.65
cdf_fs,ebpf,0,2699,10.03
cdf_fs,ebpf,0,2700,6.47
cdf_fs,ebpf,0,2701,5.2
cdf_fs,ebpf,0,2702,4.84
cdf_fs,ebpf,0,2703,4.2
cdf_fs,ebpf,0,2704,3.77
cdf_fs,ebpf,0,2705,4.59
cdf_fs,ebpf,0,2706,5.0
cdf_fs,ebpf,0,2707,3.72
cdf_fs,ebpf,0,2708,3.75
cdf_fs,ebpf,0,2709,5.0
cdf_fs,ebpf,0,2710,5.52
cdf_fs,ebpf,0,2711,4.19
cdf_fs,ebpf,0,2712,3.57
cdf_fs,ebpf,0,2713,4.39
cdf_fs,ebpf,0,2714,5.18
cdf_fs,ebpf,0,2715,3.79
cdf_fs,ebpf,0,2716,3.8
cdf_fs,ebpf,0,2717,5.66
cdf_fs,ebpf,0,2718,4.06
cdf_fs,ebpf,0,2719,3.96
cdf_fs,ebpf,0,2720,3.79
cdf_fs,ebpf,0,2721,5.41
cdf_fs,ebpf,0,2722,4.01
cdf_fs,ebpf,0,2723,5.07
cdf_fs,ebpf,0,2724,5.22
cdf_fs,ebpf,0,2725,3.49
cdf_fs,ebpf,0,2726,4.08
cdf_fs,ebpf,0,2727,4.68
cdf_fs,ebpf,0,2728,5.18
cdf_fs,ebpf,0,2729,4.16
cdf_fs,ebpf,0,2730,5.01
cdf_fs,ebpf,0,2731,5.12
cdf_fs,ebpf,0,2732,4.25
cdf_fs,ebpf,0,2733,4.44
cdf_fs,ebpf,0,2734,4.49
cdf_fs,ebpf,0,2735,5.5
cdf_fs,ebpf,0,2736,4.09
cdf_fs,ebpf,0,2737,3.47
cdf_fs,ebpf,0,2738,5.52
cdf_fs,ebpf,0,2739,3.82
cdf_fs,ebpf,0,2740,4.73
cdf_fs,ebpf,0,2741,5.37
cdf_fs,ebpf,0,2742,3.7
cdf_fs,ebpf,0,2743,3.8
cdf_fs,ebpf,0,2744,4.95
cdf_fs,ebpf,0,2745,4.93
cdf_fs,ebpf,0,2746,3.8
cdf_fs,ebpf,0,2747,4.07
cdf_fs,ebpf,0,2748,4.84
cdf_fs,ebpf,0,2749,3.59
cdf_fs,ebpf,0,2750,3.81
cdf_fs,ebpf,0,2751,5.16
cdf_fs,ebpf,0,2752,4.98
cdf_fs,ebpf,0,2753,3.74
cdf_fs,ebpf,0,2754,4.04
cdf_fs,ebpf,0,2755,4.4
cdf_fs,ebpf,0,2756,5.31
cdf_fs,ebpf,0,2757,3.71
cdf_fs,ebpf,0,2758,5.68
cdf_fs,ebpf,0,2759,4.54
cdf_fs,ebpf,0,2760,4.61
cdf_fs,ebpf,0,2761,5.16
cdf_fs,ebpf,0,2762,3.99
cdf_fs,ebpf,0,2763,3.59
cdf_fs,ebpf,0,2764,3.66
cdf_fs,ebpf,0,2765,4.72
cdf_fs,ebpf,0,2766,5.11
cdf_fs,ebpf,0,2767,3.82
cdf_fs,ebpf,0,2768,3.6
cdf_fs,ebpf,0,2769,4.39
cdf_fs,ebpf,0,2770,5.05
cdf_fs,ebpf,0,2771,4.23
cdf_fs,ebpf,0,2772,3.851
cdf_fs,ebpf,0,2773,4.849
cdf_fs,ebpf,0,2774,3.711
cdf_fs,ebpf,0,2775,3.8
cdf_fs,ebpf,0,2776,4.9
cdf_fs,ebpf,0,2777,4.26
cdf_fs,ebpf,0,2778,4.38
cdf_fs,ebpf,0,2779,4.689
cdf_fs,ebpf,0,2780,5.531
cdf_fs,ebpf,0,2781,3.631
cdf_fs,ebpf,0,2782,4.68
cdf_fs,ebpf,0,2783,5.229
cdf_fs,ebpf,0,2784,4.051
cdf_fs,ebpf,0,2785,4.429
cdf_fs,ebpf,0,2786,3.62
cdf_fs,ebpf,0,2787,5.091
cdf_fs,ebpf,0,2788,5.44
cdf_fs,ebpf,0,2789,3.711
cdf_fs,ebpf,0,2790,4.051
cdf_fs,ebpf,0,2791,4.431
cdf_fs,ebpf,0,2792,5.46
cdf_fs,ebpf,0,2793,4.12
cdf_fs,ebpf,0,2794,3.64
cdf_fs,ebpf,0,2795,3.649
cdf_fs,ebpf,0,2796,5.031
cdf_fs,ebpf,0,2797,4.1
cdf_fs,ebpf,0,2798,4.54
cdf_fs,ebpf,0,2799,5.46
cdf_fs,ebpf,0,2800,3.911
cdf_fs,ebpf,0,2801,4.82
cdf_fs,ebpf,0,2802,3.8
cdf_fs,ebpf,0,2803,4.92
cdf_fs,ebpf,0,2804,4.78
cdf_fs,ebpf,0,2805,3.5
cdf_fs,ebpf,0,2806,3.72
cdf_fs,ebpf,0,2807,4.989
cdf_fs,ebpf,0,2808,4.351
cdf_fs,ebpf,0,2809,3.709
cdf_fs,ebpf,0,2810,5.46
cdf_fs,ebpf,0,2811,4.131
cdf_fs,ebpf,0,2812,4.84
cdf_fs,ebpf,0,2813,5.629
cdf_fs,ebpf,0,2814,4.04
cdf_fs,ebpf,0,2815,3.631
cdf_fs,ebpf,0,2816,5.24
cdf_fs,ebpf,0,2817,3.82
cdf_fs,ebpf,0,2818,3.7
cdf_fs,ebpf,0,2819,4.22
cdf_fs,ebpf,0,2820,4.64
cdf_fs,ebpf,0,2821,5.369
cdf_fs,ebpf,0,2822,3.56
cdf_fs,ebpf,0,2823,4.1
cdf_fs,ebpf,0,2824,4.991
cdf_fs,ebpf,0,2825,4.949
cdf_fs,ebpf,0,2826,3.72
cdf_fs,ebpf,0,2827,5.12
cdf_fs,ebpf,0,2828,5.52
cdf_fs,ebpf,0,2829,3.629
cdf_fs,ebpf,0,2830,4.12
cdf_fs,ebpf,0,2831,4.429
cdf_fs,ebpf,0,2832,5.111
cdf_fs,ebpf,0,2833,3.569
cdf_fs,ebpf,0,2834,4.189
cdf_fs,ebpf,0,2835,4.9
cdf_fs,ebpf,0,2836,3.64
cdf_fs,ebpf,0,2837,4.86
cdf_fs,ebpf,0,2838,3.591
cdf_fs,ebpf,0,2839,5.62
cdf_fs,ebpf,0,2840,4.1
cdf_fs,ebpf,0,2841,3.62
cdf_fs,ebpf,0,2842,5.331
cdf_fs,ebpf,0,2843,3.911
cdf_fs,ebpf,0,2844,4.78
cdf_fs,ebpf,0,2845,4.811
cdf_fs,ebpf,0,2846,4.06
cdf_fs,ebpf,0,2847,4.42
cdf_fs,ebpf,0,2848,5.851
cdf_fs,ebpf,0,2849,4.88
cdf_fs,ebpf,0,2850,4.931
cdf_fs,ebpf,0,2851,4.94
cdf_fs,ebpf,0,2852,5.48
cdf_fs,ebpf,0,2853,4.049
cdf_fs,ebpf,0,2854,4.02
cdf_fs,ebpf,0,2855,4.769
cdf_fs,ebpf,0,2856,4.94
cdf_fs,ebpf,0,2857,3.72
cdf_fs,ebpf,0,2858,3.78
cdf_fs,ebpf,0,2859,5.289
cdf_fs,ebpf,0,2860,4.149
cdf_fs,ebpf,0,2861,6.349
cdf_fs,ebpf,0,2862,3.56
cdf_fs,ebpf,0,2863,3.831
cdf_fs,ebpf,0,2864,4.531
cdf_fs,ebpf,0,2865,4.88
cdf_fs,ebpf,0,2866,3.629
cdf_fs,ebpf,0,2867,3.591
cdf_fs,ebpf,0,2868,3.729
cdf_fs,ebpf,0,2869,4.531
cdf_fs,ebpf,0,2870,5.48
cdf_fs,ebpf,0,2871,4.049
cdf_fs,ebpf,0,2872,3.98
cdf_fs,ebpf,0,2873,4.829
cdf_fs,ebpf,0,2874,5.32
cdf_fs,ebpf,0,2875,3.87
cdf_fs,ebpf,0,2876,3.83
cdf_fs,ebpf,0,2877,5.22
cdf_fs,ebpf,0,2878,3.84
cdf_fs,ebpf,0,2879,5.2
cdf_fs,ebpf,0,2880,5.04
cdf_fs,ebpf,0,2881,3.6
cdf_fs,ebpf,0,2882,3.8
cdf_fs,ebpf,0,2883,4.13
cdf_fs,ebpf,0,2884,3.63
cdf_fs,ebpf,0,2885,5.02
cdf_fs,ebpf,0,2886,5.36
cdf_fs,ebpf,0,2887,3.68
cdf_fs,ebpf,0,2888,3.58
cdf_fs,ebpf,0,2889,4.45
cdf_fs,ebpf,0,2890,4.95
cdf_fs,ebpf,0,2891,4.06
cdf_fs,ebpf,0,2892,4.34
cdf_fs,ebpf,0,2893,5.48
cdf_fs,ebpf,0,2894,3.6
cdf_fs,ebpf,0,2895,3.71
cdf_fs,ebpf,0,2896,4.59
cdf_fs,ebpf,0,2897,4.66
cdf_fs,ebpf,0,2898,4.78
cdf_fs,ebpf,0,2899,3.79
cdf_fs,ebpf,0,2900,4.51
cdf_fs,ebpf,0,2901,4.96
cdf_fs,ebpf,0,2902,3.83
cdf_fs,ebpf,0,2903,4.67
cdf_fs,ebpf,0,2904,5.01
cdf_fs,ebpf,0,2905,3.64
cdf_fs,ebpf,0,2906,3.52
cdf_fs,ebpf,0,2907,5.02
cdf_fs,ebpf,0,2908,4.33
cdf_fs,ebpf,0,2909,5.07
cdf_fs,ebpf,0,2910,5.13
cdf_fs,ebpf,0,2911,3.53
cdf_fs,ebpf,0,2912,3.86
cdf_fs,ebpf,0,2913,3.43
cdf_fs,ebpf,0,2914,4.77
cdf_fs,ebpf,0,2915,4.89
cdf_fs,ebpf,0,2916,9.16
cdf_fs,ebpf,0,2917,4.78
cdf_fs,ebpf,0,2918,5.52
cdf_fs,ebpf,0,2919,4.25
cdf_fs,ebpf,0,2920,3.62
cdf_fs,ebpf,0,2921,4.86
cdf_fs,ebpf,0,2922,3.73
cdf_fs,ebpf,0,2923,5.28
cdf_fs,ebpf,0,2924,5.16
cdf_fs,ebpf,0,2925,3.62
cdf_fs,ebpf,0,2926,3.56
cdf_fs,ebpf,0,2927,3.61
cdf_fs,ebpf,0,2928,3.6
cdf_fs,ebpf,0,2929,5.05
cdf_fs,ebpf,0,2930,4.53
cdf_fs,ebpf,0,2931,4.89
cdf_fs,ebpf,0,2932,5.61
cdf_fs,ebpf,0,2933,3.7
cdf_fs,ebpf,0,2934,3.66
cdf_fs,ebpf,0,2935,5.48
cdf_fs,ebpf,0,2936,3.73
cdf_fs,ebpf,0,2937,4.94
cdf_fs,ebpf,0,2938,5.67
cdf_fs,ebpf,0,2939,3.83
cdf_fs,ebpf,0,2940,4.14
cdf_fs,ebpf,0,2941,5.02
cdf_fs,ebpf,0,2942,4.22
cdf_fs,ebpf,0,2943,3.72
cdf_fs,ebpf,0,2944,4.65
cdf_fs,ebpf,0,2945,5.14
cdf_fs,ebpf,0,2946,3.6
cdf_fs,ebpf,0,2947,3.67
cdf_fs,ebpf,0,2948,5.51
cdf_fs,ebpf,0,2949,3.67
cdf_fs,ebpf,0,2950,3.55
cdf_fs,ebpf,0,2951,4.95
cdf_fs,ebpf,0,2952,4.87
cdf_fs,ebpf,0,2953,4.19
cdf_fs,ebpf,0,2954,4.44
cdf_fs,ebpf,0,2955,5.38
cdf_fs,ebpf,0,2956,3.72
cdf_fs,ebpf,0,2957,3.69
cdf_fs,ebpf,0,2958,3.63
cdf_fs,ebpf,0,2959,4.57
cdf_fs,ebpf,0,2960,5.35
cdf_fs,ebpf,0,2961,3.73
cdf_fs,ebpf,0,2962,4.13
cdf_fs,ebpf,0,2963,4.64
cdf_fs,ebpf,0,2964,5.74
cdf_fs,ebpf,0,2965,3.71
cdf_fs,ebpf,0,2966,4.16
cdf_fs,ebpf,0,2967,4.54
cdf_fs,ebpf,0,2968,4.98
cdf_fs,ebpf,0,2969,3.81
cdf_fs,ebpf,0,2970,3.48
cdf_fs,ebpf,0,2971,5.15
cdf_fs,ebpf,0,2972,5.2
cdf_fs,ebpf,0,2973,3.79
cdf_fs,ebpf,0,2974,5.07
cdf_fs,ebpf,0,2975,4.79
cdf_fs,ebpf,0,2976,4.21
cdf_fs,ebpf,0,2977,5.83
cdf_fs,ebpf,0,2978,4.12
cdf_fs,ebpf,0,2979,4.19
cdf_fs,ebpf,0,2980,4.91
cdf_fs,ebpf,0,2981,4.24
cdf_fs,ebpf,0,2982,3.5
cdf_fs,ebpf,0,2983,4.96
cdf_fs,ebpf,0,2984,5.38
cdf_fs,ebpf,0,2985,3.73
cdf_fs,ebpf,0,2986,3.66
cdf_fs,ebpf,0,2987,3.59
cdf_fs,ebpf,0,2988,5.39
cdf_fs,ebpf,0,2989,3.74
cdf_fs,ebpf,0,2990,3.47
cdf_fs,ebpf,0,2991,4.46
cdf_fs,ebpf,0,2992,5.76
cdf_fs,ebpf,0,2993,3.72
cdf_fs,ebpf,0,2994,4.01
cdf_fs,ebpf,0,2995,4.93
cdf_fs,ebpf,0,2996,4.06
cdf_fs,ebpf,0,2997,5.06
cdf_fs,ebpf,0,2998,4.95
cdf_fs,ebpf,0,2999,3.64
cdf_fs,ebpf,0,3000,3.69
cdf_fs,ebpf,0,3001,3.96
cdf_fs,ebpf,0,3002,4.9
cdf_fs,ebpf,0,3003,3.77
cdf_fs,ebpf,0,3004,5.05
cdf_fs,ebpf,0,3005,5.59
cdf_fs,ebpf,0,3006,3.79
cdf_fs,ebpf,0,3007,3.73
cdf_fs,ebpf,0,3008,4.44
cdf_fs,ebpf,0,3009,4.53
cdf_fs,ebpf,0,3010,5.04
cdf_fs,ebpf,0,3011,3.53
cdf_fs,ebpf,0,3012,4.63
cdf_fs,ebpf,0,3013,4.9
cdf_fs,ebpf,0,3014,3.58
cdf_fs,ebpf,0,3015,3.71
cdf_fs,ebpf,0,3016,3.7
cdf_fs,ebpf,0,3017,4.69
cdf_fs,ebpf,0,3018,5.16
cdf_fs,ebpf,0,3019,3.52
cdf_fs,ebpf,0,3020,4.63
cdf_fs,ebpf,0,3021,4.91
cdf_fs,ebpf,0,3022,3.65
cdf_fs,ebpf,0,3023,3.68
cdf_fs,ebpf,0,3024,4.95
cdf_fs,ebpf,0,3025,3.75
cdf_fs,ebpf,0,3026,4.66
cdf_fs,ebpf,0,3027,4.97
cdf_fs,ebpf,0,3028,3.69
cdf_fs,ebpf,0,3029,4.48
cdf_fs,ebpf,0,3030,4.43
cdf_fs,ebpf,0,3031,3.69
cdf_fs,ebpf,0,3032,5.07
cdf_fs,ebpf,0,3033,5.72
cdf_fs,ebpf,0,3034,3.8
cdf_fs,ebpf,0,3035,4.93
cdf_fs,ebpf,0,3036,5.02
cdf_fs,ebpf,0,3037,3.69
cdf_fs,ebpf,0,3038,3.59
cdf_fs,ebpf,0,3039,5.32
cdf_fs,ebpf,0,3040,3.72
cdf_fs,ebpf,0,3041,4.64
cdf_fs,ebpf,0,3042,4.92
cdf_fs,ebpf,0,3043,3.57
cdf_fs,ebpf,0,3044,3.7
cdf_fs,ebpf,0,3045,3.48
cdf_fs,ebpf,0,3046,3.65
cdf_fs,ebpf,0,3047,5.25
cdf_fs,ebpf,0,3048,4.95
cdf_fs,ebpf,0,3049,3.75
cdf_fs,ebpf,0,3050,3.71
cdf_fs,ebpf,0,3051,4.36
cdf_fs,ebpf,0,3052,5.0
cdf_fs,ebpf,0,3053,3.68
cdf_fs,ebpf,0,3054,3.74
cdf_fs,ebpf,0,3055,5.12
cdf_fs,ebpf,0,3056,3.67
cdf_fs,ebpf,0,3057,4.9
cdf_fs,ebpf,0,3058,5.04
cdf_fs,ebpf,0,3059,3.6
cdf_fs,ebpf,0,3060,3.53
cdf_fs,ebpf,0,3061,4.65
cdf_fs,ebpf,0,3062,4.88
cdf_fs,ebpf,0,3063,4.1
cdf_fs,ebpf,0,3064,4.74
cdf_fs,ebpf,0,3065,4.49
cdf_fs,ebpf,0,3066,5.02
cdf_fs,ebpf,0,3067,3.81
cdf_fs,ebpf,0,3068,3.64
cdf_fs,ebpf,0,3069,4.89
cdf_fs,ebpf,0,3070,3.6
cdf_fs,ebpf,0,3071,4.67
cdf_fs,ebpf,0,3072,4.49
cdf_fs,ebpf,0,3073,5.08
cdf_fs,ebpf,0,3074,3.53
cdf_fs,ebpf,0,3075,3.87
cdf_fs,ebpf,0,3076,3.55
cdf_fs,ebpf,0,3077,4.97
cdf_fs,ebpf,0,3078,5.12
cdf_fs,ebpf,0,3079,4.07
cdf_fs,ebpf,0,3080,3.54
cdf_fs,ebpf,0,3081,4.06
cdf_fs,ebpf,0,3082,5.38
cdf_fs,ebpf,0,3083,4.09
cdf_fs,ebpf,0,3084,3.66
cdf_fs,ebpf,0,3085,4.66
cdf_fs,ebpf,0,3086,4.46
cdf_fs,ebpf,0,3087,4.86
cdf_fs,ebpf,0,3088,3.55
cdf_fs,ebpf,0,3089,5.05
cdf_fs,ebpf,0,3090,5.08
cdf_fs,ebpf,0,3091,5.08
cdf_fs,ebpf,0,3092,3.57
cdf_fs,ebpf,0,3093,3.73
cdf_fs,ebpf,0,3094,5.49
cdf_fs,ebpf,0,3095,4.13
cdf_fs,ebpf,0,3096,3.84
cdf_fs,ebpf,0,3097,5.41
cdf_fs,ebpf,0,3098,4.03
cdf_fs,ebpf,0,3099,4.99
cdf_fs,ebpf,0,3100,4.8
cdf_fs,ebpf,0,3101,3.55
cdf_fs,ebpf,0,3102,5.25
cdf_fs,ebpf,0,3103,4.81
cdf_fs,ebpf,0,3104,3.71
cdf_fs,ebpf,0,3105,3.46
cdf_fs,ebpf,0,3106,4.99
cdf_fs,ebpf,0,3107,5.01
cdf_fs,ebpf,0,3108,4.16
cdf_fs,ebpf,0,3109,5.4
cdf_fs,ebpf,0,3110,4.91
cdf_fs,ebpf,0,3111,3.84
cdf_fs,ebpf,0,3112,3.56
cdf_fs,ebpf,0,3113,3.52
cdf_fs,ebpf,0,3114,4.95
cdf_fs,ebpf,0,3115,5.0
cdf_fs,ebpf,0,3116,3.84
cdf_fs,ebpf,0,3117,4.65
cdf_fs,ebpf,0,3118,4.94
cdf_fs,ebpf,0,3119,3.71
cdf_fs,ebpf,0,3120,3.64
cdf_fs,ebpf,0,3121,4.76
cdf_fs,ebpf,0,3122,4.69
cdf_fs,ebpf,0,3123,4.54
cdf_fs,ebpf,0,3124,5.06
cdf_fs,ebpf,0,3125,3.9
cdf_fs,ebpf,0,3126,4.16
cdf_fs,ebpf,0,3127,4.86
cdf_fs,ebpf,0,3128,4.24
cdf_fs,ebpf,0,3129,3.62
cdf_fs,ebpf,0,3130,4.54
cdf_fs,ebpf,0,3131,4.83
cdf_fs,ebpf,0,3132,3.66
cdf_fs,ebpf,0,3133,4.75
cdf_fs,ebpf,0,3134,4.53
cdf_fs,ebpf,0,3135,8.6
cdf_fs,ebpf,0,3136,6.31
cdf_fs,ebpf,0,3137,4.24
cdf_fs,ebpf,0,3138,4.02
cdf_fs,ebpf,0,3139,6.62
cdf_fs,ebpf,0,3140,3.79
cdf_fs,ebpf,0,3141,4.7
cdf_fs,ebpf,0,3142,5.08
cdf_fs,ebpf,0,3143,4.12
cdf_fs,ebpf,0,3144,3.58
cdf_fs,ebpf,0,3145,3.77
cdf_fs,ebpf,0,3146,4.48
cdf_fs,ebpf,0,3147,4.98
cdf_fs,ebpf,0,3148,3.51
cdf_fs,ebpf,0,3149,3.54
cdf_fs,ebpf,0,3150,3.54
cdf_fs,ebpf,0,3151,4.51
cdf_fs,ebpf,0,3152,4.51
cdf_fs,ebpf,0,3153,5.04
cdf_fs,ebpf,0,3154,3.63
cdf_fs,ebpf,0,3155,3.59
cdf_fs,ebpf,0,3156,5.05
cdf_fs,ebpf,0,3157,5.0
cdf_fs,ebpf,0,3158,3.66
cdf_fs,ebpf,0,3159,3.6
cdf_fs,ebpf,0,3160,4.47
cdf_fs,ebpf,0,3161,4.84
cdf_fs,ebpf,0,3162,3.67
cdf_fs,ebpf,0,3163,5.03
cdf_fs,ebpf,0,3164,5.12
cdf_fs,ebpf,0,3165,4.87
cdf_fs,ebpf,0,3166,4.1
cdf_fs,ebpf,0,3167,4.62
cdf_fs,ebpf,0,3168,5.1
cdf_fs,ebpf,0,3169,3.49
cdf_fs,ebpf,0,3170,4.05
cdf_fs,ebpf,0,3171,5.16
cdf_fs,ebpf,0,3172,3.69
cdf_fs,ebpf,0,3173,4.55
cdf_fs,ebpf,0,3174,4.96
cdf_fs,ebpf,0,3175,3.49
cdf_fs,ebpf,0,3176,5.06
cdf_fs,ebpf,0,3177,5.09
cdf_fs,ebpf,0,3178,5.62
cdf_fs,ebpf,0,3179,3.56
cdf_fs,ebpf,0,3180,4.11
cdf_fs,ebpf,0,3181,3.7
cdf_fs,ebpf,0,3182,4.8
cdf_fs,ebpf,0,3183,4.88
cdf_fs,ebpf,0,3184,5.02
cdf_fs,ebpf,0,3185,3.85
cdf_fs,ebpf,0,3186,4.77
cdf_fs,ebpf,0,3187,5.2
cdf_fs,ebpf,0,3188,3.7
cdf_fs,ebpf,0,3189,5.01
cdf_fs,ebpf,0,3190,5.49
cdf_fs,ebpf,0,3191,3.62
cdf_fs,ebpf,0,3192,3.86
cdf_fs,ebpf,0,3193,5.35
cdf_fs,ebpf,0,3194,4.1
cdf_fs,ebpf,0,3195,3.74
cdf_fs,ebpf,0,3196,4.63
cdf_fs,ebpf,0,3197,4.88
cdf_fs,ebpf,0,3198,4.05
cdf_fs,ebpf,0,3199,5.11
cdf_fs,ebpf,0,3200,4.99
cdf_fs,ebpf,0,3201,4.18
cdf_fs,ebpf,0,3202,3.71
cdf_fs,ebpf,0,3203,5.34
cdf_fs,ebpf,0,3204,3.81
cdf_fs,ebpf,0,3205,4.59
cdf_fs,ebpf,0,3206,5.06
cdf_fs,ebpf,0,3207,4.27
cdf_fs,ebpf,0,3208,3.82
cdf_fs,ebpf,0,3209,4.89
cdf_fs,ebpf,0,3210,3.71
cdf_fs,ebpf,0,3211,4.39
cdf_fs,ebpf,0,3212,4.93
cdf_fs,ebpf,0,3213,4.48
cdf_fs,ebpf,0,3214,3.79
cdf_fs,ebpf,0,3215,5.05
cdf_fs,ebpf,0,3216,3.86
cdf_fs,ebpf,0,3217,4.66
cdf_fs,ebpf,0,3218,5.39
cdf_fs,ebpf,0,3219,3.68
cdf_fs,ebpf,0,3220,4.23
cdf_fs,ebpf,0,3221,4.63
cdf_fs,ebpf,0,3222,5.01
cdf_fs,ebpf,0,3223,4.54
cdf_fs,ebpf,0,3224,4.15
cdf_fs,ebpf,0,3225,4.63
cdf_fs,ebpf,0,3226,5.45
cdf_fs,ebpf,0,3227,3.59
cdf_fs,ebpf,0,3228,3.6
cdf_fs,ebpf,0,3229,4.87
cdf_fs,ebpf,0,3230,3.47
cdf_fs,ebpf,0,3231,5.13
cdf_fs,ebpf,0,3232,5.04
cdf_fs,ebpf,0,3233,4.22
cdf_fs,ebpf,0,3234,4.55
cdf_fs,ebpf,0,3235,4.95
cdf_fs,ebpf,0,3236,3.76
cdf_fs,ebpf,0,3237,3.55
cdf_fs,ebpf,0,3238,3.74
cdf_fs,ebpf,0,3239,4.6
cdf_fs,ebpf,0,3240,5.1
cdf_fs,ebpf,0,3241,3.57
cdf_fs,ebpf,0,3242,3.67
cdf_fs,ebpf,0,3243,3.49
cdf_fs,ebpf,0,3244,4.42
cdf_fs,ebpf,0,3245,5.54
cdf_fs,ebpf,0,3246,3.98
cdf_fs,ebpf,0,3247,3.62
cdf_fs,ebpf,0,3248,5.13
cdf_fs,ebpf,0,3249,3.79
cdf_fs,ebpf,0,3250,4.68
cdf_fs,ebpf,0,3251,5.07
cdf_fs,ebpf,0,3252,4.19
cdf_fs,ebpf,0,3253,4.07
cdf_fs,ebpf,0,3254,4.97
cdf_fs,ebpf,0,3255,4.94
cdf_fs,ebpf,0,3256,3.6
cdf_fs,ebpf,0,3257,5.0
cdf_fs,ebpf,0,3258,5.41
cdf_fs,ebpf,0,3259,3.78
cdf_fs,ebpf,0,3260,3.55
cdf_fs,ebpf,0,3261,4.69
cdf_fs,ebpf,0,3262,4.88
cdf_fs,ebpf,0,3263,3.67
cdf_fs,ebpf,0,3264,3.75
cdf_fs,ebpf,0,3265,4.5
cdf_fs,ebpf,0,3266,5.44
cdf_fs,ebpf,0,3267,4.1
cdf_fs,ebpf,0,3268,3.7
cdf_fs,ebpf,0,3269,3.74
cdf_fs,ebpf,0,3270,5.82
cdf_fs,ebpf,0,3271,3.78
cdf_fs,ebpf,0,3272,4.47
cdf_fs,ebpf,0,3273,5.36
cdf_fs,ebpf,0,3274,3.59
cdf_fs,ebpf,0,3275,4.37
cdf_fs,ebpf,0,3276,3.48
cdf_fs,ebpf,0,3277,5.45
cdf_fs,ebpf,0,3278,3.82
cdf_fs,ebpf,0,3279,4.68
cdf_fs,ebpf,0,3280,4.99
cdf_fs,ebpf,0,3281,4.38
cdf_fs,ebpf,0,3282,5.17
cdf_fs,ebpf,0,3283,3.64
cdf_fs,ebpf,0,3284,5.61
cdf_fs,ebpf,0,3285,3.55
cdf_fs,ebpf,0,3286,3.68
cdf_fs,ebpf,0,3287,5.12
cdf_fs,ebpf,0,3288,5.6
cdf_fs,ebpf,0,3289,3.95
cdf_fs,ebpf,0,3290,4.56
cdf_fs,ebpf,0,3291,5.07
cdf_fs,ebpf,0,3292,3.68
cdf_fs,ebpf,0,3293,4.59
cdf_fs,ebpf,0,3294,4.57
cdf_fs,ebpf,0,3295,5.05
cdf_fs,ebpf,0,3296,4.11
cdf_fs,ebpf,0,3297,4.09
cdf_fs,ebpf,0,3298,3.66
cdf_fs,ebpf,0,3299,3.51
cdf_fs,ebpf,0,3300,4.57
cdf_fs,ebpf,0,3301,5.7
cdf_fs,ebpf,0,3302,3.59
cdf_fs,ebpf,0,3303,4.99
cdf_fs,ebpf,0,3304,5.49
cdf_fs,ebpf,0,3305,3.68
cdf_fs,ebpf,0,3306,4.52
cdf_fs,ebpf,0,3307,3.54
cdf_fs,ebpf,0,3308,5.45
cdf_fs,ebpf,0,3309,3.78
cdf_fs,ebpf,0,3310,5.37
cdf_fs,ebpf,0,3311,5.29
cdf_fs,ebpf,0,3312,4.25
cdf_fs,ebpf,0,3313,3.8
cdf_fs,ebpf,0,3314,4.65
cdf_fs,ebpf,0,3315,5.29
cdf_fs,ebpf,0,3316,3.92
cdf_fs,ebpf,0,3317,4.15
cdf_fs,ebpf,0,3318,5.09
cdf_fs,ebpf,0,3319,4.02
cdf_fs,ebpf,0,3320,4.7
cdf_fs,ebpf,0,3321,4.45
cdf_fs,ebpf,0,3322,4.95
cdf_fs,ebpf,0,3323,4.08
cdf_fs,ebpf,0,3324,5.0
cdf_fs,ebpf,0,3325,4.83
cdf_fs,ebpf,0,3326,5.11
cdf_fs,ebpf,0,3327,4.22
cdf_fs,ebpf,0,3328,3.67
cdf_fs,ebpf,0,3329,4.67
cdf_fs,ebpf,0,3330,5.02
cdf_fs,ebpf,0,3331,4.27
cdf_fs,ebpf,0,3332,4.43
cdf_fs,ebpf,0,3333,5.36
cdf_fs,ebpf,0,3334,3.57
cdf_fs,ebpf,0,3335,3.62
cdf_fs,ebpf,0,3336,3.61
cdf_fs,ebpf,0,3337,4.64
cdf_fs,ebpf,0,3338,4.96
cdf_fs,ebpf,0,3339,4.13
cdf_fs,ebpf,0,3340,3.76
cdf_fs,ebpf,0,3341,3.67
cdf_fs,ebpf,0,3342,5.01
cdf_fs,ebpf,0,3343,5.52
cdf_fs,ebpf,0,3344,3.76
cdf_fs,ebpf,0,3345,3.69
cdf_fs,ebpf,0,3346,5.34
cdf_fs,ebpf,0,3347,3.74
cdf_fs,ebpf,0,3348,3.56
cdf_fs,ebpf,0,3349,4.97
cdf_fs,ebpf,0,3350,3.77
cdf_fs,ebpf,0,3351,4.5
cdf_fs,ebpf,0,3352,9.58
cdf_fs,ebpf,0,3353,5.91
cdf_fs,ebpf,0,3354,5.26
cdf_fs,ebpf,0,3355,4.16
cdf_fs,ebpf,0,3356,4.63
cdf_fs,ebpf,0,3357,4.94
cdf_fs,ebpf,0,3358,5.16
cdf_fs,ebpf,0,3359,3.57
cdf_fs,ebpf,0,3360,4.01
cdf_fs,ebpf,0,3361,5.71
cdf_fs,ebpf,0,3362,5.39
cdf_fs,ebpf,0,3363,3.65
cdf_fs,ebpf,0,3364,5.12
cdf_fs,ebpf,0,3365,4.9
cdf_fs,ebpf,0,3366,4.05
cdf_fs,ebpf,0,3367,4.98
cdf_fs,ebpf,0,3368,5.12
cdf_fs,ebpf,0,3369,3.91
cdf_fs,ebpf,0,3370,3.77
cdf_fs,ebpf,0,3371,5.55
cdf_fs,ebpf,0,3372,3.67
cdf_fs,ebpf,0,3373,4.05
cdf_fs,ebpf,0,3374,4.17
cdf_fs,ebpf,0,3375,5.58
cdf_fs,ebpf,0,3376,3.63
cdf_fs,ebpf,0,3377,3.52
cdf_fs,ebpf,0,3378,5.01
cdf_fs,ebpf,0,3379,5.3
cdf_fs,ebpf,0,3380,3.67
cdf_fs,ebpf,0,3381,3.56
cdf_fs,ebpf,0,3382,4.39
cdf_fs,ebpf,0,3383,5.57
cdf_fs,ebpf,0,3384,4.08
cdf_fs,ebpf,0,3385,3.68
cdf_fs,ebpf,0,3386,4.21
cdf_fs,ebpf,0,3387,4.73
cdf_fs,ebpf,0,3388,4.83
cdf_fs,ebpf,0,3389,3.72
cdf_fs,ebpf,0,3390,5.02
cdf_fs,ebpf,0,3391,4.96
cdf_fs,ebpf,0,3392,3.96
cdf_fs,ebpf,0,3393,3.62
cdf_fs,ebpf,0,3394,4.51
cdf_fs,ebpf,0,3395,5.56
cdf_fs,ebpf,0,3396,3.5
cdf_fs,ebpf,0,3397,3.5
cdf_fs,ebpf,0,3398,4.56
cdf_fs,ebpf,0,3399,4.95
cdf_fs,ebpf,0,3400,3.65
cdf_fs,ebpf,0,3401,3.61
cdf_fs,ebpf,0,3402,3.68
cdf_fs,ebpf,0,3403,4.65
cdf_fs,ebpf,0,3404,4.99
cdf_fs,ebpf,0,3405,3.77
cdf_fs,ebpf,0,3406,3.7
cdf_fs,ebpf,0,3407,3.76
cdf_fs,ebpf,0,3408,5.86
cdf_fs,ebpf,0,3409,3.54
cdf_fs,ebpf,0,3410,3.63
cdf_fs,ebpf,0,3411,4.62
cdf_fs,ebpf,0,3412,5.23
cdf_fs,ebpf,0,3413,3.8
cdf_fs,ebpf,0,3414,3.6
cdf_fs,ebpf,0,3415,4.37
cdf_fs,ebpf,0,3416,5.1
cdf_fs,ebpf,0,3417,5.11
cdf_fs,ebpf,0,3418,3.73
cdf_fs,ebpf,0,3419,4.04
cdf_fs,ebpf,0,3420,4.94
cdf_fs,ebpf,0,3421,5.15
cdf_fs,ebpf,0,3422,4.12
cdf_fs,ebpf,0,3423,5.67
cdf_fs,ebpf,0,3424,3.86
cdf_fs,ebpf,0,3425,4.79
cdf_fs,ebpf,0,3426,4.96
cdf_fs,ebpf,0,3427,3.58
cdf_fs,ebpf,0,3428,3.45
cdf_fs,ebpf,0,3429,5.62
cdf_fs,ebpf,0,3430,3.8
cdf_fs,ebpf,0,3431,3.72
cdf_fs,ebpf,0,3432,3.61
cdf_fs,ebpf,0,3433,5.17
cdf_fs,ebpf,0,3434,3.7
cdf_fs,ebpf,0,3435,4.71
cdf_fs,ebpf,0,3436,5.41
cdf_fs,ebpf,0,3437,3.7
cdf_fs,ebpf,0,3438,3.53
cdf_fs,ebpf,0,3439,5.21
cdf_fs,ebpf,0,3440,3.83
cdf_fs,ebpf,0,3441,4.09
cdf_fs,ebpf,0,3442,4.62
cdf_fs,ebpf,0,3443,5.05
cdf_fs,ebpf,0,3444,3.62
cdf_fs,ebpf,0,3445,3.66
cdf_fs,ebpf,0,3446,3.46
cdf_fs,ebpf,0,3447,5.49
cdf_fs,ebpf,0,3448,3.63
cdf_fs,ebpf,0,3449,3.52
cdf_fs,ebpf,0,3450,4.89
cdf_fs,ebpf,0,3451,3.68
cdf_fs,ebpf,0,3452,3.65
cdf_fs,ebpf,0,3453,4.6
cdf_fs,ebpf,0,3454,5.1
cdf_fs,ebpf,0,3455,3.63
cdf_fs,ebpf,0,3456,3.5
cdf_fs,ebpf,0,3457,4.42
cdf_fs,ebpf,0,3458,4.8
cdf_fs,ebpf,0,3459,3.8
cdf_fs,ebpf,0,3460,4.72
cdf_fs,ebpf,0,3461,4.56
cdf_fs,ebpf,0,3462,5.5
cdf_fs,ebpf,0,3463,3.66
cdf_fs,ebpf,0,3464,5.0
cdf_fs,ebpf,0,3465,4.81
cdf_fs,ebpf,0,3466,4.2
cdf_fs,ebpf,0,3467,4.77
cdf_fs,ebpf,0,3468,4.58
cdf_fs,ebpf,0,3469,4.72
cdf_fs,ebpf,0,3470,3.61
cdf_fs,ebpf,0,3471,4.37
cdf_fs,ebpf,0,3472,5.08
cdf_fs,ebpf,0,3473,3.68
cdf_fs,ebpf,0,3474,3.65
cdf_fs,ebpf,0,3475,3.56
cdf_fs,ebpf,0,3476,4.41
cdf_fs,ebpf,0,3477,4.94
cdf_fs,ebpf,0,3478,3.56
cdf_fs,ebpf,0,3479,4.93
cdf_fs,ebpf,0,3480,5.04
cdf_fs,ebpf,0,3481,4.08
cdf_fs,ebpf,0,3482,4.5
cdf_fs,ebpf,0,3483,5.23
cdf_fs,ebpf,0,3484,3.49
cdf_fs,ebpf,0,3485,4.56
cdf_fs,ebpf,0,3486,4.36
cdf_fs,ebpf,0,3487,5.41
cdf_fs,ebpf,0,3488,3.59
cdf_fs,ebpf,0,3489,3.56
cdf_fs,ebpf,0,3490,4.01
cdf_fs,ebpf,0,3491,5.46
cdf_fs,ebpf,0,3492,3.57
cdf_fs,ebpf,0,3493,4.69
cdf_fs,ebpf,0,3494,4.93
cdf_fs,ebpf,0,3495,3.69
cdf_fs,ebpf,0,3496,3.74
cdf_fs,ebpf,0,3497,5.02
cdf_fs,ebpf,0,3498,4.92
cdf_fs,ebpf,0,3499,3.59
cdf_fs,ebpf,0,3500,3.6
cdf_fs,ebpf,0,3501,4.9
cdf_fs,ebpf,0,3502,5.76
cdf_fs,ebpf,0,3503,3.82
cdf_fs,ebpf,0,3504,3.58
cdf_fs,ebpf,0,3505,3.5
cdf_fs,ebpf,0,3506,4.71
cdf_fs,ebpf,0,3507,4.96
cdf_fs,ebpf,0,3508,3.66
cdf_fs,ebpf,0,3509,4.74
cdf_fs,ebpf,0,3510,5.39
cdf_fs,ebpf,0,3511,3.95
cdf_fs,ebpf,0,3512,4.64
cdf_fs,ebpf,0,3513,4.96
cdf_fs,ebpf,0,3514,4.19
cdf_fs,ebpf,0,3515,5.11
cdf_fs,ebpf,0,3516,5.33
cdf_fs,ebpf,0,3517,3.75
cdf_fs,ebpf,0,3518,3.71
cdf_fs,ebpf,0,3519,4.56
cdf_fs,ebpf,0,3520,4.5
cdf_fs,ebpf,0,3521,5.5
cdf_fs,ebpf,0,3522,4.11
cdf_fs,ebpf,0,3523,3.74
cdf_fs,ebpf,0,3524,4.52
cdf_fs,ebpf,0,3525,4.8
cdf_fs,ebpf,0,3526,4.19
cdf_fs,ebpf,0,3527,5.32
cdf_fs,ebpf,0,3528,3.73
cdf_fs,ebpf,0,3529,4.7
cdf_fs,ebpf,0,3530,4.81
cdf_fs,ebpf,0,3531,3.59
cdf_fs,ebpf,0,3532,3.7
cdf_fs,ebpf,0,3533,5.84
cdf_fs,ebpf,0,3534,3.61
cdf_fs,ebpf,0,3535,3.58
cdf_fs,ebpf,0,3536,4.28
cdf_fs,ebpf,0,3537,3.72
cdf_fs,ebpf,0,3538,6.05
cdf_fs,ebpf,0,3539,3.68
cdf_fs,ebpf,0,3540,3.59
cdf_fs,ebpf,0,3541,4.57
cdf_fs,ebpf,0,3542,4.87
cdf_fs,ebpf,0,3543,3.72
cdf_fs,ebpf,0,3544,4.44
cdf_fs,ebpf,0,3545,4.85
cdf_fs,ebpf,0,3546,4.05
cdf_fs,ebpf,0,3547,4.73
cdf_fs,ebpf,0,3548,4.95
cdf_fs,ebpf,0,3549,3.81
cdf_fs,ebpf,0,3550,3.71
cdf_fs,ebpf,0,3551,4.69
cdf_fs,ebpf,0,3552,5.36
cdf_fs,ebpf,0,3553,4.38
cdf_fs,ebpf,0,3554,3.5
cdf_fs,ebpf,0,3555,3.63
cdf_fs,ebpf,0,3556,5.37
cdf_fs,ebpf,0,3557,4.12
cdf_fs,ebpf,0,3558,3.81
cdf_fs,ebpf,0,3559,4.65
cdf_fs,ebpf,0,3560,5.71
cdf_fs,ebpf,0,3561,3.64
cdf_fs,ebpf,0,3562,3.57
cdf_fs,ebpf,0,3563,4.6
cdf_fs,ebpf,0,3564,4.66
cdf_fs,ebpf,0,3565,5.49
cdf_fs,ebpf,0,3566,3.85
cdf_fs,ebpf,0,3567,3.73
cdf_fs,ebpf,0,3568,3.45
cdf_fs,ebpf,0,3569,4.83
cdf_fs,ebpf,0,3570,3.77
cdf_fs,ebpf,0,3571,3.6
cdf_fs,ebpf,0,3572,9.3
cdf_fs,ebpf,0,3573,5.83
cdf_fs,ebpf,0,3574,4.88
cdf_fs,ebpf,0,3575,3.58
cdf_fs,ebpf,0,3576,3.52
cdf_fs,ebpf,0,3577,5.09
cdf_fs,ebpf,0,3578,4.37
cdf_fs,ebpf,0,3579,3.62
cdf_fs,ebpf,0,3580,5.33
cdf_fs,ebpf,0,3581,4.25
cdf_fs,ebpf,0,3582,4.92
cdf_fs,ebpf,0,3583,5.19
cdf_fs,ebpf,0,3584,5.16
cdf_fs,ebpf,0,3585,5.57
cdf_fs,ebpf,0,3586,3.92
cdf_fs,ebpf,0,3587,3.76
cdf_fs,ebpf,0,3588,4.98
cdf_fs,ebpf,0,3589,3.65
cdf_fs,ebpf,0,3590,3.56
cdf_fs,ebpf,0,3591,5.61
cdf_fs,ebpf,0,3592,3.57
cdf_fs,ebpf,0,3593,3.53
cdf_fs,ebpf,0,3594,3.67
cdf_fs,ebpf,0,3595,5.09
cdf_fs,ebpf,0,3596,5.38
cdf_fs,ebpf,0,3597,3.71
cdf_fs,ebpf,0,3598,5.91
cdf_fs,ebpf,0,3599,5.0
cdf_fs,ebpf,0,3600,3.68
cdf_fs,ebpf,0,3601,4.04
cdf_fs,ebpf,0,3602,4.83
cdf_fs,ebpf,0,3603,5.0
cdf_fs,ebpf,0,3604,3.67
cdf_fs,ebpf,0,3605,4.63
cdf_fs,ebpf,0,3606,5.45
cdf_fs,ebpf,0,3607,3.55
cdf_fs,ebpf,0,3608,3.7
cdf_fs,ebpf,0,3609,3.74
cdf_fs,ebpf,0,3610,4.99
cdf_fs,ebpf,0,3611,3.61
cdf_fs,ebpf,0,3612,5.04
cdf_fs,ebpf,0,3613,4.79
cdf_fs,ebpf,0,3614,3.61
cdf_fs,ebpf,0,3615,4.5
cdf_fs,ebpf,0,3616,4.95
cdf_fs,ebpf,0,3617,3.74
cdf_fs,ebpf,0,3618,3.38
cdf_fs,ebpf,0,3619,5.27
cdf_fs,ebpf,0,3620,3.65
cdf_fs,ebpf,0,3621,4.95
cdf_fs,ebpf,0,3622,5.5
cdf_fs,ebpf,0,3623,4.19
cdf_fs,ebpf,0,3624,3.73
cdf_fs,ebpf,0,3625,3.61
cdf_fs,ebpf,0,3626,4.47
cdf_fs,ebpf,0,3627,4.96
cdf_fs,ebpf,0,3628,3.77
cdf_fs,ebpf,0,3629,4.99
cdf_fs,ebpf,0,3630,4.56
cdf_fs,ebpf,0,3631,5.38
cdf_fs,ebpf,0,3632,3.62
cdf_fs,ebpf,0,3633,3.82
cdf_fs,ebpf,0,3634,3.71
cdf_fs,ebpf,0,3635,4.38
cdf_fs,ebpf,0,3636,5.02
cdf_fs,ebpf,0,3637,4.17
cdf_fs,ebpf,0,3638,4.86
cdf_fs,ebpf,0,3639,4.54
cdf_fs,ebpf,0,3640,4.6
cdf_fs,ebpf,0,3641,5.22
cdf_fs,ebpf,0,3642,3.62
cdf_fs,ebpf,0,3643,3.68
cdf_fs,ebpf,0,3644,5.05
cdf_fs,ebpf,0,3645,3.91
cdf_fs,ebpf,0,3646,3.83
cdf_fs,ebpf,0,3647,7.21
cdf_fs,ebpf,0,3648,4.25
cdf_fs,ebpf,0,3649,4.23
cdf_fs,ebpf,0,3650,6.1
cdf_fs,ebpf,0,3651,4.07
cdf_fs,ebpf,0,3652,3.71
cdf_fs,ebpf,0,3653,4.66
cdf_fs,ebpf,0,3654,4.55
cdf_fs,ebpf,0,3655,4.93
cdf_fs,ebpf,0,3656,3.89
cdf_fs,ebpf,0,3657,3.62
cdf_fs,ebpf,0,3658,5.53
cdf_fs,ebpf,0,3659,3.76
cdf_fs,ebpf,0,3660,4.78
cdf_fs,ebpf,0,3661,4.98
cdf_fs,ebpf,0,3662,3.53
cdf_fs,ebpf,0,3663,4.64
cdf_fs,ebpf,0,3664,4.95
cdf_fs,ebpf,0,3665,3.84
cdf_fs,ebpf,0,3666,4.11
cdf_fs,ebpf,0,3667,4.65
cdf_fs,ebpf,0,3668,5.06
cdf_fs,ebpf,0,3669,4.62
cdf_fs,ebpf,0,3670,4.94
cdf_fs,ebpf,0,3671,4.04
cdf_fs,ebpf,0,3672,4.02
cdf_fs,ebpf,0,3673,5.01
cdf_fs,ebpf,0,3674,3.68
cdf_fs,ebpf,0,3675,4.56
cdf_fs,ebpf,0,3676,5.27
cdf_fs,ebpf,0,3677,3.88
cdf_fs,ebpf,0,3678,3.66
cdf_fs,ebpf,0,3679,5.48
cdf_fs,ebpf,0,3680,3.74
cdf_fs,ebpf,0,3681,4.97
cdf_fs,ebpf,0,3682,5.5
cdf_fs,ebpf,0,3683,3.65
cdf_fs,ebpf,0,3684,3.7
cdf_fs,ebpf,0,3685,4.49
cdf_fs,ebpf,0,3686,4.72
cdf_fs,ebpf,0,3687,3.99
cdf_fs,ebpf,0,3688,5.17
cdf_fs,ebpf,0,3689,4.88
cdf_fs,ebpf,0,3690,5.43
cdf_fs,ebpf,0,3691,3.58
cdf_fs,ebpf,0,3692,3.59
cdf_fs,ebpf,0,3693,5.02
cdf_fs,ebpf,0,3694,3.81
cdf_fs,ebpf,0,3695,4.77
cdf_fs,ebpf,0,3696,4.77
cdf_fs,ebpf,0,3697,3.8
cdf_fs,ebpf,0,3698,3.8
cdf_fs,ebpf,0,3699,3.77
cdf_fs,ebpf,0,3700,4.48
cdf_fs,ebpf,0,3701,4.88
cdf_fs,ebpf,0,3702,4.39
cdf_fs,ebpf,0,3703,4.67
cdf_fs,ebpf,0,3704,4.82
cdf_fs,ebpf,0,3705,3.84
cdf_fs,ebpf,0,3706,4.86
cdf_fs,ebpf,0,3707,5.06
cdf_fs,ebpf,0,3708,3.75
cdf_fs,ebpf,0,3709,3.72
cdf_fs,ebpf,0,3710,4.92
cdf_fs,ebpf,0,3711,6.39
cdf_fs,ebpf,0,3712,4.57
cdf_fs,ebpf,0,3713,3.89
cdf_fs,ebpf,0,3714,5.49
cdf_fs,ebpf,0,3715,4.68
cdf_fs,ebpf,0,3716,5.54
cdf_fs,ebpf,0,3717,3.8
cdf_fs,ebpf,0,3718,3.54
cdf_fs,ebpf,0,3719,4.67
cdf_fs,ebpf,0,3720,5.05
cdf_fs,ebpf,0,3721,3.86
cdf_fs,ebpf,0,3722,3.83
cdf_fs,ebpf,0,3723,4.79
cdf_fs,ebpf,0,3724,4.16
cdf_fs,ebpf,0,3725,3.68
cdf_fs,ebpf,0,3726,4.49
cdf_fs,ebpf,0,3727,5.11
cdf_fs,ebpf,0,3728,5.1
cdf_fs,ebpf,0,3729,4.15
cdf_fs,ebpf,0,3730,5.64
cdf_fs,ebpf,0,3731,3.77
cdf_fs,ebpf,0,3732,4.61
cdf_fs,ebpf,0,3733,4.92
cdf_fs,ebpf,0,3734,4.94
cdf_fs,ebpf,0,3735,3.5
cdf_fs,ebpf,0,3736,3.77
cdf_fs,ebpf,0,3737,4.96
cdf_fs,ebpf,0,3738,5.17
cdf_fs,ebpf,0,3739,3.72
cdf_fs,ebpf,0,3740,3.55
cdf_fs,ebpf,0,3741,3.7
cdf_fs,ebpf,0,3742,3.68
cdf_fs,ebpf,0,3743,4.82
cdf_fs,ebpf,0,3744,5.16
cdf_fs,ebpf,0,3745,3.71
cdf_fs,ebpf,0,3746,3.65
cdf_fs,ebpf,0,3747,4.46
cdf_fs,ebpf,0,3748,4.62
cdf_fs,ebpf,0,3749,4.96
cdf_fs,ebpf,0,3750,4.04
cdf_fs,ebpf,0,3751,3.95
cdf_fs,ebpf,0,3752,4.95
cdf_fs,ebpf,0,3753,4.57
cdf_fs,ebpf,0,3754,4.58
cdf_fs,ebpf,0,3755,5.09
cdf_fs,ebpf,0,3756,3.99
cdf_fs,ebpf,0,3757,3.73
cdf_fs,ebpf,0,3758,3.65
cdf_fs,ebpf,0,3759,5.72
cdf_fs,ebpf,0,3760,3.73
cdf_fs,ebpf,0,3761,3.52
cdf_fs,ebpf,0,3762,4.67
cdf_fs,ebpf,0,3763,5.67
cdf_fs,ebpf,0,3764,3.81
cdf_fs,ebpf,0,3765,4.29
cdf_fs,ebpf,0,3766,3.93
cdf_fs,ebpf,0,3767,5.1
cdf_fs,ebpf,0,3768,5.4
cdf_fs,ebpf,0,3769,4.12
cdf_fs,ebpf,0,3770,3.71
cdf_fs,ebpf,0,3771,4.97
cdf_fs,ebpf,0,3772,3.5
cdf_fs,ebpf,0,3773,4.22
cdf_fs,ebpf,0,3774,4.57
cdf_fs,ebpf,0,3775,5.41
cdf_fs,ebpf,0,3776,3.8
cdf_fs,ebpf,0,3777,4.7
cdf_fs,ebpf,0,3778,5.1
cdf_fs,ebpf,0,3779,3.77
cdf_fs,ebpf,0,3780,4.52
cdf_fs,ebpf,0,3781,5.12
cdf_fs,ebpf,0,3782,3.67
cdf_fs,ebpf,0,3783,4.67
cdf_fs,ebpf,0,3784,5.49
cdf_fs,ebpf,0,3785,3.6
cdf_fs,ebpf,0,3786,3.68
cdf_fs,ebpf,0,3787,3.69
cdf_fs,ebpf,0,3788,3.48
cdf_fs,ebpf,0,3789,4.93
cdf_fs,ebpf,0,3790,9.89
cdf_fs,ebpf,0,3791,6.58
cdf_fs,ebpf,0,3792,6.07
cdf_fs,ebpf,0,3793,4.2
cdf_fs,ebpf,0,3794,3.7
cdf_fs,ebpf,0,3795,4.64
cdf_fs,ebpf,0,3796,5.62
cdf_fs,ebpf,0,3797,3.53
cdf_fs,ebpf,0,3798,3.82
cdf_fs,ebpf,0,3799,4.88
cdf_fs,ebpf,0,3800,4.94
cdf_fs,ebpf,0,3801,3.55
cdf_fs,ebpf,0,3802,3.72
cdf_fs,ebpf,0,3803,3.82
cdf_fs,ebpf,0,3804,4.96
cdf_fs,ebpf,0,3805,4.26
cdf_fs,ebpf,0,3806,4.84
cdf_fs,ebpf,0,3807,5.42
cdf_fs,ebpf,0,3808,3.69
cdf_fs,ebpf,0,3809,3.88
cdf_fs,ebpf,0,3810,4.96
cdf_fs,ebpf,0,3811,4.22
cdf_fs,ebpf,0,3812,3.51
cdf_fs,ebpf,0,3813,4.68
cdf_fs,ebpf,0,3814,4.96
cdf_fs,ebpf,0,3815,3.64
cdf_fs,ebpf,0,3816,4.02
cdf_fs,ebpf,0,3817,4.49
cdf_fs,ebpf,0,3818,5.66
cdf_fs,ebpf,0,3819,3.88
cdf_fs,ebpf,0,3820,3.81
cdf_fs,ebpf,0,3821,5.13
cdf_fs,ebpf,0,3822,4.13
cdf_fs,ebpf,0,3823,4.9
cdf_fs,ebpf,0,3824,6.16
cdf_fs,ebpf,0,3825,4.211
cdf_fs,ebpf,0,3826,3.48
cdf_fs,ebpf,0,3827,5.28
cdf_fs,ebpf,0,3828,4.04
cdf_fs,ebpf,0,3829,3.52
cdf_fs,ebpf,0,3830,4.489
cdf_fs,ebpf,0,3831,4.831
cdf_fs,ebpf,0,3832,5.02
cdf_fs,ebpf,0,3833,3.8
cdf_fs,ebpf,0,3834,4.569
cdf_fs,ebpf,0,3835,4.84
cdf_fs,ebpf,0,3836,3.54
cdf_fs,ebpf,0,3837,4.78
cdf_fs,ebpf,0,3838,5.009
cdf_fs,ebpf,0,3839,4.471
cdf_fs,ebpf,0,3840,4.66
cdf_fs,ebpf,0,3841,5.169
cdf_fs,ebpf,0,3842,4.089
cdf_fs,ebpf,0,3843,4.66
cdf_fs,ebpf,0,3844,5.14
cdf_fs,ebpf,0,3845,3.851
cdf_fs,ebpf,0,3846,3.64
cdf_fs,ebpf,0,3847,4.7
cdf_fs,ebpf,0,3848,4.811
cdf_fs,ebpf,0,3849,3.72
cdf_fs,ebpf,0,3850,3.74
cdf_fs,ebpf,0,3851,5.129
cdf_fs,ebpf,0,3852,3.82
cdf_fs,ebpf,0,3853,4.711
cdf_fs,ebpf,0,3854,4.769
cdf_fs,ebpf,0,3855,4.44
cdf_fs,ebpf,0,3856,4.66
cdf_fs,ebpf,0,3857,5.04
cdf_fs,ebpf,0,3858,4.08
cdf_fs,ebpf,0,3859,3.729
cdf_fs,ebpf,0,3860,4.0
cdf_fs,ebpf,0,3861,4.18
cdf_fs,ebpf,0,3862,3.72
cdf_fs,ebpf,0,3863,3.74
cdf_fs,ebpf,0,3864,3.8
cdf_fs,ebpf,0,3865,3.7
cdf_fs,ebpf,0,3866,3.86
cdf_fs,ebpf,0,3867,4.531
cdf_fs,ebpf,0,3868,3.631
cdf_fs,ebpf,0,3869,4.091
cdf_fs,ebpf,0,3870,3.68
cdf_fs,ebpf,0,3871,3.829
cdf_fs,ebpf,0,3872,3.549
cdf_fs,ebpf,0,3873,4.8
cdf_fs,ebpf,0,3874,3.6
cdf_fs,ebpf,0,3875,3.86
cdf_fs,ebpf,0,3876,3.709
cdf_fs,ebpf,0,3877,3.64
cdf_fs,ebpf,0,3878,3.531
cdf_fs,ebpf,0,3879,4.111
cdf_fs,ebpf,0,3880,3.869
cdf_fs,ebpf,0,3881,3.54
cdf_fs,ebpf,0,3882,3.511
cdf_fs,ebpf,0,3883,3.6
cdf_fs,ebpf,0,3884,3.669
cdf_fs,ebpf,0,3885,4.071
cdf_fs,ebpf,0,3886,3.7
cdf_fs,ebpf,0,3887,4.42
cdf_fs,ebpf,0,3888,3.64
cdf_fs,ebpf,0,3889,3.6
cdf_fs,ebpf,0,3890,4.011
cdf_fs,ebpf,0,3891,3.671
cdf_fs,ebpf,0,3892,3.72
cdf_fs,ebpf,0,3893,3.811
cdf_fs,ebpf,0,3894,3.7
cdf_fs,ebpf,0,3895,3.8
cdf_fs,ebpf,0,3896,3.84
cdf_fs,ebpf,0,3897,3.54
cdf_fs,ebpf,0,3898,4.151
cdf_fs,ebpf,0,3899,3.771
cdf_fs,ebpf,0,3900,3.749
cdf_fs,ebpf,0,3901,3.58
cdf_fs,ebpf,0,3902,4.571
cdf_fs,ebpf,0,3903,5.169
cdf_fs,ebpf,0,3904,3.651
cdf_fs,ebpf,0,3905,3.78
cdf_fs,ebpf,0,3906,4.509
cdf_fs,ebpf,0,3907,4.86
cdf_fs,ebpf,0,3908,3.669
cdf_fs,ebpf,0,3909,4.9
cdf_fs,ebpf,0,3910,4.86
cdf_fs,ebpf,0,3911,3.84
cdf_fs,ebpf,0,3912,4.72
cdf_fs,ebpf,0,3913,4.669
cdf_fs,ebpf,0,3914,3.58
cdf_fs,ebpf,0,3915,3.469
cdf_fs,ebpf,0,3916,5.38
cdf_fs,ebpf,0,3917,4.211
cdf_fs,ebpf,0,3918,5.36
cdf_fs,ebpf,0,3919,3.52
cdf_fs,ebpf,0,3920,4.149
cdf_fs,ebpf,0,3921,4.389
cdf_fs,ebpf,0,3922,4.9
cdf_fs,ebpf,0,3923,3.631
cdf_fs,ebpf,0,3924,4.589
cdf_fs,ebpf,0,3925,5.34
cdf_fs,ebpf,0,3926,4.289
cdf_fs,ebpf,0,3927,3.66
cdf_fs,ebpf,0,3928,4.58
cdf_fs,ebpf,0,3929,4.751
cdf_fs,ebpf,0,3930,3.591
cdf_fs,ebpf,0,3931,4.609
cdf_fs,ebpf,0,3932,6.05
cdf_fs,ebpf,0,3933,3.7
cdf_fs,ebpf,0,3934,3.51
cdf_fs,ebpf,0,3935,3.94
cdf_fs,ebpf,0,3936,4.49
cdf_fs,ebpf,0,3937,5.06
cdf_fs,ebpf,0,3938,3.66
cdf_fs,ebpf,0,3939,3.83
cdf_fs,ebpf,0,3940,4.53
cdf_fs,ebpf,0,3941,5.02
cdf_fs,ebpf,0,3942,3.76
cdf_fs,ebpf,0,3943,4.48
cdf_fs,ebpf,0,3944,4.76
cdf_fs,ebpf,0,3945,3.68
cdf_fs,ebpf,0,3946,5.19
cdf_fs,ebpf,0,3947,4.85
cdf_fs,ebpf,0,3948,3.69
cdf_fs,ebpf,0,3949,5.31
cdf_fs,ebpf,0,3950,3.85
cdf_fs,ebpf,0,3951,4.03
cdf_fs,ebpf,0,3952,3.83
cdf_fs,ebpf,0,3953,5.14
cdf_fs,ebpf,0,3954,4.19
cdf_fs,ebpf,0,3955,5.1
cdf_fs,ebpf,0,3956,4.49
cdf_fs,ebpf,0,3957,5.15
cdf_fs,ebpf,0,3958,3.47
cdf_fs,ebpf,0,3959,3.67
cdf_fs,ebpf,0,3960,5.15
cdf_fs,ebpf,0,3961,4.42
cdf_fs,ebpf,0,3962,5.16
cdf_fs,ebpf,0,3963,3.9
cdf_fs,ebpf,0,3964,3.45
cdf_fs,ebpf,0,3965,4.03
cdf_fs,ebpf,0,3966,4.87
cdf_fs,ebpf,0,3967,3.68
cdf_fs,ebpf,0,3968,4.97
cdf_fs,ebpf,0,3969,5.08
cdf_fs,ebpf,0,3970,3.78
cdf_fs,ebpf,0,3971,4.07
cdf_fs,ebpf,0,3972,4.85
cdf_fs,ebpf,0,3973,4.01
cdf_fs,ebpf,0,3974,4.62
cdf_fs,ebpf,0,3975,5.01
cdf_fs,ebpf,0,3976,3.54
cdf_fs,ebpf,0,3977,4.67
cdf_fs,ebpf,0,3978,4.93
cdf_fs,ebpf,0,3979,3.59
cdf_fs,ebpf,0,3980,3.67
cdf_fs,ebpf,0,3981,4.2
cdf_fs,ebpf,0,3982,4.57
cdf_fs,ebpf,0,3983,5.1
cdf_fs,ebpf,0,3984,3.68
cdf_fs,ebpf,0,3985,4.06
cdf_fs,ebpf,0,3986,5.6
cdf_fs,ebpf,0,3987,3.71
cdf_fs,ebpf,0,3988,4.11
cdf_fs,ebpf,0,3989,4.46
cdf_fs,ebpf,0,3990,4.95
cdf_fs,ebpf,0,3991,3.59
cdf_fs,ebpf,0,3992,3.6
cdf_fs,ebpf,0,3993,4.07
cdf_fs,ebpf,0,3994,3.57
cdf_fs,ebpf,0,3995,4.91
cdf_fs,ebpf,0,3996,3.51
cdf_fs,ebpf,0,3997,3.69
cdf_fs,ebpf,0,3998,4.15
cdf_fs,ebpf,0,3999,3.69
cdf_fs,ebpf,0,4000,3.5
cdf_fs,ebpf,0,4001,3.45
cdf_fs,ebpf,0,4002,4.15
cdf_fs,ebpf,0,4003,4.24
cdf_fs,ebpf,0,4004,4.24
cdf_fs,ebpf,0,4005,3.78
cdf_fs,ebpf,0,4006,3.58
cdf_fs,ebpf,0,4007,3.59
cdf_fs,ebpf,0,4008,4.18
cdf_fs,ebpf,0,4009,3.61
cdf_fs,ebpf,0,4010,4.07
cdf_fs,ebpf,0,4011,3.59
cdf_fs,ebpf,0,4012,3.93
cdf_fs,ebpf,0,4013,4.04
cdf_fs,ebpf,0,4014,3.53
cdf_fs,ebpf,0,4015,3.93
cdf_fs,ebpf,0,4016,10.38
cdf_fs,ebpf,0,4017,3.73
cdf_fs,ebpf,0,4018,4.15
cdf_fs,ebpf,0,4019,3.67
cdf_fs,ebpf,0,4020,3.41
cdf_fs,ebpf,0,4021,3.78
cdf_fs,ebpf,0,4022,3.49
cdf_fs,ebpf,0,4023,3.74
cdf_fs,ebpf,0,4024,3.62
cdf_fs,ebpf,0,4025,4.33
cdf_fs,ebpf,0,4026,4.13
cdf_fs,ebpf,0,4027,3.83
cdf_fs,ebpf,0,4028,3.72
cdf_fs,ebpf,0,4029,3.54
cdf_fs,ebpf,0,4030,3.98
cdf_fs,ebpf,0,4031,3.61
cdf_fs,ebpf,0,4032,3.59
cdf_fs,ebpf,0,4033,3.78
cdf_fs,ebpf,0,4034,3.63
cdf_fs,ebpf,0,4035,5.72
cdf_fs,ebpf,0,4036,3.7
cdf_fs,ebpf,0,4037,4.73
cdf_fs,ebpf,0,4038,4.94
cdf_fs,ebpf,0,4039,5.12
cdf_fs,ebpf,0,4040,5.09
cdf_fs,ebpf,0,4041,5.08
cdf_fs,ebpf,0,4042,5.15
cdf_fs,ebpf,0,4043,5.01
cdf_fs,ebpf,0,4044,4.86
cdf_fs,ebpf,0,4045,3.54
cdf_fs,ebpf,0,4046,5.0
cdf_fs,ebpf,0,4047,4.73
cdf_fs,ebpf,0,4048,5.01
cdf_fs,ebpf,0,4049,4.57
cdf_fs,ebpf,0,4050,5.55
cdf_fs,ebpf,0,4051,3.56
cdf_fs,ebpf,0,4052,5.48
cdf_fs,ebpf,0,4053,3.68
cdf_fs,ebpf,0,4054,4.73
cdf_fs,ebpf,0,4055,5.16
cdf_fs,ebpf,0,4056,4.96
cdf_fs,ebpf,0,4057,5.17
cdf_fs,ebpf,0,4058,5.05
cdf_fs,ebpf,0,4059,4.91
cdf_fs,ebpf,0,4060,4.9
cdf_fs,ebpf,0,4061,5.11
cdf_fs,ebpf,0,4062,4.98
cdf_fs,ebpf,0,4063,3.77
cdf_fs,ebpf,0,4064,5.07
cdf_fs,ebpf,0,4065,5.18
cdf_fs,ebpf,0,4066,5.01
cdf_fs,ebpf,0,4067,3.75
cdf_fs,ebpf,0,4068,5.34
cdf_fs,ebpf,0,4069,3.92
cdf_fs,ebpf,0,4070,4.44
cdf_fs,ebpf,0,4071,5.02
cdf_fs,ebpf,0,4072,3.75
cdf_fs,ebpf,0,4073,5.12
cdf_fs,ebpf,0,4074,5.07
cdf_fs,ebpf,0,4075,5.18
cdf_fs,ebpf,0,4076,3.65
cdf_fs,ebpf,0,4077,5.08
cdf_fs,ebpf,0,4078,4.37
cdf_fs,ebpf,0,4079,5.04
cdf_fs,ebpf,0,4080,3.79
cdf_fs,ebpf,0,4081,3.7
cdf_fs,ebpf,0,4082,3.61
cdf_fs,ebpf,0,4083,4.7
cdf_fs,ebpf,0,4084,5.0
cdf_fs,ebpf,0,4085,3.46
cdf_fs,ebpf,0,4086,3.77
cdf_fs,ebpf,0,4087,4.58
cdf_fs,ebpf,0,4088,4.92
cdf_fs,ebpf,0,4089,3.88
cdf_fs,ebpf,0,4090,4.53
cdf_fs,ebpf,0,4091,5.59
cdf_fs,ebpf,0,4092,3.54
cdf_fs,ebpf,0,4093,4.44
cdf_fs,ebpf,0,4094,4.94
cdf_fs,ebpf,0,4095,4.31
cdf_fs,ebpf,0,4096,3.7
cdf_fs,ebpf,0,4097,5.41
cdf_fs,ebpf,0,4098,3.65
cdf_fs,ebpf,0,4099,5.07
cdf_fs,ebpf,0,4100,3.76
cdf_fs,ebpf,0,4101,5.16
cdf_fs,ebpf,0,4102,5.0
cdf_fs,ebpf,0,4103,3.63
cdf_fs,ebpf,0,4104,3.57
cdf_fs,ebpf,0,4105,4.95
cdf_fs,ebpf,0,4106,3.49
cdf_fs,ebpf,0,4107,3.65
cdf_fs,ebpf,0,4108,5.55
cdf_fs,ebpf,0,4109,3.73
cdf_fs,ebpf,0,4110,3.66
cdf_fs,ebpf,0,4111,3.64
cdf_fs,ebpf,0,4112,4.48
cdf_fs,ebpf,0,4113,5.06
cdf_fs,ebpf,0,4114,3.87
cdf_fs,ebpf,0,4115,4.05
cdf_fs,ebpf,0,4116,5.03
cdf_fs,ebpf,0,4117,3.49
cdf_fs,ebpf,0,4118,5.03
cdf_fs,ebpf,0,4119,4.99
cdf_fs,ebpf,0,4120,3.68
cdf_fs,ebpf,0,4121,4.61
cdf_fs,ebpf,0,4122,4.97
cdf_fs,ebpf,0,4123,4.23
cdf_fs,ebpf,0,4124,4.52
cdf_fs,ebpf,0,4125,5.01
cdf_fs,ebpf,0,4126,3.74
cdf_fs,ebpf,0,4127,3.58
cdf_fs,ebpf,0,4128,4.97
cdf_fs,ebpf,0,4129,3.61
cdf_fs,ebpf,0,4130,3.5
cdf_fs,ebpf,0,4131,5.58
cdf_fs,ebpf,0,4132,3.65
cdf_fs,ebpf,0,4133,3.76
cdf_fs,ebpf,0,4134,4.64
cdf_fs,ebpf,0,4135,4.77
cdf_fs,ebpf,0,4136,3.48
cdf_fs,ebpf,0,4137,4.72
cdf_fs,ebpf,0,4138,4.87
cdf_fs,ebpf,0,4139,3.74
cdf_fs,ebpf,0,4140,3.56
cdf_fs,ebpf,0,4141,4.76
cdf_fs,ebpf,0,4142,5.51
cdf_fs,ebpf,0,4143,4.18
cdf_fs,ebpf,0,4144,3.63
cdf_fs,ebpf,0,4145,5.33
cdf_fs,ebpf,0,4146,3.66
cdf_fs,ebpf,0,4147,4.66
cdf_fs,ebpf,0,4148,4.82
cdf_fs,ebpf,0,4149,3.82
cdf_fs,ebpf,0,4150,5.03
cdf_fs,ebpf,0,4151,5.1
cdf_fs,ebpf,0,4152,3.63
cdf_fs,ebpf,0,4153,3.76
cdf_fs,ebpf,0,4154,3.63
cdf_fs,ebpf,0,4155,4.7
cdf_fs,ebpf,0,4156,5.17
cdf_fs,ebpf,0,4157,3.75
cdf_fs,ebpf,0,4158,3.76
cdf_fs,ebpf,0,4159,3.99
cdf_fs,ebpf,0,4160,4.83
cdf_fs,ebpf,0,4161,3.96
cdf_fs,ebpf,0,4162,4.49
cdf_fs,ebpf,0,4163,5.15
cdf_fs,ebpf,0,4164,3.66
cdf_fs,ebpf,0,4165,3.83
cdf_fs,ebpf,0,4166,4.46
cdf_fs,ebpf,0,4167,4.8
cdf_fs,ebpf,0,4168,3.7
cdf_fs,ebpf,0,4169,3.98
cdf_fs,ebpf,0,4170,4.52
cdf_fs,ebpf,0,4171,5.01
cdf_fs,ebpf,0,4172,3.87
cdf_fs,ebpf,0,4173,3.61
cdf_fs,ebpf,0,4174,4.44
cdf_fs,ebpf,0,4175,5.06
cdf_fs,ebpf,0,4176,3.87
cdf_fs,ebpf,0,4177,4.77
cdf_fs,ebpf,0,4178,5.46
cdf_fs,ebpf,0,4179,3.62
cdf_fs,ebpf,0,4180,4.93
cdf_fs,ebpf,0,4181,4.88
cdf_fs,ebpf,0,4182,3.78
cdf_fs,ebpf,0,4183,3.76
cdf_fs,ebpf,0,4184,4.53
cdf_fs,ebpf,0,4185,5.43
cdf_fs,ebpf,0,4186,3.9
cdf_fs,ebpf,0,4187,3.6
cdf_fs,ebpf,0,4188,4.83
cdf_fs,ebpf,0,4189,4.16
cdf_fs,ebpf,0,4190,4.6
cdf_fs,ebpf,0,4191,4.86
cdf_fs,ebpf,0,4192,3.84
cdf_fs,ebpf,0,4193,4.49
cdf_fs,ebpf,0,4194,5.03
cdf_fs,ebpf,0,4195,3.62
cdf_fs,ebpf,0,4196,3.69
cdf_fs,ebpf,0,4197,3.73
cdf_fs,ebpf,0,4198,3.71
cdf_fs,ebpf,0,4199,3.54
cdf_fs,ebpf,0,4200,5.51
cdf_fs,ebpf,0,4201,4.16
cdf_fs,ebpf,0,4202,3.8
cdf_fs,ebpf,0,4203,5.13
cdf_fs,ebpf,0,4204,3.65
cdf_fs,ebpf,0,4205,4.66
cdf_fs,ebpf,0,4206,4.98
cdf_fs,ebpf,0,4207,4.31
cdf_fs,ebpf,0,4208,4.51
cdf_fs,ebpf,0,4209,5.25
cdf_fs,ebpf,0,4210,3.66
cdf_fs,ebpf,0,4211,3.83
cdf_fs,ebpf,0,4212,4.33
cdf_fs,ebpf,0,4213,5.15
cdf_fs,ebpf,0,4214,4.63
cdf_fs,ebpf,0,4215,4.97
cdf_fs,ebpf,0,4216,3.7
cdf_fs,ebpf,0,4217,5.05
cdf_fs,ebpf,0,4218,4.8
cdf_fs,ebpf,0,4219,4.24
cdf_fs,ebpf,0,4220,4.97
cdf_fs,ebpf,0,4221,5.08
cdf_fs,ebpf,0,4222,3.47
cdf_fs,ebpf,0,4223,3.8
cdf_fs,ebpf,0,4224,4.62
cdf_fs,ebpf,0,4225,5.14
cdf_fs,ebpf,0,4226,3.89
cdf_fs,ebpf,0,4227,3.77
cdf_fs,ebpf,0,4228,3.51
cdf_fs,ebpf,0,4229,5.63
cdf_fs,ebpf,0,4230,3.74
cdf_fs,ebpf,0,4231,3.86
cdf_fs,ebpf,0,4232,3.74
cdf_fs,ebpf,0,4233,4.51
cdf_fs,ebpf,0,4234,5.21
cdf_fs,ebpf,0,4235,7.56
cdf_fs,ebpf,0,4236,5.71
cdf_fs,ebpf,0,4237,3.79
cdf_fs,ebpf,0,4238,4.43
cdf_fs,ebpf,0,4239,5.47
cdf_fs,ebpf,0,4240,3.61
cdf_fs,ebpf,0,4241,3.66
cdf_fs,ebpf,0,4242,4.36
cdf_fs,ebpf,0,4243,4.86
cdf_fs,ebpf,0,4244,5.24
cdf_fs,ebpf,0,4245,4.03
cdf_fs,ebpf,0,4246,4.04
cdf_fs,ebpf,0,4247,4.5
cdf_fs,ebpf,0,4248,5.73
cdf_fs,ebpf,0,4249,3.69
cdf_fs,ebpf,0,4250,3.61
cdf_fs,ebpf,0,4251,4.88
cdf_fs,ebpf,0,4252,4.22
cdf_fs,ebpf,0,4253,4.5
cdf_fs,ebpf,0,4254,5.05
cdf_fs,ebpf,0,4255,3.67
cdf_fs,ebpf,0,4256,4.2
cdf_fs,ebpf,0,4257,5.21
cdf_fs,ebpf,0,4258,5.33
cdf_fs,ebpf,0,4259,4.04
cdf_fs,ebpf,0,4260,5.52
cdf_fs,ebpf,0,4261,5.25
cdf_fs,ebpf,0,4262,3.73
cdf_fs,ebpf,0,4263,3.59
cdf_fs,ebpf,0,4264,4.0
cdf_fs,ebpf,0,4265,5.14
cdf_fs,ebpf,0,4266,4.89
cdf_fs,ebpf,0,4267,3.82
cdf_fs,ebpf,0,4268,3.72
cdf_fs,ebpf,0,4269,5.06
cdf_fs,ebpf,0,4270,3.74
cdf_fs,ebpf,0,4271,4.15
cdf_fs,ebpf,0,4272,4.12
cdf_fs,ebpf,0,4273,5.45
cdf_fs,ebpf,0,4274,3.88
cdf_fs,ebpf,0,4275,4.11
cdf_fs,ebpf,0,4276,4.53
cdf_fs,ebpf,0,4277,4.83
cdf_fs,ebpf,0,4278,3.51
cdf_fs,ebpf,0,4279,4.27
cdf_fs,ebpf,0,4280,4.98
cdf_fs,ebpf,0,4281,3.75
cdf_fs,ebpf,0,4282,5.08
cdf_fs,ebpf,0,4283,5.41
cdf_fs,ebpf,0,4284,3.53
cdf_fs,ebpf,0,4285,4.04
cdf_fs,ebpf,0,4286,3.71
cdf_fs,ebpf,0,4287,5.2
cdf_fs,ebpf,0,4288,3.66
cdf_fs,ebpf,0,4289,3.63
cdf_fs,ebpf,0,4290,4.44
cdf_fs,ebpf,0,4291,4.88
cdf_fs,ebpf,0,4292,3.63
cdf_fs,ebpf,0,4293,4.6
cdf_fs,ebpf,0,4294,4.92
cdf_fs,ebpf,0,4295,3.67
cdf_fs,ebpf,0,4296,3.7
cdf_fs,ebpf,0,4297,4.82
cdf_fs,ebpf,0,4298,4.84
cdf_fs,ebpf,0,4299,3.73
cdf_fs,ebpf,0,4300,3.6
cdf_fs,ebpf,0,4301,4.44
cdf_fs,ebpf,0,4302,4.94
cdf_fs,ebpf,0,4303,3.6
cdf_fs,ebpf,0,4304,4.7
cdf_fs,ebpf,0,4305,4.95
cdf_fs,ebpf,0,4306,3.55
cdf_fs,ebpf,0,4307,5.15
cdf_fs,ebpf,0,4308,5.3
cdf_fs,ebpf,0,4309,3.61
cdf_fs,ebpf,0,4310,4.05
cdf_fs,ebpf,0,4311,5.4
cdf_fs,ebpf,0,4312,4.28
cdf_fs,ebpf,0,4313,4.38
cdf_fs,ebpf,0,4314,5.5
cdf_fs,ebpf,0,4315,3.96
cdf_fs,ebpf,0,4316,3.69
cdf_fs,ebpf,0,4317,4.63
cdf_fs,ebpf,0,4318,5.36
cdf_fs,ebpf,0,4319,3.6
cdf_fs,ebpf,0,4320,4.54
cdf_fs,ebpf,0,4321,5.86
cdf_fs,ebpf,0,4322,3.71
cdf_fs,ebpf,0,4323,3.61
cdf_fs,ebpf,0,4324,3.65
cdf_fs,ebpf,0,4325,4.44
cdf_fs,ebpf,0,4326,5.15
cdf_fs,ebpf,0,4327,3.8
cdf_fs,ebpf,0,4328,3.76
cdf_fs,ebpf,0,4329,3.67
cdf_fs,ebpf,0,4330,3.61
cdf_fs,ebpf,0,4331,5.15
cdf_fs,ebpf,0,4332,3.83
cdf_fs,ebpf,0,4333,5.0
cdf_fs,ebpf,0,4334,5.24
cdf_fs,ebpf,0,4335,3.49
cdf_fs,ebpf,0,4336,3.73
cdf_fs,ebpf,0,4337,4.65
cdf_fs,ebpf,0,4338,5.52
cdf_fs,ebpf,0,4339,3.9
cdf_fs,ebpf,0,4340,4.98
cdf_fs,ebpf,0,4341,4.72
cdf_fs,ebpf,0,4342,3.74
cdf_fs,ebpf,0,4343,3.73
cdf_fs,ebpf,0,4344,4.61
cdf_fs,ebpf,0,4345,5.4
cdf_fs,ebpf,0,4346,3.52
cdf_fs,ebpf,0,4347,3.57
cdf_fs,ebpf,0,4348,4.42
cdf_fs,ebpf,0,4349,4.86
cdf_fs,ebpf,0,4350,3.58
cdf_fs,ebpf,0,4351,4.62
cdf_fs,ebpf,0,4352,4.39
cdf_fs,ebpf,0,4353,4.94
cdf_fs,ebpf,0,4354,3.84
cdf_fs,ebpf,0,4355,5.12
cdf_fs,ebpf,0,4356,4.85
cdf_fs,ebpf,0,4357,3.66
cdf_fs,ebpf,0,4358,3.75
cdf_fs,ebpf,0,4359,4.64
cdf_fs,ebpf,0,4360,4.91
cdf_fs,ebpf,0,4361,3.76
cdf_fs,ebpf,0,4362,3.9
cdf_fs,ebpf,0,4363,4.68
cdf_fs,ebpf,0,4364,5.08
cdf_fs,ebpf,0,4365,3.62
cdf_fs,ebpf,0,4366,4.1
cdf_fs,ebpf,0,4367,5.03
cdf_fs,ebpf,0,4368,3.81
cdf_fs,ebpf,0,4369,4.61
cdf_fs,ebpf,0,4370,5.28
cdf_fs,ebpf,0,4371,3.57
cdf_fs,ebpf,0,4372,4.52
cdf_fs,ebpf,0,4373,4.71
cdf_fs,ebpf,0,4374,4.5
cdf_fs,ebpf,0,4375,4.92
cdf_fs,ebpf,0,4376,4.29
cdf_fs,ebpf,0,4377,3.88
cdf_fs,ebpf,0,4378,5.24
cdf_fs,ebpf,0,4379,3.67
cdf_fs,ebpf,0,4380,4.68
cdf_fs,ebpf,0,4381,5.24
cdf_fs,ebpf,0,4382,3.64
cdf_fs,ebpf,0,4383,5.09
cdf_fs,ebpf,0,4384,5.43
cdf_fs,ebpf,0,4385,4.65
cdf_fs,ebpf,0,4386,3.54
cdf_fs,ebpf,0,4387,3.54
cdf_fs,ebpf,0,4388,4.59
cdf_fs,ebpf,0,4389,5.44
cdf_fs,ebpf,0,4390,3.81
cdf_fs,ebpf,0,4391,3.89
cdf_fs,ebpf,0,4392,4.59
cdf_fs,ebpf,0,4393,4.99
cdf_fs,ebpf,0,4394,3.79
cdf_fs,ebpf,0,4395,3.45
cdf_fs,ebpf,0,4396,4.12
cdf_fs,ebpf,0,4397,4.77
cdf_fs,ebpf,0,4398,4.18
cdf_fs,ebpf,0,4399,4.99
cdf_fs,ebpf,0,4400,4.78
cdf_fs,ebpf,0,4401,3.48
cdf_fs,ebpf,0,4402,3.62
cdf_fs,ebpf,0,4403,4.69
cdf_fs,ebpf,0,4404,5.28
cdf_fs,ebpf,0,4405,3.9
cdf_fs,ebpf,0,4406,3.74
cdf_fs,ebpf,0,4407,4.6
cdf_fs,ebpf,0,4408,4.36
cdf_fs,ebpf,0,4409,5.59
cdf_fs,ebpf,0,4410,3.71
cdf_fs,ebpf,0,4411,3.92
cdf_fs,ebpf,0,4412,5.59
cdf_fs,ebpf,0,4413,4.21
cdf_fs,ebpf,0,4414,4.06
cdf_fs,ebpf,0,4415,5.0
cdf_fs,ebpf,0,4416,3.77
cdf_fs,ebpf,0,4417,3.69
cdf_fs,ebpf,0,4418,4.57
cdf_fs,ebpf,0,4419,5.06
cdf_fs,ebpf,0,4420,3.73
cdf_fs,ebpf,0,4421,3.62
cdf_fs,ebpf,0,4422,4.57
cdf_fs,ebpf,0,4423,5.49
cdf_fs,ebpf,0,4424,3.98
cdf_fs,ebpf,0,4425,3.76
cdf_fs,ebpf,0,4426,4.48
cdf_fs,ebpf,0,4427,5.31
cdf_fs,ebpf,0,4428,4.06
cdf_fs,ebpf,0,4429,4.79
cdf_fs,ebpf,0,4430,5.48
cdf_fs,ebpf,0,4431,4.32
cdf_fs,ebpf,0,4432,3.48
cdf_fs,ebpf,0,4433,3.61
cdf_fs,ebpf,0,4434,5.57
cdf_fs,ebpf,0,4435,4.38
cdf_fs,ebpf,0,4436,5.08
cdf_fs,ebpf,0,4437,5.03
cdf_fs,ebpf,0,4438,3.73
cdf_fs,ebpf,0,4439,4.68
cdf_fs,ebpf,0,4440,4.84
cdf_fs,ebpf,0,4441,3.55
cdf_fs,ebpf,0,4442,3.69
cdf_fs,ebpf,0,4443,4.79
cdf_fs,ebpf,0,4444,5.54
cdf_fs,ebpf,0,4445,3.82
cdf_fs,ebpf,0,4446,3.71
cdf_fs,ebpf,0,4447,3.88
cdf_fs,ebpf,0,4448,5.14
cdf_fs,ebpf,0,4449,3.5
cdf_fs,ebpf,0,4450,3.55
cdf_fs,ebpf,0,4451,5.47
cdf_fs,ebpf,0,4452,3.45
cdf_fs,ebpf,0,4453,3.75
cdf_fs,ebpf,0,4454,4.56
cdf_fs,ebpf,0,4455,8.92
cdf_fs,ebpf,0,4456,5.89
cdf_fs,ebpf,0,4457,4.89
cdf_fs,ebpf,0,4458,3.7
cdf_fs,ebpf,0,4459,5.06
cdf_fs,ebpf,0,4460,3.63
cdf_fs,ebpf,0,4461,4.09
cdf_fs,ebpf,0,4462,4.58
cdf_fs,ebpf,0,4463,4.91
cdf_fs,ebpf,0,4464,3.77
cdf_fs,ebpf,0,4465,3.51
cdf_fs,ebpf,0,4466,4.56
cdf_fs,ebpf,0,4467,5.18
cdf_fs,ebpf,0,4468,3.46
cdf_fs,ebpf,0,4469,3.73
cdf_fs,ebpf,0,4470,5.03
cdf_fs,ebpf,0,4471,5.1
cdf_fs,ebpf,0,4472,3.95
cdf_fs,ebpf,0,4473,3.72
cdf_fs,ebpf,0,4474,4.9
cdf_fs,ebpf,0,4475,3.6
cdf_fs,ebpf,0,4476,3.53
cdf_fs,ebpf,0,4477,4.62
cdf_fs,ebpf,0,4478,4.92
cdf_fs,ebpf,0,4479,3.68
cdf_fs,ebpf,0,4480,4.48
cdf_fs,ebpf,0,4481,5.42
cdf_fs,ebpf,0,4482,3.73
cdf_fs,ebpf,0,4483,4.61
cdf_fs,ebpf,0,4484,4.82
cdf_fs,ebpf,0,4485,3.92
cdf_fs,ebpf,0,4486,4.31
cdf_fs,ebpf,0,4487,5.06
cdf_fs,ebpf,0,4488,4.02
cdf_fs,ebpf,0,4489,4.66
cdf_fs,ebpf,0,4490,4.42
cdf_fs,ebpf,0,4491,5.73
cdf_fs,ebpf,0,4492,3.74
cdf_fs,ebpf,0,4493,3.76
cdf_fs,ebpf,0,4494,3.68
cdf_fs,ebpf,0,4495,3.52
cdf_fs,ebpf,0,4496,4.43
cdf_fs,ebpf,0,4497,5.05
cdf_fs,ebpf,0,4498,3.65
cdf_fs,ebpf,0,4499,4.25
cdf_fs,ebpf,0,4500,3.58
cdf_fs,ebpf,0,4501,4.43
cdf_fs,ebpf,0,4502,4.96
cdf_fs,ebpf,0,4503,3.6
cdf_fs,ebpf,0,4504,3.52
cdf_fs,ebpf,0,4505,3.68
cdf_fs,ebpf,0,4506,4.46
cdf_fs,ebpf,0,4507,5.42
cdf_fs,ebpf,0,4508,3.59
cdf_fs,ebpf,0,4509,4.59
cdf_fs,ebpf,0,4510,4.42
cdf_fs,ebpf,0,4511,4.93
cdf_fs,ebpf,0,4512,3.72
cdf_fs,ebpf,0,4513,3.74
cdf_fs,ebpf,0,4514,4.39
cdf_fs,ebpf,0,4515,4.98
cdf_fs,ebpf,0,4516,3.61
cdf_fs,ebpf,0,4517,3.69
cdf_fs,ebpf,0,4518,4.18
cdf_fs,ebpf,0,4519,5.42
cdf_fs,ebpf,0,4520,3.68
cdf_fs,ebpf,0,4521,3.83
cdf_fs,ebpf,0,4522,4.53
cdf_fs,ebpf,0,4523,5.05
cdf_fs,ebpf,0,4524,3.6
cdf_fs,ebpf,0,4525,3.64
cdf_fs,ebpf,0,4526,3.86
cdf_fs,ebpf,0,4527,5.11
cdf_fs,ebpf,0,4528,3.68
cdf_fs,ebpf,0,4529,5.02
cdf_fs,ebpf,0,4530,4.74
cdf_fs,ebpf,0,4531,3.76
cdf_fs,ebpf,0,4532,5.0
cdf_fs,ebpf,0,4533,4.52
cdf_fs,ebpf,0,4534,5.23
cdf_fs,ebpf,0,4535,3.64
cdf_fs,ebpf,0,4536,4.73
cdf_fs,ebpf,0,4537,5.63
cdf_fs,ebpf,0,4538,3.6
cdf_fs,ebpf,0,4539,4.1
cdf_fs,ebpf,0,4540,5.5
cdf_fs,ebpf,0,4541,3.96
cdf_fs,ebpf,0,4542,4.43
cdf_fs,ebpf,0,4543,4.78
cdf_fs,ebpf,0,4544,4.18
cdf_fs,ebpf,0,4545,4.46
cdf_fs,ebpf,0,4546,5.02
cdf_fs,ebpf,0,4547,3.63
cdf_fs,ebpf,0,4548,3.64
cdf_fs,ebpf,0,4549,3.88
cdf_fs,ebpf,0,4550,5.43
cdf_fs,ebpf,0,4551,3.66
cdf_fs,ebpf,0,4552,4.49
cdf_fs,ebpf,0,4553,5.0
cdf_fs,ebpf,0,4554,3.63
cdf_fs,ebpf,0,4555,3.84
cdf_fs,ebpf,0,4556,4.97
cdf_fs,ebpf,0,4557,4.76
cdf_fs,ebpf,0,4558,4.62
cdf_fs,ebpf,0,4559,5.39
cdf_fs,ebpf,0,4560,3.6
cdf_fs,ebpf,0,4561,3.47
cdf_fs,ebpf,0,4562,4.09
cdf_fs,ebpf,0,4563,5.28
cdf_fs,ebpf,0,4564,3.73
cdf_fs,ebpf,0,4565,3.99
cdf_fs,ebpf,0,4566,4.92
cdf_fs,ebpf,0,4567,3.77
cdf_fs,ebpf,0,4568,4.77
cdf_fs,ebpf,0,4569,4.87
cdf_fs,ebpf,0,4570,3.51
cdf_fs,ebpf,0,4571,4.74
cdf_fs,ebpf,0,4572,4.49
cdf_fs,ebpf,0,4573,5.07
cdf_fs,ebpf,0,4574,3.58
cdf_fs,ebpf,0,4575,3.73
cdf_fs,ebpf,0,4576,4.98
cdf_fs,ebpf,0,4577,3.58
cdf_fs,ebpf,0,4578,3.59
cdf_fs,ebpf,0,4579,3.69
cdf_fs,ebpf,0,4580,3.46
cdf_fs,ebpf,0,4581,4.74
cdf_fs,ebpf,0,4582,3.56
cdf_fs,ebpf,0,4583,3.59
cdf_fs,ebpf,0,4584,5.0
cdf_fs,ebpf,0,4585,4.95
cdf_fs,ebpf,0,4586,5.29
cdf_fs,ebpf,0,4587,3.77
cdf_fs,ebpf,0,4588,3.59
cdf_fs,ebpf,0,4589,4.98
cdf_fs,ebpf,0,4590,4.85
cdf_fs,ebpf,0,4591,3.64
cdf_fs,ebpf,0,4592,3.52
cdf_fs,ebpf,0,4593,4.65
cdf_fs,ebpf,0,4594,5.53
cdf_fs,ebpf,0,4595,4.1
cdf_fs,ebpf,0,4596,3.76
cdf_fs,ebpf,0,4597,5.1
cdf_fs,ebpf,0,4598,3.7
cdf_fs,ebpf,0,4599,4.54
cdf_fs,ebpf,0,4600,5.05
cdf_fs,ebpf,0,4601,3.7
cdf_fs,ebpf,0,4602,4.73
cdf_fs,ebpf,0,4603,5.87
cdf_fs,ebpf,0,4604,3.55
cdf_fs,ebpf,0,4605,3.74
cdf_fs,ebpf,0,4606,3.78
cdf_fs,ebpf,0,4607,4.81
cdf_fs,ebpf,0,4608,4.12
cdf_fs,ebpf,0,4609,5.02
cdf_fs,ebpf,0,4610,4.76
cdf_fs,ebpf,0,4611,3.62
cdf_fs,ebpf,0,4612,3.81
cdf_fs,ebpf,0,4613,3.57
cdf_fs,ebpf,0,4614,4.59
cdf_fs,ebpf,0,4615,5.65
cdf_fs,ebpf,0,4616,4.16
cdf_fs,ebpf,0,4617,4.68
cdf_fs,ebpf,0,4618,5.36
cdf_fs,ebpf,0,4619,4.02
cdf_fs,ebpf,0,4620,3.57
cdf_fs,ebpf,0,4621,4.85
cdf_fs,ebpf,0,4622,3.83
cdf_fs,ebpf,0,4623,5.51
cdf_fs,ebpf,0,4624,3.69
cdf_fs,ebpf,0,4625,3.46
cdf_fs,ebpf,0,4626,4.52
cdf_fs,ebpf,0,4627,4.85
cdf_fs,ebpf,0,4628,3.82
cdf_fs,ebpf,0,4629,3.81
cdf_fs,ebpf,0,4630,4.76
cdf_fs,ebpf,0,4631,4.8
cdf_fs,ebpf,0,4632,3.7
cdf_fs,ebpf,0,4633,3.72
cdf_fs,ebpf,0,4634,4.44
cdf_fs,ebpf,0,4635,4.64
cdf_fs,ebpf,0,4636,4.89
cdf_fs,ebpf,0,4637,4.16
cdf_fs,ebpf,0,4638,4.66
cdf_fs,ebpf,0,4639,4.8
cdf_fs,ebpf,0,4640,4.14
cdf_fs,ebpf,0,4641,4.3
cdf_fs,ebpf,0,4642,4.78
cdf_fs,ebpf,0,4643,3.76
cdf_fs,ebpf,0,4644,4.45
cdf_fs,ebpf,0,4645,5.2
cdf_fs,ebpf,0,4646,3.66
cdf_fs,ebpf,0,4647,3.51
cdf_fs,ebpf,0,4648,5.91
cdf_fs,ebpf,0,4649,3.59
cdf_fs,ebpf,0,4650,3.87
cdf_fs,ebpf,0,4651,4.56
cdf_fs,ebpf,0,4652,5.0
cdf_fs,ebpf,0,4653,3.78
cdf_fs,ebpf,0,4654,3.55
cdf_fs,ebpf,0,4655,3.57
cdf_fs,ebpf,0,4656,4.41
cdf_fs,ebpf,0,4657,5.0
cdf_fs,ebpf,0,4658,3.68
cdf_fs,ebpf,0,4659,3.87
cdf_fs,ebpf,0,4660,4.39
cdf_fs,ebpf,0,4661,4.7
cdf_fs,ebpf,0,4662,3.87
cdf_fs,ebpf,0,4663,4.4
cdf_fs,ebpf,0,4664,3.84
cdf_fs,ebpf,0,4665,4.4
cdf_fs,ebpf,0,4666,4.88
cdf_fs,ebpf,0,4667,3.75
cdf_fs,ebpf,0,4668,4.66
cdf_fs,ebpf,0,4669,4.74
cdf_fs,ebpf,0,4670,4.85
cdf_fs,ebpf,0,4671,3.61
cdf_fs,ebpf,0,4672,3.75
cdf_fs,ebpf,0,4673,4.73
cdf_fs,ebpf,0,4674,3.53
cdf_fs,ebpf,0,4675,4.51
cdf_fs,ebpf,0,4676,9.29
cdf_fs,ebpf,0,4677,6.21
cdf_fs,ebpf,0,4678,3.74
cdf_fs,ebpf,0,4679,3.77
cdf_fs,ebpf,0,4680,4.68
cdf_fs,ebpf,0,4681,5.73
cdf_fs,ebpf,0,4682,3.89
cdf_fs,ebpf,0,4683,3.65
cdf_fs,ebpf,0,4684,4.51
cdf_fs,ebpf,0,4685,5.1
cdf_fs,ebpf,0,4686,3.53
cdf_fs,ebpf,0,4687,3.48
cdf_fs,ebpf,0,4688,4.3
cdf_fs,ebpf,0,4689,5.44
cdf_fs,ebpf,0,4690,3.52
cdf_fs,ebpf,0,4691,4.72
cdf_fs,ebpf,0,4692,4.39
cdf_fs,ebpf,0,4693,4.47
cdf_fs,ebpf,0,4694,5.0
cdf_fs,ebpf,0,4695,3.68
cdf_fs,ebpf,0,4696,4.94
cdf_fs,ebpf,0,4697,5.46
cdf_fs,ebpf,0,4698,3.97
cdf_fs,ebpf,0,4699,3.65
cdf_fs,ebpf,0,4700,4.87
cdf_fs,ebpf,0,4701,3.55
cdf_fs,ebpf,0,4702,5.21
cdf_fs,ebpf,0,4703,4.85
cdf_fs,ebpf,0,4704,3.84
cdf_fs,ebpf,0,4705,4.41
cdf_fs,ebpf,0,4706,4.62
cdf_fs,ebpf,0,4707,5.75
cdf_fs,ebpf,0,4708,3.61
cdf_fs,ebpf,0,4709,3.57
cdf_fs,ebpf,0,4710,3.71
cdf_fs,ebpf,0,4711,4.46
cdf_fs,ebpf,0,4712,5.65
cdf_fs,ebpf,0,4713,4.99
cdf_fs,ebpf,0,4714,5.15
cdf_fs,ebpf,0,4715,3.69
cdf_fs,ebpf,0,4716,3.5
cdf_fs,ebpf,0,4717,4.38
cdf_fs,ebpf,0,4718,5.36
cdf_fs,ebpf,0,4719,3.64
cdf_fs,ebpf,0,4720,3.75
cdf_fs,ebpf,0,4721,3.83
cdf_fs,ebpf,0,4722,4.61
cdf_fs,ebpf,0,4723,4.54
cdf_fs,ebpf,0,4724,5.4
cdf_fs,ebpf,0,4725,3.61
cdf_fs,ebpf,0,4726,3.73
cdf_fs,ebpf,0,4727,3.76
cdf_fs,ebpf,0,4728,4.76
cdf_fs,ebpf,0,4729,4.03
cdf_fs,ebpf,0,4730,4.45
cdf_fs,ebpf,0,4731,5.05
cdf_fs,ebpf,0,4732,3.76
cdf_fs,ebpf,0,4733,4.98
cdf_fs,ebpf,0,4734,5.24
cdf_fs,ebpf,0,4735,3.52
cdf_fs,ebpf,0,4736,3.72
cdf_fs,ebpf,0,4737,3.59
cdf_fs,ebpf,0,4738,4.33
cdf_fs,ebpf,0,4739,5.19
cdf_fs,ebpf,0,4740,4.14
cdf_fs,ebpf,0,4741,3.75
cdf_fs,ebpf,0,4742,4.57
cdf_fs,ebpf,0,4743,4.87
cdf_fs,ebpf,0,4744,4.18
cdf_fs,ebpf,0,4745,3.68
cdf_fs,ebpf,0,4746,4.87
cdf_fs,ebpf,0,4747,4.12
cdf_fs,ebpf,0,4748,4.87
cdf_fs,ebpf,0,4749,5.2
cdf_fs,ebpf,0,4750,5.33
cdf_fs,ebpf,0,4751,3.61
cdf_fs,ebpf,0,4752,3.57
cdf_fs,ebpf,0,4753,4.16
cdf_fs,ebpf,0,4754,4.54
cdf_fs,ebpf,0,4755,5.11
cdf_fs,ebpf,0,4756,3.9
cdf_fs,ebpf,0,4757,4.47
cdf_fs,ebpf,0,4758,5.35
cdf_fs,ebpf,0,4759,3.72
cdf_fs,ebpf,0,4760,3.63
cdf_fs,ebpf,0,4761,4.37
cdf_fs,ebpf,0,4762,5.39
cdf_fs,ebpf,0,4763,3.79
cdf_fs,ebpf,0,4764,4.99
cdf_fs,ebpf,0,4765,4.39
cdf_fs,ebpf,0,4766,4.52
cdf_fs,ebpf,0,4767,4.81
cdf_fs,ebpf,0,4768,3.95
cdf_fs,ebpf,0,4769,4.31
cdf_fs,ebpf,0,4770,4.64
cdf_fs,ebpf,0,4771,5.01
cdf_fs,ebpf,0,4772,3.55
cdf_fs,ebpf,0,4773,5.18
cdf_fs,ebpf,0,4774,5.07
cdf_fs,ebpf,0,4775,3.79
cdf_fs,ebpf,0,4776,3.71
cdf_fs,ebpf,0,4777,4.5
cdf_fs,ebpf,0,4778,4.98
cdf_fs,ebpf,0,4779,3.67
cdf_fs,ebpf,0,4780,3.66
cdf_fs,ebpf,0,4781,3.76
cdf_fs,ebpf,0,4782,5.53
cdf_fs,ebpf,0,4783,3.88
cdf_fs,ebpf,0,4784,3.47
cdf_fs,ebpf,0,4785,3.63
cdf_fs,ebpf,0,4786,4.51
cdf_fs,ebpf,0,4787,5.03
cdf_fs,ebpf,0,4788,4.25
cdf_fs,ebpf,0,4789,4.49
cdf_fs,ebpf,0,4790,4.84
cdf_fs,ebpf,0,4791,3.61
cdf_fs,ebpf,0,4792,4.63
cdf_fs,ebpf,0,4793,4.85
cdf_fs,ebpf,0,4794,3.59
cdf_fs,ebpf,0,4795,3.64
cdf_fs,ebpf,0,4796,4.67
cdf_fs,ebpf,0,4797,4.39
cdf_fs,ebpf,0,4798,4.89
cdf_fs,ebpf,0,4799,3.6
cdf_fs,ebpf,0,4800,4.05
cdf_fs,ebpf,0,4801,5.32
cdf_fs,ebpf,0,4802,3.64
cdf_fs,ebpf,0,4803,3.68
cdf_fs,ebpf,0,4804,5.34
cdf_fs,ebpf,0,4805,3.78
cdf_fs,ebpf,0,4806,4.16
cdf_fs,ebpf,0,4807,4.86
cdf_fs,ebpf,0,4808,3.58
cdf_fs,ebpf,0,4809,3.55
cdf_fs,ebpf,0,4810,4.57
cdf_fs,ebpf,0,4811,5.14
cdf_fs,ebpf,0,4812,3.83
cdf_fs,ebpf,0,4813,4.54
cdf_fs,ebpf,0,4814,4.77
cdf_fs,ebpf,0,4815,3.91
cdf_fs,ebpf,0,4816,4.49
cdf_fs,ebpf,0,4817,5.04
cdf_fs,ebpf,0,4818,3.53
cdf_fs,ebpf,0,4819,3.5
cdf_fs,ebpf,0,4820,4.72
cdf_fs,ebpf,0,4821,4.84
cdf_fs,ebpf,0,4822,4.14
cdf_fs,ebpf,0,4823,4.89
cdf_fs,ebpf,0,4824,4.88
cdf_fs,ebpf,0,4825,4.15
cdf_fs,ebpf,0,4826,3.9
cdf_fs,ebpf,0,4827,4.65
cdf_fs,ebpf,0,4828,4.59
cdf_fs,ebpf,0,4829,5.1
cdf_fs,ebpf,0,4830,3.7
cdf_fs,ebpf,0,4831,3.65
cdf_fs,ebpf,0,4832,4.58
cdf_fs,ebpf,0,4833,4.89
cdf_fs,ebpf,0,4834,4.24
cdf_fs,ebpf,0,4835,3.69
cdf_fs,ebpf,0,4836,3.44
cdf_fs,ebpf,0,4837,4.62
cdf_fs,ebpf,0,4838,5.4
cdf_fs,ebpf,0,4839,3.54
cdf_fs,ebpf,0,4840,3.53
cdf_fs,ebpf,0,4841,4.89
cdf_fs,ebpf,0,4842,5.07
cdf_fs,ebpf,0,4843,3.62
cdf_fs,ebpf,0,4844,4.32
cdf_fs,ebpf,0,4845,4.64
cdf_fs,ebpf,0,4846,4.89
cdf_fs,ebpf,0,4847,3.75
cdf_fs,ebpf,0,4848,3.61
cdf_fs,ebpf,0,4849,4.43
cdf_fs,ebpf,0,4850,4.48
cdf_fs,ebpf,0,4851,4.53
cdf_fs,ebpf,0,4852,5.53
cdf_fs,ebpf,0,4853,3.61
cdf_fs,ebpf,0,4854,3.86
cdf_fs,ebpf,0,4855,4.7
cdf_fs,ebpf,0,4856,4.94
cdf_fs,ebpf,0,4857,4.17
cdf_fs,ebpf,0,4858,5.06
cdf_fs,ebpf,0,4859,4.81
cdf_fs,ebpf,0,4860,4.07
cdf_fs,ebpf,0,4861,3.8
cdf_fs,ebpf,0,4862,5.02
cdf_fs,ebpf,0,4863,3.57
cdf_fs,ebpf,0,4864,4.97
cdf_fs,ebpf,0,4865,4.93
cdf_fs,ebpf,0,4866,3.58
cdf_fs,ebpf,0,4867,4.51
cdf_fs,ebpf,0,4868,5.09
cdf_fs,ebpf,0,4869,5.61
cdf_fs,ebpf,0,4870,3.61
cdf_fs,ebpf,0,4871,4.34
cdf_fs,ebpf,0,4872,5.07
cdf_fs,ebpf,0,4873,4.57
cdf_fs,ebpf,0,4874,4.71
cdf_fs,ebpf,0,4875,5.04
cdf_fs,ebpf,0,4876,3.72
cdf_fs,ebpf,0,4877,3.69
cdf_fs,ebpf,0,4878,4.77
cdf_fs,ebpf,0,4879,3.89
cdf_fs,ebpf,0,4880,3.51
cdf_fs,ebpf,0,4881,4.89
cdf_fs,ebpf,0,4882,3.74
cdf_fs,ebpf,0,4883,3.55
cdf_fs,ebpf,0,4884,3.48
cdf_fs,ebpf,0,4885,4.64
cdf_fs,ebpf,0,4886,4.84
cdf_fs,ebpf,0,4887,3.67
cdf_fs,ebpf,0,4888,4.66
cdf_fs,ebpf,0,4889,4.94
cdf_fs,ebpf,0,4890,3.69
cdf_fs,ebpf,0,4891,4.52
cdf_fs,ebpf,0,4892,4.549
cdf_fs,ebpf,0,4893,4.94
cdf_fs,ebpf,0,4894,4.12
cdf_fs,ebpf,0,4895,3.471
cdf_fs,ebpf,0,4896,4.34
cdf_fs,ebpf,0,4897,10.08
cdf_fs,ebpf,0,4898,6.211
cdf_fs,ebpf,0,4899,3.96
cdf_fs,ebpf,0,4900,5.06
cdf_fs,ebpf,0,4901,5.42
cdf_fs,ebpf,0,4902,3.54
cdf_fs,ebpf,0,4903,4.611
cdf_fs,ebpf,0,4904,5.251
cdf_fs,ebpf,0,4905,3.82
cdf_fs,ebpf,0,4906,3.631
cdf_fs,ebpf,0,4907,5.0
cdf_fs,ebpf,0,4908,3.74
cdf_fs,ebpf,0,4909,4.471
cdf_fs,ebpf,0,4910,4.96
cdf_fs,ebpf,0,4911,3.731
cdf_fs,ebpf,0,4912,4.18
cdf_fs,ebpf,0,4913,4.951
cdf_fs,ebpf,0,4914,5.031
cdf_fs,ebpf,0,4915,3.6
cdf_fs,ebpf,0,4916,3.811
cdf_fs,ebpf,0,4917,5.049
cdf_fs,ebpf,0,4918,5.08
cdf_fs,ebpf,0,4919,3.5
cdf_fs,ebpf,0,4920,3.56
cdf_fs,ebpf,0,4921,3.46
cdf_fs,ebpf,0,4922,5.791
cdf_fs,ebpf,0,4923,4.289
cdf_fs,ebpf,0,4924,3.671
cdf_fs,ebpf,0,4925,4.549
cdf_fs,ebpf,0,4926,4.92
cdf_fs,ebpf,0,4927,4.949
cdf_fs,ebpf,0,4928,3.66
cdf_fs,ebpf,0,4929,4.391
cdf_fs,ebpf,0,4930,4.549
cdf_fs,ebpf,0,4931,5.06
cdf_fs,ebpf,0,4932,3.52
cdf_fs,ebpf,0,4933,3.431
cdf_fs,ebpf,0,4934,4.56
cdf_fs,ebpf,0,4935,4.771
cdf_fs,ebpf,0,4936,3.569
cdf_fs,ebpf,0,4937,4.489
cdf_fs,ebpf,0,4938,4.94
cdf_fs,ebpf,0,4939,3.74
cdf_fs,ebpf,0,4940,3.669
cdf_fs,ebpf,0,4941,4.46
cdf_fs,ebpf,0,4942,4.94
cdf_fs,ebpf,0,4943,3.491
cdf_fs,ebpf,0,4944,3.729
cdf_fs,ebpf,0,4945,4.84
cdf_fs,ebpf,0,4946,4.3
cdf_fs,ebpf,0,4947,4.68
cdf_fs,ebpf,0,4948,4.76
cdf_fs,ebpf,0,4949,4.931
cdf_fs,ebpf,0,4950,4.311
cdf_fs,ebpf,0,4951,3.689
cdf_fs,ebpf,0,4952,5.14
cdf_fs,ebpf,0,4953,3.551
cdf_fs,ebpf,0,4954,3.749
cdf_fs,ebpf,0,4955,3.531
cdf_fs,ebpf,0,4956,4.44
cdf_fs,ebpf,0,4957,4.96
cdf_fs,ebpf,0,4958,3.531
cdf_fs,ebpf,0,4959,3.791
cdf_fs,ebpf,0,4960,4.749
cdf_fs,ebpf,0,4961,3.751
cdf_fs,ebpf,0,4962,4.64
cdf_fs,ebpf,0,4963,5.091
cdf_fs,ebpf,0,4964,3.469
cdf_fs,ebpf,0,4965,4.571
cdf_fs,ebpf,0,4966,5.531
cdf_fs,ebpf,0,4967,3.709
cdf_fs,ebpf,0,4968,4.54
cdf_fs,ebpf,0,4969,5.031
cdf_fs,ebpf,0,4970,4.269
cdf_fs,ebpf,0,4971,3.511
cdf_fs,ebpf,0,4972,4.509
cdf_fs,ebpf,0,4973,4.971
cdf_fs,ebpf,0,4974,3.7
cdf_fs,ebpf,0,4975,4.5
cdf_fs,ebpf,0,4976,4.649
cdf_fs,ebpf,0,4977,4.84
cdf_fs,ebpf,0,4978,3.74
cdf_fs,ebpf,0,4979,4.7
cdf_fs,ebpf,0,4980,5.589
cdf_fs,ebpf,0,4981,3.7
cdf_fs,ebpf,0,4982,3.611
cdf_fs,ebpf,0,4983,3.529
cdf_fs,ebpf,0,4984,4.651
cdf_fs,ebpf,0,4985,4.409
cdf_fs,ebpf,0,4986,5.029
cdf_fs,ebpf,0,4987,3.52
cdf_fs,ebpf,0,4988,3.549
cdf_fs,ebpf,0,4989,5.42
cdf_fs,ebpf,0,4990,3.749
cdf_fs,ebpf,0,4991,4.7
cdf_fs,ebpf,0,4992,4.991
cdf_fs,ebpf,0,4993,3.78
cdf_fs,ebpf,0,4994,3.711
cdf_fs,ebpf,0,4995,4.411
cdf_fs,ebpf,0,4996,5.031
cdf_fs,ebpf,0,4997,3.689
cdf_fs,ebpf,0,4998,3.601
cdf_fs,ebpf,0,4999,4.86
cdf_fs,off,1,0,2.35
cdf_fs,off,1,1,2.58
cdf_fs,off,1,2,2.16
cdf_fs,off,1,3,2.17
cdf_fs,off,1,4,2.17
cdf_fs,off,1,5,2.11
cdf_fs,off,1,6,2.2
cdf_fs,off,1,7,2.21
cdf_fs,off,1,8,2.04
cdf_fs,off,1,9,2.2
cdf_fs,off,1,10,2.08
cdf_fs,off,1,11,2.14
cdf_fs,off,1,12,2.26
cdf_fs,off,1,13,2.14
cdf_fs,off,1,14,2.32
cdf_fs,off,1,15,2.26
cdf_fs,off,1,16,2.05
cdf_fs,off,1,17,2.1
cdf_fs,off,1,18,2.17
cdf_fs,off,1,19,2.08
cdf_fs,off,1,20,2.08
cdf_fs,off,1,21,2.12
cdf_fs,off,1,22,2.05
cdf_fs,off,1,23,2.07
cdf_fs,off,1,24,1.79
cdf_fs,off,1,25,2.12
cdf_fs,off,1,26,2.06
cdf_fs,off,1,27,2.06
cdf_fs,off,1,28,2.12
cdf_fs,off,1,29,2.16
cdf_fs,off,1,30,2.24
cdf_fs,off,1,31,2.22
cdf_fs,off,1,32,14.18
cdf_fs,off,1,33,2.4
cdf_fs,off,1,34,2.24
cdf_fs,off,1,35,2.2
cdf_fs,off,1,36,2.08
cdf_fs,off,1,37,2.17
cdf_fs,off,1,38,2.15
cdf_fs,off,1,39,2.28
cdf_fs,off,1,40,2.05
cdf_fs,off,1,41,2.16
cdf_fs,off,1,42,2.09
cdf_fs,off,1,43,2.22
cdf_fs,off,1,44,2.08
cdf_fs,off,1,45,2.13
cdf_fs,off,1,46,2.08
cdf_fs,off,1,47,2.84
cdf_fs,off,1,48,2.26
cdf_fs,off,1,49,2.3
cdf_fs,off,1,50,2.22
cdf_fs,off,1,51,2.09
cdf_fs,off,1,52,2.08
cdf_fs,off,1,53,2.1
cdf_fs,off,1,54,2.09
cdf_fs,off,1,55,2.19
cdf_fs,off,1,56,2.11
cdf_fs,off,1,57,2.13
cdf_fs,off,1,58,2.17
cdf_fs,off,1,59,2.14
cdf_fs,off,1,60,2.17
cdf_fs,off,1,61,2.17
cdf_fs,off,1,62,1.78
cdf_fs,off,1,63,2.07
cdf_fs,off,1,64,2.1
cdf_fs,off,1,65,2.16
cdf_fs,off,1,66,2.15
cdf_fs,off,1,67,2.18
cdf_fs,off,1,68,2.05
cdf_fs,off,1,69,2.17
cdf_fs,off,1,70,2.09
cdf_fs,off,1,71,2.21
cdf_fs,off,1,72,2.04
cdf_fs,off,1,73,2.16
cdf_fs,off,1,74,2.21
cdf_fs,off,1,75,2.1
cdf_fs,off,1,76,2.15
cdf_fs,off,1,77,2.15
cdf_fs,off,1,78,1.79
cdf_fs,off,1,79,2.08
cdf_fs,off,1,80,2.34
cdf_fs,off,1,81,2.27
cdf_fs,off,1,82,2.16
cdf_fs,off,1,83,2.11
cdf_fs,off,1,84,2.06
cdf_fs,off,1,85,2.08
cdf_fs,off,1,86,2.08
cdf_fs,off,1,87,2.17
cdf_fs,off,1,88,2.11
cdf_fs,off,1,89,2.05
cdf_fs,off,1,90,2.1
cdf_fs,off,1,91,1.79
cdf_fs,off,1,92,2.09
cdf_fs,off,1,93,2.14
cdf_fs,off,1,94,2.13
cdf_fs,off,1,95,2.16
cdf_fs,off,1,96,2.07
cdf_fs,off,1,97,2.16
cdf_fs,off,1,98,2.23
cdf_fs,off,1,99,2.25
cdf_fs,off,1,100,2.09
cdf_fs,off,1,101,2.05
cdf_fs,off,1,102,2.22
cdf_fs,off,1,103,2.04
cdf_fs,off,1,104,2.12
cdf_fs,off,1,105,2.06
cdf_fs,off,1,106,2.12
cdf_fs,off,1,107,2.04
cdf_fs,off,1,108,2.09
cdf_fs,off,1,109,1.81
cdf_fs,off,1,110,2.21
cdf_fs,off,1,111,2.39
cdf_fs,off,1,112,2.29
cdf_fs,off,1,113,2.22
cdf_fs,off,1,114,2.15
cdf_fs,off,1,115,2.16
cdf_fs,off,1,116,2.03
cdf_fs,off,1,117,2.25
cdf_fs,off,1,118,1.77
cdf_fs,off,1,119,2.14
cdf_fs,off,1,120,2.05
cdf_fs,off,1,121,2.3
cdf_fs,off,1,122,2.13
cdf_fs,off,1,123,2.26
cdf_fs,off,1,124,2.15
cdf_fs,off,1,125,2.29
cdf_fs,off,1,126,2.06
cdf_fs,off,1,127,2.16
cdf_fs,off,1,128,2.06
cdf_fs,off,1,129,2.14
cdf_fs,off,1,130,2.05
cdf_fs,off,1,131,2.09
cdf_fs,off,1,132,2.19
cdf_fs,off,1,133,2.16
cdf_fs,off,1,134,2.05
cdf_fs,off,1,135,1.77
cdf_fs,off,1,136,2.08
cdf_fs,off,1,137,2.11
cdf_fs,off,1,138,2.19
cdf_fs,off,1,139,2.18
cdf_fs,off,1,140,2.2
cdf_fs,off,1,141,2.05
cdf_fs,off,1,142,2.34
cdf_fs,off,1,143,2.12
cdf_fs,off,1,144,2.13
cdf_fs,off,1,145,2.1
cdf_fs,off,1,146,2.38
cdf_fs,off,1,147,2.19
cdf_fs,off,1,148,2.22
cdf_fs,off,1,149,2.25
cdf_fs,off,1,150,1.76
cdf_fs,off,1,151,2.1
cdf_fs,off,1,152,2.21
cdf_fs,off,1,153,2.14
cdf_fs,off,1,154,2.2
cdf_fs,off,1,155,2.05
cdf_fs,off,1,156,2.15
cdf_fs,off,1,157,2.31
cdf_fs,off,1,158,2.24
cdf_fs,off,1,159,2.07
cdf_fs,off,1,160,2.1
cdf_fs,off,1,161,2.05
cdf_fs,off,1,162,2.03
cdf_fs,off,1,163,2.09
cdf_fs,off,1,164,2.3
cdf_fs,off,1,165,1.79
cdf_fs,off,1,166,2.13
cdf_fs,off,1,167,2.1
cdf_fs,off,1,168,2.14
cdf_fs,off,1,169,2.09
cdf_fs,off,1,170,2.19
cdf_fs,off,1,171,2.09
cdf_fs,off,1,172,2.11
cdf_fs,off,1,173,2.21
cdf_fs,off,1,174,2.05
cdf_fs,off,1,175,2.04
cdf_fs,off,1,176,2.12
cdf_fs,off,1,177,2.09
cdf_fs,off,1,178,2.09
cdf_fs,off,1,179,2.07
cdf_fs,off,1,180,2.18
cdf_fs,off,1,181,2.11
cdf_fs,off,1,182,2.07
cdf_fs,off,1,183,2.14
cdf_fs,off,1,184,2.16
cdf_fs,off,1,185,2.11
cdf_fs,off,1,186,2.24
cdf_fs,off,1,187,2.32
cdf_fs,off,1,188,2.14
cdf_fs,off,1,189,1.75
cdf_fs,off,1,190,2.12
cdf_fs,off,1,191,2.15
cdf_fs,off,1,192,2.17
cdf_fs,off,1,193,2.12
cdf_fs,off,1,194,2.07
cdf_fs,off,1,195,2.11
cdf_fs,off,1,196,2.13
cdf_fs,off,1,197,2.21
cdf_fs,off,1,198,2.12
cdf_fs,off,1,199,2.13
cdf_fs,off,1,200,2.07
cdf_fs,off,1,201,1.82
cdf_fs,off,1,202,2.09
cdf_fs,off,1,203,2.12
cdf_fs,off,1,204,2.11
cdf_fs,off,1,205,2.05
cdf_fs,off,1,206,2.21
cdf_fs,off,1,207,2.04
cdf_fs,off,1,208,2.2
cdf_fs,off,1,209,1.76
cdf_fs,off,1,210,2.22
cdf_fs,off,1,211,2.06
cdf_fs,off,1,212,2.05
cdf_fs,off,1,213,2.13
cdf_fs,off,1,214,2.2
cdf_fs,off,1,215,2.08
cdf_fs,off,1,216,2.07
cdf_fs,off,1,217,2.09
cdf_fs,off,1,218,2.15
cdf_fs,off,1,219,2.28
cdf_fs,off,1,220,2.56
cdf_fs,off,1,221,2.19
cdf_fs,off,1,222,1.79
cdf_fs,off,1,223,2.16
cdf_fs,off,1,224,2.23
cdf_fs,off,1,225,1.79
cdf_fs,off,1,226,2.24
cdf_fs,off,1,227,2.18
cdf_fs,off,1,228,2.06
cdf_fs,off,1,229,2.08
cdf_fs,off,1,230,2.12
cdf_fs,off,1,231,2.16
cdf_fs,off,1,232,1.78
cdf_fs,off,1,233,2.3
cdf_fs,off,1,234,2.27
cdf_fs,off,1,235,1.75
cdf_fs,off,1,236,2.18
cdf_fs,off,1,237,2.17
cdf_fs,off,1,238,2.16
cdf_fs,off,1,239,2.17
cdf_fs,off,1,240,2.12
cdf_fs,off,1,241,2.12
cdf_fs,off,1,242,2.12
cdf_fs,off,1,243,2.04
cdf_fs,off,1,244,1.77
cdf_fs,off,1,245,2.07
cdf_fs,off,1,246,2.08
cdf_fs,off,1,247,2.09
cdf_fs,off,1,248,2.18
cdf_fs,off,1,249,2.19
cdf_fs,off,1,250,2.27
cdf_fs,off,1,251,2.05
cdf_fs,off,1,252,2.13
cdf_fs,off,1,253,2.11
cdf_fs,off,1,254,2.3
cdf_fs,off,1,255,1.74
cdf_fs,off,1,256,2.23
cdf_fs,off,1,257,2.1
cdf_fs,off,1,258,2.06
cdf_fs,off,1,259,1.81
cdf_fs,off,1,260,2.25
cdf_fs,off,1,261,1.83
cdf_fs,off,1,262,2.25
cdf_fs,off,1,263,2.16
cdf_fs,off,1,264,2.07
cdf_fs,off,1,265,2.13
cdf_fs,off,1,266,2.04
cdf_fs,off,1,267,2.08
cdf_fs,off,1,268,2.15
cdf_fs,off,1,269,2.28
cdf_fs,off,1,270,2.06
cdf_fs,off,1,271,2.06
cdf_fs,off,1,272,2.14
cdf_fs,off,1,273,2.05
cdf_fs,off,1,274,1.78
cdf_fs,off,1,275,2.07
cdf_fs,off,1,276,2.26
cdf_fs,off,1,277,1.76
cdf_fs,off,1,278,2.28
cdf_fs,off,1,279,2.17
cdf_fs,off,1,280,2.16
cdf_fs,off,1,281,2.11
cdf_fs,off,1,282,1.75
cdf_fs,off,1,283,2.22
cdf_fs,off,1,284,2.27
cdf_fs,off,1,285,2.2
cdf_fs,off,1,286,2.21
cdf_fs,off,1,287,2.04
cdf_fs,off,1,288,2.17
cdf_fs,off,1,289,2.06
cdf_fs,off,1,290,2.15
cdf_fs,off,1,291,2.24
cdf_fs,off,1,292,2.28
cdf_fs,off,1,293,2.08
cdf_fs,off,1,294,2.16
cdf_fs,off,1,295,2.13
cdf_fs,off,1,296,2.34
cdf_fs,off,1,297,2.14
cdf_fs,off,1,298,2.17
cdf_fs,off,1,299,2.13
cdf_fs,off,1,300,2.13
cdf_fs,off,1,301,2.11
cdf_fs,off,1,302,2.09
cdf_fs,off,1,303,2.16
cdf_fs,off,1,304,2.05
cdf_fs,off,1,305,2.21
cdf_fs,off,1,306,2.13
cdf_fs,off,1,307,2.06
cdf_fs,off,1,308,2.05
cdf_fs,off,1,309,2.07
cdf_fs,off,1,310,2.16
cdf_fs,off,1,311,2.11
cdf_fs,off,1,312,2.1
cdf_fs,off,1,313,2.16
cdf_fs,off,1,314,2.1
cdf_fs,off,1,315,2.29
cdf_fs,off,1,316,1.8
cdf_fs,off,1,317,2.08
cdf_fs,off,1,318,2.23
cdf_fs,off,1,319,2.08
cdf_fs,off,1,320,2.3
cdf_fs,off,1,321,2.21
cdf_fs,off,1,322,1.78
cdf_fs,off,1,323,2.15
cdf_fs,off,1,324,2.09
cdf_fs,off,1,325,2.3
cdf_fs,off,1,326,2.08
cdf_fs,off,1,327,1.82
cdf_fs,off,1,328,2.13
cdf_fs,off,1,329,2.11
cdf_fs,off,1,330,2.26
cdf_fs,off,1,331,2.09
cdf_fs,off,1,332,2.08
cdf_fs,off,1,333,1.82
cdf_fs,off,1,334,1.76
cdf_fs,off,1,335,2.12
cdf_fs,off,1,336,2.06
cdf_fs,off,1,337,2.21
cdf_fs,off,1,338,2.31
cdf_fs,off,1,339,2.08
cdf_fs,off,1,340,2.12
cdf_fs,off,1,341,1.76
cdf_fs,off,1,342,2.18
cdf_fs,off,1,343,2.05
cdf_fs,off,1,344,2.12
cdf_fs,off,1,345,2.1
cdf_fs,off,1,346,2.87
cdf_fs,off,1,347,2.13
cdf_fs,off,1,348,2.24
cdf_fs,off,1,349,2.15
cdf_fs,off,1,350,2.15
cdf_fs,off,1,351,2.15
cdf_fs,off,1,352,2.06
cdf_fs,off,1,353,1.82
cdf_fs,off,1,354,2.18
cdf_fs,off,1,355,1.76
cdf_fs,off,1,356,2.14
cdf_fs,off,1,357,1.76
cdf_fs,off,1,358,2.22
cdf_fs,off,1,359,1.86
cdf_fs,off,1,360,2.14
cdf_fs,off,1,361,2.13
cdf_fs,off,1,362,2.11
cdf_fs,off,1,363,2.15
cdf_fs,off,1,364,2.13
cdf_fs,off,1,365,2.16
cdf_fs,off,1,366,2.12
cdf_fs,off,1,367,2.13
cdf_fs,off,1,368,1.78
cdf_fs,off,1,369,2.08
cdf_fs,off,1,370,2.1
cdf_fs,off,1,371,2.05
cdf_fs,off,1,372,2.09
cdf_fs,off,1,373,1.75
cdf_fs,off,1,374,2.05
cdf_fs,off,1,375,2.1
cdf_fs,off,1,376,2.04
cdf_fs,off,1,377,2.1
cdf_fs,off,1,378,2.13
cdf_fs,off,1,379,2.22
cdf_fs,off,1,380,2.22
cdf_fs,off,1,381,2.92
cdf_fs,off,1,382,2.13
cdf_fs,off,1,383,2.27
cdf_fs,off,1,384,2.14
cdf_fs,off,1,385,2.13
cdf_fs,off,1,386,1.75
cdf_fs,off,1,387,2.33
cdf_fs,off,1,388,2.12
cdf_fs,off,1,389,1.77
cdf_fs,off,1,390,2.1
cdf_fs,off,1,391,2.08
cdf_fs,off,1,392,1.76
cdf_fs,off,1,393,2.06
cdf_fs,off,1,394,2.03
cdf_fs,off,1,395,2.09
cdf_fs,off,1,396,2.05
cdf_fs,off,1,397,2.1
cdf_fs,off,1,398,2.16
cdf_fs,off,1,399,2.12
cdf_fs,off,1,400,2.11
cdf_fs,off,1,401,2.33
cdf_fs,off,1,402,2.04
cdf_fs,off,1,403,2.04
cdf_fs,off,1,404,1.74
cdf_fs,off,1,405,2.07
cdf_fs,off,1,406,2.03
cdf_fs,off,1,407,2.06
cdf_fs,off,1,408,1.76
cdf_fs,off,1,409,2.15
cdf_fs,off,1,410,2.18
cdf_fs,off,1,411,1.77
cdf_fs,off,1,412,1.74
cdf_fs,off,1,413,2.06
cdf_fs,off,1,414,1.75
cdf_fs,off,1,415,2.17
cdf_fs,off,1,416,2.14
cdf_fs,off,1,417,2.14
cdf_fs,off,1,418,2.1
cdf_fs,off,1,419,2.14
cdf_fs,off,1,420,6.45
cdf_fs,off,1,421,3.35
cdf_fs,off,1,422,2.11
cdf_fs,off,1,423,1.78
cdf_fs,off,1,424,2.16
cdf_fs,off,1,425,2.13
cdf_fs,off,1,426,1.75
cdf_fs,off,1,427,2.06
cdf_fs,off,1,428,2.11
cdf_fs,off,1,429,2.05
cdf_fs,off,1,430,1.73
cdf_fs,off,1,431,2.24
cdf_fs,off,1,432,2.05
cdf_fs,off,1,433,2.13
cdf_fs,off,1,434,2.12
cdf_fs,off,1,435,2.18
cdf_fs,off,1,436,2.15
cdf_fs,off,1,437,2.15
cdf_fs,off,1,438,1.76
cdf_fs,off,1,439,2.09
cdf_fs,off,1,440,2.18
cdf_fs,off,1,441,2.7
cdf_fs,off,1,442,2.15
cdf_fs,off,1,443,2.19
cdf_fs,off,1,444,1.77
cdf_fs,off,1,445,2.35
cdf_fs,off,1,446,2.14
cdf_fs,off,1,447,2.11
cdf_fs,off,1,448,2.08
cdf_fs,off,1,449,2.27
cdf_fs,off,1,450,2.06
cdf_fs,off,1,451,2.07
cdf_fs,off,1,452,2.13
cdf_fs,off,1,453,2.14
cdf_fs,off,1,454,2.26
cdf_fs,off,1,455,2.04
cdf_fs,off,1,456,2.07
cdf_fs,off,1,457,2.06
cdf_fs,off,1,458,2.04
cdf_fs,off,1,459,1.76
cdf_fs,off,1,460,2.21
cdf_fs,off,1,461,2.27
cdf_fs,off,1,462,2.09
cdf_fs,off,1,463,2.14
cdf_fs,off,1,464,2.19
cdf_fs,off,1,465,1.75
cdf_fs,off,1,466,2.14
cdf_fs,off,1,467,2.11
cdf_fs,off,1,468,2.1
cdf_fs,off,1,469,2.12
cdf_fs,off,1,470,2.2
cdf_fs,off,1,471,2.08
cdf_fs,off,1,472,2.05
cdf_fs,off,1,473,2.09
cdf_fs,off,1,474,2.17
cdf_fs,off,1,475,2.06
cdf_fs,off,1,476,2.11
cdf_fs,off,1,477,2.19
cdf_fs,off,1,478,2.1
cdf_fs,off,1,479,2.05
cdf_fs,off,1,480,2.11
cdf_fs,off,1,481,2.2
cdf_fs,off,1,482,1.81
cdf_fs,off,1,483,2.17
cdf_fs,off,1,484,2.06
cdf_fs,off,1,485,2.14
cdf_fs,off,1,486,1.81
cdf_fs,off,1,487,1.77
cdf_fs,off,1,488,2.12
cdf_fs,off,1,489,2.05
cdf_fs,off,1,490,1.76
cdf_fs,off,1,491,2.1
cdf_fs,off,1,492,2.12
cdf_fs,off,1,493,2.1
cdf_fs,off,1,494,2.13
cdf_fs,off,1,495,2.1
cdf_fs,off,1,496,2.15
cdf_fs,off,1,497,2.12
cdf_fs,off,1,498,2.07
cdf_fs,off,1,499,1.76
cdf_fs,off,1,500,2.23
cdf_fs,off,1,501,2.04
cdf_fs,off,1,502,2.09
cdf_fs,off,1,503,1.77
cdf_fs,off,1,504,1.8
cdf_fs,off,1,505,2.24
cdf_fs,off,1,506,1.77
cdf_fs,off,1,507,2.09
cdf_fs,off,1,508,2.38
cdf_fs,off,1,509,2.29
cdf_fs,off,1,510,2.19
cdf_fs,off,1,511,2.14
cdf_fs,off,1,512,2.27
cdf_fs,off,1,513,2.04
cdf_fs,off,1,514,2.21
cdf_fs,off,1,515,2.09
cdf_fs,off,1,516,2.07
cdf_fs,off,1,517,2.09
cdf_fs,off,1,518,2.13
cdf_fs,off,1,519,2.21
cdf_fs,off,1,520,2.15
cdf_fs,off,1,521,2.1
cdf_fs,off,1,522,2.18
cdf_fs,off,1,523,1.8
cdf_fs,off,1,524,2.1
cdf_fs,off,1,525,2.24
cdf_fs,off,1,526,2.05
cdf_fs,off,1,527,2.13
cdf_fs,off,1,528,2.25
cdf_fs,off,1,529,2.21
cdf_fs,off,1,530,2.15
cdf_fs,off,1,531,2.1
cdf_fs,off,1,532,2.17
cdf_fs,off,1,533,2.08
cdf_fs,off,1,534,2.13
cdf_fs,off,1,535,2.06
cdf_fs,off,1,536,2.08
cdf_fs,off,1,537,2.1
cdf_fs,off,1,538,2.29
cdf_fs,off,1,539,2.16
cdf_fs,off,1,540,2.13
cdf_fs,off,1,541,2.24
cdf_fs,off,1,542,2.09
cdf_fs,off,1,543,2.19
cdf_fs,off,1,544,2.19
cdf_fs,off,1,545,2.1
cdf_fs,off,1,546,2.27
cdf_fs,off,1,547,2.28
cdf_fs,off,1,548,2.19
cdf_fs,off,1,549,1.76
cdf_fs,off,1,550,2.14
cdf_fs,off,1,551,2.13
cdf_fs,off,1,552,1.8
cdf_fs,off,1,553,2.07
cdf_fs,off,1,554,2.09
cdf_fs,off,1,555,2.22
cdf_fs,off,1,556,2.13
cdf_fs,off,1,557,2.18
cdf_fs,off,1,558,1.74
cdf_fs,off,1,559,2.21
cdf_fs,off,1,560,2.07
cdf_fs,off,1,561,2.1
cdf_fs,off,1,562,1.77
cdf_fs,off,1,563,2.15
cdf_fs,off,1,564,2.09
cdf_fs,off,1,565,2.03
cdf_fs,off,1,566,2.06
cdf_fs,off,1,567,1.75
cdf_fs,off,1,568,2.08
cdf_fs,off,1,569,1.75
cdf_fs,off,1,570,2.12
cdf_fs,off,1,571,1.8
cdf_fs,off,1,572,2.16
cdf_fs,off,1,573,2.1
cdf_fs,off,1,574,2.07
cdf_fs,off,1,575,2.06
cdf_fs,off,1,576,2.12
cdf_fs,off,1,577,1.76
cdf_fs,off,1,578,1.78
cdf_fs,off,1,579,2.14
cdf_fs,off,1,580,2.21
cdf_fs,off,1,581,2.2
cdf_fs,off,1,582,1.77
cdf_fs,off,1,583,2.1
cdf_fs,off,1,584,2.05
cdf_fs,off,1,585,1.76
cdf_fs,off,1,586,2.1
cdf_fs,off,1,587,1.76
cdf_fs,off,1,588,1.75
cdf_fs,off,1,589,1.78
cdf_fs,off,1,590,2.09
cdf_fs,off,1,591,2.2
cdf_fs,off,1,592,1.76
cdf_fs,off,1,593,2.21
cdf_fs,off,1,594,2.04
cdf_fs,off,1,595,2.07
cdf_fs,off,1,596,2.06
cdf_fs,off,1,597,2.13
cdf_fs,off,1,598,2.13
cdf_fs,off,1,599,2.11
cdf_fs,off,1,600,2.02
cdf_fs,off,1,601,2.27
cdf_fs,off,1,602,1.76
cdf_fs,off,1,603,2.13
cdf_fs,off,1,604,2.11
cdf_fs,off,1,605,2.05
cdf_fs,off,1,606,2.21
cdf_fs,off,1,607,1.77
cdf_fs,off,1,608,2.08
cdf_fs,off,1,609,2.19
cdf_fs,off,1,610,2.19
cdf_fs,off,1,611,1.86
cdf_fs,off,1,612,1.81
cdf_fs,off,1,613,2.07
cdf_fs,off,1,614,2.11
cdf_fs,off,1,615,2.07
cdf_fs,off,1,616,2.24
cdf_fs,off,1,617,2.06
cdf_fs,off,1,618,1.77
cdf_fs,off,1,619,2.34
cdf_fs,off,1,620,2.1
cdf_fs,off,1,621,2.04
cdf_fs,off,1,622,2.89
cdf_fs,off,1,623,2.1
cdf_fs,off,1,624,2.1
cdf_fs,off,1,625,2.06
cdf_fs,off,1,626,2.29
cdf_fs,off,1,627,2.14
cdf_fs,off,1,628,2.11
cdf_fs,off,1,629,1.77
cdf_fs,off,1,630,2.2
cdf_fs,off,1,631,2.16
cdf_fs,off,1,632,2.18
cdf_fs,off,1,633,1.85
cdf_fs,off,1,634,2.1
cdf_fs,off,1,635,2.23
cdf_fs,off,1,636,2.2
cdf_fs,off,1,637,2.11
cdf_fs,off,1,638,2.08
cdf_fs,off,1,639,2.13
cdf_fs,off,1,640,2.1
cdf_fs,off,1,641,2.04
cdf_fs,off,1,642,1.77
cdf_fs,off,1,643,1.75
cdf_fs,off,1,644,2.22
cdf_fs,off,1,645,2.11
cdf_fs,off,1,646,2.09
cdf_fs,off,1,647,1.76
cdf_fs,off,1,648,2.22
cdf_fs,off,1,649,2.19
cdf_fs,off,1,650,2.09
cdf_fs,off,1,651,2.08
cdf_fs,off,1,652,2.07
cdf_fs,off,1,653,2.16
cdf_fs,off,1,654,2.22
cdf_fs,off,1,655,2.16
cdf_fs,off,1,656,1.79
cdf_fs,off,1,657,1.79
cdf_fs,off,1,658,1.76
cdf_fs,off,1,659,2.15
cdf_fs,off,1,660,1.76
cdf_fs,off,1,661,2.23
cdf_fs,off,1,662,2.06
cdf_fs,off,1,663,2.11
cdf_fs,off,1,664,2.06
cdf_fs,off,1,665,2.11
cdf_fs,off,1,666,2.07
cdf_fs,off,1,667,1.74
cdf_fs,off,1,668,2.16
cdf_fs,off,1,669,2.04
cdf_fs,off,1,670,2.25
cdf_fs,off,1,671,2.2
cdf_fs,off,1,672,1.78
cdf_fs,off,1,673,1.81
cdf_fs,off,1,674,2.11
cdf_fs,off,1,675,2.15
cdf_fs,off,1,676,1.8
cdf_fs,off,1,677,2.09
cdf_fs,off,1,678,1.77
cdf_fs,off,1,679,2.18
cdf_fs,off,1,680,2.06
cdf_fs,off,1,681,2.09
cdf_fs,off,1,682,2.05
cdf_fs,off,1,683,1.78
cdf_fs,off,1,684,2.06
cdf_fs,off,1,685,1.75
cdf_fs,off,1,686,2.15
cdf_fs,off,1,687,1.75
cdf_fs,off,1,688,2.11
cdf_fs,off,1,689,2.18
cdf_fs,off,1,690,2.03
cdf_fs,off,1,691,1.77
cdf_fs,off,1,692,1.78
cdf_fs,off,1,693,2.18
cdf_fs,off,1,694,2.03
cdf_fs,off,1,695,2.18
cdf_fs,off,1,696,2.13
cdf_fs,off,1,697,1.76
cdf_fs,off,1,698,2.24
cdf_fs,off,1,699,2.07
cdf_fs,off,1,700,2.05
cdf_fs,off,1,701,1.76
cdf_fs,off,1,702,2.17
cdf_fs,off,1,703,2.31
cdf_fs,off,1,704,1.75
cdf_fs,off,1,705,2.08
cdf_fs,off,1,706,2.24
cdf_fs,off,1,707,2.15
cdf_fs,off,1,708,2.16
cdf_fs,off,1,709,2.04
cdf_fs,off,1,710,2.12
cdf_fs,off,1,711,2.05
cdf_fs,off,1,712,2.25
cdf_fs,off,1,713,2.14
cdf_fs,off,1,714,1.79
cdf_fs,off,1,715,2.2
cdf_fs,off,1,716,1.78
cdf_fs,off,1,717,2.2
cdf_fs,off,1,718,1.76
cdf_fs,off,1,719,2.07
cdf_fs,off,1,720,1.76
cdf_fs,off,1,721,1.83
cdf_fs,off,1,722,2.13
cdf_fs,off,1,723,2.07
cdf_fs,off,1,724,2.26
cdf_fs,off,1,725,2.04
cdf_fs,off,1,726,2.09
cdf_fs,off,1,727,2.23
cdf_fs,off,1,728,2.04
cdf_fs,off,1,729,2.09
cdf_fs,off,1,730,2.2
cdf_fs,off,1,731,2.26
cdf_fs,off,1,732,2.09
cdf_fs,off,1,733,1.75
cdf_fs,off,1,734,2.16
cdf_fs,off,1,735,1.76
cdf_fs,off,1,736,2.13
cdf_fs,off,1,737,1.78
cdf_fs,off,1,738,2.09
cdf_fs,off,1,739,2.13
cdf_fs,off,1,740,2.12
cdf_fs,off,1,741,1.82
cdf_fs,off,1,742,1.77
cdf_fs,off,1,743,2.21
cdf_fs,off,1,744,2.06
cdf_fs,off,1,745,2.05
cdf_fs,off,1,746,1.79
cdf_fs,off,1,747,2.08
cdf_fs,off,1,748,2.24
cdf_fs,off,1,749,2.13
cdf_fs,off,1,750,2.13
cdf_fs,off,1,751,2.17
cdf_fs,off,1,752,2.06
cdf_fs,off,1,753,2.16
cdf_fs,off,1,754,2.26
cdf_fs,off,1,755,2.08
cdf_fs,off,1,756,2.12
cdf_fs,off,1,757,2.12
cdf_fs,off,1,758,2.26
cdf_fs,off,1,759,2.15
cdf_fs,off,1,760,2.21
cdf_fs,off,1,761,1.79
cdf_fs,off,1,762,1.8
cdf_fs,off,1,763,2.09
cdf_fs,off,1,764,2.11
cdf_fs,off,1,765,2.17
cdf_fs,off,1,766,1.77
cdf_fs,off,1,767,1.77
cdf_fs,off,1,768,2.08
cdf_fs,off,1,769,2.19
cdf_fs,off,1,770,2.13
cdf_fs,off,1,771,2.17
cdf_fs,off,1,772,2.05
cdf_fs,off,1,773,2.08
cdf_fs,off,1,774,2.14
cdf_fs,off,1,775,1.79
cdf_fs,off,1,776,2.09
cdf_fs,off,1,777,2.22
cdf_fs,off,1,778,2.14
cdf_fs,off,1,779,2.21
cdf_fs,off,1,780,1.81
cdf_fs,off,1,781,1.77
cdf_fs,off,1,782,2.08
cdf_fs,off,1,783,1.79
cdf_fs,off,1,784,1.77
cdf_fs,off,1,785,2.2
cdf_fs,off,1,786,1.76
cdf_fs,off,1,787,2.2
cdf_fs,off,1,788,2.07
cdf_fs,off,1,789,1.8
cdf_fs,off,1,790,2.08
cdf_fs,off,1,791,1.76
cdf_fs,off,1,792,1.78
cdf_fs,off,1,793,2.09
cdf_fs,off,1,794,2.06
cdf_fs,off,1,795,2.13
cdf_fs,off,1,796,1.76
cdf_fs,off,1,797,1.78
cdf_fs,off,1,798,2.7
cdf_fs,off,1,799,1.8
cdf_fs,off,1,800,2.06
cdf_fs,off,1,801,1.78
cdf_fs,off,1,802,2.2
cdf_fs,off,1,803,1.74
cdf_fs,off,1,804,2.19
cdf_fs,off,1,805,1.77
cdf_fs,off,1,806,2.11
cdf_fs,off,1,807,2.09
cdf_fs,off,1,808,2.18
cdf_fs,off,1,809,1.82
cdf_fs,off,1,810,2.08
cdf_fs,off,1,811,2.21
cdf_fs,off,1,812,2.26
cdf_fs,off,1,813,2.16
cdf_fs,off,1,814,2.11
cdf_fs,off,1,815,2.19
cdf_fs,off,1,816,2.13
cdf_fs,off,1,817,1.75
cdf_fs,off,1,818,2.33
cdf_fs,off,1,819,2.13
cdf_fs,off,1,820,2.11
cdf_fs,off,1,821,2.04
cdf_fs,off,1,822,1.86
cdf_fs,off,1,823,2.15
cdf_fs,off,1,824,2.25
cdf_fs,off,1,825,2.14
cdf_fs,off,1,826,1.8
cdf_fs,off,1,827,2.24
cdf_fs,off,1,828,2.03
cdf_fs,off,1,829,2.03
cdf_fs,off,1,830,2.04
cdf_fs,off,1,831,1.79
cdf_fs,off,1,832,2.06
cdf_fs,off,1,833,2.11
cdf_fs,off,1,834,1.76
cdf_fs,off,1,835,1.78
cdf_fs,off,1,836,2.12
cdf_fs,off,1,837,2.1
cdf_fs,off,1,838,2.13
cdf_fs,off,1,839,2.05
cdf_fs,off,1,840,1.74
cdf_fs,off,1,841,2.07
cdf_fs,off,1,842,1.73
cdf_fs,off,1,843,2.16
cdf_fs,off,1,844,2.06
cdf_fs,off,1,845,1.76
cdf_fs,off,1,846,2.07
cdf_fs,off,1,847,2.11
cdf_fs,off,1,848,2.02
cdf_fs,off,1,849,2.19
cdf_fs,off,1,850,2.12
cdf_fs,off,1,851,2.26
cdf_fs,off,1,852,2.21
cdf_fs,off,1,853,2.04
cdf_fs,off,1,854,1.76
cdf_fs,off,1,855,1.75
cdf_fs,off,1,856,2.08
cdf_fs,off,1,857,2.09
cdf_fs,off,1,858,2.01
cdf_fs,off,1,859,2.12
cdf_fs,off,1,860,2.18
cdf_fs,off,1,861,2.16
cdf_fs,off,1,862,1.77
cdf_fs,off,1,863,2.09
cdf_fs,off,1,864,2.1
cdf_fs,off,1,865,1.79
cdf_fs,off,1,866,2.27
cdf_fs,off,1,867,2.12
cdf_fs,off,1,868,1.76
cdf_fs,off,1,869,2.27
cdf_fs,off,1,870,2.09
cdf_fs,off,1,871,1.76
cdf_fs,off,1,872,1.78
cdf_fs,off,1,873,1.78
cdf_fs,off,1,874,2.14
cdf_fs,off,1,875,2.15
cdf_fs,off,1,876,2.13
cdf_fs,off,1,877,5.84
cdf_fs,off,1,878,3.03
cdf_fs,off,1,879,2.11
cdf_fs,off,1,880,1.78
cdf_fs,off,1,881,1.79
cdf_fs,off,1,882,1.74
cdf_fs,off,1,883,2.08
cdf_fs,off,1,884,1.81
cdf_fs,off,1,885,2.17
cdf_fs,off,1,886,2.17
cdf_fs,off,1,887,1.76
cdf_fs,off,1,888,2.27
cdf_fs,off,1,889,1.8
cdf_fs,off,1,890,2.14
cdf_fs,off,1,891,2.24
cdf_fs,off,1,892,1.76
cdf_fs,off,1,893,2.26
cdf_fs,off,1,894,2.18
cdf_fs,off,1,895,2.65
cdf_fs,off,1,896,1.78
cdf_fs,off,1,897,1.77
cdf_fs,off,1,898,1.81
cdf_fs,off,1,899,2.19
cdf_fs,off,1,900,2.13
cdf_fs,off,1,901,2.13
cdf_fs,off,1,902,1.79
cdf_fs,off,1,903,1.76
cdf_fs,off,1,904,1.76
cdf_fs,off,1,905,2.17
cdf_fs,off,1,906,2.08
cdf_fs,off,1,907,1.76
cdf_fs,off,1,908,2.11
cdf_fs,off,1,909,1.74
cdf_fs,off,1,910,2.13
cdf_fs,off,1,911,2.08
cdf_fs,off,1,912,2.3
cdf_fs,off,1,913,1.77
cdf_fs,off,1,914,1.77
cdf_fs,off,1,915,1.77
cdf_fs,off,1,916,1.77
cdf_fs,off,1,917,2.16
cdf_fs,off,1,918,2.12
cdf_fs,off,1,919,2.04
cdf_fs,off,1,920,1.8
cdf_fs,off,1,921,2.24
cdf_fs,off,1,922,2.12
cdf_fs,off,1,923,2.05
cdf_fs,off,1,924,2.14
cdf_fs,off,1,925,2.16
cdf_fs,off,1,926,2.15
cdf_fs,off,1,927,1.75
cdf_fs,off,1,928,2.16
cdf_fs,off,1,929,2.04
cdf_fs,off,1,930,1.77
cdf_fs,off,1,931,2.22
cdf_fs,off,1,932,1.75
cdf_fs,off,1,933,2.27
cdf_fs,off,1,934,2.05
cdf_fs,off,1,935,2.13
cdf_fs,off,1,936,2.16
cdf_fs,off,1,937,1.8
cdf_fs,off,1,938,2.29
cdf_fs,off,1,939,2.14
cdf_fs,off,1,940,1.76
cdf_fs,off,1,941,2.19
cdf_fs,off,1,942,2.18
cdf_fs,off,1,943,1.76
cdf_fs,off,1,944,1.79
cdf_fs,off,1,945,1.77
cdf_fs,off,1,946,2.08
cdf_fs,off,1,947,1.77
cdf_fs,off,1,948,1.81
cdf_fs,off,1,949,2.1
cdf_fs,off,1,950,2.18
cdf_fs,off,1,951,2.28
cdf_fs,off,1,952,2.17
cdf_fs,off,1,953,2.04
cdf_fs,off,1,954,2.12
cdf_fs,off,1,955,2.03
cdf_fs,off,1,956,2.11
cdf_fs,off,1,957,1.76
cdf_fs,off,1,958,1.75
cdf_fs,off,1,959,1.75
cdf_fs,off,1,960,2.3
cdf_fs,off,1,961,2.26
cdf_fs,off,1,962,2.1
cdf_fs,off,1,963,1.75
cdf_fs,off,1,964,2.15
cdf_fs,off,1,965,1.75
cdf_fs,off,1,966,2.08
cdf_fs,off,1,967,1.8
cdf_fs,off,1,968,1.78
cdf_fs,off,1,969,1.75
cdf_fs,off,1,970,2.14
cdf_fs,off,1,971,1.81
cdf_fs,off,1,972,1.75
cdf_fs,off,1,973,1.99
cdf_fs,off,1,974,2.23
cdf_fs,off,1,975,2.08
cdf_fs,off,1,976,1.76
cdf_fs,off,1,977,2.06
cdf_fs,off,1,978,2.06
cdf_fs,off,1,979,1.83
cdf_fs,off,1,980,2.07
cdf_fs,off,1,981,2.05
cdf_fs,off,1,982,2.22
cdf_fs,off,1,983,1.79
cdf_fs,off,1,984,1.76
cdf_fs,off,1,985,2.29
cdf_fs,off,1,986,1.79
cdf_fs,off,1,987,2.29
cdf_fs,off,1,988,2.13
cdf_fs,off,1,989,2.14
cdf_fs,off,1,990,2.32
cdf_fs,off,1,991,2.21
cdf_fs,off,1,992,2.06
cdf_fs,off,1,993,2.14
cdf_fs,off,1,994,1.77
cdf_fs,off,1,995,1.78
cdf_fs,off,1,996,1.76
cdf_fs,off,1,997,2.16
cdf_fs,off,1,998,2.14
cdf_fs,off,1,999,2.29
cdf_fs,off,1,1000,1.76
cdf_fs,off,1,1001,2.08
cdf_fs,off,1,1002,1.75
cdf_fs,off,1,1003,1.76
cdf_fs,off,1,1004,1.87
cdf_fs,off,1,1005,2.31
cdf_fs,off,1,1006,1.77
cdf_fs,off,1,1007,1.73
cdf_fs,off,1,1008,2.14
cdf_fs,off,1,1009,1.8
cdf_fs,off,1,1010,1.76
cdf_fs,off,1,1011,1.73
cdf_fs,off,1,1012,1.74
cdf_fs,off,1,1013,1.8
cdf_fs,off,1,1014,1.79
cdf_fs,off,1,1015,2.17
cdf_fs,off,1,1016,1.8
cdf_fs,off,1,1017,2.08
cdf_fs,off,1,1018,1.86
cdf_fs,off,1,1019,1.77
cdf_fs,off,1,1020,1.75
cdf_fs,off,1,1021,2.31
cdf_fs,off,1,1022,2.03
cdf_fs,off,1,1023,2.15
cdf_fs,off,1,1024,2.19
cdf_fs,off,1,1025,2.13
cdf_fs,off,1,1026,2.22
cdf_fs,off,1,1027,1.81
cdf_fs,off,1,1028,2.19
cdf_fs,off,1,1029,1.74
cdf_fs,off,1,1030,2.25
cdf_fs,off,1,1031,2.26
cdf_fs,off,1,1032,2.05
cdf_fs,off,1,1033,2.17
cdf_fs,off,1,1034,1.78
cdf_fs,off,1,1035,2.13
cdf_fs,off,1,1036,1.76
cdf_fs,off,1,1037,2.18
cdf_fs,off,1,1038,2.15
cdf_fs,off,1,1039,2.12
cdf_fs,off,1,1040,1.76
cdf_fs,off,1,1041,1.74
cdf_fs,off,1,1042,1.74
cdf_fs,off,1,1043,1.84
cdf_fs,off,1,1044,1.74
cdf_fs,off,1,1045,1.76
cdf_fs,off,1,1046,2.17
cdf_fs,off,1,1047,2.13
cdf_fs,off,1,1048,1.76
cdf_fs,off,1,1049,2.12
cdf_fs,off,1,1050,2.18
cdf_fs,off,1,1051,2.16
cdf_fs,off,1,1052,2.01
cdf_fs,off,1,1053,2.1
cdf_fs,off,1,1054,1.76
cdf_fs,off,1,1055,2.07
cdf_fs,off,1,1056,1.92
cdf_fs,off,1,1057,2.13
cdf_fs,off,1,1058,2.25
cdf_fs,off,1,1059,2.2
cdf_fs,off,1,1060,2.13
cdf_fs,off,1,1061,2.12
cdf_fs,off,1,1062,2.2
cdf_fs,off,1,1063,2.32
cdf_fs,off,1,1064,2.1
cdf_fs,off,1,1065,2.15
cdf_fs,off,1,1066,2.08
cdf_fs,off,1,1067,1.8
cdf_fs,off,1,1068,2.23
cdf_fs,off,1,1069,1.76
cdf_fs,off,1,1070,2.22
cdf_fs,off,1,1071,2.1
cdf_fs,off,1,1072,1.75
cdf_fs,off,1,1073,2.13
cdf_fs,off,1,1074,2.06
cdf_fs,off,1,1075,2.09
cdf_fs,off,1,1076,2.13
cdf_fs,off,1,1077,1.76
cdf_fs,off,1,1078,2.25
cdf_fs,off,1,1079,2.25
cdf_fs,off,1,1080,2.15
cdf_fs,off,1,1081,2.18
cdf_fs,off,1,1082,1.74
cdf_fs,off,1,1083,2.19
cdf_fs,off,1,1084,1.77
cdf_fs,off,1,1085,2.07
cdf_fs,off,1,1086,2.11
cdf_fs,off,1,1087,2.29
cdf_fs,off,1,1088,2.14
cdf_fs,off,1,1089,1.82
cdf_fs,off,1,1090,2.17
cdf_fs,off,1,1091,2.17
cdf_fs,off,1,1092,1.81
cdf_fs,off,1,1093,1.77
cdf_fs,off,1,1094,1.74
cdf_fs,off,1,1095,1.77
cdf_fs,off,1,1096,1.78
cdf_fs,off,1,1097,2.2
cdf_fs,off,1,1098,2.27
cdf_fs,off,1,1099,2.13
cdf_fs,off,1,1100,2.07
cdf_fs,off,1,1101,2.25
cdf_fs,off,1,1102,2.05
cdf_fs,off,1,1103,2.14
cdf_fs,off,1,1104,2.13
cdf_fs,off,1,1105,2.03
cdf_fs,off,1,1106,2.25
cdf_fs,off,1,1107,2.22
cdf_fs,off,1,1108,2.08
cdf_fs,off,1,1109,2.32
cdf_fs,off,1,1110,2.13
cdf_fs,off,1,1111,1.79
cdf_fs,off,1,1112,2.15
cdf_fs,off,1,1113,1.78
cdf_fs,off,1,1114,2.22
cdf_fs,off,1,1115,1.79
cdf_fs,off,1,1116,1.77
cdf_fs,off,1,1117,1.74
cdf_fs,off,1,1118,2.25
cdf_fs,off,1,1119,2.07
cdf_fs,off,1,1120,2.13
cdf_fs,off,1,1121,1.76
cdf_fs,off,1,1122,2.1
cdf_fs,off,1,1123,2.06
cdf_fs,off,1,1124,2.04
cdf_fs,off,1,1125,2.05
cdf_fs,off,1,1126,2.28
cdf_fs,off,1,1127,2.05
cdf_fs,off,1,1128,2.29
cdf_fs,off,1,1129,2.22
cdf_fs,off,1,1130,2.15
cdf_fs,off,1,1131,1.77
cdf_fs,off,1,1132,2.07
cdf_fs,off,1,1133,2.23
cdf_fs,off,1,1134,1.76
cdf_fs,off,1,1135,2.27
cdf_fs,off,1,1136,1.74
cdf_fs,off,1,1137,2.26
cdf_fs,off,1,1138,2.23
cdf_fs,off,1,1139,2.12
cdf_fs,off,1,1140,1.77
cdf_fs,off,1,1141,1.72
cdf_fs,off,1,1142,2.24
cdf_fs,off,1,1143,2.05
cdf_fs,off,1,1144,1.78
cdf_fs,off,1,1145,2.16
cdf_fs,off,1,1146,1.77
cdf_fs,off,1,1147,2.07
cdf_fs,off,1,1148,1.75
cdf_fs,off,1,1149,2.14
cdf_fs,off,1,1150,1.76
cdf_fs,off,1,1151,1.74
cdf_fs,off,1,1152,2.1
cdf_fs,off,1,1153,2.08
cdf_fs,off,1,1154,2.15
cdf_fs,off,1,1155,1.76
cdf_fs,off,1,1156,1.77
cdf_fs,off,1,1157,1.81
cdf_fs,off,1,1158,2.16
cdf_fs,off,1,1159,2.22
cdf_fs,off,1,1160,2.16
cdf_fs,off,1,1161,2.14
cdf_fs,off,1,1162,1.75
cdf_fs,off,1,1163,2.36
cdf_fs,off,1,1164,2.08
cdf_fs,off,1,1165,2.06
cdf_fs,off,1,1166,2.15
cdf_fs,off,1,1167,2.15
cdf_fs,off,1,1168,2.06
cdf_fs,off,1,1169,1.78
cdf_fs,off,1,1170,2.15
cdf_fs,off,1,1171,1.82
cdf_fs,off,1,1172,1.82
cdf_fs,off,1,1173,2.13
cdf_fs,off,1,1174,2.06
cdf_fs,off,1,1175,2.23
cdf_fs,off,1,1176,2.08
cdf_fs,off,1,1177,1.78
cdf_fs,off,1,1178,2.15
cdf_fs,off,1,1179,2.05
cdf_fs,off,1,1180,2.06
cdf_fs,off,1,1181,1.77
cdf_fs,off,1,1182,1.77
cdf_fs,off,1,1183,2.25
cdf_fs,off,1,1184,1.8
cdf_fs,off,1,1185,1.76
cdf_fs,off,1,1186,2.16
cdf_fs,off,1,1187,2.06
cdf_fs,off,1,1188,2.07
cdf_fs,off,1,1189,1.78
cdf_fs,off,1,1190,1.77
cdf_fs,off,1,1191,2.26
cdf_fs,off,1,1192,2.23
cdf_fs,off,1,1193,1.77
cdf_fs,off,1,1194,1.76
cdf_fs,off,1,1195,1.79
cdf_fs,off,1,1196,2.06
cdf_fs,off,1,1197,2.12
cdf_fs,off,1,1198,2.13
cdf_fs,off,1,1199,1.79
cdf_fs,off,1,1200,2.24
cdf_fs,off,1,1201,2.35
cdf_fs,off,1,1202,2.12
cdf_fs,off,1,1203,1.77
cdf_fs,off,1,1204,2.16
cdf_fs,off,1,1205,1.75
cdf_fs,off,1,1206,2.2
cdf_fs,off,1,1207,2.2
cdf_fs,off,1,1208,1.78
cdf_fs,off,1,1209,2.17
cdf_fs,off,1,1210,2.24
cdf_fs,off,1,1211,2.27
cdf_fs,off,1,1212,1.82
cdf_fs,off,1,1213,1.76
cdf_fs,off,1,1214,1.78
cdf_fs,off,1,1215,1.77
cdf_fs,off,1,1216,2.29
cdf_fs,off,1,1217,2.31
cdf_fs,off,1,1218,2.15
cdf_fs,off,1,1219,2.1
cdf_fs,off,1,1220,2.09
cdf_fs,off,1,1221,2.11
cdf_fs,off,1,1222,2.27
cdf_fs,off,1,1223,1.76
cdf_fs,off,1,1224,2.07
cdf_fs,off,1,1225,1.77
cdf_fs,off,1,1226,2.15
cdf_fs,off,1,1227,2.15
cdf_fs,off,1,1228,1.72
cdf_fs,off,1,1229,2.18
cdf_fs,off,1,1230,1.8
cdf_fs,off,1,1231,2.19
cdf_fs,off,1,1232,1.78
cdf_fs,off,1,1233,1.81
cdf_fs,off,1,1234,2.18
cdf_fs,off,1,1235,2.34
cdf_fs,off,1,1236,1.83
cdf_fs,off,1,1237,1.75
cdf_fs,off,1,1238,2.15
cdf_fs,off,1,1239,2.18
cdf_fs,off,1,1240,2.22
cdf_fs,off,1,1241,2.08
cdf_fs,off,1,1242,2.41
cdf_fs,off,1,1243,2.05
cdf_fs,off,1,1244,2.09
cdf_fs,off,1,1245,2.41
cdf_fs,off,1,1246,1.79
cdf_fs,off,1,1247,2.11
cdf_fs,off,1,1248,2.16
cdf_fs,off,1,1249,2.16
cdf_fs,off,1,1250,1.78
cdf_fs,off,1,1251,2.16
cdf_fs,off,1,1252,1.77
cdf_fs,off,1,1253,2.06
cdf_fs,off,1,1254,2.11
cdf_fs,off,1,1255,2.24
cdf_fs,off,1,1256,1.78
cdf_fs,off,1,1257,2.15
cdf_fs,off,1,1258,2.21
cdf_fs,off,1,1259,2.03
cdf_fs,off,1,1260,2.22
cdf_fs,off,1,1261,2.2
cdf_fs,off,1,1262,2.06
cdf_fs,off,1,1263,2.1
cdf_fs,off,1,1264,1.77
cdf_fs,off,1,1265,1.77
cdf_fs,off,1,1266,1.76
cdf_fs,off,1,1267,2.23
cdf_fs,off,1,1268,2.1
cdf_fs,off,1,1269,1.78
cdf_fs,off,1,1270,1.75
cdf_fs,off,1,1271,2.15
cdf_fs,off,1,1272,1.74
cdf_fs,off,1,1273,1.74
cdf_fs,off,1,1274,1.76
cdf_fs,off,1,1275,2.06
cdf_fs,off,1,1276,2.2
cdf_fs,off,1,1277,2.11
cdf_fs,off,1,1278,2.11
cdf_fs,off,1,1279,2.27
cdf_fs,off,1,1280,1.75
cdf_fs,off,1,1281,2.26
cdf_fs,off,1,1282,2.13
cdf_fs,off,1,1283,1.82
cdf_fs,off,1,1284,2.12
cdf_fs,off,1,1285,1.76
cdf_fs,off,1,1286,2.14
cdf_fs,off,1,1287,2.15
cdf_fs,off,1,1288,1.75
cdf_fs,off,1,1289,2.31
cdf_fs,off,1,1290,2.02
cdf_fs,off,1,1291,2.3
cdf_fs,off,1,1292,2.06
cdf_fs,off,1,1293,1.76
cdf_fs,off,1,1294,1.74
cdf_fs,off,1,1295,2.22
cdf_fs,off,1,1296,2.21
cdf_fs,off,1,1297,2.07
cdf_fs,off,1,1298,2.09
cdf_fs,off,1,1299,2.21
cdf_fs,off,1,1300,2.17
cdf_fs,off,1,1301,1.76
cdf_fs,off,1,1302,1.77
cdf_fs,off,1,1303,1.79
cdf_fs,off,1,1304,2.3
cdf_fs,off,1,1305,2.14
cdf_fs,off,1,1306,1.78
cdf_fs,off,1,1307,2.13
cdf_fs,off,1,1308,1.74
cdf_fs,off,1,1309,2.19
cdf_fs,off,1,1310,2.12
cdf_fs,off,1,1311,1.77
cdf_fs,off,1,1312,2.13
cdf_fs,off,1,1313,2.14
cdf_fs,off,1,1314,2.19
cdf_fs,off,1,1315,2.16
cdf_fs,off,1,1316,1.78
cdf_fs,off,1,1317,2.28
cdf_fs,off,1,1318,2.17
cdf_fs,off,1,1319,2.23
cdf_fs,off,1,1320,2.24
cdf_fs,off,1,1321,2.15
cdf_fs,off,1,1322,1.78
cdf_fs,off,1,1323,2.2
cdf_fs,off,1,1324,2.18
cdf_fs,off,1,1325,2.21
cdf_fs,off,1,1326,2.22
cdf_fs,off,1,1327,1.79
cdf_fs,off,1,1328,1.75
cdf_fs,off,1,1329,1.77
cdf_fs,off,1,1330,2.2
cdf_fs,off,1,1331,1.76
cdf_fs,off,1,1332,2.07
cdf_fs,off,1,1333,1.8
cdf_fs,off,1,1334,1.78
cdf_fs,off,1,1335,2.1
cdf_fs,off,1,1336,1.77
cdf_fs,off,1,1337,2.13
cdf_fs,off,1,1338,1.8
cdf_fs,off,1,1339,2.26
cdf_fs,off,1,1340,2.16
cdf_fs,off,1,1341,1.75
cdf_fs,off,1,1342,6.14
cdf_fs,off,1,1343,3.49
cdf_fs,off,1,1344,2.16
cdf_fs,off,1,1345,1.77
cdf_fs,off,1,1346,1.85
cdf_fs,off,1,1347,2.18
cdf_fs,off,1,1348,1.75
cdf_fs,off,1,1349,1.8
cdf_fs,off,1,1350,1.76
cdf_fs,off,1,1351,2.13
cdf_fs,off,1,1352,2.07
cdf_fs,off,1,1353,2.06
cdf_fs,off,1,1354,2.03
cdf_fs,off,1,1355,2.25
cdf_fs,off,1,1356,2.11
cdf_fs,off,1,1357,1.79
cdf_fs,off,1,1358,2.13
cdf_fs,off,1,1359,2.12
cdf_fs,off,1,1360,2.1
cdf_fs,off,1,1361,1.75
cdf_fs,off,1,1362,1.73
cdf_fs,off,1,1363,2.11
cdf_fs,off,1,1364,2.09
cdf_fs,off,1,1365,2.23
cdf_fs,off,1,1366,1.77
cdf_fs,off,1,1367,2.12
cdf_fs,off,1,1368,2.14
cdf_fs,off,1,1369,2.1
cdf_fs,off,1,1370,2.17
cdf_fs,off,1,1371,2.09
cdf_fs,off,1,1372,2.19
cdf_fs,off,1,1373,2.18
cdf_fs,off,1,1374,2.08
cdf_fs,off,1,1375,2.11
cdf_fs,off,1,1376,2.18
cdf_fs,off,1,1377,1.78
cdf_fs,off,1,1378,2.14
cdf_fs,off,1,1379,1.73
cdf_fs,off,1,1380,2.12
cdf_fs,off,1,1381,2.15
cdf_fs,off,1,1382,1.76
cdf_fs,off,1,1383,2.06
cdf_fs,off,1,1384,2.2
cdf_fs,off,1,1385,2.2
cdf_fs,off,1,1386,2.05
cdf_fs,off,1,1387,2.06
cdf_fs,off,1,1388,2.09
cdf_fs,off,1,1389,2.14
cdf_fs,off,1,1390,1.86
cdf_fs,off,1,1391,1.77
cdf_fs,off,1,1392,2.12
cdf_fs,off,1,1393,1.79
cdf_fs,off,1,1394,1.76
cdf_fs,off,1,1395,2.08
cdf_fs,off,1,1396,2.11
cdf_fs,off,1,1397,1.76
cdf_fs,off,1,1398,2.37
cdf_fs,off,1,1399,2.41
cdf_fs,off,1,1400,2.21
cdf_fs,off,1,1401,2.18
cdf_fs,off,1,1402,2.14
cdf_fs,off,1,1403,1.8
cdf_fs,off,1,1404,2.27
cdf_fs,off,1,1405,2.12
cdf_fs,off,1,1406,1.76
cdf_fs,off,1,1407,1.77
cdf_fs,off,1,1408,2.14
cdf_fs,off,1,1409,1.79
cdf_fs,off,1,1410,1.84
cdf_fs,off,1,1411,2.17
cdf_fs,off,1,1412,2.17
cdf_fs,off,1,1413,2.79
cdf_fs,off,1,1414,1.81
cdf_fs,off,1,1415,2.13
cdf_fs,off,1,1416,2.03
cdf_fs,off,1,1417,2.17
cdf_fs,off,1,1418,1.78
cdf_fs,off,1,1419,1.79
cdf_fs,off,1,1420,1.81
cdf_fs,off,1,1421,2.17
cdf_fs,off,1,1422,2.1
cdf_fs,off,1,1423,2.26
cdf_fs,off,1,1424,2.06
cdf_fs,off,1,1425,2.16
cdf_fs,off,1,1426,2.13
cdf_fs,off,1,1427,2.12
cdf_fs,off,1,1428,1.77
cdf_fs,off,1,1429,2.08
cdf_fs,off,1,1430,2.04
cdf_fs,off,1,1431,1.73
cdf_fs,off,1,1432,2.24
cdf_fs,off,1,1433,1.8
cdf_fs,off,1,1434,2.21
cdf_fs,off,1,1435,1.76
cdf_fs,off,1,1436,2.16
cdf_fs,off,1,1437,1.75
cdf_fs,off,1,1438,2.07
cdf_fs,off,1,1439,2.09
cdf_fs,off,1,1440,1.74
cdf_fs,off,1,1441,1.88
cdf_fs,off,1,1442,1.74
cdf_fs,off,1,1443,2.09
cdf_fs,off,1,1444,2.03
cdf_fs,off,1,1445,2.22
cdf_fs,off,1,1446,2.22
cdf_fs,off,1,1447,2.07
cdf_fs,off,1,1448,1.84
cdf_fs,off,1,1449,2.08
cdf_fs,off,1,1450,1.76
cdf_fs,off,1,1451,2.06
cdf_fs,off,1,1452,1.76
cdf_fs,off,1,1453,2.26
cdf_fs,off,1,1454,2.13
cdf_fs,off,1,1455,2.34
cdf_fs,off,1,1456,1.76
cdf_fs,off,1,1457,1.77
cdf_fs,off,1,1458,2.08
cdf_fs,off,1,1459,1.75
cdf_fs,off,1,1460,2.17
cdf_fs,off,1,1461,2.11
cdf_fs,off,1,1462,2.06
cdf_fs,off,1,1463,1.81
cdf_fs,off,1,1464,1.76
cdf_fs,off,1,1465,1.74
cdf_fs,off,1,1466,2.13
cdf_fs,off,1,1467,2.06
cdf_fs,off,1,1468,1.78
cdf_fs,off,1,1469,2.15
cdf_fs,off,1,1470,2.21
cdf_fs,off,1,1471,1.78
cdf_fs,off,1,1472,2.14
cdf_fs,off,1,1473,2.09
cdf_fs,off,1,1474,2.11
cdf_fs,off,1,1475,2.06
cdf_fs,off,1,1476,1.77
cdf_fs,off,1,1477,1.75
cdf_fs,off,1,1478,2.24
cdf_fs,off,1,1479,2.11
cdf_fs,off,1,1480,1.78
cdf_fs,off,1,1481,2.08
cdf_fs,off,1,1482,1.82
cdf_fs,off,1,1483,2.23
cdf_fs,off,1,1484,1.76
cdf_fs,off,1,1485,2.1
cdf_fs,off,1,1486,1.83
cdf_fs,off,1,1487,2.18
cdf_fs,off,1,1488,2.13
cdf_fs,off,1,1489,1.83
cdf_fs,off,1,1490,1.79
cdf_fs,off,1,1491,1.76
cdf_fs,off,1,1492,2.13
cdf_fs,off,1,1493,2.31
cdf_fs,off,1,1494,2.16
cdf_fs,off,1,1495,2.13
cdf_fs,off,1,1496,2.13
cdf_fs,off,1,1497,2.07
cdf_fs,off,1,1498,1.75
cdf_fs,off,1,1499,1.81
cdf_fs,off,1,1500,1.73
cdf_fs,off,1,1501,1.78
cdf_fs,off,1,1502,2.23
cdf_fs,off,1,1503,1.74
cdf_fs,off,1,1504,2.2
cdf_fs,off,1,1505,2.06
cdf_fs,off,1,1506,2.35
cdf_fs,off,1,1507,2.09
cdf_fs,off,1,1508,1.78
cdf_fs,off,1,1509,1.8
cdf_fs,off,1,1510,2.38
cdf_fs,off,1,1511,1.77
cdf_fs,off,1,1512,2.1
cdf_fs,off,1,1513,2.2
cdf_fs,off,1,1514,2.11
cdf_fs,off,1,1515,2.04
cdf_fs,off,1,1516,2.14
cdf_fs,off,1,1517,2.1
cdf_fs,off,1,1518,2.08
cdf_fs,off,1,1519,2.26
cdf_fs,off,1,1520,2.14
cdf_fs,off,1,1521,1.77
cdf_fs,off,1,1522,1.76
cdf_fs,off,1,1523,2.2
cdf_fs,off,1,1524,2.09
cdf_fs,off,1,1525,2.04
cdf_fs,off,1,1526,2.05
cdf_fs,off,1,1527,1.8
cdf_fs,off,1,1528,1.78
cdf_fs,off,1,1529,1.75
cdf_fs,off,1,1530,1.76
cdf_fs,off,1,1531,2.21
cdf_fs,off,1,1532,1.86
cdf_fs,off,1,1533,2.16
cdf_fs,off,1,1534,1.78
cdf_fs,off,1,1535,1.76
cdf_fs,off,1,1536,1.81
cdf_fs,off,1,1537,2.09
cdf_fs,off,1,1538,1.77
cdf_fs,off,1,1539,1.78
cdf_fs,off,1,1540,2.28
cdf_fs,off,1,1541,1.78
cdf_fs,off,1,1542,2.11
cdf_fs,off,1,1543,1.78
cdf_fs,off,1,1544,2.1
cdf_fs,off,1,1545,1.81
cdf_fs,off,1,1546,1.76
cdf_fs,off,1,1547,1.76
cdf_fs,off,1,1548,1.78
cdf_fs,off,1,1549,1.75
cdf_fs,off,1,1550,2.1
cdf_fs,off,1,1551,1.76
cdf_fs,off,1,1552,1.81
cdf_fs,off,1,1553,1.76
cdf_fs,off,1,1554,1.74
cdf_fs,off,1,1555,1.76
cdf_fs,off,1,1556,1.75
cdf_fs,off,1,1557,1.75
cdf_fs,off,1,1558,2.511
cdf_fs,off,1,1559,1.789
cdf_fs,off,1,1560,1.78
cdf_fs,off,1,1561,1.78
cdf_fs,off,1,1562,2.211
cdf_fs,off,1,1563,2.14
cdf_fs,off,1,1564,1.76
cdf_fs,off,1,1565,1.789
cdf_fs,off,1,1566,2.231
cdf_fs,off,1,1567,2.16
cdf_fs,off,1,1568,1.749
cdf_fs,off,1,1569,1.769
cdf_fs,off,1,1570,1.74
cdf_fs,off,1,1571,2.351
cdf_fs,off,1,1572,1.791
cdf_fs,off,1,1573,2.069
cdf_fs,off,1,1574,1.749
cdf_fs,off,1,1575,1.74
cdf_fs,off,1,1576,2.231
cdf_fs,off,1,1577,2.169
cdf_fs,off,1,1578,1.78
cdf_fs,off,1,1579,2.12
cdf_fs,off,1,1580,2.04
cdf_fs,off,1,1581,1.76
cdf_fs,off,1,1582,1.78
cdf_fs,off,1,1583,2.249
cdf_fs,off,1,1584,2.131
cdf_fs,off,1,1585,1.811
cdf_fs,off,1,1586,2.131
cdf_fs,off,1,1587,2.14
cdf_fs,off,1,1588,2.211
cdf_fs,off,1,1589,2.229
cdf_fs,off,1,1590,1.811
cdf_fs,off,1,1591,2.22
cdf_fs,off,1,1592,1.78
cdf_fs,off,1,1593,1.771
cdf_fs,off,1,1594,2.189
cdf_fs,off,1,1595,1.72
cdf_fs,off,1,1596,2.22
cdf_fs,off,1,1597,1.749
cdf_fs,off,1,1598,1.76
cdf_fs,off,1,1599,1.76
cdf_fs,off,1,1600,2.12
cdf_fs,off,1,1601,2.229
cdf_fs,off,1,1602,1.771
cdf_fs,off,1,1603,1.829
cdf_fs,off,1,1604,2.149
cdf_fs,off,1,1605,1.791
cdf_fs,off,1,1606,1.811
cdf_fs,off,1,1607,1.78
cdf_fs,off,1,1608,2.211
cdf_fs,off,1,1609,2.22
cdf_fs,off,1,1610,2.229
cdf_fs,off,1,1611,2.24
cdf_fs,off,1,1612,1.829
cdf_fs,off,1,1613,2.16
cdf_fs,off,1,1614,2.229
cdf_fs,off,1,1615,2.191
cdf_fs,off,1,1616,1.789
cdf_fs,off,1,1617,2.24
cdf_fs,off,1,1618,2.051
cdf_fs,off,1,1619,2.069
cdf_fs,off,1,1620,1.751
cdf_fs,off,1,1621,2.089
cdf_fs,off,1,1622,1.78
cdf_fs,off,1,1623,1.749
cdf_fs,off,1,1624,1.82
cdf_fs,off,1,1625,2.08
cdf_fs,off,1,1626,1.74
cdf_fs,off,1,1627,1.8
cdf_fs,off,1,1628,2.26
cdf_fs,off,1,1629,2.069
cdf_fs,off,1,1630,1.791
cdf_fs,off,1,1631,2.24
cdf_fs,off,1,1632,1.749
cdf_fs,off,1,1633,1.8
cdf_fs,off,1,1634,1.78
cdf_fs,off,1,1635,1.751
cdf_fs,off,1,1636,1.749
cdf_fs,off,1,1637,2.12
cdf_fs,off,1,1638,2.14
cdf_fs,off,1,1639,1.811
cdf_fs,off,1,1640,1.749
cdf_fs,off,1,1641,1.76
cdf_fs,off,1,1642,1.769
cdf_fs,off,1,1643,2.129
cdf_fs,off,1,1644,1.771
cdf_fs,off,1,1645,1.771
cdf_fs,off,1,1646,1.749
cdf_fs,off,1,1647,2.18
cdf_fs,off,1,1648,2.26
cdf_fs,off,1,1649,1.78
cdf_fs,off,1,1650,2.091
cdf_fs,off,1,1651,1.751
cdf_fs,off,1,1652,1.76
cdf_fs,off,1,1653,1.74
cdf_fs,off,1,1654,2.091
cdf_fs,off,1,1655,2.1
cdf_fs,off,1,1656,2.1
cdf_fs,off,1,1657,1.76
cdf_fs,off,1,1658,2.149
cdf_fs,off,1,1659,1.76
cdf_fs,off,1,1660,2.189
cdf_fs,off,1,1661,1.8
cdf_fs,off,1,1662,1.769
cdf_fs,off,1,1663,2.24
cdf_fs,off,1,1664,1.749
cdf_fs,off,1,1665,2.311
cdf_fs,off,1,1666,2.02
cdf_fs,off,1,1667,1.771
cdf_fs,off,1,1668,1.791
cdf_fs,off,1,1669,2.191
cdf_fs,off,1,1670,2.08
cdf_fs,off,1,1671,2.189
cdf_fs,off,1,1672,2.169
cdf_fs,off,1,1673,1.789
cdf_fs,off,1,1674,1.78
cdf_fs,off,1,1675,1.811
cdf_fs,off,1,1676,2.1
cdf_fs,off,1,1677,1.8
cdf_fs,off,1,1678,2.28
cdf_fs,off,1,1679,1.751
cdf_fs,off,1,1680,1.809
cdf_fs,off,1,1681,1.84
cdf_fs,off,1,1682,2.171
cdf_fs,off,1,1683,1.8
cdf_fs,off,1,1684,1.76
cdf_fs,off,1,1685,2.091
cdf_fs,off,1,1686,1.809
cdf_fs,off,1,1687,1.771
cdf_fs,off,1,1688,2.26
cdf_fs,off,1,1689,2.2
cdf_fs,off,1,1690,1.751
cdf_fs,off,1,1691,1.751
cdf_fs,off,1,1692,2.189
cdf_fs,off,1,1693,2.36
cdf_fs,off,1,1694,1.791
cdf_fs,off,1,1695,2.151
cdf_fs,off,1,1696,2.12
cdf_fs,off,1,1697,1.8
cdf_fs,off,1,1698,1.74
cdf_fs,off,1,1699,2.271
cdf_fs,off,1,1700,1.76
cdf_fs,off,1,1701,1.769
cdf_fs,off,1,1702,1.76
cdf_fs,off,1,1703,2.18
cdf_fs,off,1,1704,1.78
cdf_fs,off,1,1705,1.78
cdf_fs,off,1,1706,1.78
cdf_fs,off,1,1707,1.78
cdf_fs,off,1,1708,1.911
cdf_fs,off,1,1709,1.749
cdf_fs,off,1,1710,2.071
cdf_fs,off,1,1711,1.789
cdf_fs,off,1,1712,1.811
cdf_fs,off,1,1713,2.16
cdf_fs,off,1,1714,2.109
cdf_fs,off,1,1715,1.751
cdf_fs,off,1,1716,1.78
cdf_fs,off,1,1717,1.751
cdf_fs,off,1,1718,1.98
cdf_fs,off,1,1719,2.12
cdf_fs,off,1,1720,1.88
cdf_fs,off,1,1721,1.731
cdf_fs,off,1,1722,1.771
cdf_fs,off,1,1723,1.789
cdf_fs,off,1,1724,2.151
cdf_fs,off,1,1725,2.06
cdf_fs,off,1,1726,2.129
cdf_fs,off,1,1727,1.78
cdf_fs,off,1,1728,2.109
cdf_fs,off,1,1729,2.1
cdf_fs,off,1,1730,2.071
cdf_fs,off,1,1731,2.06
cdf_fs,off,1,1732,1.78
cdf_fs,off,1,1733,1.78
cdf_fs,off,1,1734,1.78
cdf_fs,off,1,1735,2.08
cdf_fs,off,1,1736,1.76
cdf_fs,off,1,1737,1.751
cdf_fs,off,1,1738,1.749
cdf_fs,off,1,1739,1.749
cdf_fs,off,1,1740,2.08
cdf_fs,off,1,1741,1.791
cdf_fs,off,1,1742,2.249
cdf_fs,off,1,1743,1.78
cdf_fs,off,1,1744,1.751
cdf_fs,off,1,1745,1.729
cdf_fs,off,1,1746,1.731
cdf_fs,off,1,1747,1.751
cdf_fs,off,1,1748,1.72
cdf_fs,off,1,1749,1.74
cdf_fs,off,1,1750,1.76
cdf_fs,off,1,1751,2.191
cdf_fs,off,1,1752,1.851
cdf_fs,off,1,1753,2.251
cdf_fs,off,1,1754,1.771
cdf_fs,off,1,1755,1.789
cdf_fs,off,1,1756,2.071
cdf_fs,off,1,1757,2.189
cdf_fs,off,1,1758,2.2
cdf_fs,off,1,1759,1.78
cdf_fs,off,1,1760,1.74
cdf_fs,off,1,1761,1.76
cdf_fs,off,1,1762,2.071
cdf_fs,off,1,1763,1.749
cdf_fs,off,1,1764,2.129
cdf_fs,off,1,1765,2.06
cdf_fs,off,1,1766,1.82
cdf_fs,off,1,1767,1.72
cdf_fs,off,1,1768,1.751
cdf_fs,off,1,1769,1.749
cdf_fs,off,1,1770,1.72
cdf_fs,off,1,1771,1.74
cdf_fs,off,1,1772,2.631
cdf_fs,off,1,1773,1.8
cdf_fs,off,1,1774,2.169
cdf_fs,off,1,1775,1.771
cdf_fs,off,1,1776,2.32
cdf_fs,off,1,1777,2.209
cdf_fs,off,1,1778,2.109
cdf_fs,off,1,1779,1.749
cdf_fs,off,1,1780,2.211
cdf_fs,off,1,1781,1.771
cdf_fs,off,1,1782,2.209
cdf_fs,off,1,1783,2.14
cdf_fs,off,1,1784,2.089
cdf_fs,off,1,1785,1.761
cdf_fs,off,1,1786,2.21
cdf_fs,off,1,1787,2.03
cdf_fs,off,1,1788,2.15
cdf_fs,off,1,1789,2.23
cdf_fs,off,1,1790,2.12
cdf_fs,off,1,1791,1.75
cdf_fs,off,1,1792,1.82
cdf_fs,off,1,1793,2.12
cdf_fs,off,1,1794,1.75
cdf_fs,off,1,1795,2.17
cdf_fs,off,1,1796,1.75
cdf_fs,off,1,1797,1.79
cdf_fs,off,1,1798,1.73
cdf_fs,off,1,1799,1.76
cdf_fs,off,1,1800,1.78
cdf_fs,off,1,1801,1.82
cdf_fs,off,1,1802,2.07
cdf_fs,off,1,1803,1.75
cdf_fs,off,1,1804,1.74
cdf_fs,off,1,1805,2.09
cdf_fs,off,1,1806,2.14
cdf_fs,off,1,1807,2.04
cdf_fs,off,1,1808,2.28
cdf_fs,off,1,1809,2.23
cdf_fs,off,1,1810,2.14
cdf_fs,off,1,1811,1.75
cdf_fs,off,1,1812,2.12
cdf_fs,off,1,1813,1.73
cdf_fs,off,1,1814,1.78
cdf_fs,off,1,1815,1.75
cdf_fs,off,1,1816,2.08
cdf_fs,off,1,1817,2.28
cdf_fs,off,1,1818,18.25
cdf_fs,off,1,1819,3.5
cdf_fs,off,1,1820,1.83
cdf_fs,off,1,1821,1.77
cdf_fs,off,1,1822,1.76
cdf_fs,off,1,1823,2.2
cdf_fs,off,1,1824,1.75
cdf_fs,off,1,1825,1.79
cdf_fs,off,1,1826,2.07
cdf_fs,off,1,1827,1.85
cdf_fs,off,1,1828,1.75
cdf_fs,off,1,1829,1.81
cdf_fs,off,1,1830,2.22
cdf_fs,off,1,1831,1.76
cdf_fs,off,1,1832,1.77
cdf_fs,off,1,1833,1.74
cdf_fs,off,1,1834,1.75
cdf_fs,off,1,1835,2.06
cdf_fs,off,1,1836,1.79
cdf_fs,off,1,1837,1.82
cdf_fs,off,1,1838,2.12
cdf_fs,off,1,1839,2.14
cdf_fs,off,1,1840,2.12
cdf_fs,off,1,1841,1.8
cdf_fs,off,1,1842,2.07
cdf_fs,off,1,1843,2.26
cdf_fs,off,1,1844,1.76
cdf_fs,off,1,1845,2.08
cdf_fs,off,1,1846,2.12
cdf_fs,off,1,1847,1.72
cdf_fs,off,1,1848,2.25
cdf_fs,off,1,1849,1.73
cdf_fs,off,1,1850,2.28
cdf_fs,off,1,1851,1.74
cdf_fs,off,1,1852,2.06
cdf_fs,off,1,1853,2.09
cdf_fs,off,1,1854,1.75
cdf_fs,off,1,1855,2.12
cdf_fs,off,1,1856,1.76
cdf_fs,off,1,1857,2.55
cdf_fs,off,1,1858,2.07
cdf_fs,off,1,1859,1.73
cdf_fs,off,1,1860,1.76
cdf_fs,off,1,1861,2.07
cdf_fs,off,1,1862,2.16
cdf_fs,off,1,1863,2.27
cdf_fs,off,1,1864,2.18
cdf_fs,off,1,1865,2.11
cdf_fs,off,1,1866,2.12
cdf_fs,off,1,1867,2.11
cdf_fs,off,1,1868,2.11
cdf_fs,off,1,1869,2.24
cdf_fs,off,1,1870,2.24
cdf_fs,off,1,1871,1.82
cdf_fs,off,1,1872,1.75
cdf_fs,off,1,1873,1.76
cdf_fs,off,1,1874,2.14
cdf_fs,off,1,1875,2.19
cdf_fs,off,1,1876,1.75
cdf_fs,off,1,1877,1.82
cdf_fs,off,1,1878,1.78
cdf_fs,off,1,1879,2.3
cdf_fs,off,1,1880,1.74
cdf_fs,off,1,1881,1.75
cdf_fs,off,1,1882,2.11
cdf_fs,off,1,1883,2.15
cdf_fs,off,1,1884,1.77
cdf_fs,off,1,1885,1.75
cdf_fs,off,1,1886,2.15
cdf_fs,off,1,1887,2.29
cdf_fs,off,1,1888,1.73
cdf_fs,off,1,1889,2.09
cdf_fs,off,1,1890,1.76
cdf_fs,off,1,1891,2.08
cdf_fs,off,1,1892,1.75
cdf_fs,off,1,1893,1.76
cdf_fs,off,1,1894,1.75
cdf_fs,off,1,1895,1.8
cdf_fs,off,1,1896,2.15
cdf_fs,off,1,1897,2.15
cdf_fs,off,1,1898,1.77
cdf_fs,off,1,1899,1.8
cdf_fs,off,1,1900,2.09
cdf_fs,off,1,1901,1.74
cdf_fs,off,1,1902,2.12
cdf_fs,off,1,1903,2.12
cdf_fs,off,1,1904,2.18
cdf_fs,off,1,1905,1.75
cdf_fs,off,1,1906,2.13
cdf_fs,off,1,1907,2.15
cdf_fs,off,1,1908,2.24
cdf_fs,off,1,1909,2.08
cdf_fs,off,1,1910,2.17
cdf_fs,off,1,1911,1.77
cdf_fs,off,1,1912,2.16
cdf_fs,off,1,1913,1.78
cdf_fs,off,1,1914,2.11
cdf_fs,off,1,1915,1.74
cdf_fs,off,1,1916,1.76
cdf_fs,off,1,1917,2.16
cdf_fs,off,1,1918,1.75
cdf_fs,off,1,1919,1.76
cdf_fs,off,1,1920,1.8
cdf_fs,off,1,1921,1.73
cdf_fs,off,1,1922,1.81
cdf_fs,off,1,1923,1.74
cdf_fs,off,1,1924,2.13
cdf_fs,off,1,1925,1.77
cdf_fs,off,1,1926,2.09
cdf_fs,off,1,1927,2.22
cdf_fs,off,1,1928,2.18
cdf_fs,off,1,1929,1.75
cdf_fs,off,1,1930,2.22
cdf_fs,off,1,1931,1.76
cdf_fs,off,1,1932,2.18
cdf_fs,off,1,1933,1.79
cdf_fs,off,1,1934,1.77
cdf_fs,off,1,1935,2.14
cdf_fs,off,1,1936,1.71
cdf_fs,off,1,1937,2.14
cdf_fs,off,1,1938,2.19
cdf_fs,off,1,1939,2.18
cdf_fs,off,1,1940,1.78
cdf_fs,off,1,1941,1.77
cdf_fs,off,1,1942,2.15
cdf_fs,off,1,1943,1.72
cdf_fs,off,1,1944,1.73
cdf_fs,off,1,1945,2.18
cdf_fs,off,1,1946,1.77
cdf_fs,off,1,1947,1.76
cdf_fs,off,1,1948,1.81
cdf_fs,off,1,1949,1.77
cdf_fs,off,1,1950,1.74
cdf_fs,off,1,1951,1.83
cdf_fs,off,1,1952,2.17
cdf_fs,off,1,1953,1.73
cdf_fs,off,1,1954,2.17
cdf_fs,off,1,1955,2.24
cdf_fs,off,1,1956,1.8
cdf_fs,off,1,1957,2.16
cdf_fs,off,1,1958,1.73
cdf_fs,off,1,1959,2.17
cdf_fs,off,1,1960,2.19
cdf_fs,off,1,1961,2.06
cdf_fs,off,1,1962,1.79
cdf_fs,off,1,1963,1.78
cdf_fs,off,1,1964,2.26
cdf_fs,off,1,1965,1.85
cdf_fs,off,1,1966,2.13
cdf_fs,off,1,1967,1.81
cdf_fs,off,1,1968,1.76
cdf_fs,off,1,1969,2.11
cdf_fs,off,1,1970,1.78
cdf_fs,off,1,1971,1.82
cdf_fs,off,1,1972,2.31
cdf_fs,off,1,1973,1.79
cdf_fs,off,1,1974,1.82
cdf_fs,off,1,1975,1.74
cdf_fs,off,1,1976,2.31
cdf_fs,off,1,1977,2.16
cdf_fs,off,1,1978,1.77
cdf_fs,off,1,1979,1.79
cdf_fs,off,1,1980,2.13
cdf_fs,off,1,1981,1.82
cdf_fs,off,1,1982,1.78
cdf_fs,off,1,1983,2.18
cdf_fs,off,1,1984,2.2
cdf_fs,off,1,1985,1.8
cdf_fs,off,1,1986,2.07
cdf_fs,off,1,1987,2.25
cdf_fs,off,1,1988,2.17
cdf_fs,off,1,1989,2.28
cdf_fs,off,1,1990,2.14
cdf_fs,off,1,1991,2.05
cdf_fs,off,1,1992,2.1
cdf_fs,off,1,1993,2.06
cdf_fs,off,1,1994,1.83
cdf_fs,off,1,1995,2.15
cdf_fs,off,1,1996,2.14
cdf_fs,off,1,1997,2.14
cdf_fs,off,1,1998,2.06
cdf_fs,off,1,1999,1.76
cdf_fs,off,1,2000,1.75
cdf_fs,off,1,2001,1.77
cdf_fs,off,1,2002,1.73
cdf_fs,off,1,2003,2.03
cdf_fs,off,1,2004,2.07
cdf_fs,off,1,2005,1.8
cdf_fs,off,1,2006,2.11
cdf_fs,off,1,2007,2.18
cdf_fs,off,1,2008,2.08
cdf_fs,off,1,2009,1.75
cdf_fs,off,1,2010,2.35
cdf_fs,off,1,2011,1.75
cdf_fs,off,1,2012,2.15
cdf_fs,off,1,2013,2.12
cdf_fs,off,1,2014,2.11
cdf_fs,off,1,2015,2.07
cdf_fs,off,1,2016,2.23
cdf_fs,off,1,2017,1.79
cdf_fs,off,1,2018,2.11
cdf_fs,off,1,2019,1.77
cdf_fs,off,1,2020,1.77
cdf_fs,off,1,2021,1.77
cdf_fs,off,1,2022,1.77
cdf_fs,off,1,2023,1.76
cdf_fs,off,1,2024,1.72
cdf_fs,off,1,2025,1.79
cdf_fs,off,1,2026,2.09
cdf_fs,off,1,2027,1.75
cdf_fs,off,1,2028,1.76
cdf_fs,off,1,2029,2.24
cdf_fs,off,1,2030,1.87
cdf_fs,off,1,2031,1.75
cdf_fs,off,1,2032,1.78
cdf_fs,off,1,2033,1.75
cdf_fs,off,1,2034,1.75
cdf_fs,off,1,2035,2.12
cdf_fs,off,1,2036,2.13
cdf_fs,off,1,2037,1.79
cdf_fs,off,1,2038,2.14
cdf_fs,off,1,2039,1.77
cdf_fs,off,1,2040,1.77
cdf_fs,off,1,2041,1.75
cdf_fs,off,1,2042,1.77
cdf_fs,off,1,2043,1.82
cdf_fs,off,1,2044,2.15
cdf_fs,off,1,2045,2.13
cdf_fs,off,1,2046,1.77
cdf_fs,off,1,2047,2.18
cdf_fs,off,1,2048,2.19
cdf_fs,off,1,2049,2.23
cdf_fs,off,1,2050,2.21
cdf_fs,off,1,2051,1.76
cdf_fs,off,1,2052,1.73
cdf_fs,off,1,2053,1.74
cdf_fs,off,1,2054,1.79
cdf_fs,off,1,2055,1.73
cdf_fs,off,1,2056,1.73
cdf_fs,off,1,2057,2.06
cdf_fs,off,1,2058,2.21
cdf_fs,off,1,2059,1.83
cdf_fs,off,1,2060,2.3
cdf_fs,off,1,2061,1.72
cdf_fs,off,1,2062,2.14
cdf_fs,off,1,2063,1.75
cdf_fs,off,1,2064,2.14
cdf_fs,off,1,2065,1.74
cdf_fs,off,1,2066,1.78
cdf_fs,off,1,2067,1.77
cdf_fs,off,1,2068,2.07
cdf_fs,off,1,2069,1.74
cdf_fs,off,1,2070,1.74
cdf_fs,off,1,2071,1.79
cdf_fs,off,1,2072,2.06
cdf_fs,off,1,2073,2.18
cdf_fs,off,1,2074,1.75
cdf_fs,off,1,2075,1.74
cdf_fs,off,1,2076,2.13
cdf_fs,off,1,2077,1.76
cdf_fs,off,1,2078,1.79
cdf_fs,off,1,2079,2.16
cdf_fs,off,1,2080,1.74
cdf_fs,off,1,2081,1.81
cdf_fs,off,1,2082,1.76
cdf_fs,off,1,2083,2.1
cdf_fs,off,1,2084,1.75
cdf_fs,off,1,2085,1.74
cdf_fs,off,1,2086,1.79
cdf_fs,off,1,2087,2.28
cdf_fs,off,1,2088,1.75
cdf_fs,off,1,2089,1.76
cdf_fs,off,1,2090,1.76
cdf_fs,off,1,2091,1.76
cdf_fs,off,1,2092,1.73
cdf_fs,off,1,2093,1.71
cdf_fs,off,1,2094,2.07
cdf_fs,off,1,2095,1.76
cdf_fs,off,1,2096,2.25
cdf_fs,off,1,2097,2.13
cdf_fs,off,1,2098,1.8
cdf_fs,off,1,2099,2.23
cdf_fs,off,1,2100,1.76
cdf_fs,off,1,2101,1.78
cdf_fs,off,1,2102,1.75
cdf_fs,off,1,2103,1.75
cdf_fs,off,1,2104,1.82
cdf_fs,off,1,2105,2.1
cdf_fs,off,1,2106,1.72
cdf_fs,off,1,2107,2.33
cdf_fs,off,1,2108,1.74
cdf_fs,off,1,2109,1.75
cdf_fs,off,1,2110,2.06
cdf_fs,off,1,2111,1.74
cdf_fs,off,1,2112,1.75
cdf_fs,off,1,2113,1.77
cdf_fs,off,1,2114,1.78
cdf_fs,off,1,2115,2.34
cdf_fs,off,1,2116,1.73
cdf_fs,off,1,2117,2.15
cdf_fs,off,1,2118,1.83
cdf_fs,off,1,2119,1.73
cdf_fs,off,1,2120,2.14
cdf_fs,off,1,2121,2.36
cdf_fs,off,1,2122,2.24
cdf_fs,off,1,2123,1.84
cdf_fs,off,1,2124,1.75
cdf_fs,off,1,2125,2.1
cdf_fs,off,1,2126,1.74
cdf_fs,off,1,2127,2.28
cdf_fs,off,1,2128,2.04
cdf_fs,off,1,2129,2.06
cdf_fs,off,1,2130,2.13
cdf_fs,off,1,2131,2.21
cdf_fs,off,1,2132,1.83
cdf_fs,off,1,2133,1.74
cdf_fs,off,1,2134,1.74
cdf_fs,off,1,2135,1.73
cdf_fs,off,1,2136,2.18
cdf_fs,off,1,2137,2.26
cdf_fs,off,1,2138,1.76
cdf_fs,off,1,2139,1.76
cdf_fs,off,1,2140,1.76
cdf_fs,off,1,2141,1.73
cdf_fs,off,1,2142,2.18
cdf_fs,off,1,2143,1.71
cdf_fs,off,1,2144,1.75
cdf_fs,off,1,2145,1.72
cdf_fs,off,1,2146,1.73
cdf_fs,off,1,2147,2.18
cdf_fs,off,1,2148,1.75
cdf_fs,off,1,2149,1.78
cdf_fs,off,1,2150,1.78
cdf_fs,off,1,2151,2.15
cdf_fs,off,1,2152,2.17
cdf_fs,off,1,2153,1.75
cdf_fs,off,1,2154,1.74
cdf_fs,off,1,2155,2.08
cdf_fs,off,1,2156,2.13
cdf_fs,off,1,2157,2.23
cdf_fs,off,1,2158,1.76
cdf_fs,off,1,2159,2.08
cdf_fs,off,1,2160,2.13
cdf_fs,off,1,2161,1.79
cdf_fs,off,1,2162,1.77
cdf_fs,off,1,2163,1.77
cdf_fs,off,1,2164,1.76
cdf_fs,off,1,2165,1.74
cdf_fs,off,1,2166,1.75
cdf_fs,off,1,2167,2.24
cdf_fs,off,1,2168,1.74
cdf_fs,off,1,2169,1.86
cdf_fs,off,1,2170,1.73
cdf_fs,off,1,2171,2.08
cdf_fs,off,1,2172,2.24
cdf_fs,off,1,2173,2.1
cdf_fs,off,1,2174,1.74
cdf_fs,off,1,2175,2.17
cdf_fs,off,1,2176,2.12
cdf_fs,off,1,2177,2.22
cdf_fs,off,1,2178,2.21
cdf_fs,off,1,2179,1.78
cdf_fs,off,1,2180,1.73
cdf_fs,off,1,2181,1.75
cdf_fs,off,1,2182,1.73
cdf_fs,off,1,2183,1.73
cdf_fs,off,1,2184,1.78
cdf_fs,off,1,2185,2.09
cdf_fs,off,1,2186,2.19
cdf_fs,off,1,2187,2.21
cdf_fs,off,1,2188,2.19
cdf_fs,off,1,2189,1.81
cdf_fs,off,1,2190,2.14
cdf_fs,off,1,2191,1.77
cdf_fs,off,1,2192,1.76
cdf_fs,off,1,2193,1.75
cdf_fs,off,1,2194,1.75
cdf_fs,off,1,2195,2.17
cdf_fs,off,1,2196,1.8
cdf_fs,off,1,2197,2.28
cdf_fs,off,1,2198,1.76
cdf_fs,off,1,2199,1.79
cdf_fs,off,1,2200,1.74
cdf_fs,off,1,2201,2.16
cdf_fs,off,1,2202,1.74
cdf_fs,off,1,2203,1.79
cdf_fs,off,1,2204,2.08
cdf_fs,off,1,2205,1.76
cdf_fs,off,1,2206,1.79
cdf_fs,off,1,2207,1.74
cdf_fs,off,1,2208,1.75
cdf_fs,off,1,2209,1.79
cdf_fs,off,1,2210,2.16
cdf_fs,off,1,2211,1.74
cdf_fs,off,1,2212,1.74
cdf_fs,off,1,2213,1.73
cdf_fs,off,1,2214,1.77
cdf_fs,off,1,2215,1.78
cdf_fs,off,1,2216,2.11
cdf_fs,off,1,2217,1.78
cdf_fs,off,1,2218,1.76
cdf_fs,off,1,2219,2.15
cdf_fs,off,1,2220,1.77
cdf_fs,off,1,2221,1.75
cdf_fs,off,1,2222,2.07
cdf_fs,off,1,2223,1.76
cdf_fs,off,1,2224,1.79
cdf_fs,off,1,2225,1.75
cdf_fs,off,1,2226,1.75
cdf_fs,off,1,2227,1.74
cdf_fs,off,1,2228,1.75
cdf_fs,off,1,2229,2.08
cdf_fs,off,1,2230,2.14
cdf_fs,off,1,2231,2.36
cdf_fs,off,1,2232,1.79
cdf_fs,off,1,2233,1.79
cdf_fs,off,1,2234,2.12
cdf_fs,off,1,2235,2.04
cdf_fs,off,1,2236,2.08
cdf_fs,off,1,2237,1.75
cdf_fs,off,1,2238,1.75
cdf_fs,off,1,2239,2.08
cdf_fs,off,1,2240,2.73
cdf_fs,off,1,2241,1.87
cdf_fs,off,1,2242,2.17
cdf_fs,off,1,2243,1.78
cdf_fs,off,1,2244,2.1
cdf_fs,off,1,2245,2.15
cdf_fs,off,1,2246,1.86
cdf_fs,off,1,2247,2.23
cdf_fs,off,1,2248,2.08
cdf_fs,off,1,2249,2.07
cdf_fs,off,1,2250,1.78
cdf_fs,off,1,2251,1.77
cdf_fs,off,1,2252,2.1
cdf_fs,off,1,2253,2.1
cdf_fs,off,1,2254,2.19
cdf_fs,off,1,2255,1.79
cdf_fs,off,1,2256,1.76
cdf_fs,off,1,2257,2.15
cdf_fs,off,1,2258,2.08
cdf_fs,off,1,2259,1.84
cdf_fs,off,1,2260,1.8
cdf_fs,off,1,2261,1.74
cdf_fs,off,1,2262,1.76
cdf_fs,off,1,2263,1.73
cdf_fs,off,1,2264,2.1
cdf_fs,off,1,2265,2.18
cdf_fs,off,1,2266,2.18
cdf_fs,off,1,2267,2.13
cdf_fs,off,1,2268,2.13
cdf_fs,off,1,2269,2.18
cdf_fs,off,1,2270,1.76
cdf_fs,off,1,2271,1.76
cdf_fs,off,1,2272,1.75
cdf_fs,off,1,2273,1.82
cdf_fs,off,1,2274,2.31
cdf_fs,off,1,2275,1.81
cdf_fs,off,1,2276,1.76
cdf_fs,off,1,2277,1.74
cdf_fs,off,1,2278,1.74
cdf_fs,off,1,2279,1.72
cdf_fs,off,1,2280,2.09
cdf_fs,off,1,2281,1.76
cdf_fs,off,1,2282,2.09
cdf_fs,off,1,2283,1.81
cdf_fs,off,1,2284,1.72
cdf_fs,off,1,2285,1.76
cdf_fs,off,1,2286,1.75
cdf_fs,off,1,2287,1.73
cdf_fs,off,1,2288,1.74
cdf_fs,off,1,2289,1.73
cdf_fs,off,1,2290,1.88
cdf_fs,off,1,2291,2.15
cdf_fs,off,1,2292,2.24
cdf_fs,off,1,2293,2.22
cdf_fs,off,1,2294,5.57
cdf_fs,off,1,2295,3.01
cdf_fs,off,1,2296,1.8
cdf_fs,off,1,2297,1.78
cdf_fs,off,1,2298,2.59
cdf_fs,off,1,2299,2.17
cdf_fs,off,1,2300,2.33
cdf_fs,off,1,2301,2.11
cdf_fs,off,1,2302,2.14
cdf_fs,off,1,2303,1.78
cdf_fs,off,1,2304,2.23
cdf_fs,off,1,2305,1.78
cdf_fs,off,1,2306,2.33
cdf_fs,off,1,2307,1.77
cdf_fs,off,1,2308,1.77
cdf_fs,off,1,2309,2.16
cdf_fs,off,1,2310,2.18
cdf_fs,off,1,2311,2.25
cdf_fs,off,1,2312,1.79
cdf_fs,off,1,2313,1.78
cdf_fs,off,1,2314,1.74
cdf_fs,off,1,2315,1.77
cdf_fs,off,1,2316,2.14
cdf_fs,off,1,2317,1.75
cdf_fs,off,1,2318,1.76
cdf_fs,off,1,2319,1.75
cdf_fs,off,1,2320,1.84
cdf_fs,off,1,2321,3.35
cdf_fs,off,1,2322,1.8
cdf_fs,off,1,2323,2.16
cdf_fs,off,1,2324,2.16
cdf_fs,off,1,2325,2.16
cdf_fs,off,1,2326,2.32
cdf_fs,off,1,2327,1.78
cdf_fs,off,1,2328,1.81
cdf_fs,off,1,2329,2.22
cdf_fs,off,1,2330,1.74
cdf_fs,off,1,2331,1.76
cdf_fs,off,1,2332,1.72
cdf_fs,off,1,2333,2.36
cdf_fs,off,1,2334,2.17
cdf_fs,off,1,2335,1.77
cdf_fs,off,1,2336,2.25
cdf_fs,off,1,2337,1.75
cdf_fs,off,1,2338,2.07
cdf_fs,off,1,2339,1.74
cdf_fs,off,1,2340,2.16
cdf_fs,off,1,2341,1.76
cdf_fs,off,1,2342,2.06
cdf_fs,off,1,2343,2.13
cdf_fs,off,1,2344,2.22
cdf_fs,off,1,2345,1.76
cdf_fs,off,1,2346,1.8
cdf_fs,off,1,2347,2.77
cdf_fs,off,1,2348,2.28
cdf_fs,off,1,2349,2.24
cdf_fs,off,1,2350,2.29
cdf_fs,off,1,2351,2.56
cdf_fs,off,1,2352,1.94
cdf_fs,off,1,2353,2.17
cdf_fs,off,1,2354,1.82
cdf_fs,off,1,2355,1.78
cdf_fs,off,1,2356,1.81
cdf_fs,off,1,2357,1.75
cdf_fs,off,1,2358,1.81
cdf_fs,off,1,2359,2.27
cdf_fs,off,1,2360,1.79
cdf_fs,off,1,2361,2.15
cdf_fs,off,1,2362,1.76
cdf_fs,off,1,2363,1.75
cdf_fs,off,1,2364,1.74
cdf_fs,off,1,2365,2.17
cdf_fs,off,1,2366,1.76
cdf_fs,off,1,2367,1.74
cdf_fs,off,1,2368,1.74
cdf_fs,off,1,2369,2.09
cdf_fs,off,1,2370,1.77
cdf_fs,off,1,2371,1.75
cdf_fs,off,1,2372,1.78
cdf_fs,off,1,2373,1.76
cdf_fs,off,1,2374,1.74
cdf_fs,off,1,2375,1.72
cdf_fs,off,1,2376,1.74
cdf_fs,off,1,2377,1.78
cdf_fs,off,1,2378,2.29
cdf_fs,off,1,2379,1.77
cdf_fs,off,1,2380,1.76
cdf_fs,off,1,2381,2.24
cdf_fs,off,1,2382,1.75
cdf_fs,off,1,2383,1.77
cdf_fs,off,1,2384,1.73
cdf_fs,off,1,2385,1.76
cdf_fs,off,1,2386,2.3
cdf_fs,off,1,2387,1.75
cdf_fs,off,1,2388,1.74
cdf_fs,off,1,2389,1.75
cdf_fs,off,1,2390,2.08
cdf_fs,off,1,2391,2.08
cdf_fs,off,1,2392,1.77
cdf_fs,off,1,2393,2.19
cdf_fs,off,1,2394,2.35
cdf_fs,off,1,2395,1.76
cdf_fs,off,1,2396,1.77
cdf_fs,off,1,2397,1.76
cdf_fs,off,1,2398,1.73
cdf_fs,off,1,2399,2.11
cdf_fs,off,1,2400,1.79
cdf_fs,off,1,2401,1.83
cdf_fs,off,1,2402,1.78
cdf_fs,off,1,2403,1.75
cdf_fs,off,1,2404,2.08
cdf_fs,off,1,2405,2.19
cdf_fs,off,1,2406,1.77
cdf_fs,off,1,2407,1.74
cdf_fs,off,1,2408,1.74
cdf_fs,off,1,2409,1.73
cdf_fs,off,1,2410,1.73
cdf_fs,off,1,2411,1.77
cdf_fs,off,1,2412,1.76
cdf_fs,off,1,2413,1.83
cdf_fs,off,1,2414,2.15
cdf_fs,off,1,2415,1.78
cdf_fs,off,1,2416,1.78
cdf_fs,off,1,2417,2.24
cdf_fs,off,1,2418,2.19
cdf_fs,off,1,2419,1.77
cdf_fs,off,1,2420,1.81
cdf_fs,off,1,2421,2.12
cdf_fs,off,1,2422,1.79
cdf_fs,off,1,2423,1.75
cdf_fs,off,1,2424,2.16
cdf_fs,off,1,2425,2.18
cdf_fs,off,1,2426,2.15
cdf_fs,off,1,2427,2.18
cdf_fs,off,1,2428,1.76
cdf_fs,off,1,2429,1.78
cdf_fs,off,1,2430,1.74
cdf_fs,off,1,2431,1.77
cdf_fs,off,1,2432,2.29
cdf_fs,off,1,2433,1.8
cdf_fs,off,1,2434,1.78
cdf_fs,off,1,2435,2.18
cdf_fs,off,1,2436,2.12
cdf_fs,off,1,2437,1.78
cdf_fs,off,1,2438,1.82
cdf_fs,off,1,2439,1.73
cdf_fs,off,1,2440,2.15
cdf_fs,off,1,2441,2.28
cdf_fs,off,1,2442,1.74
cdf_fs,off,1,2443,2.1
cdf_fs,off,1,2444,1.75
cdf_fs,off,1,2445,1.76
cdf_fs,off,1,2446,1.73
cdf_fs,off,1,2447,1.72
cdf_fs,off,1,2448,1.72
cdf_fs,off,1,2449,2.09
cdf_fs,off,1,2450,1.75
cdf_fs,off,1,2451,2.2
cdf_fs,off,1,2452,2.11
cdf_fs,off,1,2453,1.77
cdf_fs,off,1,2454,1.78
cdf_fs,off,1,2455,2.12
cdf_fs,off,1,2456,1.77
cdf_fs,off,1,2457,1.72
cdf_fs,off,1,2458,1.76
cdf_fs,off,1,2459,1.72
cdf_fs,off,1,2460,2.19
cdf_fs,off,1,2461,1.76
cdf_fs,off,1,2462,1.75
cdf_fs,off,1,2463,2.23
cdf_fs,off,1,2464,1.82
cdf_fs,off,1,2465,2.14
cdf_fs,off,1,2466,2.05
cdf_fs,off,1,2467,2.21
cdf_fs,off,1,2468,1.79
cdf_fs,off,1,2469,1.77
cdf_fs,off,1,2470,1.74
cdf_fs,off,1,2471,1.74
cdf_fs,off,1,2472,1.71
cdf_fs,off,1,2473,1.74
cdf_fs,off,1,2474,1.74
cdf_fs,off,1,2475,2.19
cdf_fs,off,1,2476,1.76
cdf_fs,off,1,2477,2.1
cdf_fs,off,1,2478,1.73
cdf_fs,off,1,2479,1.76
cdf_fs,off,1,2480,1.77
cdf_fs,off,1,2481,2.17
cdf_fs,off,1,2482,1.8
cdf_fs,off,1,2483,1.77
cdf_fs,off,1,2484,1.76
cdf_fs,off,1,2485,2.09
cdf_fs,off,1,2486,1.8
cdf_fs,off,1,2487,1.81
cdf_fs,off,1,2488,2.26
cdf_fs,off,1,2489,1.81
cdf_fs,off,1,2490,1.75
cdf_fs,off,1,2491,2.2
cdf_fs,off,1,2492,1.81
cdf_fs,off,1,2493,2.11
cdf_fs,off,1,2494,1.76
cdf_fs,off,1,2495,1.77
cdf_fs,off,1,2496,1.74
cdf_fs,off,1,2497,2.27
cdf_fs,off,1,2498,1.74
cdf_fs,off,1,2499,1.85
cdf_fs,off,1,2500,1.74
cdf_fs,off,1,2501,1.79
cdf_fs,off,1,2502,2.29
cdf_fs,off,1,2503,2.23
cdf_fs,off,1,2504,1.85
cdf_fs,off,1,2505,2.07
cdf_fs,off,1,2506,2.11
cdf_fs,off,1,2507,1.84
cdf_fs,off,1,2508,2.28
cdf_fs,off,1,2509,1.79
cdf_fs,off,1,2510,2.27
cdf_fs,off,1,2511,1.77
cdf_fs,off,1,2512,1.8
cdf_fs,off,1,2513,1.75
cdf_fs,off,1,2514,2.14
cdf_fs,off,1,2515,2.16
cdf_fs,off,1,2516,1.75
cdf_fs,off,1,2517,1.74
cdf_fs,off,1,2518,2.16
cdf_fs,off,1,2519,1.73
cdf_fs,off,1,2520,1.73
cdf_fs,off,1,2521,1.73
cdf_fs,off,1,2522,1.75
cdf_fs,off,1,2523,1.74
cdf_fs,off,1,2524,2.09
cdf_fs,off,1,2525,2.31
cdf_fs,off,1,2526,2.2
cdf_fs,off,1,2527,1.78
cdf_fs,off,1,2528,2.15
cdf_fs,off,1,2529,1.8
cdf_fs,off,1,2530,1.75
cdf_fs,off,1,2531,1.83
cdf_fs,off,1,2532,1.76
cdf_fs,off,1,2533,1.76
cdf_fs,off,1,2534,1.72
cdf_fs,off,1,2535,2.08
cdf_fs,off,1,2536,1.74
cdf_fs,off,1,2537,1.77
cdf_fs,off,1,2538,2.09
cdf_fs,off,1,2539,2.17
cdf_fs,off,1,2540,2.13
cdf_fs,off,1,2541,2.1
cdf_fs,off,1,2542,1.76
cdf_fs,off,1,2543,2.13
cdf_fs,off,1,2544,2.16
cdf_fs,off,1,2545,1.79
cdf_fs,off,1,2546,2.15
cdf_fs,off,1,2547,1.78
cdf_fs,off,1,2548,2.24
cdf_fs,off,1,2549,1.79
cdf_fs,off,1,2550,2.04
cdf_fs,off,1,2551,1.85
cdf_fs,off,1,2552,2.12
cdf_fs,off,1,2553,1.78
cdf_fs,off,1,2554,1.8
cdf_fs,off,1,2555,1.78
cdf_fs,off,1,2556,2.24
cdf_fs,off,1,2557,1.76
cdf_fs,off,1,2558,2.12
cdf_fs,off,1,2559,1.89
cdf_fs,off,1,2560,1.78
cdf_fs,off,1,2561,2.4
cdf_fs,off,1,2562,1.77
cdf_fs,off,1,2563,1.79
cdf_fs,off,1,2564,1.74
cdf_fs,off,1,2565,2.22
cdf_fs,off,1,2566,2.12
cdf_fs,off,1,2567,1.76
cdf_fs,off,1,2568,2.16
cdf_fs,off,1,2569,1.82
cdf_fs,off,1,2570,1.77
cdf_fs,off,1,2571,1.73
cdf_fs,off,1,2572,1.76
cdf_fs,off,1,2573,1.75
cdf_fs,off,1,2574,2.44
cdf_fs,off,1,2575,2.15
cdf_fs,off,1,2576,2.24
cdf_fs,off,1,2577,2.16
cdf_fs,off,1,2578,2.06
cdf_fs,off,1,2579,2.04
cdf_fs,off,1,2580,1.78
cdf_fs,off,1,2581,1.78
cdf_fs,off,1,2582,1.76
cdf_fs,off,1,2583,1.73
cdf_fs,off,1,2584,1.74
cdf_fs,off,1,2585,2.22
cdf_fs,off,1,2586,1.73
cdf_fs,off,1,2587,1.76
cdf_fs,off,1,2588,2.18
cdf_fs,off,1,2589,1.75
cdf_fs,off,1,2590,1.74
cdf_fs,off,1,2591,2.13
cdf_fs,off,1,2592,1.74
cdf_fs,off,1,2593,1.75
cdf_fs,off,1,2594,1.74
cdf_fs,off,1,2595,1.75
cdf_fs,off,1,2596,2.48
cdf_fs,off,1,2597,1.76
cdf_fs,off,1,2598,1.74
cdf_fs,off,1,2599,1.8
cdf_fs,off,1,2600,1.96
cdf_fs,off,1,2601,2.29
cdf_fs,off,1,2602,1.77
cdf_fs,off,1,2603,1.77
cdf_fs,off,1,2604,2.27
cdf_fs,off,1,2605,1.79
cdf_fs,off,1,2606,1.76
cdf_fs,off,1,2607,1.76
cdf_fs,off,1,2608,2.25
cdf_fs,off,1,2609,2.21
cdf_fs,off,1,2610,2.05
cdf_fs,off,1,2611,2.09
cdf_fs,off,1,2612,1.78
cdf_fs,off,1,2613,2.31
cdf_fs,off,1,2614,1.81
cdf_fs,off,1,2615,1.73
cdf_fs,off,1,2616,1.75
cdf_fs,off,1,2617,2.15
cdf_fs,off,1,2618,1.74
cdf_fs,off,1,2619,1.76
cdf_fs,off,1,2620,1.73
cdf_fs,off,1,2621,2.16
cdf_fs,off,1,2622,1.79
cdf_fs,off,1,2623,2.19
cdf_fs,off,1,2624,1.77
cdf_fs,off,1,2625,2.06
cdf_fs,off,1,2626,2.14
cdf_fs,off,1,2627,2.11
cdf_fs,off,1,2628,1.77
cdf_fs,off,1,2629,1.74
cdf_fs,off,1,2630,1.76
cdf_fs,off,1,2631,1.78
cdf_fs,off,1,2632,1.76
cdf_fs,off,1,2633,1.73
cdf_fs,off,1,2634,2.09
cdf_fs,off,1,2635,2.08
cdf_fs,off,1,2636,2.06
cdf_fs,off,1,2637,2.08
cdf_fs,off,1,2638,1.79
cdf_fs,off,1,2639,1.77
cdf_fs,off,1,2640,2.19
cdf_fs,off,1,2641,2.28
cdf_fs,off,1,2642,2.08
cdf_fs,off,1,2643,2.08
cdf_fs,off,1,2644,2.12
cdf_fs,off,1,2645,2.13
cdf_fs,off,1,2646,1.75
cdf_fs,off,1,2647,1.79
cdf_fs,off,1,2648,1.72
cdf_fs,off,1,2649,2.09
cdf_fs,off,1,2650,2.05
cdf_fs,off,1,2651,1.78
cdf_fs,off,1,2652,2.15
cdf_fs,off,1,2653,1.76
cdf_fs,off,1,2654,1.74
cdf_fs,off,1,2655,1.75
cdf_fs,off,1,2656,2.07
cdf_fs,off,1,2657,1.78
cdf_fs,off,1,2658,1.76
cdf_fs,off,1,2659,2.15
cdf_fs,off,1,2660,1.76
cdf_fs,off,1,2661,2.17
cdf_fs,off,1,2662,2.14
cdf_fs,off,1,2663,1.74
cdf_fs,off,1,2664,2.15
cdf_fs,off,1,2665,2.21
cdf_fs,off,1,2666,1.77
cdf_fs,off,1,2667,1.75
cdf_fs,off,1,2668,1.76
cdf_fs,off,1,2669,1.74
cdf_fs,off,1,2670,2.08
cdf_fs,off,1,2671,1.78
cdf_fs,off,1,2672,1.77
cdf_fs,off,1,2673,2.1
cdf_fs,off,1,2674,1.82
cdf_fs,off,1,2675,1.74
cdf_fs,off,1,2676,2.11
cdf_fs,off,1,2677,2.09
cdf_fs,off,1,2678,1.78
cdf_fs,off,1,2679,2.16
cdf_fs,off,1,2680,2.19
cdf_fs,off,1,2681,2.07
cdf_fs,off,1,2682,2.08
cdf_fs,off,1,2683,1.76
cdf_fs,off,1,2684,1.76
cdf_fs,off,1,2685,1.78
cdf_fs,off,1,2686,1.77
cdf_fs,off,1,2687,1.81
cdf_fs,off,1,2688,2.16
cdf_fs,off,1,2689,2.24
cdf_fs,off,1,2690,1.79
cdf_fs,off,1,2691,1.75
cdf_fs,off,1,2692,1.76
cdf_fs,off,1,2693,2.15
cdf_fs,off,1,2694,2.11
cdf_fs,off,1,2695,1.73
cdf_fs,off,1,2696,1.78
cdf_fs,off,1,2697,1.75
cdf_fs,off,1,2698,1.8
cdf_fs,off,1,2699,2.09
cdf_fs,off,1,2700,2.07
cdf_fs,off,1,2701,1.77
cdf_fs,off,1,2702,1.76
cdf_fs,off,1,2703,2.23
cdf_fs,off,1,2704,1.75
cdf_fs,off,1,2705,1.76
cdf_fs,off,1,2706,2.03
cdf_fs,off,1,2707,1.75
cdf_fs,off,1,2708,1.78
cdf_fs,off,1,2709,1.8
cdf_fs,off,1,2710,2.25
cdf_fs,off,1,2711,1.76
cdf_fs,off,1,2712,1.8
cdf_fs,off,1,2713,1.75
cdf_fs,off,1,2714,2.14
cdf_fs,off,1,2715,1.79
cdf_fs,off,1,2716,2.15
cdf_fs,off,1,2717,2.08
cdf_fs,off,1,2718,2.12
cdf_fs,off,1,2719,1.8
cdf_fs,off,1,2720,1.76
cdf_fs,off,1,2721,2.08
cdf_fs,off,1,2722,2.17
cdf_fs,off,1,2723,1.78
cdf_fs,off,1,2724,1.76
cdf_fs,off,1,2725,1.76
cdf_fs,off,1,2726,2.26
cdf_fs,off,1,2727,2.19
cdf_fs,off,1,2728,2.34
cdf_fs,off,1,2729,1.77
cdf_fs,off,1,2730,1.78
cdf_fs,off,1,2731,1.76
cdf_fs,off,1,2732,1.77
cdf_fs,off,1,2733,1.75
cdf_fs,off,1,2734,2.14
cdf_fs,off,1,2735,1.79
cdf_fs,off,1,2736,2.17
cdf_fs,off,1,2737,1.78
cdf_fs,off,1,2738,2.18
cdf_fs,off,1,2739,1.76
cdf_fs,off,1,2740,1.79
cdf_fs,off,1,2741,2.19
cdf_fs,off,1,2742,1.78
cdf_fs,off,1,2743,1.78
cdf_fs,off,1,2744,1.74
cdf_fs,off,1,2745,1.81
cdf_fs,off,1,2746,1.76
cdf_fs,off,1,2747,1.79
cdf_fs,off,1,2748,2.1
cdf_fs,off,1,2749,1.75
cdf_fs,off,1,2750,1.78
cdf_fs,off,1,2751,1.74
cdf_fs,off,1,2752,1.84
cdf_fs,off,1,2753,1.76
cdf_fs,off,1,2754,1.73
cdf_fs,off,1,2755,1.74
cdf_fs,off,1,2756,1.76
cdf_fs,off,1,2757,1.85
cdf_fs,off,1,2758,1.75
cdf_fs,off,1,2759,1.76
cdf_fs,off,1,2760,1.73
cdf_fs,off,1,2761,1.75
cdf_fs,off,1,2762,2.31
cdf_fs,off,1,2763,2.19
cdf_fs,off,1,2764,1.89
cdf_fs,off,1,2765,1.78
cdf_fs,off,1,2766,1.73
cdf_fs,off,1,2767,2.12
cdf_fs,off,1,2768,2.09
cdf_fs,off,1,2769,1.78
cdf_fs,off,1,2770,1.75
cdf_fs,off,1,2771,1.75
cdf_fs,off,1,2772,1.77
cdf_fs,off,1,2773,1.73
cdf_fs,off,1,2774,1.73
cdf_fs,off,1,2775,1.77
cdf_fs,off,1,2776,2.07
cdf_fs,off,1,2777,2.24
cdf_fs,off,1,2778,2.05
cdf_fs,off,1,2779,6.36
cdf_fs,off,1,2780,3.47
cdf_fs,off,1,2781,1.81
cdf_fs,off,1,2782,1.78
cdf_fs,off,1,2783,2.16
cdf_fs,off,1,2784,1.74
cdf_fs,off,1,2785,1.78
cdf_fs,off,1,2786,1.73
cdf_fs,off,1,2787,1.81
cdf_fs,off,1,2788,1.74
cdf_fs,off,1,2789,1.72
cdf_fs,off,1,2790,1.8
cdf_fs,off,1,2791,1.74
cdf_fs,off,1,2792,2.18
cdf_fs,off,1,2793,1.87
cdf_fs,off,1,2794,1.77
cdf_fs,off,1,2795,1.75
cdf_fs,off,1,2796,1.79
cdf_fs,off,1,2797,1.77
cdf_fs,off,1,2798,1.76
cdf_fs,off,1,2799,1.8
cdf_fs,off,1,2800,2.24
cdf_fs,off,1,2801,1.78
cdf_fs,off,1,2802,2.09
cdf_fs,off,1,2803,1.76
cdf_fs,off,1,2804,2.3
cdf_fs,off,1,2805,1.77
cdf_fs,off,1,2806,1.75
cdf_fs,off,1,2807,1.78
cdf_fs,off,1,2808,1.76
cdf_fs,off,1,2809,1.79
cdf_fs,off,1,2810,2.07
cdf_fs,off,1,2811,1.73
cdf_fs,off,1,2812,1.75
cdf_fs,off,1,2813,1.71
cdf_fs,off,1,2814,1.75
cdf_fs,off,1,2815,1.72
cdf_fs,off,1,2816,1.78
cdf_fs,off,1,2817,2.33
cdf_fs,off,1,2818,1.82
cdf_fs,off,1,2819,1.74
cdf_fs,off,1,2820,1.78
cdf_fs,off,1,2821,1.76
cdf_fs,off,1,2822,2.15
cdf_fs,off,1,2823,1.74
cdf_fs,off,1,2824,2.2
cdf_fs,off,1,2825,1.76
cdf_fs,off,1,2826,1.73
cdf_fs,off,1,2827,1.73
cdf_fs,off,1,2828,1.74
cdf_fs,off,1,2829,1.78
cdf_fs,off,1,2830,1.77
cdf_fs,off,1,2831,1.71
cdf_fs,off,1,2832,1.75
cdf_fs,off,1,2833,1.74
cdf_fs,off,1,2834,2.24
cdf_fs,off,1,2835,2.23
cdf_fs,off,1,2836,1.76
cdf_fs,off,1,2837,1.75
cdf_fs,off,1,2838,1.78
cdf_fs,off,1,2839,2.05
cdf_fs,off,1,2840,1.73
cdf_fs,off,1,2841,1.74
cdf_fs,off,1,2842,1.71
cdf_fs,off,1,2843,1.91
cdf_fs,off,1,2844,1.74
cdf_fs,off,1,2845,1.72
cdf_fs,off,1,2846,1.72
cdf_fs,off,1,2847,2.15
cdf_fs,off,1,2848,1.78
cdf_fs,off,1,2849,1.75
cdf_fs,off,1,2850,1.75
cdf_fs,off,1,2851,1.76
cdf_fs,off,1,2852,1.74
cdf_fs,off,1,2853,1.79
cdf_fs,off,1,2854,1.72
cdf_fs,off,1,2855,1.79
cdf_fs,off,1,2856,2.09
cdf_fs,off,1,2857,1.74
cdf_fs,off,1,2858,2.12
cdf_fs,off,1,2859,1.79
cdf_fs,off,1,2860,1.74
cdf_fs,off,1,2861,1.74
cdf_fs,off,1,2862,1.74
cdf_fs,off,1,2863,1.79
cdf_fs,off,1,2864,1.76
cdf_fs,off,1,2865,1.74
cdf_fs,off,1,2866,1.73
cdf_fs,off,1,2867,1.74
cdf_fs,off,1,2868,2.31
cdf_fs,off,1,2869,1.81
cdf_fs,off,1,2870,2.09
cdf_fs,off,1,2871,2.26
cdf_fs,off,1,2872,1.94
cdf_fs,off,1,2873,1.77
cdf_fs,off,1,2874,2.09
cdf_fs,off,1,2875,1.73
cdf_fs,off,1,2876,2.11
cdf_fs,off,1,2877,1.76
cdf_fs,off,1,2878,2.11
cdf_fs,off,1,2879,1.77
cdf_fs,off,1,2880,2.19
cdf_fs,off,1,2881,1.73
cdf_fs,off,1,2882,1.76
cdf_fs,off,1,2883,2.13
cdf_fs,off,1,2884,1.76
cdf_fs,off,1,2885,1.85
cdf_fs,off,1,2886,2.16
cdf_fs,off,1,2887,1.74
cdf_fs,off,1,2888,2.18
cdf_fs,off,1,2889,1.76
cdf_fs,off,1,2890,2.11
cdf_fs,off,1,2891,1.76
cdf_fs,off,1,2892,2.24
cdf_fs,off,1,2893,2.21
cdf_fs,off,1,2894,1.79
cdf_fs,off,1,2895,1.82
cdf_fs,off,1,2896,1.82
cdf_fs,off,1,2897,1.74
cdf_fs,off,1,2898,1.75
cdf_fs,off,1,2899,2.11
cdf_fs,off,1,2900,1.74
cdf_fs,off,1,2901,1.75
cdf_fs,off,1,2902,1.76
cdf_fs,off,1,2903,2.15
cdf_fs,off,1,2904,1.74
cdf_fs,off,1,2905,1.75
cdf_fs,off,1,2906,2.24
cdf_fs,off,1,2907,1.76
cdf_fs,off,1,2908,1.76
cdf_fs,off,1,2909,1.82
cdf_fs,off,1,2910,1.78
cdf_fs,off,1,2911,1.76
cdf_fs,off,1,2912,1.81
cdf_fs,off,1,2913,2.23
cdf_fs,off,1,2914,1.77
cdf_fs,off,1,2915,1.84
cdf_fs,off,1,2916,1.78
cdf_fs,off,1,2917,1.78
cdf_fs,off,1,2918,2.08
cdf_fs,off,1,2919,2.28
cdf_fs,off,1,2920,1.78
cdf_fs,off,1,2921,1.78
cdf_fs,off,1,2922,2.29
cdf_fs,off,1,2923,1.79
cdf_fs,off,1,2924,1.76
cdf_fs,off,1,2925,1.72
cdf_fs,off,1,2926,1.8
cdf_fs,off,1,2927,2.13
cdf_fs,off,1,2928,1.82
cdf_fs,off,1,2929,2.18
cdf_fs,off,1,2930,2.13
cdf_fs,off,1,2931,1.78
cdf_fs,off,1,2932,1.78
cdf_fs,off,1,2933,1.75
cdf_fs,off,1,2934,2.29
cdf_fs,off,1,2935,1.92
cdf_fs,off,1,2936,1.79
cdf_fs,off,1,2937,2.16
cdf_fs,off,1,2938,3.12
cdf_fs,off,1,2939,2.02
cdf_fs,off,1,2940,2.25
cdf_fs,off,1,2941,1.81
cdf_fs,off,1,2942,1.73
cdf_fs,off,1,2943,1.8
cdf_fs,off,1,2944,1.8
cdf_fs,off,1,2945,2.18
cdf_fs,off,1,2946,1.78
cdf_fs,off,1,2947,1.75
cdf_fs,off,1,2948,2.16
cdf_fs,off,1,2949,1.77
cdf_fs,off,1,2950,1.87
cdf_fs,off,1,2951,1.72
cdf_fs,off,1,2952,1.76
cdf_fs,off,1,2953,1.74
cdf_fs,off,1,2954,1.75
cdf_fs,off,1,2955,1.76
cdf_fs,off,1,2956,1.72
cdf_fs,off,1,2957,1.73
cdf_fs,off,1,2958,1.76
cdf_fs,off,1,2959,2.13
cdf_fs,off,1,2960,1.75
cdf_fs,off,1,2961,1.83
cdf_fs,off,1,2962,1.76
cdf_fs,off,1,2963,1.79
cdf_fs,off,1,2964,1.76
cdf_fs,off,1,2965,1.74
cdf_fs,off,1,2966,1.75
cdf_fs,off,1,2967,1.73
cdf_fs,off,1,2968,1.73
cdf_fs,off,1,2969,1.75
cdf_fs,off,1,2970,1.74
cdf_fs,off,1,2971,1.73
cdf_fs,off,1,2972,1.75
cdf_fs,off,1,2973,1.75
cdf_fs,off,1,2974,2.22
cdf_fs,off,1,2975,1.77
cdf_fs,off,1,2976,1.76
cdf_fs,off,1,2977,1.85
cdf_fs,off,1,2978,2.18
cdf_fs,off,1,2979,2.25
cdf_fs,off,1,2980,1.79
cdf_fs,off,1,2981,1.76
cdf_fs,off,1,2982,2.1
cdf_fs,off,1,2983,1.78
cdf_fs,off,1,2984,1.78
cdf_fs,off,1,2985,1.73
cdf_fs,off,1,2986,1.75
cdf_fs,off,1,2987,1.75
cdf_fs,off,1,2988,2.11
cdf_fs,off,1,2989,1.81
cdf_fs,off,1,2990,2.18
cdf_fs,off,1,2991,1.75
cdf_fs,off,1,2992,1.76
cdf_fs,off,1,2993,1.75
cdf_fs,off,1,2994,1.78
cdf_fs,off,1,2995,2.17
cdf_fs,off,1,2996,1.84
cdf_fs,off,1,2997,1.75
cdf_fs,off,1,2998,2.28
cdf_fs,off,1,2999,1.76
cdf_fs,off,1,3000,1.76
cdf_fs,off,1,3001,2.08
cdf_fs,off,1,3002,1.76
cdf_fs,off,1,3003,1.73
cdf_fs,off,1,3004,1.73
cdf_fs,off,1,3005,1.78
cdf_fs,off,1,3006,1.76
cdf_fs,off,1,3007,2.08
cdf_fs,off,1,3008,1.76
cdf_fs,off,1,3009,2.13
cdf_fs,off,1,3010,1.75
cdf_fs,off,1,3011,1.76
cdf_fs,off,1,3012,1.74
cdf_fs,off,1,3013,2.11
cdf_fs,off,1,3014,2.13
cdf_fs,off,1,3015,1.77
cdf_fs,off,1,3016,1.78
cdf_fs,off,1,3017,1.75
cdf_fs,off,1,3018,1.72
cdf_fs,off,1,3019,2.1
cdf_fs,off,1,3020,1.74
cdf_fs,off,1,3021,1.76
cdf_fs,off,1,3022,2.19
cdf_fs,off,1,3023,2.12
cdf_fs,off,1,3024,2.24
cdf_fs,off,1,3025,1.73
cdf_fs,off,1,3026,1.77
cdf_fs,off,1,3027,1.75
cdf_fs,off,1,3028,1.74
cdf_fs,off,1,3029,1.74
cdf_fs,off,1,3030,1.77
cdf_fs,off,1,3031,1.72
cdf_fs,off,1,3032,1.72
cdf_fs,off,1,3033,1.73
cdf_fs,off,1,3034,1.75
cdf_fs,off,1,3035,1.76
cdf_fs,off,1,3036,1.77
cdf_fs,off,1,3037,2.21
cdf_fs,off,1,3038,2.06
cdf_fs,off,1,3039,1.76
cdf_fs,off,1,3040,1.76
cdf_fs,off,1,3041,1.73
cdf_fs,off,1,3042,1.71
cdf_fs,off,1,3043,1.76
cdf_fs,off,1,3044,1.79
cdf_fs,off,1,3045,1.73
cdf_fs,off,1,3046,2.28
cdf_fs,off,1,3047,1.77
cdf_fs,off,1,3048,1.77
cdf_fs,off,1,3049,1.74
cdf_fs,off,1,3050,1.75
cdf_fs,off,1,3051,1.74
cdf_fs,off,1,3052,1.75
cdf_fs,off,1,3053,2.11
cdf_fs,off,1,3054,1.76
cdf_fs,off,1,3055,1.76
cdf_fs,off,1,3056,1.74
cdf_fs,off,1,3057,1.75
cdf_fs,off,1,3058,1.75
cdf_fs,off,1,3059,1.81
cdf_fs,off,1,3060,2.07
cdf_fs,off,1,3061,1.77
cdf_fs,off,1,3062,1.77
cdf_fs,off,1,3063,1.77
cdf_fs,off,1,3064,2.24
cdf_fs,off,1,3065,2.06
cdf_fs,off,1,3066,1.84
cdf_fs,off,1,3067,1.77
cdf_fs,off,1,3068,2.17
cdf_fs,off,1,3069,1.76
cdf_fs,off,1,3070,1.73
cdf_fs,off,1,3071,1.74
cdf_fs,off,1,3072,1.77
cdf_fs,off,1,3073,1.75
cdf_fs,off,1,3074,1.73
cdf_fs,off,1,3075,2.13
cdf_fs,off,1,3076,1.79
cdf_fs,off,1,3077,1.86
cdf_fs,off,1,3078,1.74
cdf_fs,off,1,3079,1.75
cdf_fs,off,1,3080,1.83
cdf_fs,off,1,3081,2.15
cdf_fs,off,1,3082,2.05
cdf_fs,off,1,3083,1.77
cdf_fs,off,1,3084,1.76
cdf_fs,off,1,3085,2.31
cdf_fs,off,1,3086,2.12
cdf_fs,off,1,3087,1.81
cdf_fs,off,1,3088,1.78
cdf_fs,off,1,3089,1.77
cdf_fs,off,1,3090,2.09
cdf_fs,off,1,3091,1.79
cdf_fs,off,1,3092,2.08
cdf_fs,off,1,3093,1.77
cdf_fs,off,1,3094,1.86
cdf_fs,off,1,3095,1.77
cdf_fs,off,1,3096,2.18
cdf_fs,off,1,3097,1.85
cdf_fs,off,1,3098,1.76
cdf_fs,off,1,3099,1.74
cdf_fs,off,1,3100,1.76
cdf_fs,off,1,3101,1.81
cdf_fs,off,1,3102,1.76
cdf_fs,off,1,3103,1.75
cdf_fs,off,1,3104,1.82
cdf_fs,off,1,3105,2.18
cdf_fs,off,1,3106,2.21
cdf_fs,off,1,3107,2.15
cdf_fs,off,1,3108,2.15
cdf_fs,off,1,3109,2.12
cdf_fs,off,1,3110,1.83
cdf_fs,off,1,3111,1.75
cdf_fs,off,1,3112,1.78
cdf_fs,off,1,3113,1.75
cdf_fs,off,1,3114,2.75
cdf_fs,off,1,3115,1.84
cdf_fs,off,1,3116,1.76
cdf_fs,off,1,3117,2.12
cdf_fs,off,1,3118,1.87
cdf_fs,off,1,3119,1.78
cdf_fs,off,1,3120,1.77
cdf_fs,off,1,3121,2.22
cdf_fs,off,1,3122,1.76
cdf_fs,off,1,3123,1.81
cdf_fs,off,1,3124,1.74
cdf_fs,off,1,3125,1.75
cdf_fs,off,1,3126,1.76
cdf_fs,off,1,3127,1.77
cdf_fs,off,1,3128,2.14
cdf_fs,off,1,3129,1.77
cdf_fs,off,1,3130,1.75
cdf_fs,off,1,3131,1.76
cdf_fs,off,1,3132,2.07
cdf_fs,off,1,3133,2.14
cdf_fs,off,1,3134,1.77
cdf_fs,off,1,3135,1.74
cdf_fs,off,1,3136,1.74
cdf_fs,off,1,3137,2.2
cdf_fs,off,1,3138,1.75
cdf_fs,off,1,3139,2.26
cdf_fs,off,1,3140,1.75
cdf_fs,off,1,3141,1.76
cdf_fs,off,1,3142,1.76
cdf_fs,off,1,3143,1.74
cdf_fs,off,1,3144,1.78
cdf_fs,off,1,3145,1.73
cdf_fs,off,1,3146,2.23
cdf_fs,off,1,3147,1.75
cdf_fs,off,1,3148,2.33
cdf_fs,off,1,3149,1.74
cdf_fs,off,1,3150,1.77
cdf_fs,off,1,3151,2.29
cdf_fs,off,1,3152,1.79
cdf_fs,off,1,3153,1.8
cdf_fs,off,1,3154,1.78
cdf_fs,off,1,3155,2.18
cdf_fs,off,1,3156,2.15
cdf_fs,off,1,3157,1.76
cdf_fs,off,1,3158,1.77
cdf_fs,off,1,3159,2.17
cdf_fs,off,1,3160,1.76
cdf_fs,off,1,3161,1.75
cdf_fs,off,1,3162,2.18
cdf_fs,off,1,3163,2.05
cdf_fs,off,1,3164,1.74
cdf_fs,off,1,3165,1.73
cdf_fs,off,1,3166,1.72
cdf_fs,off,1,3167,1.72
cdf_fs,off,1,3168,1.79
cdf_fs,off,1,3169,1.73
cdf_fs,off,1,3170,1.7
cdf_fs,off,1,3171,1.71
cdf_fs,off,1,3172,1.72
cdf_fs,off,1,3173,1.71
cdf_fs,off,1,3174,2.15
cdf_fs,off,1,3175,1.77
cdf_fs,off,1,3176,2.07
cdf_fs,off,1,3177,2.12
cdf_fs,off,1,3178,1.74
cdf_fs,off,1,3179,1.75
cdf_fs,off,1,3180,1.75
cdf_fs,off,1,3181,1.77
cdf_fs,off,1,3182,1.83
cdf_fs,off,1,3183,1.76
cdf_fs,off,1,3184,2.23
cdf_fs,off,1,3185,2.23
cdf_fs,off,1,3186,2.26
cdf_fs,off,1,3187,1.77
cdf_fs,off,1,3188,2.1
cdf_fs,off,1,3189,1.76
cdf_fs,off,1,3190,2.25
cdf_fs,off,1,3191,1.74
cdf_fs,off,1,3192,1.77
cdf_fs,off,1,3193,1.74
cdf_fs,off,1,3194,2.11
cdf_fs,off,1,3195,1.77
cdf_fs,off,1,3196,1.78
cdf_fs,off,1,3197,2.11
cdf_fs,off,1,3198,1.79
cdf_fs,off,1,3199,1.77
cdf_fs,off,1,3200,2.18
cdf_fs,off,1,3201,1.82
cdf_fs,off,1,3202,1.76
cdf_fs,off,1,3203,2.12
cdf_fs,off,1,3204,1.76
cdf_fs,off,1,3205,1.76
cdf_fs,off,1,3206,2.16
cdf_fs,off,1,3207,1.76
cdf_fs,off,1,3208,1.79
cdf_fs,off,1,3209,2.18
cdf_fs,off,1,3210,1.89
cdf_fs,off,1,3211,1.77
cdf_fs,off,1,3212,2.19
cdf_fs,off,1,3213,2.17
cdf_fs,off,1,3214,1.78
cdf_fs,off,1,3215,1.78
cdf_fs,off,1,3216,2.3
cdf_fs,off,1,3217,1.76
cdf_fs,off,1,3218,1.76
cdf_fs,off,1,3219,1.77
cdf_fs,off,1,3220,1.74
cdf_fs,off,1,3221,2.24
cdf_fs,off,1,3222,1.75
cdf_fs,off,1,3223,2.15
cdf_fs,off,1,3224,1.78
cdf_fs,off,1,3225,1.76
cdf_fs,off,1,3226,1.84
cdf_fs,off,1,3227,1.72
cdf_fs,off,1,3228,1.77
cdf_fs,off,1,3229,1.75
cdf_fs,off,1,3230,1.78
cdf_fs,off,1,3231,1.78
cdf_fs,off,1,3232,1.74
cdf_fs,off,1,3233,1.78
cdf_fs,off,1,3234,1.74
cdf_fs,off,1,3235,1.77
cdf_fs,off,1,3236,2.44
cdf_fs,off,1,3237,2.07
cdf_fs,off,1,3238,1.76
cdf_fs,off,1,3239,1.75
cdf_fs,off,1,3240,2.15
cdf_fs,off,1,3241,1.77
cdf_fs,off,1,3242,2.25
cdf_fs,off,1,3243,1.77
cdf_fs,off,1,3244,2.17
cdf_fs,off,1,3245,1.77
cdf_fs,off,1,3246,1.75
cdf_fs,off,1,3247,2.1
cdf_fs,off,1,3248,1.74
cdf_fs,off,1,3249,1.79
cdf_fs,off,1,3250,1.78
cdf_fs,off,1,3251,1.78
cdf_fs,off,1,3252,2.44
cdf_fs,off,1,3253,2.17
cdf_fs,off,1,3254,1.76
cdf_fs,off,1,3255,1.78
cdf_fs,off,1,3256,1.76
cdf_fs,off,1,3257,2.17
cdf_fs,off,1,3258,1.78
cdf_fs,off,1,3259,1.77
cdf_fs,off,1,3260,2.09
cdf_fs,off,1,3261,1.81
cdf_fs,off,1,3262,1.76
cdf_fs,off,1,3263,2.27
cdf_fs,off,1,3264,1.78
cdf_fs,off,1,3265,2.66
cdf_fs,off,1,3266,1.84
cdf_fs,off,1,3267,1.78
cdf_fs,off,1,3268,2.2
cdf_fs,off,1,3269,1.76
cdf_fs,off,1,3270,2.15
cdf_fs,off,1,3271,2.16
cdf_fs,off,1,3272,1.82
cdf_fs,off,1,3273,1.79
cdf_fs,off,1,3274,1.76
cdf_fs,off,1,3275,1.75
cdf_fs,off,1,3276,6.09
cdf_fs,off,1,3277,2.94
cdf_fs,off,1,3278,1.8
cdf_fs,off,1,3279,1.76
cdf_fs,off,1,3280,1.76
cdf_fs,off,1,3281,1.75
cdf_fs,off,1,3282,2.31
cdf_fs,off,1,3283,1.76
cdf_fs,off,1,3284,1.75
cdf_fs,off,1,3285,2.17
cdf_fs,off,1,3286,1.78
cdf_fs,off,1,3287,2.28
cdf_fs,off,1,3288,2.13
cdf_fs,off,1,3289,2.1
cdf_fs,off,1,3290,1.81
cdf_fs,off,1,3291,1.75
cdf_fs,off,1,3292,1.74
cdf_fs,off,1,3293,1.73
cdf_fs,off,1,3294,2.16
cdf_fs,off,1,3295,2.15
cdf_fs,off,1,3296,2.12
cdf_fs,off,1,3297,2.15
cdf_fs,off,1,3298,1.77
cdf_fs,off,1,3299,1.75
cdf_fs,off,1,3300,1.79
cdf_fs,off,1,3301,1.79
cdf_fs,off,1,3302,1.76
cdf_fs,off,1,3303,2.2
cdf_fs,off,1,3304,2.13
cdf_fs,off,1,3305,1.84
cdf_fs,off,1,3306,1.75
cdf_fs,off,1,3307,1.73
cdf_fs,off,1,3308,2.09
cdf_fs,off,1,3309,1.77
cdf_fs,off,1,3310,1.74
cdf_fs,off,1,3311,1.73
cdf_fs,off,1,3312,2.08
cdf_fs,off,1,3313,2.16
cdf_fs,off,1,3314,2.23
cdf_fs,off,1,3315,2.22
cdf_fs,off,1,3316,1.79
cdf_fs,off,1,3317,1.79
cdf_fs,off,1,3318,1.73
cdf_fs,off,1,3319,1.74
cdf_fs,off,1,3320,1.77
cdf_fs,off,1,3321,1.76
cdf_fs,off,1,3322,1.79
cdf_fs,off,1,3323,2.13
cdf_fs,off,1,3324,2.21
cdf_fs,off,1,3325,1.77
cdf_fs,off,1,3326,1.77
cdf_fs,off,1,3327,2.08
cdf_fs,off,1,3328,2.07
cdf_fs,off,1,3329,1.76
cdf_fs,off,1,3330,1.84
cdf_fs,off,1,3331,1.74
cdf_fs,off,1,3332,1.75
cdf_fs,off,1,3333,1.74
cdf_fs,off,1,3334,2.32
cdf_fs,off,1,3335,1.76
cdf_fs,off,1,3336,1.75
cdf_fs,off,1,3337,1.74
cdf_fs,off,1,3338,1.73
cdf_fs,off,1,3339,1.74
cdf_fs,off,1,3340,1.72
cdf_fs,off,1,3341,2.07
cdf_fs,off,1,3342,1.83
cdf_fs,off,1,3343,2.13
cdf_fs,off,1,3344,2.23
cdf_fs,off,1,3345,2.16
cdf_fs,off,1,3346,1.75
cdf_fs,off,1,3347,1.73
cdf_fs,off,1,3348,1.73
cdf_fs,off,1,3349,1.72
cdf_fs,off,1,3350,1.76
cdf_fs,off,1,3351,2.09
cdf_fs,off,1,3352,2.22
cdf_fs,off,1,3353,1.75
cdf_fs,off,1,3354,1.77
cdf_fs,off,1,3355,1.77
cdf_fs,off,1,3356,2.09
cdf_fs,off,1,3357,1.87
cdf_fs,off,1,3358,1.75
cdf_fs,off,1,3359,1.73
cdf_fs,off,1,3360,1.72
cdf_fs,off,1,3361,1.73
cdf_fs,off,1,3362,2.09
cdf_fs,off,1,3363,2.07
cdf_fs,off,1,3364,1.76
cdf_fs,off,1,3365,1.77
cdf_fs,off,1,3366,1.75
cdf_fs,off,1,3367,2.14
cdf_fs,off,1,3368,1.81
cdf_fs,off,1,3369,1.74
cdf_fs,off,1,3370,1.82
cdf_fs,off,1,3371,1.76
cdf_fs,off,1,3372,1.8
cdf_fs,off,1,3373,1.78
cdf_fs,off,1,3374,1.74
cdf_fs,off,1,3375,1.73
cdf_fs,off,1,3376,1.76
cdf_fs,off,1,3377,1.74
cdf_fs,off,1,3378,2.08
cdf_fs,off,1,3379,1.8
cdf_fs,off,1,3380,1.75
cdf_fs,off,1,3381,1.75
cdf_fs,off,1,3382,1.73
cdf_fs,off,1,3383,1.74
cdf_fs,off,1,3384,2.06
cdf_fs,off,1,3385,2.1
cdf_fs,off,1,3386,1.75
cdf_fs,off,1,3387,1.73
cdf_fs,off,1,3388,1.81
cdf_fs,off,1,3389,1.72
cdf_fs,off,1,3390,1.73
cdf_fs,off,1,3391,1.72
cdf_fs,off,1,3392,1.72
cdf_fs,off,1,3393,1.73
cdf_fs,off,1,3394,2.13
cdf_fs,off,1,3395,1.78
cdf_fs,off,1,3396,2.16
cdf_fs,off,1,3397,1.74
cdf_fs,off,1,3398,1.83
cdf_fs,off,1,3399,1.75
cdf_fs,off,1,3400,1.75
cdf_fs,off,1,3401,1.72
cdf_fs,off,1,3402,1.71
cdf_fs,off,1,3403,2.08
cdf_fs,off,1,3404,1.75
cdf_fs,off,1,3405,1.83
cdf_fs,off,1,3406,2.08
cdf_fs,off,1,3407,1.73
cdf_fs,off,1,3408,2.16
cdf_fs,off,1,3409,1.76
cdf_fs,off,1,3410,1.75
cdf_fs,off,1,3411,1.79
cdf_fs,off,1,3412,1.73
cdf_fs,off,1,3413,1.71
cdf_fs,off,1,3414,1.74
cdf_fs,off,1,3415,1.76
cdf_fs,off,1,3416,1.89
cdf_fs,off,1,3417,2.12
cdf_fs,off,1,3418,1.75
cdf_fs,off,1,3419,1.8
cdf_fs,off,1,3420,2.2
cdf_fs,off,1,3421,1.75
cdf_fs,off,1,3422,1.75
cdf_fs,off,1,3423,1.74
cdf_fs,off,1,3424,1.72
cdf_fs,off,1,3425,2.21
cdf_fs,off,1,3426,2.02
cdf_fs,off,1,3427,1.75
cdf_fs,off,1,3428,1.74
cdf_fs,off,1,3429,1.77
cdf_fs,off,1,3430,1.72
cdf_fs,off,1,3431,1.7
cdf_fs,off,1,3432,1.76
cdf_fs,off,1,3433,1.75
cdf_fs,off,1,3434,1.75
cdf_fs,off,1,3435,1.78
cdf_fs,off,1,3436,1.72
cdf_fs,off,1,3437,1.74
cdf_fs,off,1,3438,1.77
cdf_fs,off,1,3439,1.77
cdf_fs,off,1,3440,1.78
cdf_fs,off,1,3441,1.73
cdf_fs,off,1,3442,1.75
cdf_fs,off,1,3443,1.75
cdf_fs,off,1,3444,1.75
cdf_fs,off,1,3445,1.73
cdf_fs,off,1,3446,1.74
cdf_fs,off,1,3447,1.73
cdf_fs,off,1,3448,2.12
cdf_fs,off,1,3449,2.16
cdf_fs,off,1,3450,1.8
cdf_fs,off,1,3451,1.84
cdf_fs,off,1,3452,1.77
cdf_fs,off,1,3453,1.93
cdf_fs,off,1,3454,1.75
cdf_fs,off,1,3455,1.76
cdf_fs,off,1,3456,2.19
cdf_fs,off,1,3457,2.06
cdf_fs,off,1,3458,1.81
cdf_fs,off,1,3459,2.18
cdf_fs,off,1,3460,2.08
cdf_fs,off,1,3461,1.77
cdf_fs,off,1,3462,1.76
cdf_fs,off,1,3463,1.72
cdf_fs,off,1,3464,1.73
cdf_fs,off,1,3465,1.75
cdf_fs,off,1,3466,2.06
cdf_fs,off,1,3467,2.17
cdf_fs,off,1,3468,1.77
cdf_fs,off,1,3469,2.31
cdf_fs,off,1,3470,1.88
cdf_fs,off,1,3471,2.27
cdf_fs,off,1,3472,1.76
cdf_fs,off,1,3473,1.78
cdf_fs,off,1,3474,1.77
cdf_fs,off,1,3475,1.73
cdf_fs,off,1,3476,1.84
cdf_fs,off,1,3477,1.77
cdf_fs,off,1,3478,1.76
cdf_fs,off,1,3479,1.73
cdf_fs,off,1,3480,2.15
cdf_fs,off,1,3481,2.26
cdf_fs,off,1,3482,1.84
cdf_fs,off,1,3483,1.75
cdf_fs,off,1,3484,1.73
cdf_fs,off,1,3485,1.74
cdf_fs,off,1,3486,1.73
cdf_fs,off,1,3487,1.74
cdf_fs,off,1,3488,1.83
cdf_fs,off,1,3489,2.27
cdf_fs,off,1,3490,2.23
cdf_fs,off,1,3491,1.73
cdf_fs,off,1,3492,1.76
cdf_fs,off,1,3493,1.75
cdf_fs,off,1,3494,1.76
cdf_fs,off,1,3495,1.73
cdf_fs,off,1,3496,1.75
cdf_fs,off,1,3497,1.77
cdf_fs,off,1,3498,2.28
cdf_fs,off,1,3499,1.78
cdf_fs,off,1,3500,1.81
cdf_fs,off,1,3501,2.32
cdf_fs,off,1,3502,1.78
cdf_fs,off,1,3503,1.78
cdf_fs,off,1,3504,1.75
cdf_fs,off,1,3505,1.75
cdf_fs,off,1,3506,2.11
cdf_fs,off,1,3507,1.84
cdf_fs,off,1,3508,2.17
cdf_fs,off,1,3509,2.07
cdf_fs,off,1,3510,1.8
cdf_fs,off,1,3511,1.73
cdf_fs,off,1,3512,1.77
cdf_fs,off,1,3513,1.8
cdf_fs,off,1,3514,1.82
cdf_fs,off,1,3515,1.85
cdf_fs,off,1,3516,1.78
cdf_fs,off,1,3517,1.75
cdf_fs,off,1,3518,1.75
cdf_fs,off,1,3519,1.77
cdf_fs,off,1,3520,2.11
cdf_fs,off,1,3521,2.52
cdf_fs,off,1,3522,2.13
cdf_fs,off,1,3523,1.82
cdf_fs,off,1,3524,1.8
cdf_fs,off,1,3525,1.74
cdf_fs,off,1,3526,1.76
cdf_fs,off,1,3527,1.74
cdf_fs,off,1,3528,1.78
cdf_fs,off,1,3529,1.73
cdf_fs,off,1,3530,1.73
cdf_fs,off,1,3531,1.77
cdf_fs,off,1,3532,1.72
cdf_fs,off,1,3533,1.78
cdf_fs,off,1,3534,1.74
cdf_fs,off,1,3535,1.74
cdf_fs,off,1,3536,1.79
cdf_fs,off,1,3537,1.96
cdf_fs,off,1,3538,1.77
cdf_fs,off,1,3539,1.72
cdf_fs,off,1,3540,1.79
cdf_fs,off,1,3541,1.79
cdf_fs,off,1,3542,2.07
cdf_fs,off,1,3543,1.75
cdf_fs,off,1,3544,1.73
cdf_fs,off,1,3545,1.73
cdf_fs,off,1,3546,2.2
cdf_fs,off,1,3547,1.77
cdf_fs,off,1,3548,1.73
cdf_fs,off,1,3549,1.75
cdf_fs,off,1,3550,1.76
cdf_fs,off,1,3551,1.75
cdf_fs,off,1,3552,1.76
cdf_fs,off,1,3553,2.17
cdf_fs,off,1,3554,1.84
cdf_fs,off,1,3555,1.88
cdf_fs,off,1,3556,2.09
cdf_fs,off,1,3557,1.77
cdf_fs,off,1,3558,2.08
cdf_fs,off,1,3559,1.75
cdf_fs,off,1,3560,2.08
cdf_fs,off,1,3561,1.76
cdf_fs,off,1,3562,1.75
cdf_fs,off,1,3563,2.3
cdf_fs,off,1,3564,2.14
cdf_fs,off,1,3565,1.77
cdf_fs,off,1,3566,1.75
cdf_fs,off,1,3567,1.76
cdf_fs,off,1,3568,1.73
cdf_fs,off,1,3569,1.72
cdf_fs,off,1,3570,2.27
cdf_fs,off,1,3571,1.78
cdf_fs,off,1,3572,2.07
cdf_fs,off,1,3573,2.15
cdf_fs,off,1,3574,2.03
cdf_fs,off,1,3575,1.77
cdf_fs,off,1,3576,2.17
cdf_fs,off,1,3577,1.75
cdf_fs,off,1,3578,1.74
cdf_fs,off,1,3579,2.24
cdf_fs,off,1,3580,1.79
cdf_fs,off,1,3581,2.22
cdf_fs,off,1,3582,1.8
cdf_fs,off,1,3583,2.15
cdf_fs,off,1,3584,2.08
cdf_fs,off,1,3585,2.18
cdf_fs,off,1,3586,1.8
cdf_fs,off,1,3587,1.79
cdf_fs,off,1,3588,2.28
cdf_fs,off,1,3589,1.77
cdf_fs,off,1,3590,1.77
cdf_fs,off,1,3591,2.16
cdf_fs,off,1,3592,1.83
cdf_fs,off,1,3593,1.8
cdf_fs,off,1,3594,2.28
cdf_fs,off,1,3595,2.17
cdf_fs,off,1,3596,1.77
cdf_fs,off,1,3597,1.77
cdf_fs,off,1,3598,1.73
cdf_fs,off,1,3599,1.73
cdf_fs,off,1,3600,1.73
cdf_fs,off,1,3601,1.74
cdf_fs,off,1,3602,1.74
cdf_fs,off,1,3603,1.73
cdf_fs,off,1,3604,2.14
cdf_fs,off,1,3605,1.73
cdf_fs,off,1,3606,1.75
cdf_fs,off,1,3607,2.56
cdf_fs,off,1,3608,1.75
cdf_fs,off,1,3609,1.77
cdf_fs,off,1,3610,2.5
cdf_fs,off,1,3611,2.33
cdf_fs,off,1,3612,2.24
cdf_fs,off,1,3613,2.24
cdf_fs,off,1,3614,2.15
cdf_fs,off,1,3615,2.26
cdf_fs,off,1,3616,2.05
cdf_fs,off,1,3617,1.77
cdf_fs,off,1,3618,1.76
cdf_fs,off,1,3619,2.17
cdf_fs,off,1,3620,1.76
cdf_fs,off,1,3621,1.77
cdf_fs,off,1,3622,2.25
cdf_fs,off,1,3623,1.8
cdf_fs,off,1,3624,1.82
cdf_fs,off,1,3625,2.16
cdf_fs,off,1,3626,1.77
cdf_fs,off,1,3627,1.75
cdf_fs,off,1,3628,2.14
cdf_fs,off,1,3629,1.76
cdf_fs,off,1,3630,1.8
cdf_fs,off,1,3631,1.75
cdf_fs,off,1,3632,1.75
cdf_fs,off,1,3633,1.73
cdf_fs,off,1,3634,1.74
cdf_fs,off,1,3635,1.77
cdf_fs,off,1,3636,1.87
cdf_fs,off,1,3637,2.16
cdf_fs,off,1,3638,1.82
cdf_fs,off,1,3639,1.88
cdf_fs,off,1,3640,1.85
cdf_fs,off,1,3641,1.76
cdf_fs,off,1,3642,1.82
cdf_fs,off,1,3643,1.78
cdf_fs,off,1,3644,1.75
cdf_fs,off,1,3645,1.76
cdf_fs,off,1,3646,1.74
cdf_fs,off,1,3647,1.75
cdf_fs,off,1,3648,1.75
cdf_fs,off,1,3649,2.23
cdf_fs,off,1,3650,1.77
cdf_fs,off,1,3651,1.74
cdf_fs,off,1,3652,1.73
cdf_fs,off,1,3653,1.74
cdf_fs,off,1,3654,1.84
cdf_fs,off,1,3655,1.84
cdf_fs,off,1,3656,1.85
cdf_fs,off,1,3657,2.15
cdf_fs,off,1,3658,2.12
cdf_fs,off,1,3659,1.75
cdf_fs,off,1,3660,1.82
cdf_fs,off,1,3661,2.19
cdf_fs,off,1,3662,2.39
cdf_fs,off,1,3663,2.21
cdf_fs,off,1,3664,1.89
cdf_fs,off,1,3665,1.95
cdf_fs,off,1,3666,1.75
cdf_fs,off,1,3667,1.76
cdf_fs,off,1,3668,1.77
cdf_fs,off,1,3669,1.75
cdf_fs,off,1,3670,1.81
cdf_fs,off,1,3671,1.76
cdf_fs,off,1,3672,2.13
cdf_fs,off,1,3673,1.75
cdf_fs,off,1,3674,1.76
cdf_fs,off,1,3675,2.26
cdf_fs,off,1,3676,1.76
cdf_fs,off,1,3677,1.8
cdf_fs,off,1,3678,2.07
cdf_fs,off,1,3679,1.77
cdf_fs,off,1,3680,2.12
cdf_fs,off,1,3681,1.78
cdf_fs,off,1,3682,1.78
cdf_fs,off,1,3683,1.72
cdf_fs,off,1,3684,1.75
cdf_fs,off,1,3685,1.77
cdf_fs,off,1,3686,1.79
cdf_fs,off,1,3687,1.73
cdf_fs,off,1,3688,1.75
cdf_fs,off,1,3689,1.76
cdf_fs,off,1,3690,1.83
cdf_fs,off,1,3691,1.74
cdf_fs,off,1,3692,2.37
cdf_fs,off,1,3693,1.75
cdf_fs,off,1,3694,1.75
cdf_fs,off,1,3695,2.1
cdf_fs,off,1,3696,1.74
cdf_fs,off,1,3697,1.88
cdf_fs,off,1,3698,2.55
cdf_fs,off,1,3699,2.21
cdf_fs,off,1,3700,2.57
cdf_fs,off,1,3701,1.98
cdf_fs,off,1,3702,1.85
cdf_fs,off,1,3703,1.79
cdf_fs,off,1,3704,1.75
cdf_fs,off,1,3705,1.77
cdf_fs,off,1,3706,1.75
cdf_fs,off,1,3707,1.76
cdf_fs,off,1,3708,1.74
cdf_fs,off,1,3709,2.08
cdf_fs,off,1,3710,1.8
cdf_fs,off,1,3711,1.78
cdf_fs,off,1,3712,1.81
cdf_fs,off,1,3713,1.87
cdf_fs,off,1,3714,1.75
cdf_fs,off,1,3715,1.74
cdf_fs,off,1,3716,1.81
cdf_fs,off,1,3717,1.75
cdf_fs,off,1,3718,1.81
cdf_fs,off,1,3719,1.76
cdf_fs,off,1,3720,1.76
cdf_fs,off,1,3721,1.77
cdf_fs,off,1,3722,1.78
cdf_fs,off,1,3723,2.35
cdf_fs,off,1,3724,1.8
cdf_fs,off,1,3725,1.75
cdf_fs,off,1,3726,1.77
cdf_fs,off,1,3727,2.54
cdf_fs,off,1,3728,2.02
cdf_fs,off,1,3729,1.98
cdf_fs,off,1,3730,2.41
cdf_fs,off,1,3731,1.89
cdf_fs,off,1,3732,1.76
cdf_fs,off,1,3733,2.06
cdf_fs,off,1,3734,2.14
cdf_fs,off,1,3735,1.79
cdf_fs,off,1,3736,1.77
cdf_fs,off,1,3737,1.76
cdf_fs,off,1,3738,1.81
cdf_fs,off,1,3739,1.74
cdf_fs,off,1,3740,1.76
cdf_fs,off,1,3741,1.75
cdf_fs,off,1,3742,1.77
cdf_fs,off,1,3743,1.79
cdf_fs,off,1,3744,1.72
cdf_fs,off,1,3745,1.85
cdf_fs,off,1,3746,1.85
cdf_fs,off,1,3747,1.74
cdf_fs,off,1,3748,1.78
cdf_fs,off,1,3749,1.82
cdf_fs,off,1,3750,1.78
cdf_fs,off,1,3751,2.16
cdf_fs,off,1,3752,1.75
cdf_fs,off,1,3753,2.08
cdf_fs,off,1,3754,1.76
cdf_fs,off,1,3755,2.08
cdf_fs,off,1,3756,2.85
cdf_fs,off,1,3757,1.84
cdf_fs,off,1,3758,2.19
cdf_fs,off,1,3759,1.78
cdf_fs,off,1,3760,2.14
cdf_fs,off,1,3761,2.14
cdf_fs,off,1,3762,1.84
cdf_fs,off,1,3763,2.19
cdf_fs,off,1,3764,2.2
cdf_fs,off,1,3765,1.79
cdf_fs,off,1,3766,1.78
cdf_fs,off,1,3767,1.77
cdf_fs,off,1,3768,2.12
cdf_fs,off,1,3769,2.16
cdf_fs,off,1,3770,2.08
cdf_fs,off,1,3771,9.49
cdf_fs,off,1,3772,3.54
cdf_fs,off,1,3773,2.48
cdf_fs,off,1,3774,2.37
cdf_fs,off,1,3775,2.02
cdf_fs,off,1,3776,2.02
cdf_fs,off,1,3777,1.77
cdf_fs,off,1,3778,1.77
cdf_fs,off,1,3779,1.77
cdf_fs,off,1,3780,2.76
cdf_fs,off,1,3781,2.26
cdf_fs,off,1,3782,1.74
cdf_fs,off,1,3783,1.75
cdf_fs,off,1,3784,1.76
cdf_fs,off,1,3785,2.23
cdf_fs,off,1,3786,1.74
cdf_fs,off,1,3787,1.8
cdf_fs,off,1,3788,1.75
cdf_fs,off,1,3789,1.71
cdf_fs,off,1,3790,2.07
cdf_fs,off,1,3791,1.79
cdf_fs,off,1,3792,1.76
cdf_fs,off,1,3793,1.73
cdf_fs,off,1,3794,1.72
cdf_fs,off,1,3795,1.93
cdf_fs,off,1,3796,1.93
cdf_fs,off,1,3797,2.14
cdf_fs,off,1,3798,2.43
cdf_fs,off,1,3799,2.6
cdf_fs,off,1,3800,1.79
cdf_fs,off,1,3801,1.74
cdf_fs,off,1,3802,1.75
cdf_fs,off,1,3803,1.77
cdf_fs,off,1,3804,1.77
cdf_fs,off,1,3805,1.76
cdf_fs,off,1,3806,1.72
cdf_fs,off,1,3807,2.14
cdf_fs,off,1,3808,1.76
cdf_fs,off,1,3809,1.76
cdf_fs,off,1,3810,1.74
cdf_fs,off,1,3811,1.77
cdf_fs,off,1,3812,1.76
cdf_fs,off,1,3813,2.28
cdf_fs,off,1,3814,1.76
cdf_fs,off,1,3815,1.83
cdf_fs,off,1,3816,1.75
cdf_fs,off,1,3817,1.97
cdf_fs,off,1,3818,1.98
cdf_fs,off,1,3819,2.44
cdf_fs,off,1,3820,2.46
cdf_fs,off,1,3821,2.16
cdf_fs,off,1,3822,1.75
cdf_fs,off,1,3823,1.75
cdf_fs,off,1,3824,1.78
cdf_fs,off,1,3825,1.77
cdf_fs,off,1,3826,1.76
cdf_fs,off,1,3827,1.76
cdf_fs,off,1,3828,1.78
cdf_fs,off,1,3829,1.73
cdf_fs,off,1,3830,1.77
cdf_fs,off,1,3831,1.74
cdf_fs,off,1,3832,1.72
cdf_fs,off,1,3833,1.73
cdf_fs,off,1,3834,1.71
cdf_fs,off,1,3835,2.15
cdf_fs,off,1,3836,1.78
cdf_fs,off,1,3837,1.72
cdf_fs,off,1,3838,2.4
cdf_fs,off,1,3839,1.76
cdf_fs,off,1,3840,2.23
cdf_fs,off,1,3841,2.1
cdf_fs,off,1,3842,1.76
cdf_fs,off,1,3843,2.2
cdf_fs,off,1,3844,1.74
cdf_fs,off,1,3845,2.17
cdf_fs,off,1,3846,1.74
cdf_fs,off,1,3847,2.23
cdf_fs,off,1,3848,1.81
cdf_fs,off,1,3849,1.82
cdf_fs,off,1,3850,1.75
cdf_fs,off,1,3851,1.74
cdf_fs,off,1,3852,1.73
cdf_fs,off,1,3853,1.76
cdf_fs,off,1,3854,1.74
cdf_fs,off,1,3855,1.74
cdf_fs,off,1,3856,1.73
cdf_fs,off,1,3857,2.21
cdf_fs,off,1,3858,1.88
cdf_fs,off,1,3859,1.73
cdf_fs,off,1,3860,2.17
cdf_fs,off,1,3861,1.78
cdf_fs,off,1,3862,1.73
cdf_fs,off,1,3863,1.72
cdf_fs,off,1,3864,2.07
cdf_fs,off,1,3865,1.75
cdf_fs,off,1,3866,1.76
cdf_fs,off,1,3867,1.71
cdf_fs,off,1,3868,1.76
cdf_fs,off,1,3869,1.72
cdf_fs,off,1,3870,2.16
cdf_fs,off,1,3871,1.78
cdf_fs,off,1,3872,1.75
cdf_fs,off,1,3873,1.82
cdf_fs,off,1,3874,1.74
cdf_fs,off,1,3875,1.75
cdf_fs,off,1,3876,1.77
cdf_fs,off,1,3877,1.72
cdf_fs,off,1,3878,1.75
cdf_fs,off,1,3879,1.72
cdf_fs,off,1,3880,1.73
cdf_fs,off,1,3881,1.73
cdf_fs,off,1,3882,1.81
cdf_fs,off,1,3883,1.72
cdf_fs,off,1,3884,2.17
cdf_fs,off,1,3885,2.3
cdf_fs,off,1,3886,2.59
cdf_fs,off,1,3887,1.95
cdf_fs,off,1,3888,2.43
cdf_fs,off,1,3889,2.25
cdf_fs,off,1,3890,1.75
cdf_fs,off,1,3891,1.73
cdf_fs,off,1,3892,1.74
cdf_fs,off,1,3893,1.73
cdf_fs,off,1,3894,1.79
cdf_fs,off,1,3895,2.13
cdf_fs,off,1,3896,2.09
cdf_fs,off,1,3897,1.92
cdf_fs,off,1,3898,1.94
cdf_fs,off,1,3899,1.83
cdf_fs,off,1,3900,1.8
cdf_fs,off,1,3901,1.76
cdf_fs,off,1,3902,1.77
cdf_fs,off,1,3903,1.77
cdf_fs,off,1,3904,1.75
cdf_fs,off,1,3905,1.77
cdf_fs,off,1,3906,2.16
cdf_fs,off,1,3907,1.76
cdf_fs,off,1,3908,1.751
cdf_fs,off,1,3909,1.74
cdf_fs,off,1,3910,1.729
cdf_fs,off,1,3911,1.791
cdf_fs,off,1,3912,1.731
cdf_fs,off,1,3913,2.131
cdf_fs,off,1,3914,1.76
cdf_fs,off,1,3915,1.771
cdf_fs,off,1,3916,1.749
cdf_fs,off,1,3917,1.769
cdf_fs,off,1,3918,1.731
cdf_fs,off,1,3919,1.78
cdf_fs,off,1,3920,2.14
cdf_fs,off,1,3921,1.749
cdf_fs,off,1,3922,1.769
cdf_fs,off,1,3923,2.129
cdf_fs,off,1,3924,1.76
cdf_fs,off,1,3925,2.249
cdf_fs,off,1,3926,1.74
cdf_fs,off,1,3927,1.78
cdf_fs,off,1,3928,1.749
cdf_fs,off,1,3929,1.72
cdf_fs,off,1,3930,2.16
cdf_fs,off,1,3931,1.729
cdf_fs,off,1,3932,1.72
cdf_fs,off,1,3933,1.749
cdf_fs,off,1,3934,1.74
cdf_fs,off,1,3935,2.14
cdf_fs,off,1,3936,2.06
cdf_fs,off,1,3937,1.76
cdf_fs,off,1,3938,1.731
cdf_fs,off,1,3939,1.729
cdf_fs,off,1,3940,1.731
cdf_fs,off,1,3941,1.7
cdf_fs,off,1,3942,1.729
cdf_fs,off,1,3943,1.711
cdf_fs,off,1,3944,1.72
cdf_fs,off,1,3945,1.711
cdf_fs,off,1,3946,1.76
cdf_fs,off,1,3947,1.751
cdf_fs,off,1,3948,1.751
cdf_fs,off,1,3949,1.791
cdf_fs,off,1,3950,1.751
cdf_fs,off,1,3951,1.72
cdf_fs,off,1,3952,2.24
cdf_fs,off,1,3953,2.14
cdf_fs,off,1,3954,1.74
cdf_fs,off,1,3955,1.8
cdf_fs,off,1,3956,1.74
cdf_fs,off,1,3957,1.771
cdf_fs,off,1,3958,1.74
cdf_fs,off,1,3959,1.72
cdf_fs,off,1,3960,1.74
cdf_fs,off,1,3961,1.72
cdf_fs,off,1,3962,1.771
cdf_fs,off,1,3963,1.791
cdf_fs,off,1,3964,1.729
cdf_fs,off,1,3965,1.74
cdf_fs,off,1,3966,1.72
cdf_fs,off,1,3967,1.68
cdf_fs,off,1,3968,1.731
cdf_fs,off,1,3969,1.7
cdf_fs,off,1,3970,1.729
cdf_fs,off,1,3971,1.74
cdf_fs,off,1,3972,2.24
cdf_fs,off,1,3973,1.731
cdf_fs,off,1,3974,2.169
cdf_fs,off,1,3975,1.791
cdf_fs,off,1,3976,1.831
cdf_fs,off,1,3977,2.431
cdf_fs,off,1,3978,1.771
cdf_fs,off,1,3979,2.269
cdf_fs,off,1,3980,1.751
cdf_fs,off,1,3981,2.251
cdf_fs,off,1,3982,1.74
cdf_fs,off,1,3983,2.16
cdf_fs,off,1,3984,1.74
cdf_fs,off,1,3985,1.78
cdf_fs,off,1,3986,1.731
cdf_fs,off,1,3987,2.049
cdf_fs,off,1,3988,1.751
cdf_fs,off,1,3989,1.76
cdf_fs,off,1,3990,1.729
cdf_fs,off,1,3991,1.78
cdf_fs,off,1,3992,1.751
cdf_fs,off,1,3993,1.74
cdf_fs,off,1,3994,1.76
cdf_fs,off,1,3995,1.76
cdf_fs,off,1,3996,2.08
cdf_fs,off,1,3997,1.771
cdf_fs,off,1,3998,1.76
cdf_fs,off,1,3999,1.74
cdf_fs,off,1,4000,1.789
cdf_fs,off,1,4001,1.8
cdf_fs,off,1,4002,2.44
cdf_fs,off,1,4003,1.789
cdf_fs,off,1,4004,1.809
cdf_fs,off,1,4005,1.76
cdf_fs,off,1,4006,2.14
cdf_fs,off,1,4007,1.76
cdf_fs,off,1,4008,1.74
cdf_fs,off,1,4009,2.209
cdf_fs,off,1,4010,1.771
cdf_fs,off,1,4011,1.74
cdf_fs,off,1,4012,1.72
cdf_fs,off,1,4013,1.82
cdf_fs,off,1,4014,1.76
cdf_fs,off,1,4015,2.24
cdf_fs,off,1,4016,2.111
cdf_fs,off,1,4017,2.32
cdf_fs,off,1,4018,1.809
cdf_fs,off,1,4019,1.76
cdf_fs,off,1,4020,2.16
cdf_fs,off,1,4021,1.92
cdf_fs,off,1,4022,1.86
cdf_fs,off,1,4023,2.131
cdf_fs,off,1,4024,1.82
cdf_fs,off,1,4025,1.76
cdf_fs,off,1,4026,2.16
cdf_fs,off,1,4027,1.74
cdf_fs,off,1,4028,1.791
cdf_fs,off,1,4029,2.149
cdf_fs,off,1,4030,1.94
cdf_fs,off,1,4031,1.72
cdf_fs,off,1,4032,1.731
cdf_fs,off,1,4033,2.34
cdf_fs,off,1,4034,2.14
cdf_fs,off,1,4035,2.171
cdf_fs,off,1,4036,1.76
cdf_fs,off,1,4037,1.811
cdf_fs,off,1,4038,2.131
cdf_fs,off,1,4039,1.729
cdf_fs,off,1,4040,1.731
cdf_fs,off,1,4041,2.109
cdf_fs,off,1,4042,1.951
cdf_fs,off,1,4043,2.28
cdf_fs,off,1,4044,1.8
cdf_fs,off,1,4045,2.24
cdf_fs,off,1,4046,1.729
cdf_fs,off,1,4047,1.791
cdf_fs,off,1,4048,2.16
cdf_fs,off,1,4049,1.74
cdf_fs,off,1,4050,1.751
cdf_fs,off,1,4051,2.06
cdf_fs,off,1,4052,1.729
cdf_fs,off,1,4053,1.78
cdf_fs,off,1,4054,2.2
cdf_fs,off,1,4055,1.869
cdf_fs,off,1,4056,1.869
cdf_fs,off,1,4057,2.08
cdf_fs,off,1,4058,1.811
cdf_fs,off,1,4059,1.829
cdf_fs,off,1,4060,1.749
cdf_fs,off,1,4061,1.729
cdf_fs,off,1,4062,1.749
cdf_fs,off,1,4063,2.12
cdf_fs,off,1,4064,1.769
cdf_fs,off,1,4065,1.76
cdf_fs,off,1,4066,1.74
cdf_fs,off,1,4067,1.769
cdf_fs,off,1,4068,1.8
cdf_fs,off,1,4069,1.74
cdf_fs,off,1,4070,1.771
cdf_fs,off,1,4071,1.78
cdf_fs,off,1,4072,1.751
cdf_fs,off,1,4073,1.771
cdf_fs,off,1,4074,1.74
cdf_fs,off,1,4075,1.76
cdf_fs,off,1,4076,1.72
cdf_fs,off,1,4077,1.729
cdf_fs,off,1,4078,1.731
cdf_fs,off,1,4079,1.74
cdf_fs,off,1,4080,1.771
cdf_fs,off,1,4081,1.769
cdf_fs,off,1,4082,1.72
cdf_fs,off,1,4083,1.731
cdf_fs,off,1,4084,1.811
cdf_fs,off,1,4085,1.709
cdf_fs,off,1,4086,1.751
cdf_fs,off,1,4087,1.749
cdf_fs,off,1,4088,1.771
cdf_fs,off,1,4089,1.72
cdf_fs,off,1,4090,1.78
cdf_fs,off,1,4091,1.72
cdf_fs,off,1,4092,2.131
cdf_fs,off,1,4093,1.749
cdf_fs,off,1,4094,1.74
cdf_fs,off,1,4095,1.76
cdf_fs,off,1,4096,1.729
cdf_fs,off,1,4097,1.831
cdf_fs,off,1,4098,1.709
cdf_fs,off,1,4099,1.76
cdf_fs,off,1,4100,1.76
cdf_fs,off,1,4101,1.74
cdf_fs,off,1,4102,1.711
cdf_fs,off,1,4103,1.751
cdf_fs,off,1,4104,1.751
cdf_fs,off,1,4105,1.8
cdf_fs,off,1,4106,1.72
cdf_fs,off,1,4107,1.751
cdf_fs,off,1,4108,2.149
cdf_fs,off,1,4109,1.76
cdf_fs,off,1,4110,1.809
cdf_fs,off,1,4111,1.731
cdf_fs,off,1,4112,2.129
cdf_fs,off,1,4113,1.771
cdf_fs,off,1,4114,1.76
cdf_fs,off,1,4115,2.231
cdf_fs,off,1,4116,1.76
cdf_fs,off,1,4117,1.76
cdf_fs,off,1,4118,1.831
cdf_fs,off,1,4119,1.76
cdf_fs,off,1,4120,2.1
cdf_fs,off,1,4121,1.771
cdf_fs,off,1,4122,1.771
cdf_fs,off,1,4123,1.74
cdf_fs,off,1,4124,1.771
cdf_fs,off,1,4125,1.849
cdf_fs,off,1,4126,1.731
cdf_fs,off,1,4127,2.2
cdf_fs,off,1,4128,1.74
cdf_fs,off,1,4129,1.751
cdf_fs,off,1,4130,1.749
cdf_fs,off,1,4131,1.751
cdf_fs,off,1,4132,1.74
cdf_fs,off,1,4133,1.74
cdf_fs,off,1,4134,1.751
cdf_fs,off,1,4135,1.731
cdf_fs,off,1,4136,1.749
cdf_fs,off,1,4137,2.189
cdf_fs,off,1,4138,2.12
cdf_fs,off,1,4139,1.76
cdf_fs,off,1,4140,1.78
cdf_fs,off,1,4141,1.789
cdf_fs,off,1,4142,1.729
cdf_fs,off,1,4143,2.271
cdf_fs,off,1,4144,2.08
cdf_fs,off,1,4145,1.769
cdf_fs,off,1,4146,1.741
cdf_fs,off,1,4147,1.72
cdf_fs,off,1,4148,1.73
cdf_fs,off,1,4149,1.79
cdf_fs,off,1,4150,2.15
cdf_fs,off,1,4151,1.75
cdf_fs,off,1,4152,1.84
cdf_fs,off,1,4153,1.74
cdf_fs,off,1,4154,1.73
cdf_fs,off,1,4155,1.76
cdf_fs,off,1,4156,1.82
cdf_fs,off,1,4157,1.75
cdf_fs,off,1,4158,1.72
cdf_fs,off,1,4159,1.77
cdf_fs,off,1,4160,1.73
cdf_fs,off,1,4161,1.75
cdf_fs,off,1,4162,1.72
cdf_fs,off,1,4163,1.73
cdf_fs,off,1,4164,1.75
cdf_fs,off,1,4165,1.73
cdf_fs,off,1,4166,1.74
cdf_fs,off,1,4167,1.75
cdf_fs,off,1,4168,1.73
cdf_fs,off,1,4169,1.75
cdf_fs,off,1,4170,1.76
cdf_fs,off,1,4171,1.74
cdf_fs,off,1,4172,1.74
cdf_fs,off,1,4173,1.75
cdf_fs,off,1,4174,1.74
cdf_fs,off,1,4175,1.76
cdf_fs,off,1,4176,1.72
cdf_fs,off,1,4177,1.76
cdf_fs,off,1,4178,1.73
cdf_fs,off,1,4179,1.72
cdf_fs,off,1,4180,1.87
cdf_fs,off,1,4181,1.79
cdf_fs,off,1,4182,1.71
cdf_fs,off,1,4183,1.8
cdf_fs,off,1,4184,1.77
cdf_fs,off,1,4185,1.75
cdf_fs,off,1,4186,1.74
cdf_fs,off,1,4187,1.75
cdf_fs,off,1,4188,1.75
cdf_fs,off,1,4189,1.76
cdf_fs,off,1,4190,1.77
cdf_fs,off,1,4191,2.26
cdf_fs,off,1,4192,1.75
cdf_fs,off,1,4193,1.81
cdf_fs,off,1,4194,1.74
cdf_fs,off,1,4195,1.73
cdf_fs,off,1,4196,1.76
cdf_fs,off,1,4197,1.72
cdf_fs,off,1,4198,2.25
cdf_fs,off,1,4199,1.76
cdf_fs,off,1,4200,1.77
cdf_fs,off,1,4201,1.73
cdf_fs,off,1,4202,1.74
cdf_fs,off,1,4203,1.72
cdf_fs,off,1,4204,1.72
cdf_fs,off,1,4205,1.73
cdf_fs,off,1,4206,1.74
cdf_fs,off,1,4207,1.72
cdf_fs,off,1,4208,1.79
cdf_fs,off,1,4209,1.79
cdf_fs,off,1,4210,1.75
cdf_fs,off,1,4211,1.72
cdf_fs,off,1,4212,1.73
cdf_fs,off,1,4213,2.16
cdf_fs,off,1,4214,1.75
cdf_fs,off,1,4215,1.73
cdf_fs,off,1,4216,1.74
cdf_fs,off,1,4217,1.75
cdf_fs,off,1,4218,1.81
cdf_fs,off,1,4219,1.74
cdf_fs,off,1,4220,2.2
cdf_fs,off,1,4221,1.87
cdf_fs,off,1,4222,1.76
cdf_fs,off,1,4223,1.8
cdf_fs,off,1,4224,1.76
cdf_fs,off,1,4225,2.3
cdf_fs,off,1,4226,1.79
cdf_fs,off,1,4227,1.77
cdf_fs,off,1,4228,1.78
cdf_fs,off,1,4229,1.8
cdf_fs,off,1,4230,2.14
cdf_fs,off,1,4231,2.09
cdf_fs,off,1,4232,1.72
cdf_fs,off,1,4233,1.77
cdf_fs,off,1,4234,1.75
cdf_fs,off,1,4235,2.12
cdf_fs,off,1,4236,1.79
cdf_fs,off,1,4237,2.27
cdf_fs,off,1,4238,1.75
cdf_fs,off,1,4239,1.83
cdf_fs,off,1,4240,2.37
cdf_fs,off,1,4241,2.0
cdf_fs,off,1,4242,1.77
cdf_fs,off,1,4243,1.76
cdf_fs,off,1,4244,1.82
cdf_fs,off,1,4245,1.76
cdf_fs,off,1,4246,1.75
cdf_fs,off,1,4247,1.76
cdf_fs,off,1,4248,1.74
cdf_fs,off,1,4249,1.76
cdf_fs,off,1,4250,1.74
cdf_fs,off,1,4251,2.25
cdf_fs,off,1,4252,2.27
cdf_fs,off,1,4253,1.77
cdf_fs,off,1,4254,1.81
cdf_fs,off,1,4255,1.75
cdf_fs,off,1,4256,2.08
cdf_fs,off,1,4257,1.78
cdf_fs,off,1,4258,1.75
cdf_fs,off,1,4259,2.2
cdf_fs,off,1,4260,1.74
cdf_fs,off,1,4261,1.76
cdf_fs,off,1,4262,1.75
cdf_fs,off,1,4263,1.81
cdf_fs,off,1,4264,1.75
cdf_fs,off,1,4265,2.11
cdf_fs,off,1,4266,1.75
cdf_fs,off,1,4267,1.79
cdf_fs,off,1,4268,1.78
cdf_fs,off,1,4269,1.74
cdf_fs,off,1,4270,1.74
cdf_fs,off,1,4271,1.75
cdf_fs,off,1,4272,1.75
cdf_fs,off,1,4273,5.31
cdf_fs,off,1,4274,3.86
cdf_fs,off,1,4275,1.8
cdf_fs,off,1,4276,1.76
cdf_fs,off,1,4277,1.75
cdf_fs,off,1,4278,2.3
cdf_fs,off,1,4279,1.76
cdf_fs,off,1,4280,1.78
cdf_fs,off,1,4281,1.77
cdf_fs,off,1,4282,1.76
cdf_fs,off,1,4283,1.74
cdf_fs,off,1,4284,1.75
cdf_fs,off,1,4285,1.74
cdf_fs,off,1,4286,1.75
cdf_fs,off,1,4287,1.76
cdf_fs,off,1,4288,1.75
cdf_fs,off,1,4289,1.76
cdf_fs,off,1,4290,2.06
cdf_fs,off,1,4291,1.75
cdf_fs,off,1,4292,1.77
cdf_fs,off,1,4293,1.77
cdf_fs,off,1,4294,2.26
cdf_fs,off,1,4295,2.13
cdf_fs,off,1,4296,1.79
cdf_fs,off,1,4297,1.76
cdf_fs,off,1,4298,1.76
cdf_fs,off,1,4299,2.22
cdf_fs,off,1,4300,1.76
cdf_fs,off,1,4301,1.78
cdf_fs,off,1,4302,1.72
cdf_fs,off,1,4303,1.76
cdf_fs,off,1,4304,1.74
cdf_fs,off,1,4305,1.76
cdf_fs,off,1,4306,2.16
cdf_fs,off,1,4307,1.77
cdf_fs,off,1,4308,1.77
cdf_fs,off,1,4309,1.83
cdf_fs,off,1,4310,1.82
cdf_fs,off,1,4311,1.75
cdf_fs,off,1,4312,2.25
cdf_fs,off,1,4313,1.75
cdf_fs,off,1,4314,1.86
cdf_fs,off,1,4315,1.76
cdf_fs,off,1,4316,1.76
cdf_fs,off,1,4317,1.76
cdf_fs,off,1,4318,1.74
cdf_fs,off,1,4319,2.23
cdf_fs,off,1,4320,1.73
cdf_fs,off,1,4321,1.74
cdf_fs,off,1,4322,2.23
cdf_fs,off,1,4323,1.75
cdf_fs,off,1,4324,1.84
cdf_fs,off,1,4325,1.76
cdf_fs,off,1,4326,1.76
cdf_fs,off,1,4327,2.26
cdf_fs,off,1,4328,1.75
cdf_fs,off,1,4329,1.83
cdf_fs,off,1,4330,2.1
cdf_fs,off,1,4331,1.78
cdf_fs,off,1,4332,1.76
cdf_fs,off,1,4333,1.76
cdf_fs,off,1,4334,2.19
cdf_fs,off,1,4335,1.78
cdf_fs,off,1,4336,1.77
cdf_fs,off,1,4337,1.75
cdf_fs,off,1,4338,1.77
cdf_fs,off,1,4339,1.75
cdf_fs,off,1,4340,2.08
cdf_fs,off,1,4341,1.77
cdf_fs,off,1,4342,1.77
cdf_fs,off,1,4343,1.81
cdf_fs,off,1,4344,1.74
cdf_fs,off,1,4345,1.77
cdf_fs,off,1,4346,1.77
cdf_fs,off,1,4347,1.76
cdf_fs,off,1,4348,1.75
cdf_fs,off,1,4349,1.73
cdf_fs,off,1,4350,1.77
cdf_fs,off,1,4351,1.75
cdf_fs,off,1,4352,1.79
cdf_fs,off,1,4353,1.74
cdf_fs,off,1,4354,1.76
cdf_fs,off,1,4355,2.15
cdf_fs,off,1,4356,2.17
cdf_fs,off,1,4357,2.18
cdf_fs,off,1,4358,1.82
cdf_fs,off,1,4359,1.84
cdf_fs,off,1,4360,1.77
cdf_fs,off,1,4361,1.74
cdf_fs,off,1,4362,1.73
cdf_fs,off,1,4363,2.21
cdf_fs,off,1,4364,1.75
cdf_fs,off,1,4365,1.74
cdf_fs,off,1,4366,1.76
cdf_fs,off,1,4367,1.74
cdf_fs,off,1,4368,1.83
cdf_fs,off,1,4369,1.73
cdf_fs,off,1,4370,1.93
cdf_fs,off,1,4371,1.74
cdf_fs,off,1,4372,2.07
cdf_fs,off,1,4373,1.76
cdf_fs,off,1,4374,2.32
cdf_fs,off,1,4375,1.9
cdf_fs,off,1,4376,1.75
cdf_fs,off,1,4377,1.74
cdf_fs,off,1,4378,2.14
cdf_fs,off,1,4379,1.75
cdf_fs,off,1,4380,1.84
cdf_fs,off,1,4381,1.74
cdf_fs,off,1,4382,1.75
cdf_fs,off,1,4383,1.75
cdf_fs,off,1,4384,1.76
cdf_fs,off,1,4385,1.74
cdf_fs,off,1,4386,1.74
cdf_fs,off,1,4387,1.76
cdf_fs,off,1,4388,2.14
cdf_fs,off,1,4389,1.82
cdf_fs,off,1,4390,2.11
cdf_fs,off,1,4391,1.78
cdf_fs,off,1,4392,1.77
cdf_fs,off,1,4393,2.23
cdf_fs,off,1,4394,1.8
cdf_fs,off,1,4395,1.87
cdf_fs,off,1,4396,1.79
cdf_fs,off,1,4397,2.25
cdf_fs,off,1,4398,2.15
cdf_fs,off,1,4399,1.78
cdf_fs,off,1,4400,1.82
cdf_fs,off,1,4401,1.76
cdf_fs,off,1,4402,1.77
cdf_fs,off,1,4403,1.79
cdf_fs,off,1,4404,1.79
cdf_fs,off,1,4405,1.76
cdf_fs,off,1,4406,1.83
cdf_fs,off,1,4407,1.74
cdf_fs,off,1,4408,1.76
cdf_fs,off,1,4409,1.77
cdf_fs,off,1,4410,1.74
cdf_fs,off,1,4411,2.1
cdf_fs,off,1,4412,1.76
cdf_fs,off,1,4413,1.75
cdf_fs,off,1,4414,2.25
cdf_fs,off,1,4415,1.87
cdf_fs,off,1,4416,1.76
cdf_fs,off,1,4417,1.75
cdf_fs,off,1,4418,1.8
cdf_fs,off,1,4419,2.09
cdf_fs,off,1,4420,1.75
cdf_fs,off,1,4421,1.79
cdf_fs,off,1,4422,1.77
cdf_fs,off,1,4423,1.79
cdf_fs,off,1,4424,1.75
cdf_fs,off,1,4425,1.74
cdf_fs,off,1,4426,2.15
cdf_fs,off,1,4427,1.8
cdf_fs,off,1,4428,2.19
cdf_fs,off,1,4429,1.74
cdf_fs,off,1,4430,1.84
cdf_fs,off,1,4431,2.19
cdf_fs,off,1,4432,1.77
cdf_fs,off,1,4433,1.77
cdf_fs,off,1,4434,1.82
cdf_fs,off,1,4435,1.82
cdf_fs,off,1,4436,1.75
cdf_fs,off,1,4437,1.78
cdf_fs,off,1,4438,1.73
cdf_fs,off,1,4439,1.8
cdf_fs,off,1,4440,1.72
cdf_fs,off,1,4441,1.74
cdf_fs,off,1,4442,2.16
cdf_fs,off,1,4443,1.75
cdf_fs,off,1,4444,1.76
cdf_fs,off,1,4445,1.74
cdf_fs,off,1,4446,1.77
cdf_fs,off,1,4447,1.73
cdf_fs,off,1,4448,1.73
cdf_fs,off,1,4449,1.83
cdf_fs,off,1,4450,2.22
cdf_fs,off,1,4451,1.8
cdf_fs,off,1,4452,1.77
cdf_fs,off,1,4453,2.26
cdf_fs,off,1,4454,1.95
cdf_fs,off,1,4455,1.85
cdf_fs,off,1,4456,1.81
cdf_fs,off,1,4457,1.76
cdf_fs,off,1,4458,1.76
cdf_fs,off,1,4459,1.78
cdf_fs,off,1,4460,1.74
cdf_fs,off,1,4461,1.76
cdf_fs,off,1,4462,1.73
cdf_fs,off,1,4463,1.72
cdf_fs,off,1,4464,1.72
cdf_fs,off,1,4465,2.25
cdf_fs,off,1,4466,1.83
cdf_fs,off,1,4467,1.77
cdf_fs,off,1,4468,1.73
cdf_fs,off,1,4469,2.12
cdf_fs,off,1,4470,1.78
cdf_fs,off,1,4471,1.74
cdf_fs,off,1,4472,1.73
cdf_fs,off,1,4473,1.73
cdf_fs,off,1,4474,1.73
cdf_fs,off,1,4475,1.75
cdf_fs,off,1,4476,1.72
cdf_fs,off,1,4477,1.73
cdf_fs,off,1,4478,1.73
cdf_fs,off,1,4479,1.73
cdf_fs,off,1,4480,1.8
cdf_fs,off,1,4481,1.73
cdf_fs,off,1,4482,1.77
cdf_fs,off,1,4483,2.09
cdf_fs,off,1,4484,1.75
cdf_fs,off,1,4485,1.74
cdf_fs,off,1,4486,2.06
cdf_fs,off,1,4487,1.79
cdf_fs,off,1,4488,1.72
cdf_fs,off,1,4489,2.3
cdf_fs,off,1,4490,1.86
cdf_fs,off,1,4491,2.17
cdf_fs,off,1,4492,1.83
cdf_fs,off,1,4493,1.78
cdf_fs,off,1,4494,1.82
cdf_fs,off,1,4495,1.75
cdf_fs,off,1,4496,1.73
cdf_fs,off,1,4497,1.74
cdf_fs,off,1,4498,1.72
cdf_fs,off,1,4499,1.79
cdf_fs,off,1,4500,2.21
cdf_fs,off,1,4501,1.76
cdf_fs,off,1,4502,1.82
cdf_fs,off,1,4503,1.74
cdf_fs,off,1,4504,1.74
cdf_fs,off,1,4505,1.72
cdf_fs,off,1,4506,1.77
cdf_fs,off,1,4507,1.88
cdf_fs,off,1,4508,1.77
cdf_fs,off,1,4509,1.73
cdf_fs,off,1,4510,2.17
cdf_fs,off,1,4511,1.77
cdf_fs,off,1,4512,1.75
cdf_fs,off,1,4513,2.17
cdf_fs,off,1,4514,1.75
cdf_fs,off,1,4515,2.18
cdf_fs,off,1,4516,1.78
cdf_fs,off,1,4517,1.72
cdf_fs,off,1,4518,1.76
cdf_fs,off,1,4519,1.75
cdf_fs,off,1,4520,2.25
cdf_fs,off,1,4521,1.75
cdf_fs,off,1,4522,1.84
cdf_fs,off,1,4523,1.76
cdf_fs,off,1,4524,1.74
cdf_fs,off,1,4525,2.07
cdf_fs,off,1,4526,1.75
cdf_fs,off,1,4527,1.82
cdf_fs,off,1,4528,1.75
cdf_fs,off,1,4529,2.22
cdf_fs,off,1,4530,2.14
cdf_fs,off,1,4531,1.78
cdf_fs,off,1,4532,1.79
cdf_fs,off,1,4533,1.74
cdf_fs,off,1,4534,1.74
cdf_fs,off,1,4535,1.72
cdf_fs,off,1,4536,1.73
cdf_fs,off,1,4537,1.73
cdf_fs,off,1,4538,1.72
cdf_fs,off,1,4539,1.72
cdf_fs,off,1,4540,1.76
cdf_fs,off,1,4541,1.73
cdf_fs,off,1,4542,1.72
cdf_fs,off,1,4543,1.8
cdf_fs,off,1,4544,1.73
cdf_fs,off,1,4545,1.7
cdf_fs,off,1,4546,1.88
cdf_fs,off,1,4547,1.77
cdf_fs,off,1,4548,1.81
cdf_fs,off,1,4549,1.79
cdf_fs,off,1,4550,1.72
cdf_fs,off,1,4551,1.74
cdf_fs,off,1,4552,1.78
cdf_fs,off,1,4553,1.76
cdf_fs,off,1,4554,1.74
cdf_fs,off,1,4555,2.26
cdf_fs,off,1,4556,2.09
cdf_fs,off,1,4557,1.8
cdf_fs,off,1,4558,1.76
cdf_fs,off,1,4559,1.8
cdf_fs,off,1,4560,1.73
cdf_fs,off,1,4561,1.73
cdf_fs,off,1,4562,1.74
cdf_fs,off,1,4563,1.72
cdf_fs,off,1,4564,1.86
cdf_fs,off,1,4565,1.74
cdf_fs,off,1,4566,1.74
cdf_fs,off,1,4567,2.33
cdf_fs,off,1,4568,1.74
cdf_fs,off,1,4569,1.74
cdf_fs,off,1,4570,2.23
cdf_fs,off,1,4571,1.77
cdf_fs,off,1,4572,1.77
cdf_fs,off,1,4573,1.75
cdf_fs,off,1,4574,2.19
cdf_fs,off,1,4575,1.76
cdf_fs,off,1,4576,1.76
cdf_fs,off,1,4577,1.72
cdf_fs,off,1,4578,1.74
cdf_fs,off,1,4579,1.71
cdf_fs,off,1,4580,1.75
cdf_fs,off,1,4581,1.81
cdf_fs,off,1,4582,1.72
cdf_fs,off,1,4583,2.15
cdf_fs,off,1,4584,1.74
cdf_fs,off,1,4585,1.75
cdf_fs,off,1,4586,1.77
cdf_fs,off,1,4587,1.76
cdf_fs,off,1,4588,1.75
cdf_fs,off,1,4589,2.22
cdf_fs,off,1,4590,1.79
cdf_fs,off,1,4591,1.77
cdf_fs,off,1,4592,1.77
cdf_fs,off,1,4593,1.72
cdf_fs,off,1,4594,1.76
cdf_fs,off,1,4595,2.32
cdf_fs,off,1,4596,1.79
cdf_fs,off,1,4597,2.18
cdf_fs,off,1,4598,1.75
cdf_fs,off,1,4599,1.88
cdf_fs,off,1,4600,1.82
cdf_fs,off,1,4601,1.77
cdf_fs,off,1,4602,1.77
cdf_fs,off,1,4603,1.81
cdf_fs,off,1,4604,1.76
cdf_fs,off,1,4605,1.76
cdf_fs,off,1,4606,1.8
cdf_fs,off,1,4607,1.77
cdf_fs,off,1,4608,2.24
cdf_fs,off,1,4609,1.75
cdf_fs,off,1,4610,1.78
cdf_fs,off,1,4611,1.71
cdf_fs,off,1,4612,1.74
cdf_fs,off,1,4613,2.36
cdf_fs,off,1,4614,1.77
cdf_fs,off,1,4615,1.75
cdf_fs,off,1,4616,1.73
cdf_fs,off,1,4617,1.77
cdf_fs,off,1,4618,2.08
cdf_fs,off,1,4619,1.76
cdf_fs,off,1,4620,1.76
cdf_fs,off,1,4621,1.73
cdf_fs,off,1,4622,1.74
cdf_fs,off,1,4623,1.85
cdf_fs,off,1,4624,2.3
cdf_fs,off,1,4625,1.77
cdf_fs,off,1,4626,1.75
cdf_fs,off,1,4627,1.75
cdf_fs,off,1,4628,1.75
cdf_fs,off,1,4629,1.74
cdf_fs,off,1,4630,2.24
cdf_fs,off,1,4631,1.75
cdf_fs,off,1,4632,1.87
cdf_fs,off,1,4633,1.78
cdf_fs,off,1,4634,1.75
cdf_fs,off,1,4635,2.11
cdf_fs,off,1,4636,1.75
cdf_fs,off,1,4637,1.77
cdf_fs,off,1,4638,1.72
cdf_fs,off,1,4639,1.76
cdf_fs,off,1,4640,1.75
cdf_fs,off,1,4641,1.76
cdf_fs,off,1,4642,1.74
cdf_fs,off,1,4643,1.73
cdf_fs,off,1,4644,1.76
cdf_fs,off,1,4645,1.89
cdf_fs,off,1,4646,1.76
cdf_fs,off,1,4647,1.74
cdf_fs,off,1,4648,1.75
cdf_fs,off,1,4649,1.73
cdf_fs,off,1,4650,1.74
cdf_fs,off,1,4651,1.73
cdf_fs,off,1,4652,1.76
cdf_fs,off,1,4653,1.75
cdf_fs,off,1,4654,1.71
cdf_fs,off,1,4655,1.75
cdf_fs,off,1,4656,1.75
cdf_fs,off,1,4657,1.91
cdf_fs,off,1,4658,1.77
cdf_fs,off,1,4659,1.84
cdf_fs,off,1,4660,1.76
cdf_fs,off,1,4661,2.25
cdf_fs,off,1,4662,1.88
cdf_fs,off,1,4663,1.76
cdf_fs,off,1,4664,1.73
cdf_fs,off,1,4665,1.75
cdf_fs,off,1,4666,1.74
cdf_fs,off,1,4667,1.73
cdf_fs,off,1,4668,1.77
cdf_fs,off,1,4669,1.76
cdf_fs,off,1,4670,1.79
cdf_fs,off,1,4671,1.73
cdf_fs,off,1,4672,1.79
cdf_fs,off,1,4673,1.74
cdf_fs,off,1,4674,1.74
cdf_fs,off,1,4675,2.33
cdf_fs,off,1,4676,1.89
cdf_fs,off,1,4677,1.79
cdf_fs,off,1,4678,1.79
cdf_fs,off,1,4679,1.75
cdf_fs,off,1,4680,1.75
cdf_fs,off,1,4681,1.81
cdf_fs,off,1,4682,1.75
cdf_fs,off,1,4683,1.76
cdf_fs,off,1,4684,1.77
cdf_fs,off,1,4685,1.84
cdf_fs,off,1,4686,1.75
cdf_fs,off,1,4687,1.8
cdf_fs,off,1,4688,1.74
cdf_fs,off,1,4689,1.74
cdf_fs,off,1,4690,2.26
cdf_fs,off,1,4691,1.76
cdf_fs,off,1,4692,2.09
cdf_fs,off,1,4693,2.16
cdf_fs,off,1,4694,1.79
cdf_fs,off,1,4695,1.76
cdf_fs,off,1,4696,1.78
cdf_fs,off,1,4697,1.76
cdf_fs,off,1,4698,1.9
cdf_fs,off,1,4699,1.76
cdf_fs,off,1,4700,1.73
cdf_fs,off,1,4701,1.73
cdf_fs,off,1,4702,1.78
cdf_fs,off,1,4703,1.83
cdf_fs,off,1,4704,1.79
cdf_fs,off,1,4705,1.83
cdf_fs,off,1,4706,1.75
cdf_fs,off,1,4707,1.76
cdf_fs,off,1,4708,1.85
cdf_fs,off,1,4709,1.76
cdf_fs,off,1,4710,1.74
cdf_fs,off,1,4711,1.83
cdf_fs,off,1,4712,1.76
cdf_fs,off,1,4713,1.75
cdf_fs,off,1,4714,1.82
cdf_fs,off,1,4715,1.76
cdf_fs,off,1,4716,1.76
cdf_fs,off,1,4717,2.32
cdf_fs,off,1,4718,2.19
cdf_fs,off,1,4719,1.78
cdf_fs,off,1,4720,1.8
cdf_fs,off,1,4721,1.84
cdf_fs,off,1,4722,1.76
cdf_fs,off,1,4723,1.78
cdf_fs,off,1,4724,1.77
cdf_fs,off,1,4725,1.77
cdf_fs,off,1,4726,1.74
cdf_fs,off,1,4727,1.76
cdf_fs,off,1,4728,2.12
cdf_fs,off,1,4729,1.77
cdf_fs,off,1,4730,1.75
cdf_fs,off,1,4731,1.8
cdf_fs,off,1,4732,1.75
cdf_fs,off,1,4733,1.73
cdf_fs,off,1,4734,1.75
cdf_fs,off,1,4735,1.73
cdf_fs,off,1,4736,1.73
cdf_fs,off,1,4737,1.72
cdf_fs,off,1,4738,1.77
cdf_fs,off,1,4739,2.07
cdf_fs,off,1,4740,1.75
cdf_fs,off,1,4741,1.77
cdf_fs,off,1,4742,2.33
cdf_fs,off,1,4743,1.99
cdf_fs,off,1,4744,1.94
cdf_fs,off,1,4745,2.28
cdf_fs,off,1,4746,1.74
cdf_fs,off,1,4747,1.77
cdf_fs,off,1,4748,2.11
cdf_fs,off,1,4749,1.76
cdf_fs,off,1,4750,2.09
cdf_fs,off,1,4751,2.1
cdf_fs,off,1,4752,1.82
cdf_fs,off,1,4753,1.74
cdf_fs,off,1,4754,2.07
cdf_fs,off,1,4755,1.74
cdf_fs,off,1,4756,1.81
cdf_fs,off,1,4757,1.74
cdf_fs,off,1,4758,1.78
cdf_fs,off,1,4759,1.74
cdf_fs,off,1,4760,2.12
cdf_fs,off,1,4761,1.77
cdf_fs,off,1,4762,1.75
cdf_fs,off,1,4763,1.73
cdf_fs,off,1,4764,1.74
cdf_fs,off,1,4765,1.74
cdf_fs,off,1,4766,1.75
cdf_fs,off,1,4767,1.78
cdf_fs,off,1,4768,1.74
cdf_fs,off,1,4769,1.8
cdf_fs,off,1,4770,1.78
cdf_fs,off,1,4771,1.78
cdf_fs,off,1,4772,1.79
cdf_fs,off,1,4773,1.75
cdf_fs,off,1,4774,1.74
cdf_fs,off,1,4775,2.16
cdf_fs,off,1,4776,1.75
cdf_fs,off,1,4777,1.97
cdf_fs,off,1,4778,1.76
cdf_fs,off,1,4779,1.83
cdf_fs,off,1,4780,5.81
cdf_fs,off,1,4781,2.96
cdf_fs,off,1,4782,1.8
cdf_fs,off,1,4783,1.82
cdf_fs,off,1,4784,1.75
cdf_fs,off,1,4785,1.76
cdf_fs,off,1,4786,1.74
cdf_fs,off,1,4787,1.77
cdf_fs,off,1,4788,1.76
cdf_fs,off,1,4789,1.75
cdf_fs,off,1,4790,1.74
cdf_fs,off,1,4791,1.74
cdf_fs,off,1,4792,1.82
cdf_fs,off,1,4793,2.3
cdf_fs,off,1,4794,1.75
cdf_fs,off,1,4795,1.77
cdf_fs,off,1,4796,1.75
cdf_fs,off,1,4797,1.73
cdf_fs,off,1,4798,1.73
cdf_fs,off,1,4799,1.73
cdf_fs,off,1,4800,1.76
cdf_fs,off,1,4801,2.36
cdf_fs,off,1,4802,2.04
cdf_fs,off,1,4803,1.82
cdf_fs,off,1,4804,1.76
cdf_fs,off,1,4805,2.29
cdf_fs,off,1,4806,1.85
cdf_fs,off,1,4807,1.78
cdf_fs,off,1,4808,1.75
cdf_fs,off,1,4809,1.75
cdf_fs,off,1,4810,1.83
cdf_fs,off,1,4811,1.75
cdf_fs,off,1,4812,1.85
cdf_fs,off,1,4813,1.82
cdf_fs,off,1,4814,1.74
cdf_fs,off,1,4815,1.74
cdf_fs,off,1,4816,2.22
cdf_fs,off,1,4817,1.77
cdf_fs,off,1,4818,2.15
cdf_fs,off,1,4819,1.95
cdf_fs,off,1,4820,1.79
cdf_fs,off,1,4821,2.08
cdf_fs,off,1,4822,1.82
cdf_fs,off,1,4823,1.75
cdf_fs,off,1,4824,3.25
cdf_fs,off,1,4825,2.05
cdf_fs,off,1,4826,1.82
cdf_fs,off,1,4827,2.3
cdf_fs,off,1,4828,1.8
cdf_fs,off,1,4829,1.77
cdf_fs,off,1,4830,1.77
cdf_fs,off,1,4831,1.8
cdf_fs,off,1,4832,1.76
cdf_fs,off,1,4833,1.72
cdf_fs,off,1,4834,1.83
cdf_fs,off,1,4835,1.76
cdf_fs,off,1,4836,1.75
cdf_fs,off,1,4837,1.75
cdf_fs,off,1,4838,2.31
cdf_fs,off,1,4839,1.76
cdf_fs,off,1,4840,1.76
cdf_fs,off,1,4841,1.74
cdf_fs,off,1,4842,2.23
cdf_fs,off,1,4843,1.82
cdf_fs,off,1,4844,2.24
cdf_fs,off,1,4845,1.83
cdf_fs,off,1,4846,1.75
cdf_fs,off,1,4847,1.74
cdf_fs,off,1,4848,2.1
cdf_fs,off,1,4849,2.09
cdf_fs,off,1,4850,1.78
cdf_fs,off,1,4851,1.82
cdf_fs,off,1,4852,1.76
cdf_fs,off,1,4853,1.74
cdf_fs,off,1,4854,1.73
cdf_fs,off,1,4855,1.78
cdf_fs,off,1,4856,1.76
cdf_fs,off,1,4857,1.75
cdf_fs,off,1,4858,1.76
cdf_fs,off,1,4859,1.75
cdf_fs,off,1,4860,1.72
cdf_fs,off,1,4861,2.27
cdf_fs,off,1,4862,1.72
cdf_fs,off,1,4863,1.74
cdf_fs,off,1,4864,1.75
cdf_fs,off,1,4865,1.73
cdf_fs,off,1,4866,1.73
cdf_fs,off,1,4867,2.1
cdf_fs,off,1,4868,1.78
cdf_fs,off,1,4869,2.26
cdf_fs,off,1,4870,1.78
cdf_fs,off,1,4871,1.79
cdf_fs,off,1,4872,1.75
cdf_fs,off,1,4873,1.75
cdf_fs,off,1,4874,1.76
cdf_fs,off,1,4875,1.74
cdf_fs,off,1,4876,1.73
cdf_fs,off,1,4877,1.74
cdf_fs,off,1,4878,1.73
cdf_fs,off,1,4879,1.74
cdf_fs,off,1,4880,1.78
cdf_fs,off,1,4881,1.74
cdf_fs,off,1,4882,1.73
cdf_fs,off,1,4883,1.73
cdf_fs,off,1,4884,1.73
cdf_fs,off,1,4885,1.73
cdf_fs,off,1,4886,1.75
cdf_fs,off,1,4887,2.37
cdf_fs,off,1,4888,1.78
cdf_fs,off,1,4889,2.24
cdf_fs,off,1,4890,1.76
cdf_fs,off,1,4891,1.77
cdf_fs,off,1,4892,1.75
cdf_fs,off,1,4893,1.76
cdf_fs,off,1,4894,2.14
cdf_fs,off,1,4895,1.79
cdf_fs,off,1,4896,1.77
cdf_fs,off,1,4897,1.82
cdf_fs,off,1,4898,1.78
cdf_fs,off,1,4899,1.75
cdf_fs,off,1,4900,1.73
cdf_fs,off,1,4901,1.74
cdf_fs,off,1,4902,1.72
cdf_fs,off,1,4903,1.78
cdf_fs,off,1,4904,1.76
cdf_fs,off,1,4905,1.71
cdf_fs,off,1,4906,2.07
cdf_fs,off,1,4907,1.78
cdf_fs,off,1,4908,2.07
cdf_fs,off,1,4909,2.12
cdf_fs,off,1,4910,1.79
cdf_fs,off,1,4911,2.07
cdf_fs,off,1,4912,2.11
cdf_fs,off,1,4913,1.76
cdf_fs,off,1,4914,1.75
cdf_fs,off,1,4915,2.11
cdf_fs,off,1,4916,1.76
cdf_fs,off,1,4917,1.8
cdf_fs,off,1,4918,1.8
cdf_fs,off,1,4919,1.75
cdf_fs,off,1,4920,1.72
cdf_fs,off,1,4921,1.75
cdf_fs,off,1,4922,1.84
cdf_fs,off,1,4923,1.87
cdf_fs,off,1,4924,1.74
cdf_fs,off,1,4925,1.77
cdf_fs,off,1,4926,1.83
cdf_fs,off,1,4927,1.76
cdf_fs,off,1,4928,1.78
cdf_fs,off,1,4929,1.74
cdf_fs,off,1,4930,1.74
cdf_fs,off,1,4931,1.77
cdf_fs,off,1,4932,1.77
cdf_fs,off,1,4933,2.17
cdf_fs,off,1,4934,1.74
cdf_fs,off,1,4935,1.74
cdf_fs,off,1,4936,1.74
cdf_fs,off,1,4937,1.73
cdf_fs,off,1,4938,1.73
cdf_fs,off,1,4939,1.74
cdf_fs,off,1,4940,2.29
cdf_fs,off,1,4941,1.8
cdf_fs,off,1,4942,1.75
cdf_fs,off,1,4943,1.76
cdf_fs,off,1,4944,1.76
cdf_fs,off,1,4945,1.94
cdf_fs,off,1,4946,1.73
cdf_fs,off,1,4947,1.84
cdf_fs,off,1,4948,1.76
cdf_fs,off,1,4949,2.11
cdf_fs,off,1,4950,1.76
cdf_fs,off,1,4951,1.77
cdf_fs,off,1,4952,1.78
cdf_fs,off,1,4953,2.11
cdf_fs,off,1,4954,1.78
cdf_fs,off,1,4955,1.85
cdf_fs,off,1,4956,1.86
cdf_fs,off,1,4957,1.91
cdf_fs,off,1,4958,1.81
cdf_fs,off,1,4959,1.74
cdf_fs,off,1,4960,2.19
cdf_fs,off,1,4961,1.92
cdf_fs,off,1,4962,1.81
cdf_fs,off,1,4963,1.76
cdf_fs,off,1,4964,1.78
cdf_fs,off,1,4965,1.8
cdf_fs,off,1,4966,1.75
cdf_fs,off,1,4967,1.74
cdf_fs,off,1,4968,1.77
cdf_fs,off,1,4969,1.79
cdf_fs,off,1,4970,2.22
cdf_fs,off,1,4971,1.84
cdf_fs,off,1,4972,1.74
cdf_fs,off,1,4973,2.24
cdf_fs,off,1,4974,1.78
cdf_fs,off,1,4975,1.77
cdf_fs,off,1,4976,1.73
cdf_fs,off,1,4977,1.75
cdf_fs,off,1,4978,1.95
cdf_fs,off,1,4979,1.79
cdf_fs,off,1,4980,1.74
cdf_fs,off,1,4981,1.73
cdf_fs,off,1,4982,1.75
cdf_fs,off,1,4983,2.21
cdf_fs,off,1,4984,1.75
cdf_fs,off,1,4985,2.21
cdf_fs,off,1,4986,1.84
cdf_fs,off,1,4987,1.76
cdf_fs,off,1,4988,1.77
cdf_fs,off,1,4989,1.74
cdf_fs,off,1,4990,1.76
cdf_fs,off,1,4991,1.83
cdf_fs,off,1,4992,2.12
cdf_fs,off,1,4993,1.78
cdf_fs,off,1,4994,1.73
cdf_fs,off,1,4995,2.13
cdf_fs,off,1,4996,2.34
cdf_fs,off,1,4997,1.83
cdf_fs,off,1,4998,2.11
cdf_fs,off,1,4999,1.78
cdf_fs,ebpf,1,0,5.68
cdf_fs,ebpf,1,1,5.449
cdf_fs,ebpf,1,2,4.931
cdf_fs,ebpf,1,3,5.3
cdf_fs,ebpf,1,4,3.94
cdf_fs,ebpf,1,5,5.26
cdf_fs,ebpf,1,6,4.96
cdf_fs,ebpf,1,7,5.22
cdf_fs,ebpf,1,8,5.02
cdf_fs,ebpf,1,9,5.22
cdf_fs,ebpf,1,10,5.08
cdf_fs,ebpf,1,11,5.3
cdf_fs,ebpf,1,12,5.1
cdf_fs,ebpf,1,13,5.631
cdf_fs,ebpf,1,14,4.04
cdf_fs,ebpf,1,15,5.049
cdf_fs,ebpf,1,16,5.009
cdf_fs,ebpf,1,17,5.2
cdf_fs,ebpf,1,18,5.06
cdf_fs,ebpf,1,19,5.3
cdf_fs,ebpf,1,20,5.149
cdf_fs,ebpf,1,21,5.34
cdf_fs,ebpf,1,22,4.051
cdf_fs,ebpf,1,23,5.14
cdf_fs,ebpf,1,24,4.651
cdf_fs,ebpf,1,25,5.531
cdf_fs,ebpf,1,26,5.04
cdf_fs,ebpf,1,27,5.391
cdf_fs,ebpf,1,28,5.04
cdf_fs,ebpf,1,29,5.229
cdf_fs,ebpf,1,30,4.889
cdf_fs,ebpf,1,31,5.331
cdf_fs,ebpf,1,32,4.991
cdf_fs,ebpf,1,33,5.3
cdf_fs,ebpf,1,34,5.029
cdf_fs,ebpf,1,35,5.151
cdf_fs,ebpf,1,36,4.84
cdf_fs,ebpf,1,37,5.22
cdf_fs,ebpf,1,38,4.94
cdf_fs,ebpf,1,39,5.371
cdf_fs,ebpf,1,40,5.111
cdf_fs,ebpf,1,41,5.189
cdf_fs,ebpf,1,42,4.78
cdf_fs,ebpf,1,43,5.271
cdf_fs,ebpf,1,44,4.9
cdf_fs,ebpf,1,45,5.26
cdf_fs,ebpf,1,46,5.111
cdf_fs,ebpf,1,47,5.26
cdf_fs,ebpf,1,48,4.84
cdf_fs,ebpf,1,49,5.489
cdf_fs,ebpf,1,50,4.051
cdf_fs,ebpf,1,51,5.309
cdf_fs,ebpf,1,52,4.031
cdf_fs,ebpf,1,53,5.371
cdf_fs,ebpf,1,54,5.06
cdf_fs,ebpf,1,55,5.389
cdf_fs,ebpf,1,56,5.009
cdf_fs,ebpf,1,57,5.32
cdf_fs,ebpf,1,58,4.28
cdf_fs,ebpf,1,59,5.251
cdf_fs,ebpf,1,60,6.02
cdf_fs,ebpf,1,61,5.18
cdf_fs,ebpf,1,62,3.609
cdf_fs,ebpf,1,63,5.18
cdf_fs,ebpf,1,64,4.92
cdf_fs,ebpf,1,65,5.34
cdf_fs,ebpf,1,66,4.88
cdf_fs,ebpf,1,67,5.16
cdf_fs,ebpf,1,68,4.989
cdf_fs,ebpf,1,69,5.28
cdf_fs,ebpf,1,70,3.92
cdf_fs,ebpf,1,71,5.449
cdf_fs,ebpf,1,72,4.08
cdf_fs,ebpf,1,73,5.209
cdf_fs,ebpf,1,74,4.14
cdf_fs,ebpf,1,75,5.36
cdf_fs,ebpf,1,76,4.96
cdf_fs,ebpf,1,77,5.3
cdf_fs,ebpf,1,78,3.589
cdf_fs,ebpf,1,79,5.22
cdf_fs,ebpf,1,80,4.78
cdf_fs,ebpf,1,81,5.38
cdf_fs,ebpf,1,82,4.949
cdf_fs,ebpf,1,83,5.26
cdf_fs,ebpf,1,84,4.98
cdf_fs,ebpf,1,85,5.24
cdf_fs,ebpf,1,86,5.089
cdf_fs,ebpf,1,87,5.351
cdf_fs,ebpf,1,88,4.031
cdf_fs,ebpf,1,89,5.311
cdf_fs,ebpf,1,90,4.871
cdf_fs,ebpf,1,91,4.751
cdf_fs,ebpf,1,92,4.98
cdf_fs,ebpf,1,93,5.211
cdf_fs,ebpf,1,94,4.94
cdf_fs,ebpf,1,95,5.3
cdf_fs,ebpf,1,96,4.889
cdf_fs,ebpf,1,97,5.44
cdf_fs,ebpf,1,98,4.969
cdf_fs,ebpf,1,99,5.389
cdf_fs,ebpf,1,100,3.991
cdf_fs,ebpf,1,101,5.531
cdf_fs,ebpf,1,102,4.92
cdf_fs,ebpf,1,103,5.189
cdf_fs,ebpf,1,104,5.051
cdf_fs,ebpf,1,105,5.24
cdf_fs,ebpf,1,106,5.129
cdf_fs,ebpf,1,107,5.16
cdf_fs,ebpf,1,108,4.76
cdf_fs,ebpf,1,109,4.771
cdf_fs,ebpf,1,110,4.0
cdf_fs,ebpf,1,111,5.131
cdf_fs,ebpf,1,112,4.871
cdf_fs,ebpf,1,113,5.251
cdf_fs,ebpf,1,114,4.92
cdf_fs,ebpf,1,115,5.4
cdf_fs,ebpf,1,116,4.0
cdf_fs,ebpf,1,117,5.28
cdf_fs,ebpf,1,118,3.549
cdf_fs,ebpf,1,119,5.189
cdf_fs,ebpf,1,120,4.889
cdf_fs,ebpf,1,121,5.151
cdf_fs,ebpf,1,122,4.68
cdf_fs,ebpf,1,123,5.26
cdf_fs,ebpf,1,124,4.791
cdf_fs,ebpf,1,125,5.269
cdf_fs,ebpf,1,126,5.051
cdf_fs,ebpf,1,127,5.171
cdf_fs,ebpf,1,128,4.871
cdf_fs,ebpf,1,129,5.38
cdf_fs,ebpf,1,130,4.98
cdf_fs,ebpf,1,131,5.1
cdf_fs,ebpf,1,132,4.82
cdf_fs,ebpf,1,133,5.209
cdf_fs,ebpf,1,134,4.76
cdf_fs,ebpf,1,135,4.88
cdf_fs,ebpf,1,136,4.951
cdf_fs,ebpf,1,137,5.36
cdf_fs,ebpf,1,138,4.9
cdf_fs,ebpf,1,139,5.269
cdf_fs,ebpf,1,140,5.031
cdf_fs,ebpf,1,141,5.24
cdf_fs,ebpf,1,142,5.091
cdf_fs,ebpf,1,143,5.189
cdf_fs,ebpf,1,144,4.96
cdf_fs,ebpf,1,145,5.22
cdf_fs,ebpf,1,146,4.92
cdf_fs,ebpf,1,147,5.3
cdf_fs,ebpf,1,148,4.84
cdf_fs,ebpf,1,149,5.301
cdf_fs,ebpf,1,150,3.53
cdf_fs,ebpf,1,151,5.43
cdf_fs,ebpf,1,152,3.88
cdf_fs,ebpf,1,153,5.18
cdf_fs,ebpf,1,154,4.89
cdf_fs,ebpf,1,155,5.2
cdf_fs,ebpf,1,156,5.04
cdf_fs,ebpf,1,157,5.31
cdf_fs,ebpf,1,158,4.07
cdf_fs,ebpf,1,159,5.23
cdf_fs,ebpf,1,160,5.13
cdf_fs,ebpf,1,161,5.26
cdf_fs,ebpf,1,162,4.82
cdf_fs,ebpf,1,163,5.55
cdf_fs,ebpf,1,164,4.06
cdf_fs,ebpf,1,165,4.76
cdf_fs,ebpf,1,166,4.89
cdf_fs,ebpf,1,167,5.62
cdf_fs,ebpf,1,168,5.0
cdf_fs,ebpf,1,169,5.03
cdf_fs,ebpf,1,170,5.03
cdf_fs,ebpf,1,171,5.28
cdf_fs,ebpf,1,172,4.15
cdf_fs,ebpf,1,173,10.19
cdf_fs,ebpf,1,174,6.12
cdf_fs,ebpf,1,175,6.45
cdf_fs,ebpf,1,176,4.95
cdf_fs,ebpf,1,177,5.34
cdf_fs,ebpf,1,178,4.1
cdf_fs,ebpf,1,179,5.39
cdf_fs,ebpf,1,180,4.94
cdf_fs,ebpf,1,181,5.28
cdf_fs,ebpf,1,182,4.98
cdf_fs,ebpf,1,183,5.09
cdf_fs,ebpf,1,184,5.1
cdf_fs,ebpf,1,185,5.42
cdf_fs,ebpf,1,186,5.11
cdf_fs,ebpf,1,187,5.73
cdf_fs,ebpf,1,188,5.16
cdf_fs,ebpf,1,189,4.92
cdf_fs,ebpf,1,190,5.13
cdf_fs,ebpf,1,191,5.47
cdf_fs,ebpf,1,192,4.07
cdf_fs,ebpf,1,193,5.33
cdf_fs,ebpf,1,194,4.26
cdf_fs,ebpf,1,195,5.32
cdf_fs,ebpf,1,196,5.05
cdf_fs,ebpf,1,197,5.5
cdf_fs,ebpf,1,198,4.97
cdf_fs,ebpf,1,199,5.42
cdf_fs,ebpf,1,200,4.26
cdf_fs,ebpf,1,201,4.96
cdf_fs,ebpf,1,202,4.92
cdf_fs,ebpf,1,203,5.57
cdf_fs,ebpf,1,204,4.18
cdf_fs,ebpf,1,205,5.36
cdf_fs,ebpf,1,206,4.03
cdf_fs,ebpf,1,207,5.43
cdf_fs,ebpf,1,208,4.78
cdf_fs,ebpf,1,209,4.79
cdf_fs,ebpf,1,210,4.98
cdf_fs,ebpf,1,211,5.38
cdf_fs,ebpf,1,212,5.09
cdf_fs,ebpf,1,213,5.3
cdf_fs,ebpf,1,214,4.85
cdf_fs,ebpf,1,215,5.31
cdf_fs,ebpf,1,216,4.06
cdf_fs,ebpf,1,217,5.25
cdf_fs,ebpf,1,218,4.26
cdf_fs,ebpf,1,219,5.45
cdf_fs,ebpf,1,220,4.05
cdf_fs,ebpf,1,221,5.34
cdf_fs,ebpf,1,222,4.6
cdf_fs,ebpf,1,223,5.33
cdf_fs,ebpf,1,224,4.31
cdf_fs,ebpf,1,225,4.85
cdf_fs,ebpf,1,226,5.06
cdf_fs,ebpf,1,227,5.41
cdf_fs,ebpf,1,228,5.17
cdf_fs,ebpf,1,229,5.12
cdf_fs,ebpf,1,230,4.01
cdf_fs,ebpf,1,231,5.18
cdf_fs,ebpf,1,232,4.85
cdf_fs,ebpf,1,233,5.4
cdf_fs,ebpf,1,234,4.99
cdf_fs,ebpf,1,235,4.72
cdf_fs,ebpf,1,236,4.98
cdf_fs,ebpf,1,237,5.26
cdf_fs,ebpf,1,238,5.06
cdf_fs,ebpf,1,239,5.32
cdf_fs,ebpf,1,240,5.01
cdf_fs,ebpf,1,241,5.27
cdf_fs,ebpf,1,242,5.03
cdf_fs,ebpf,1,243,5.32
cdf_fs,ebpf,1,244,3.48
cdf_fs,ebpf,1,245,5.3
cdf_fs,ebpf,1,246,5.11
cdf_fs,ebpf,1,247,5.2
cdf_fs,ebpf,1,248,4.96
cdf_fs,ebpf,1,249,5.58
cdf_fs,ebpf,1,250,4.08
cdf_fs,ebpf,1,251,5.42
cdf_fs,ebpf,1,252,5.22
cdf_fs,ebpf,1,253,5.34
cdf_fs,ebpf,1,254,4.96
cdf_fs,ebpf,1,255,4.71
cdf_fs,ebpf,1,256,5.08
cdf_fs,ebpf,1,257,5.31
cdf_fs,ebpf,1,258,4.03
cdf_fs,ebpf,1,259,4.78
cdf_fs,ebpf,1,260,4.96
cdf_fs,ebpf,1,261,4.87
cdf_fs,ebpf,1,262,4.82
cdf_fs,ebpf,1,263,5.29
cdf_fs,ebpf,1,264,5.07
cdf_fs,ebpf,1,265,5.38
cdf_fs,ebpf,1,266,5.09
cdf_fs,ebpf,1,267,5.21
cdf_fs,ebpf,1,268,5.08
cdf_fs,ebpf,1,269,5.28
cdf_fs,ebpf,1,270,4.05
cdf_fs,ebpf,1,271,5.34
cdf_fs,ebpf,1,272,4.84
cdf_fs,ebpf,1,273,5.33
cdf_fs,ebpf,1,274,3.57
cdf_fs,ebpf,1,275,5.33
cdf_fs,ebpf,1,276,4.94
cdf_fs,ebpf,1,277,5.0
cdf_fs,ebpf,1,278,4.05
cdf_fs,ebpf,1,279,5.3
cdf_fs,ebpf,1,280,5.07
cdf_fs,ebpf,1,281,5.16
cdf_fs,ebpf,1,282,3.53
cdf_fs,ebpf,1,283,5.44
cdf_fs,ebpf,1,284,5.41
cdf_fs,ebpf,1,285,5.26
cdf_fs,ebpf,1,286,4.96
cdf_fs,ebpf,1,287,5.43
cdf_fs,ebpf,1,288,3.95
cdf_fs,ebpf,1,289,5.42
cdf_fs,ebpf,1,290,4.91
cdf_fs,ebpf,1,291,5.23
cdf_fs,ebpf,1,292,4.86
cdf_fs,ebpf,1,293,5.39
cdf_fs,ebpf,1,294,4.95
cdf_fs,ebpf,1,295,5.23
cdf_fs,ebpf,1,296,4.97
cdf_fs,ebpf,1,297,5.22
cdf_fs,ebpf,1,298,4.87
cdf_fs,ebpf,1,299,5.39
cdf_fs,ebpf,1,300,4.8
cdf_fs,ebpf,1,301,5.32
cdf_fs,ebpf,1,302,5.1
cdf_fs,ebpf,1,303,5.36
cdf_fs,ebpf,1,304,4.1
cdf_fs,ebpf,1,305,5.2
cdf_fs,ebpf,1,306,4.91
cdf_fs,ebpf,1,307,5.26
cdf_fs,ebpf,1,308,4.09
cdf_fs,ebpf,1,309,5.89
cdf_fs,ebpf,1,310,4.96
cdf_fs,ebpf,1,311,5.26
cdf_fs,ebpf,1,312,5.0
cdf_fs,ebpf,1,313,5.26
cdf_fs,ebpf,1,314,4.99
cdf_fs,ebpf,1,315,5.37
cdf_fs,ebpf,1,316,3.54
cdf_fs,ebpf,1,317,5.3
cdf_fs,ebpf,1,318,4.93
cdf_fs,ebpf,1,319,5.33
cdf_fs,ebpf,1,320,4.94
cdf_fs,ebpf,1,321,5.45
cdf_fs,ebpf,1,322,3.54
cdf_fs,ebpf,1,323,5.32
cdf_fs,ebpf,1,324,5.03
cdf_fs,ebpf,1,325,5.37
cdf_fs,ebpf,1,326,4.94
cdf_fs,ebpf,1,327,5.06
cdf_fs,ebpf,1,328,4.02
cdf_fs,ebpf,1,329,5.25
cdf_fs,ebpf,1,330,4.18
cdf_fs,ebpf,1,331,5.13
cdf_fs,ebpf,1,332,4.82
cdf_fs,ebpf,1,333,4.97
cdf_fs,ebpf,1,334,4.53
cdf_fs,ebpf,1,335,5.49
cdf_fs,ebpf,1,336,5.03
cdf_fs,ebpf,1,337,5.5
cdf_fs,ebpf,1,338,5.1
cdf_fs,ebpf,1,339,5.19
cdf_fs,ebpf,1,340,4.96
cdf_fs,ebpf,1,341,4.89
cdf_fs,ebpf,1,342,5.14
cdf_fs,ebpf,1,343,5.17
cdf_fs,ebpf,1,344,5.03
cdf_fs,ebpf,1,345,5.31
cdf_fs,ebpf,1,346,5.03
cdf_fs,ebpf,1,347,5.25
cdf_fs,ebpf,1,348,4.98
cdf_fs,ebpf,1,349,5.57
cdf_fs,ebpf,1,350,5.0
cdf_fs,ebpf,1,351,5.25
cdf_fs,ebpf,1,352,5.05
cdf_fs,ebpf,1,353,4.94
cdf_fs,ebpf,1,354,4.96
cdf_fs,ebpf,1,355,4.82
cdf_fs,ebpf,1,356,4.93
cdf_fs,ebpf,1,357,5.09
cdf_fs,ebpf,1,358,4.03
cdf_fs,ebpf,1,359,4.81
cdf_fs,ebpf,1,360,5.03
cdf_fs,ebpf,1,361,5.25
cdf_fs,ebpf,1,362,4.82
cdf_fs,ebpf,1,363,5.48
cdf_fs,ebpf,1,364,5.0
cdf_fs,ebpf,1,365,5.78
cdf_fs,ebpf,1,366,5.08
cdf_fs,ebpf,1,367,6.55
cdf_fs,ebpf,1,368,3.55
cdf_fs,ebpf,1,369,5.39
cdf_fs,ebpf,1,370,4.08
cdf_fs,ebpf,1,371,5.67
cdf_fs,ebpf,1,372,4.99
cdf_fs,ebpf,1,373,4.85
cdf_fs,ebpf,1,374,4.98
cdf_fs,ebpf,1,375,5.29
cdf_fs,ebpf,1,376,5.0
cdf_fs,ebpf,1,377,5.22
cdf_fs,ebpf,1,378,5.1
cdf_fs,ebpf,1,379,5.4
cdf_fs,ebpf,1,380,4.99
cdf_fs,ebpf,1,381,5.26
cdf_fs,ebpf,1,382,4.96
cdf_fs,ebpf,1,383,5.4
cdf_fs,ebpf,1,384,5.04
cdf_fs,ebpf,1,385,5.4
cdf_fs,ebpf,1,386,3.55
cdf_fs,ebpf,1,387,5.27
cdf_fs,ebpf,1,388,4.93
cdf_fs,ebpf,1,389,4.9
cdf_fs,ebpf,1,390,4.89
cdf_fs,ebpf,1,391,5.17
cdf_fs,ebpf,1,392,4.46
cdf_fs,ebpf,1,393,5.24
cdf_fs,ebpf,1,394,4.92
cdf_fs,ebpf,1,395,5.17
cdf_fs,ebpf,1,396,4.87
cdf_fs,ebpf,1,397,5.35
cdf_fs,ebpf,1,398,5.0
cdf_fs,ebpf,1,399,5.28
cdf_fs,ebpf,1,400,4.1
cdf_fs,ebpf,1,401,5.34
cdf_fs,ebpf,1,402,4.92
cdf_fs,ebpf,1,403,5.3
cdf_fs,ebpf,1,404,3.6
cdf_fs,ebpf,1,405,5.22
cdf_fs,ebpf,1,406,4.93
cdf_fs,ebpf,1,407,5.28
cdf_fs,ebpf,1,408,4.52
cdf_fs,ebpf,1,409,5.4
cdf_fs,ebpf,1,410,3.95
cdf_fs,ebpf,1,411,4.94
cdf_fs,ebpf,1,412,4.43
cdf_fs,ebpf,1,413,6.57
cdf_fs,ebpf,1,414,3.53
cdf_fs,ebpf,1,415,5.23
cdf_fs,ebpf,1,416,4.9
cdf_fs,ebpf,1,417,5.2
cdf_fs,ebpf,1,418,5.01
cdf_fs,ebpf,1,419,5.51
cdf_fs,ebpf,1,420,4.89
cdf_fs,ebpf,1,421,5.2
cdf_fs,ebpf,1,422,4.86
cdf_fs,ebpf,1,423,4.96
cdf_fs,ebpf,1,424,4.93
cdf_fs,ebpf,1,425,5.57
cdf_fs,ebpf,1,426,3.52
cdf_fs,ebpf,1,427,5.31
cdf_fs,ebpf,1,428,4.98
cdf_fs,ebpf,1,429,5.24
cdf_fs,ebpf,1,430,3.54
cdf_fs,ebpf,1,431,5.33
cdf_fs,ebpf,1,432,5.44
cdf_fs,ebpf,1,433,5.3
cdf_fs,ebpf,1,434,4.04
cdf_fs,ebpf,1,435,5.27
cdf_fs,ebpf,1,436,3.95
cdf_fs,ebpf,1,437,5.4
cdf_fs,ebpf,1,438,5.31
cdf_fs,ebpf,1,439,5.17
cdf_fs,ebpf,1,440,4.86
cdf_fs,ebpf,1,441,5.29
cdf_fs,ebpf,1,442,4.94
cdf_fs,ebpf,1,443,5.28
cdf_fs,ebpf,1,444,4.67
cdf_fs,ebpf,1,445,5.4
cdf_fs,ebpf,1,446,4.97
cdf_fs,ebpf,1,447,5.46
cdf_fs,ebpf,1,448,4.14
cdf_fs,ebpf,1,449,5.32
cdf_fs,ebpf,1,450,4.94
cdf_fs,ebpf,1,451,5.34
cdf_fs,ebpf,1,452,5.08
cdf_fs,ebpf,1,453,5.18
cdf_fs,ebpf,1,454,3.98
cdf_fs,ebpf,1,455,5.3
cdf_fs,ebpf,1,456,5.07
cdf_fs,ebpf,1,457,5.24
cdf_fs,ebpf,1,458,4.14
cdf_fs,ebpf,1,459,5.06
cdf_fs,ebpf,1,460,4.84
cdf_fs,ebpf,1,461,5.3
cdf_fs,ebpf,1,462,5.03
cdf_fs,ebpf,1,463,5.28
cdf_fs,ebpf,1,464,3.94
cdf_fs,ebpf,1,465,4.93
cdf_fs,ebpf,1,466,4.8
cdf_fs,ebpf,1,467,5.33
cdf_fs,ebpf,1,468,4.94
cdf_fs,ebpf,1,469,5.35
cdf_fs,ebpf,1,470,5.09
cdf_fs,ebpf,1,471,5.27
cdf_fs,ebpf,1,472,4.92
cdf_fs,ebpf,1,473,5.41
cdf_fs,ebpf,1,474,4.99
cdf_fs,ebpf,1,475,5.24
cdf_fs,ebpf,1,476,4.87
cdf_fs,ebpf,1,477,5.26
cdf_fs,ebpf,1,478,4.03
cdf_fs,ebpf,1,479,5.21
cdf_fs,ebpf,1,480,4.97
cdf_fs,ebpf,1,481,5.2
cdf_fs,ebpf,1,482,3.61
cdf_fs,ebpf,1,483,5.31
cdf_fs,ebpf,1,484,4.1
cdf_fs,ebpf,1,485,5.22
cdf_fs,ebpf,1,486,3.72
cdf_fs,ebpf,1,487,4.98
cdf_fs,ebpf,1,488,4.96
cdf_fs,ebpf,1,489,5.35
cdf_fs,ebpf,1,490,3.67
cdf_fs,ebpf,1,491,5.23
cdf_fs,ebpf,1,492,4.85
cdf_fs,ebpf,1,493,5.51
cdf_fs,ebpf,1,494,5.16
cdf_fs,ebpf,1,495,5.13
cdf_fs,ebpf,1,496,4.97
cdf_fs,ebpf,1,497,5.32
cdf_fs,ebpf,1,498,4.15
cdf_fs,ebpf,1,499,4.91
cdf_fs,ebpf,1,500,4.98
cdf_fs,ebpf,1,501,5.24
cdf_fs,ebpf,1,502,4.91
cdf_fs,ebpf,1,503,4.71
cdf_fs,ebpf,1,504,3.61
cdf_fs,ebpf,1,505,5.43
cdf_fs,ebpf,1,506,3.54
cdf_fs,ebpf,1,507,5.2
cdf_fs,ebpf,1,508,5.05
cdf_fs,ebpf,1,509,5.35
cdf_fs,ebpf,1,510,3.95
cdf_fs,ebpf,1,511,5.08
cdf_fs,ebpf,1,512,4.91
cdf_fs,ebpf,1,513,5.56
cdf_fs,ebpf,1,514,5.06
cdf_fs,ebpf,1,515,5.22
cdf_fs,ebpf,1,516,4.97
cdf_fs,ebpf,1,517,5.22
cdf_fs,ebpf,1,518,5.17
cdf_fs,ebpf,1,519,5.28
cdf_fs,ebpf,1,520,4.78
cdf_fs,ebpf,1,521,5.28
cdf_fs,ebpf,1,522,4.02
cdf_fs,ebpf,1,523,4.81
cdf_fs,ebpf,1,524,5.04
cdf_fs,ebpf,1,525,5.3
cdf_fs,ebpf,1,526,4.99
cdf_fs,ebpf,1,527,5.21
cdf_fs,ebpf,1,528,4.14
cdf_fs,ebpf,1,529,5.26
cdf_fs,ebpf,1,530,4.93
cdf_fs,ebpf,1,531,5.18
cdf_fs,ebpf,1,532,4.92
cdf_fs,ebpf,1,533,5.34
cdf_fs,ebpf,1,534,4.1
cdf_fs,ebpf,1,535,5.24
cdf_fs,ebpf,1,536,3.96
cdf_fs,ebpf,1,537,5.38
cdf_fs,ebpf,1,538,4.92
cdf_fs,ebpf,1,539,5.24
cdf_fs,ebpf,1,540,5.15
cdf_fs,ebpf,1,541,5.37
cdf_fs,ebpf,1,542,5.01
cdf_fs,ebpf,1,543,5.16
cdf_fs,ebpf,1,544,4.98
cdf_fs,ebpf,1,545,5.22
cdf_fs,ebpf,1,546,4.8
cdf_fs,ebpf,1,547,5.76
cdf_fs,ebpf,1,548,5.04
cdf_fs,ebpf,1,549,4.79
cdf_fs,ebpf,1,550,4.95
cdf_fs,ebpf,1,551,5.42
cdf_fs,ebpf,1,552,3.52
cdf_fs,ebpf,1,553,5.28
cdf_fs,ebpf,1,554,5.14
cdf_fs,ebpf,1,555,5.47
cdf_fs,ebpf,1,556,4.02
cdf_fs,ebpf,1,557,5.47
cdf_fs,ebpf,1,558,3.64
cdf_fs,ebpf,1,559,5.17
cdf_fs,ebpf,1,560,4.95
cdf_fs,ebpf,1,561,5.33
cdf_fs,ebpf,1,562,8.83
cdf_fs,ebpf,1,563,6.59
cdf_fs,ebpf,1,564,5.11
cdf_fs,ebpf,1,565,5.26
cdf_fs,ebpf,1,566,5.08
cdf_fs,ebpf,1,567,5.13
cdf_fs,ebpf,1,568,4.93
cdf_fs,ebpf,1,569,4.87
cdf_fs,ebpf,1,570,4.93
cdf_fs,ebpf,1,571,4.91
cdf_fs,ebpf,1,572,5.05
cdf_fs,ebpf,1,573,5.25
cdf_fs,ebpf,1,574,5.06
cdf_fs,ebpf,1,575,5.36
cdf_fs,ebpf,1,576,4.22
cdf_fs,ebpf,1,577,4.78
cdf_fs,ebpf,1,578,3.65
cdf_fs,ebpf,1,579,5.35
cdf_fs,ebpf,1,580,4.08
cdf_fs,ebpf,1,581,5.14
cdf_fs,ebpf,1,582,4.63
cdf_fs,ebpf,1,583,5.48
cdf_fs,ebpf,1,584,4.95
cdf_fs,ebpf,1,585,4.86
cdf_fs,ebpf,1,586,5.1
cdf_fs,ebpf,1,587,4.89
cdf_fs,ebpf,1,588,3.56
cdf_fs,ebpf,1,589,4.9
cdf_fs,ebpf,1,590,4.23
cdf_fs,ebpf,1,591,5.4
cdf_fs,ebpf,1,592,3.71
cdf_fs,ebpf,1,593,5.41
cdf_fs,ebpf,1,594,4.9
cdf_fs,ebpf,1,595,5.21
cdf_fs,ebpf,1,596,4.76
cdf_fs,ebpf,1,597,5.44
cdf_fs,ebpf,1,598,4.96
cdf_fs,ebpf,1,599,5.32
cdf_fs,ebpf,1,600,4.01
cdf_fs,ebpf,1,601,5.42
cdf_fs,ebpf,1,602,3.59
cdf_fs,ebpf,1,603,5.32
cdf_fs,ebpf,1,604,5.18
cdf_fs,ebpf,1,605,5.29
cdf_fs,ebpf,1,606,5.13
cdf_fs,ebpf,1,607,4.85
cdf_fs,ebpf,1,608,4.9
cdf_fs,ebpf,1,609,5.21
cdf_fs,ebpf,1,610,4.04
cdf_fs,ebpf,1,611,4.9
cdf_fs,ebpf,1,612,4.55
cdf_fs,ebpf,1,613,5.36
cdf_fs,ebpf,1,614,5.03
cdf_fs,ebpf,1,615,5.28
cdf_fs,ebpf,1,616,4.9
cdf_fs,ebpf,1,617,5.51
cdf_fs,ebpf,1,618,3.68
cdf_fs,ebpf,1,619,5.55
cdf_fs,ebpf,1,620,4.07
cdf_fs,ebpf,1,621,5.42
cdf_fs,ebpf,1,622,4.1
cdf_fs,ebpf,1,623,5.3
cdf_fs,ebpf,1,624,5.07
cdf_fs,ebpf,1,625,5.34
cdf_fs,ebpf,1,626,4.84
cdf_fs,ebpf,1,627,5.37
cdf_fs,ebpf,1,628,4.03
cdf_fs,ebpf,1,629,4.86
cdf_fs,ebpf,1,630,4.88
cdf_fs,ebpf,1,631,5.42
cdf_fs,ebpf,1,632,4.9
cdf_fs,ebpf,1,633,4.85
cdf_fs,ebpf,1,634,4.93
cdf_fs,ebpf,1,635,5.45
cdf_fs,ebpf,1,636,4.95
cdf_fs,ebpf,1,637,5.32
cdf_fs,ebpf,1,638,4.07
cdf_fs,ebpf,1,639,5.21
cdf_fs,ebpf,1,640,4.01
cdf_fs,ebpf,1,641,5.34
cdf_fs,ebpf,1,642,3.53
cdf_fs,ebpf,1,643,4.7
cdf_fs,ebpf,1,644,4.97
cdf_fs,ebpf,1,645,5.35
cdf_fs,ebpf,1,646,4.76
cdf_fs,ebpf,1,647,5.07
cdf_fs,ebpf,1,648,5.01
cdf_fs,ebpf,1,649,5.15
cdf_fs,ebpf,1,650,5.15
cdf_fs,ebpf,1,651,5.45
cdf_fs,ebpf,1,652,5.32
cdf_fs,ebpf,1,653,5.48
cdf_fs,ebpf,1,654,4.16
cdf_fs,ebpf,1,655,5.23
cdf_fs,ebpf,1,656,3.57
cdf_fs,ebpf,1,657,4.73
cdf_fs,ebpf,1,658,3.58
cdf_fs,ebpf,1,659,5.22
cdf_fs,ebpf,1,660,4.83
cdf_fs,ebpf,1,661,5.27
cdf_fs,ebpf,1,662,4.39
cdf_fs,ebpf,1,663,5.26
cdf_fs,ebpf,1,664,5.01
cdf_fs,ebpf,1,665,5.77
cdf_fs,ebpf,1,666,5.01
cdf_fs,ebpf,1,667,4.77
cdf_fs,ebpf,1,668,4.9
cdf_fs,ebpf,1,669,5.12
cdf_fs,ebpf,1,670,4.97
cdf_fs,ebpf,1,671,5.24
cdf_fs,ebpf,1,672,3.68
cdf_fs,ebpf,1,673,4.89
cdf_fs,ebpf,1,674,5.01
cdf_fs,ebpf,1,675,5.33
cdf_fs,ebpf,1,676,3.56
cdf_fs,ebpf,1,677,5.26
cdf_fs,ebpf,1,678,4.82
cdf_fs,ebpf,1,679,5.38
cdf_fs,ebpf,1,680,4.97
cdf_fs,ebpf,1,681,5.37
cdf_fs,ebpf,1,682,4.94
cdf_fs,ebpf,1,683,4.66
cdf_fs,ebpf,1,684,4.96
cdf_fs,ebpf,1,685,5.01
cdf_fs,ebpf,1,686,4.04
cdf_fs,ebpf,1,687,5.97
cdf_fs,ebpf,1,688,3.86
cdf_fs,ebpf,1,689,5.3
cdf_fs,ebpf,1,690,4.03
cdf_fs,ebpf,1,691,4.79
cdf_fs,ebpf,1,692,4.83
cdf_fs,ebpf,1,693,5.33
cdf_fs,ebpf,1,694,4.94
cdf_fs,ebpf,1,695,5.48
cdf_fs,ebpf,1,696,5.07
cdf_fs,ebpf,1,697,4.89
cdf_fs,ebpf,1,698,4.05
cdf_fs,ebpf,1,699,5.11
cdf_fs,ebpf,1,700,4.99
cdf_fs,ebpf,1,701,4.78
cdf_fs,ebpf,1,702,4.07
cdf_fs,ebpf,1,703,5.19
cdf_fs,ebpf,1,704,3.72
cdf_fs,ebpf,1,705,5.36
cdf_fs,ebpf,1,706,4.2
cdf_fs,ebpf,1,707,5.42
cdf_fs,ebpf,1,708,4.95
cdf_fs,ebpf,1,709,5.27
cdf_fs,ebpf,1,710,4.86
cdf_fs,ebpf,1,711,5.37
cdf_fs,ebpf,1,712,4.11
cdf_fs,ebpf,1,713,5.18
cdf_fs,ebpf,1,714,3.57
cdf_fs,ebpf,1,715,5.15
cdf_fs,ebpf,1,716,3.6
cdf_fs,ebpf,1,717,5.22
cdf_fs,ebpf,1,718,4.58
cdf_fs,ebpf,1,719,5.2
cdf_fs,ebpf,1,720,3.58
cdf_fs,ebpf,1,721,4.95
cdf_fs,ebpf,1,722,5.12
cdf_fs,ebpf,1,723,5.31
cdf_fs,ebpf,1,724,4.04
cdf_fs,ebpf,1,725,5.29
cdf_fs,ebpf,1,726,4.79
cdf_fs,ebpf,1,727,5.34
cdf_fs,ebpf,1,728,4.1
cdf_fs,ebpf,1,729,5.39
cdf_fs,ebpf,1,730,5.01
cdf_fs,ebpf,1,731,5.33
cdf_fs,ebpf,1,732,5.03
cdf_fs,ebpf,1,733,4.88
cdf_fs,ebpf,1,734,5.14
cdf_fs,ebpf,1,735,4.86
cdf_fs,ebpf,1,736,5.0
cdf_fs,ebpf,1,737,4.73
cdf_fs,ebpf,1,738,4.94
cdf_fs,ebpf,1,739,5.32
cdf_fs,ebpf,1,740,5.11
cdf_fs,ebpf,1,741,4.93
cdf_fs,ebpf,1,742,3.6
cdf_fs,ebpf,1,743,5.27
cdf_fs,ebpf,1,744,4.91
cdf_fs,ebpf,1,745,5.35
cdf_fs,ebpf,1,746,3.89
cdf_fs,ebpf,1,747,5.24
cdf_fs,ebpf,1,748,4.91
cdf_fs,ebpf,1,749,5.27
cdf_fs,ebpf,1,750,3.92
cdf_fs,ebpf,1,751,5.32
cdf_fs,ebpf,1,752,4.99
cdf_fs,ebpf,1,753,5.19
cdf_fs,ebpf,1,754,5.04
cdf_fs,ebpf,1,755,5.33
cdf_fs,ebpf,1,756,5.01
cdf_fs,ebpf,1,757,5.22
cdf_fs,ebpf,1,758,5.04
cdf_fs,ebpf,1,759,5.39
cdf_fs,ebpf,1,760,5.13
cdf_fs,ebpf,1,761,10.1
cdf_fs,ebpf,1,762,6.62
cdf_fs,ebpf,1,763,4.11
cdf_fs,ebpf,1,764,5.44
cdf_fs,ebpf,1,765,4.92
cdf_fs,ebpf,1,766,5.02
cdf_fs,ebpf,1,767,3.7
cdf_fs,ebpf,1,768,5.31
cdf_fs,ebpf,1,769,5.31
cdf_fs,ebpf,1,770,5.24
cdf_fs,ebpf,1,771,5.21
cdf_fs,ebpf,1,772,5.39
cdf_fs,ebpf,1,773,5.11
cdf_fs,ebpf,1,774,5.23
cdf_fs,ebpf,1,775,4.63
cdf_fs,ebpf,1,776,5.19
cdf_fs,ebpf,1,777,5.04
cdf_fs,ebpf,1,778,5.34
cdf_fs,ebpf,1,779,4.87
cdf_fs,ebpf,1,780,4.83
cdf_fs,ebpf,1,781,3.55
cdf_fs,ebpf,1,782,5.23
cdf_fs,ebpf,1,783,4.71
cdf_fs,ebpf,1,784,4.81
cdf_fs,ebpf,1,785,4.97
cdf_fs,ebpf,1,786,5.01
cdf_fs,ebpf,1,787,5.13
cdf_fs,ebpf,1,788,5.3
cdf_fs,ebpf,1,789,3.8
cdf_fs,ebpf,1,790,5.2
cdf_fs,ebpf,1,791,3.52
cdf_fs,ebpf,1,792,4.81
cdf_fs,ebpf,1,793,4.79
cdf_fs,ebpf,1,794,5.38
cdf_fs,ebpf,1,795,5.1
cdf_fs,ebpf,1,796,4.9
cdf_fs,ebpf,1,797,4.55
cdf_fs,ebpf,1,798,5.28
cdf_fs,ebpf,1,799,3.8
cdf_fs,ebpf,1,800,5.35
cdf_fs,ebpf,1,801,3.53
cdf_fs,ebpf,1,802,5.18
cdf_fs,ebpf,1,803,3.78
cdf_fs,ebpf,1,804,5.26
cdf_fs,ebpf,1,805,3.5
cdf_fs,ebpf,1,806,5.18
cdf_fs,ebpf,1,807,5.07
cdf_fs,ebpf,1,808,5.27
cdf_fs,ebpf,1,809,4.57
cdf_fs,ebpf,1,810,5.61
cdf_fs,ebpf,1,811,5.12
cdf_fs,ebpf,1,812,5.27
cdf_fs,ebpf,1,813,5.0
cdf_fs,ebpf,1,814,5.43
cdf_fs,ebpf,1,815,4.83
cdf_fs,ebpf,1,816,5.07
cdf_fs,ebpf,1,817,3.7
cdf_fs,ebpf,1,818,5.49
cdf_fs,ebpf,1,819,4.89
cdf_fs,ebpf,1,820,5.26
cdf_fs,ebpf,1,821,4.87
cdf_fs,ebpf,1,822,4.99
cdf_fs,ebpf,1,823,4.95
cdf_fs,ebpf,1,824,5.45
cdf_fs,ebpf,1,825,4.86
cdf_fs,ebpf,1,826,5.08
cdf_fs,ebpf,1,827,4.18
cdf_fs,ebpf,1,828,5.32
cdf_fs,ebpf,1,829,4.94
cdf_fs,ebpf,1,830,5.19
cdf_fs,ebpf,1,831,3.53
cdf_fs,ebpf,1,832,5.39
cdf_fs,ebpf,1,833,4.95
cdf_fs,ebpf,1,834,4.82
cdf_fs,ebpf,1,835,3.82
cdf_fs,ebpf,1,836,5.18
cdf_fs,ebpf,1,837,4.89
cdf_fs,ebpf,1,838,5.51
cdf_fs,ebpf,1,839,5.19
cdf_fs,ebpf,1,840,4.83
cdf_fs,ebpf,1,841,4.89
cdf_fs,ebpf,1,842,4.95
cdf_fs,ebpf,1,843,5.12
cdf_fs,ebpf,1,844,5.24
cdf_fs,ebpf,1,845,3.66
cdf_fs,ebpf,1,846,5.3
cdf_fs,ebpf,1,847,4.95
cdf_fs,ebpf,1,848,5.34
cdf_fs,ebpf,1,849,4.93
cdf_fs,ebpf,1,850,5.36
cdf_fs,ebpf,1,851,5.18
cdf_fs,ebpf,1,852,5.26
cdf_fs,ebpf,1,853,5.18
cdf_fs,ebpf,1,854,4.98
cdf_fs,ebpf,1,855,3.5
cdf_fs,ebpf,1,856,5.48
cdf_fs,ebpf,1,857,5.01
cdf_fs,ebpf,1,858,5.45
cdf_fs,ebpf,1,859,5.53
cdf_fs,ebpf,1,860,5.4
cdf_fs,ebpf,1,861,4.98
cdf_fs,ebpf,1,862,4.97
cdf_fs,ebpf,1,863,4.98
cdf_fs,ebpf,1,864,5.48
cdf_fs,ebpf,1,865,3.67
cdf_fs,ebpf,1,866,5.39
cdf_fs,ebpf,1,867,5.18
cdf_fs,ebpf,1,868,4.75
cdf_fs,ebpf,1,869,5.03
cdf_fs,ebpf,1,870,5.35
cdf_fs,ebpf,1,871,3.55
cdf_fs,ebpf,1,872,5.03
cdf_fs,ebpf,1,873,3.74
cdf_fs,ebpf,1,874,5.39
cdf_fs,ebpf,1,875,4.05
cdf_fs,ebpf,1,876,5.28
cdf_fs,ebpf,1,877,4.57
cdf_fs,ebpf,1,878,4.87
cdf_fs,ebpf,1,879,5.08
cdf_fs,ebpf,1,880,4.84
cdf_fs,ebpf,1,881,4.34
cdf_fs,ebpf,1,882,4.97
cdf_fs,ebpf,1,883,4.05
cdf_fs,ebpf,1,884,4.8
cdf_fs,ebpf,1,885,5.19
cdf_fs,ebpf,1,886,5.4
cdf_fs,ebpf,1,887,3.48
cdf_fs,ebpf,1,888,5.34
cdf_fs,ebpf,1,889,4.54
cdf_fs,ebpf,1,890,5.27
cdf_fs,ebpf,1,891,4.96
cdf_fs,ebpf,1,892,4.85
cdf_fs,ebpf,1,893,4.89
cdf_fs,ebpf,1,894,5.27
cdf_fs,ebpf,1,895,5.05
cdf_fs,ebpf,1,896,4.88
cdf_fs,ebpf,1,897,4.55
cdf_fs,ebpf,1,898,4.97
cdf_fs,ebpf,1,899,4.92
cdf_fs,ebpf,1,900,5.39
cdf_fs,ebpf,1,901,5.34
cdf_fs,ebpf,1,902,4.94
cdf_fs,ebpf,1,903,3.68
cdf_fs,ebpf,1,904,4.98
cdf_fs,ebpf,1,905,5.04
cdf_fs,ebpf,1,906,5.371
cdf_fs,ebpf,1,907,3.68
cdf_fs,ebpf,1,908,5.289
cdf_fs,ebpf,1,909,3.491
cdf_fs,ebpf,1,910,5.16
cdf_fs,ebpf,1,911,4.169
cdf_fs,ebpf,1,912,5.48
cdf_fs,ebpf,1,913,4.771
cdf_fs,ebpf,1,914,5.36
cdf_fs,ebpf,1,915,4.62
cdf_fs,ebpf,1,916,4.94
cdf_fs,ebpf,1,917,3.92
cdf_fs,ebpf,1,918,5.291
cdf_fs,ebpf,1,919,5.1
cdf_fs,ebpf,1,920,4.94
cdf_fs,ebpf,1,921,4.911
cdf_fs,ebpf,1,922,5.34
cdf_fs,ebpf,1,923,5.42
cdf_fs,ebpf,1,924,5.18
cdf_fs,ebpf,1,925,4.011
cdf_fs,ebpf,1,926,4.12
cdf_fs,ebpf,1,927,4.92
cdf_fs,ebpf,1,928,4.871
cdf_fs,ebpf,1,929,5.36
cdf_fs,ebpf,1,930,3.64
cdf_fs,ebpf,1,931,5.3
cdf_fs,ebpf,1,932,3.88
cdf_fs,ebpf,1,933,5.28
cdf_fs,ebpf,1,934,4.08
cdf_fs,ebpf,1,935,5.411
cdf_fs,ebpf,1,936,4.02
cdf_fs,ebpf,1,937,4.88
cdf_fs,ebpf,1,938,4.951
cdf_fs,ebpf,1,939,5.36
cdf_fs,ebpf,1,940,4.569
cdf_fs,ebpf,1,941,5.44
cdf_fs,ebpf,1,942,4.969
cdf_fs,ebpf,1,943,4.98
cdf_fs,ebpf,1,944,4.62
cdf_fs,ebpf,1,945,5.02
cdf_fs,ebpf,1,946,5.06
cdf_fs,ebpf,1,947,4.86
cdf_fs,ebpf,1,948,3.66
cdf_fs,ebpf,1,949,5.371
cdf_fs,ebpf,1,950,5.0
cdf_fs,ebpf,1,951,5.351
cdf_fs,ebpf,1,952,4.98
cdf_fs,ebpf,1,953,5.24
cdf_fs,ebpf,1,954,4.931
cdf_fs,ebpf,1,955,5.22
cdf_fs,ebpf,1,956,4.189
cdf_fs,ebpf,1,957,4.929
cdf_fs,ebpf,1,958,4.651
cdf_fs,ebpf,1,959,5.049
cdf_fs,ebpf,1,960,10.971
cdf_fs,ebpf,1,961,4.98
cdf_fs,ebpf,1,962,5.5
cdf_fs,ebpf,1,963,3.6
cdf_fs,ebpf,1,964,5.78
cdf_fs,ebpf,1,965,3.831
cdf_fs,ebpf,1,966,5.42
cdf_fs,ebpf,1,967,3.56
cdf_fs,ebpf,1,968,4.84
cdf_fs,ebpf,1,969,4.649
cdf_fs,ebpf,1,970,5.289
cdf_fs,ebpf,1,971,3.74
cdf_fs,ebpf,1,972,4.871
cdf_fs,ebpf,1,973,4.44
cdf_fs,ebpf,1,974,5.42
cdf_fs,ebpf,1,975,5.311
cdf_fs,ebpf,1,976,4.98
cdf_fs,ebpf,1,977,4.84
cdf_fs,ebpf,1,978,5.329
cdf_fs,ebpf,1,979,4.6
cdf_fs,ebpf,1,980,5.28
cdf_fs,ebpf,1,981,4.08
cdf_fs,ebpf,1,982,5.289
cdf_fs,ebpf,1,983,3.749
cdf_fs,ebpf,1,984,4.751
cdf_fs,ebpf,1,985,5.131
cdf_fs,ebpf,1,986,4.72
cdf_fs,ebpf,1,987,4.92
cdf_fs,ebpf,1,988,5.249
cdf_fs,ebpf,1,989,5.06
cdf_fs,ebpf,1,990,5.26
cdf_fs,ebpf,1,991,3.98
cdf_fs,ebpf,1,992,5.271
cdf_fs,ebpf,1,993,4.329
cdf_fs,ebpf,1,994,5.329
cdf_fs,ebpf,1,995,3.551
cdf_fs,ebpf,1,996,4.951
cdf_fs,ebpf,1,997,5.08
cdf_fs,ebpf,1,998,5.271
cdf_fs,ebpf,1,999,4.9
cdf_fs,ebpf,1,1000,4.88
cdf_fs,ebpf,1,1001,5.251
cdf_fs,ebpf,1,1002,5.009
cdf_fs,ebpf,1,1003,4.74
cdf_fs,ebpf,1,1004,4.9
cdf_fs,ebpf,1,1005,5.029
cdf_fs,ebpf,1,1006,5.169
cdf_fs,ebpf,1,1007,3.52
cdf_fs,ebpf,1,1008,5.429
cdf_fs,ebpf,1,1009,3.691
cdf_fs,ebpf,1,1010,4.9
cdf_fs,ebpf,1,1011,3.809
cdf_fs,ebpf,1,1012,5.1
cdf_fs,ebpf,1,1013,3.711
cdf_fs,ebpf,1,1014,4.92
cdf_fs,ebpf,1,1015,4.929
cdf_fs,ebpf,1,1016,5.02
cdf_fs,ebpf,1,1017,4.96
cdf_fs,ebpf,1,1018,5.109
cdf_fs,ebpf,1,1019,4.551
cdf_fs,ebpf,1,1020,4.891
cdf_fs,ebpf,1,1021,5.091
cdf_fs,ebpf,1,1022,5.289
cdf_fs,ebpf,1,1023,4.1
cdf_fs,ebpf,1,1024,5.38
cdf_fs,ebpf,1,1025,4.971
cdf_fs,ebpf,1,1026,5.411
cdf_fs,ebpf,1,1027,3.7
cdf_fs,ebpf,1,1028,5.189
cdf_fs,ebpf,1,1029,4.58
cdf_fs,ebpf,1,1030,5.589
cdf_fs,ebpf,1,1031,5.16
cdf_fs,ebpf,1,1032,5.271
cdf_fs,ebpf,1,1033,4.971
cdf_fs,ebpf,1,1034,4.74
cdf_fs,ebpf,1,1035,5.211
cdf_fs,ebpf,1,1036,4.829
cdf_fs,ebpf,1,1037,4.051
cdf_fs,ebpf,1,1038,5.16
cdf_fs,ebpf,1,1039,4.849
cdf_fs,ebpf,1,1040,4.991
cdf_fs,ebpf,1,1041,3.469
cdf_fs,ebpf,1,1042,4.689
cdf_fs,ebpf,1,1043,4.42
cdf_fs,ebpf,1,1044,5.009
cdf_fs,ebpf,1,1045,3.511
cdf_fs,ebpf,1,1046,5.211
cdf_fs,ebpf,1,1047,4.031
cdf_fs,ebpf,1,1048,4.78
cdf_fs,ebpf,1,1049,4.9
cdf_fs,ebpf,1,1050,5.16
cdf_fs,ebpf,1,1051,5.05
cdf_fs,ebpf,1,1052,5.19
cdf_fs,ebpf,1,1053,4.1
cdf_fs,ebpf,1,1054,5.21
cdf_fs,ebpf,1,1055,4.02
cdf_fs,ebpf,1,1056,4.77
cdf_fs,ebpf,1,1057,4.89
cdf_fs,ebpf,1,1058,5.47
cdf_fs,ebpf,1,1059,4.0
cdf_fs,ebpf,1,1060,5.21
cdf_fs,ebpf,1,1061,5.15
cdf_fs,ebpf,1,1062,5.35
cdf_fs,ebpf,1,1063,4.05
cdf_fs,ebpf,1,1064,5.18
cdf_fs,ebpf,1,1065,4.25
cdf_fs,ebpf,1,1066,5.25
cdf_fs,ebpf,1,1067,4.61
cdf_fs,ebpf,1,1068,5.21
cdf_fs,ebpf,1,1069,3.62
cdf_fs,ebpf,1,1070,5.24
cdf_fs,ebpf,1,1071,4.88
cdf_fs,ebpf,1,1072,4.98
cdf_fs,ebpf,1,1073,4.22
cdf_fs,ebpf,1,1074,5.36
cdf_fs,ebpf,1,1075,3.92
cdf_fs,ebpf,1,1076,5.26
cdf_fs,ebpf,1,1077,3.44
cdf_fs,ebpf,1,1078,5.33
cdf_fs,ebpf,1,1079,5.03
cdf_fs,ebpf,1,1080,5.33
cdf_fs,ebpf,1,1081,5.09
cdf_fs,ebpf,1,1082,5.5
cdf_fs,ebpf,1,1083,4.89
cdf_fs,ebpf,1,1084,4.73
cdf_fs,ebpf,1,1085,4.89
cdf_fs,ebpf,1,1086,5.42
cdf_fs,ebpf,1,1087,4.91
cdf_fs,ebpf,1,1088,5.37
cdf_fs,ebpf,1,1089,3.64
cdf_fs,ebpf,1,1090,5.51
cdf_fs,ebpf,1,1091,4.12
cdf_fs,ebpf,1,1092,4.79
cdf_fs,ebpf,1,1093,3.67
cdf_fs,ebpf,1,1094,4.73
cdf_fs,ebpf,1,1095,4.72
cdf_fs,ebpf,1,1096,4.9
cdf_fs,ebpf,1,1097,5.01
cdf_fs,ebpf,1,1098,5.33
cdf_fs,ebpf,1,1099,4.05
cdf_fs,ebpf,1,1100,5.31
cdf_fs,ebpf,1,1101,5.03
cdf_fs,ebpf,1,1102,5.21
cdf_fs,ebpf,1,1103,4.99
cdf_fs,ebpf,1,1104,5.26
cdf_fs,ebpf,1,1105,3.99
cdf_fs,ebpf,1,1106,5.27
cdf_fs,ebpf,1,1107,4.96
cdf_fs,ebpf,1,1108,5.19
cdf_fs,ebpf,1,1109,4.16
cdf_fs,ebpf,1,1110,5.29
cdf_fs,ebpf,1,1111,3.7
cdf_fs,ebpf,1,1112,5.2
cdf_fs,ebpf,1,1113,3.53
cdf_fs,ebpf,1,1114,5.13
cdf_fs,ebpf,1,1115,3.57
cdf_fs,ebpf,1,1116,4.94
cdf_fs,ebpf,1,1117,4.72
cdf_fs,ebpf,1,1118,5.39
cdf_fs,ebpf,1,1119,4.94
cdf_fs,ebpf,1,1120,5.3
cdf_fs,ebpf,1,1121,3.7
cdf_fs,ebpf,1,1122,5.33
cdf_fs,ebpf,1,1123,5.08
cdf_fs,ebpf,1,1124,5.32
cdf_fs,ebpf,1,1125,5.1
cdf_fs,ebpf,1,1126,5.26
cdf_fs,ebpf,1,1127,3.99
cdf_fs,ebpf,1,1128,5.24
cdf_fs,ebpf,1,1129,5.24
cdf_fs,ebpf,1,1130,5.28
cdf_fs,ebpf,1,1131,4.55
cdf_fs,ebpf,1,1132,5.26
cdf_fs,ebpf,1,1133,3.98
cdf_fs,ebpf,1,1134,5.13
cdf_fs,ebpf,1,1135,4.3
cdf_fs,ebpf,1,1136,4.68
cdf_fs,ebpf,1,1137,4.97
cdf_fs,ebpf,1,1138,5.41
cdf_fs,ebpf,1,1139,4.06
cdf_fs,ebpf,1,1140,4.97
cdf_fs,ebpf,1,1141,3.69
cdf_fs,ebpf,1,1142,5.28
cdf_fs,ebpf,1,1143,4.97
cdf_fs,ebpf,1,1144,5.14
cdf_fs,ebpf,1,1145,4.99
cdf_fs,ebpf,1,1146,4.83
cdf_fs,ebpf,1,1147,4.99
cdf_fs,ebpf,1,1148,5.2
cdf_fs,ebpf,1,1149,5.09
cdf_fs,ebpf,1,1150,4.97
cdf_fs,ebpf,1,1151,4.65
cdf_fs,ebpf,1,1152,5.47
cdf_fs,ebpf,1,1153,4.11
cdf_fs,ebpf,1,1154,5.36
cdf_fs,ebpf,1,1155,3.61
cdf_fs,ebpf,1,1156,4.97
cdf_fs,ebpf,1,1157,4.41
cdf_fs,ebpf,1,1158,5.23
cdf_fs,ebpf,1,1159,4.92
cdf_fs,ebpf,1,1160,5.44
cdf_fs,ebpf,1,1161,8.88
cdf_fs,ebpf,1,1162,6.34
cdf_fs,ebpf,1,1163,4.05
cdf_fs,ebpf,1,1164,5.3
cdf_fs,ebpf,1,1165,4.05
cdf_fs,ebpf,1,1166,5.33
cdf_fs,ebpf,1,1167,4.9
cdf_fs,ebpf,1,1168,5.27
cdf_fs,ebpf,1,1169,4.53
cdf_fs,ebpf,1,1170,5.32
cdf_fs,ebpf,1,1171,3.46
cdf_fs,ebpf,1,1172,4.89
cdf_fs,ebpf,1,1173,4.09
cdf_fs,ebpf,1,1174,5.16
cdf_fs,ebpf,1,1175,5.26
cdf_fs,ebpf,1,1176,5.27
cdf_fs,ebpf,1,1177,3.58
cdf_fs,ebpf,1,1178,5.36
cdf_fs,ebpf,1,1179,4.09
cdf_fs,ebpf,1,1180,5.26
cdf_fs,ebpf,1,1181,3.66
cdf_fs,ebpf,1,1182,4.97
cdf_fs,ebpf,1,1183,5.21
cdf_fs,ebpf,1,1184,5.02
cdf_fs,ebpf,1,1185,4.41
cdf_fs,ebpf,1,1186,5.39
cdf_fs,ebpf,1,1187,4.04
cdf_fs,ebpf,1,1188,5.2
cdf_fs,ebpf,1,1189,3.54
cdf_fs,ebpf,1,1190,4.86
cdf_fs,ebpf,1,1191,4.97
cdf_fs,ebpf,1,1192,5.29
cdf_fs,ebpf,1,1193,3.54
cdf_fs,ebpf,1,1194,4.8
cdf_fs,ebpf,1,1195,3.67
cdf_fs,ebpf,1,1196,5.55
cdf_fs,ebpf,1,1197,4.95
cdf_fs,ebpf,1,1198,5.35
cdf_fs,ebpf,1,1199,5.58
cdf_fs,ebpf,1,1200,4.82
cdf_fs,ebpf,1,1201,5.03
cdf_fs,ebpf,1,1202,5.31
cdf_fs,ebpf,1,1203,3.69
cdf_fs,ebpf,1,1204,5.43
cdf_fs,ebpf,1,1205,4.62
cdf_fs,ebpf,1,1206,5.33
cdf_fs,ebpf,1,1207,4.93
cdf_fs,ebpf,1,1208,4.77
cdf_fs,ebpf,1,1209,5.1
cdf_fs,ebpf,1,1210,5.32
cdf_fs,ebpf,1,1211,5.05
cdf_fs,ebpf,1,1212,4.9
cdf_fs,ebpf,1,1213,3.68
cdf_fs,ebpf,1,1214,4.89
cdf_fs,ebpf,1,1215,4.51
cdf_fs,ebpf,1,1216,5.72
cdf_fs,ebpf,1,1217,5.06
cdf_fs,ebpf,1,1218,5.31
cdf_fs,ebpf,1,1219,4.09
cdf_fs,ebpf,1,1220,5.26
cdf_fs,ebpf,1,1221,5.0
cdf_fs,ebpf,1,1222,5.46
cdf_fs,ebpf,1,1223,3.5
cdf_fs,ebpf,1,1224,5.18
cdf_fs,ebpf,1,1225,4.75
cdf_fs,ebpf,1,1226,5.13
cdf_fs,ebpf,1,1227,4.97
cdf_fs,ebpf,1,1228,4.79
cdf_fs,ebpf,1,1229,4.95
cdf_fs,ebpf,1,1230,5.15
cdf_fs,ebpf,1,1231,4.98
cdf_fs,ebpf,1,1232,4.89
cdf_fs,ebpf,1,1233,3.74
cdf_fs,ebpf,1,1234,5.43
cdf_fs,ebpf,1,1235,4.08
cdf_fs,ebpf,1,1236,5.02
cdf_fs,ebpf,1,1237,4.69
cdf_fs,ebpf,1,1238,5.42
cdf_fs,ebpf,1,1239,3.94
cdf_fs,ebpf,1,1240,5.34
cdf_fs,ebpf,1,1241,4.06
cdf_fs,ebpf,1,1242,5.31
cdf_fs,ebpf,1,1243,5.13
cdf_fs,ebpf,1,1244,5.3
cdf_fs,ebpf,1,1245,5.02
cdf_fs,ebpf,1,1246,4.94
cdf_fs,ebpf,1,1247,4.18
cdf_fs,ebpf,1,1248,5.3
cdf_fs,ebpf,1,1249,4.24
cdf_fs,ebpf,1,1250,4.83
cdf_fs,ebpf,1,1251,5.12
cdf_fs,ebpf,1,1252,5.02
cdf_fs,ebpf,1,1253,3.99
cdf_fs,ebpf,1,1254,5.89
cdf_fs,ebpf,1,1255,4.94
cdf_fs,ebpf,1,1256,4.79
cdf_fs,ebpf,1,1257,4.82
cdf_fs,ebpf,1,1258,5.37
cdf_fs,ebpf,1,1259,4.87
cdf_fs,ebpf,1,1260,5.35
cdf_fs,ebpf,1,1261,3.99
cdf_fs,ebpf,1,1262,5.39
cdf_fs,ebpf,1,1263,4.03
cdf_fs,ebpf,1,1264,4.96
cdf_fs,ebpf,1,1265,4.52
cdf_fs,ebpf,1,1266,4.96
cdf_fs,ebpf,1,1267,4.03
cdf_fs,ebpf,1,1268,5.19
cdf_fs,ebpf,1,1269,3.73
cdf_fs,ebpf,1,1270,4.89
cdf_fs,ebpf,1,1271,5.17
cdf_fs,ebpf,1,1272,4.76
cdf_fs,ebpf,1,1273,4.66
cdf_fs,ebpf,1,1274,5.16
cdf_fs,ebpf,1,1275,4.91
cdf_fs,ebpf,1,1276,5.47
cdf_fs,ebpf,1,1277,4.96
cdf_fs,ebpf,1,1278,5.33
cdf_fs,ebpf,1,1279,4.98
cdf_fs,ebpf,1,1280,5.06
cdf_fs,ebpf,1,1281,4.16
cdf_fs,ebpf,1,1282,5.19
cdf_fs,ebpf,1,1283,3.61
cdf_fs,ebpf,1,1284,5.13
cdf_fs,ebpf,1,1285,4.96
cdf_fs,ebpf,1,1286,5.23
cdf_fs,ebpf,1,1287,4.97
cdf_fs,ebpf,1,1288,4.76
cdf_fs,ebpf,1,1289,4.18
cdf_fs,ebpf,1,1290,5.48
cdf_fs,ebpf,1,1291,4.89
cdf_fs,ebpf,1,1292,5.36
cdf_fs,ebpf,1,1293,4.55
cdf_fs,ebpf,1,1294,4.85
cdf_fs,ebpf,1,1295,5.05
cdf_fs,ebpf,1,1296,5.37
cdf_fs,ebpf,1,1297,4.91
cdf_fs,ebpf,1,1298,5.37
cdf_fs,ebpf,1,1299,5.07
cdf_fs,ebpf,1,1300,5.3
cdf_fs,ebpf,1,1301,3.73
cdf_fs,ebpf,1,1302,4.88
cdf_fs,ebpf,1,1303,3.72
cdf_fs,ebpf,1,1304,5.11
cdf_fs,ebpf,1,1305,4.96
cdf_fs,ebpf,1,1306,4.95
cdf_fs,ebpf,1,1307,4.94
cdf_fs,ebpf,1,1308,4.94
cdf_fs,ebpf,1,1309,4.97
cdf_fs,ebpf,1,1310,5.24
cdf_fs,ebpf,1,1311,4.68
cdf_fs,ebpf,1,1312,5.16
cdf_fs,ebpf,1,1313,5.03
cdf_fs,ebpf,1,1314,5.32
cdf_fs,ebpf,1,1315,4.97
cdf_fs,ebpf,1,1316,4.8
cdf_fs,ebpf,1,1317,4.96
cdf_fs,ebpf,1,1318,5.23
cdf_fs,ebpf,1,1319,4.98
cdf_fs,ebpf,1,1320,5.89
cdf_fs,ebpf,1,1321,4.04
cdf_fs,ebpf,1,1322,4.83
cdf_fs,ebpf,1,1323,4.88
cdf_fs,ebpf,1,1324,5.37
cdf_fs,ebpf,1,1325,4.08
cdf_fs,ebpf,1,1326,5.37
cdf_fs,ebpf,1,1327,4.62
cdf_fs,ebpf,1,1328,4.94
cdf_fs,ebpf,1,1329,3.6
cdf_fs,ebpf,1,1330,5.1
cdf_fs,ebpf,1,1331,3.86
cdf_fs,ebpf,1,1332,5.46
cdf_fs,ebpf,1,1333,4.84
cdf_fs,ebpf,1,1334,4.92
cdf_fs,ebpf,1,1335,4.82
cdf_fs,ebpf,1,1336,4.77
cdf_fs,ebpf,1,1337,4.98
cdf_fs,ebpf,1,1338,5.08
cdf_fs,ebpf,1,1339,4.92
cdf_fs,ebpf,1,1340,5.44
cdf_fs,ebpf,1,1341,3.71
cdf_fs,ebpf,1,1342,5.23
cdf_fs,ebpf,1,1343,5.02
cdf_fs,ebpf,1,1344,5.31
cdf_fs,ebpf,1,1345,3.72
cdf_fs,ebpf,1,1346,4.79
cdf_fs,ebpf,1,1347,5.05
cdf_fs,ebpf,1,1348,4.86
cdf_fs,ebpf,1,1349,3.71
cdf_fs,ebpf,1,1350,4.79
cdf_fs,ebpf,1,1351,5.01
cdf_fs,ebpf,1,1352,5.49
cdf_fs,ebpf,1,1353,4.91
cdf_fs,ebpf,1,1354,5.38
cdf_fs,ebpf,1,1355,4.9
cdf_fs,ebpf,1,1356,5.27
cdf_fs,ebpf,1,1357,4.69
cdf_fs,ebpf,1,1358,5.26
cdf_fs,ebpf,1,1359,5.07
cdf_fs,ebpf,1,1360,5.41
cdf_fs,ebpf,1,1361,8.87
cdf_fs,ebpf,1,1362,6.14
cdf_fs,ebpf,1,1363,4.09
cdf_fs,ebpf,1,1364,5.3
cdf_fs,ebpf,1,1365,5.16
cdf_fs,ebpf,1,1366,5.19
cdf_fs,ebpf,1,1367,4.15
cdf_fs,ebpf,1,1368,5.31
cdf_fs,ebpf,1,1369,5.12
cdf_fs,ebpf,1,1370,5.3
cdf_fs,ebpf,1,1371,4.85
cdf_fs,ebpf,1,1372,5.4
cdf_fs,ebpf,1,1373,5.04
cdf_fs,ebpf,1,1374,5.3
cdf_fs,ebpf,1,1375,5.07
cdf_fs,ebpf,1,1376,5.13
cdf_fs,ebpf,1,1377,3.58
cdf_fs,ebpf,1,1378,5.1
cdf_fs,ebpf,1,1379,4.51
cdf_fs,ebpf,1,1380,5.42
cdf_fs,ebpf,1,1381,4.14
cdf_fs,ebpf,1,1382,4.81
cdf_fs,ebpf,1,1383,5.08
cdf_fs,ebpf,1,1384,5.29
cdf_fs,ebpf,1,1385,4.94
cdf_fs,ebpf,1,1386,5.29
cdf_fs,ebpf,1,1387,4.95
cdf_fs,ebpf,1,1388,5.55
cdf_fs,ebpf,1,1389,4.92
cdf_fs,ebpf,1,1390,4.8
cdf_fs,ebpf,1,1391,3.73
cdf_fs,ebpf,1,1392,5.51
cdf_fs,ebpf,1,1393,3.6
cdf_fs,ebpf,1,1394,5.05
cdf_fs,ebpf,1,1395,5.07
cdf_fs,ebpf,1,1396,5.24
cdf_fs,ebpf,1,1397,3.53
cdf_fs,ebpf,1,1398,5.4
cdf_fs,ebpf,1,1399,5.01
cdf_fs,ebpf,1,1400,5.33
cdf_fs,ebpf,1,1401,4.89
cdf_fs,ebpf,1,1402,5.35
cdf_fs,ebpf,1,1403,4.64
cdf_fs,ebpf,1,1404,5.4
cdf_fs,ebpf,1,1405,4.92
cdf_fs,ebpf,1,1406,4.95
cdf_fs,ebpf,1,1407,4.6
cdf_fs,ebpf,1,1408,5.39
cdf_fs,ebpf,1,1409,3.78
cdf_fs,ebpf,1,1410,4.97
cdf_fs,ebpf,1,1411,4.82
cdf_fs,ebpf,1,1412,5.35
cdf_fs,ebpf,1,1413,5.03
cdf_fs,ebpf,1,1414,5.04
cdf_fs,ebpf,1,1415,4.07
cdf_fs,ebpf,1,1416,5.37
cdf_fs,ebpf,1,1417,4.07
cdf_fs,ebpf,1,1418,5.37
cdf_fs,ebpf,1,1419,4.74
cdf_fs,ebpf,1,1420,5.03
cdf_fs,ebpf,1,1421,4.9
cdf_fs,ebpf,1,1422,5.29
cdf_fs,ebpf,1,1423,5.01
cdf_fs,ebpf,1,1424,5.36
cdf_fs,ebpf,1,1425,5.08
cdf_fs,ebpf,1,1426,5.28
cdf_fs,ebpf,1,1427,5.02
cdf_fs,ebpf,1,1428,4.96
cdf_fs,ebpf,1,1429,4.9
cdf_fs,ebpf,1,1430,5.15
cdf_fs,ebpf,1,1431,3.82
cdf_fs,ebpf,1,1432,5.2
cdf_fs,ebpf,1,1433,4.61
cdf_fs,ebpf,1,1434,5.27
cdf_fs,ebpf,1,1435,3.67
cdf_fs,ebpf,1,1436,5.22
cdf_fs,ebpf,1,1437,3.89
cdf_fs,ebpf,1,1438,5.32
cdf_fs,ebpf,1,1439,4.09
cdf_fs,ebpf,1,1440,4.96
cdf_fs,ebpf,1,1441,3.6
cdf_fs,ebpf,1,1442,4.72
cdf_fs,ebpf,1,1443,4.97
cdf_fs,ebpf,1,1444,5.32
cdf_fs,ebpf,1,1445,4.87
cdf_fs,ebpf,1,1446,5.57
cdf_fs,ebpf,1,1447,5.02
cdf_fs,ebpf,1,1448,4.88
cdf_fs,ebpf,1,1449,4.89
cdf_fs,ebpf,1,1450,5.17
cdf_fs,ebpf,1,1451,4.13
cdf_fs,ebpf,1,1452,4.88
cdf_fs,ebpf,1,1453,4.83
cdf_fs,ebpf,1,1454,5.36
cdf_fs,ebpf,1,1455,4.15
cdf_fs,ebpf,1,1456,5.07
cdf_fs,ebpf,1,1457,3.68
cdf_fs,ebpf,1,1458,5.15
cdf_fs,ebpf,1,1459,4.68
cdf_fs,ebpf,1,1460,5.27
cdf_fs,ebpf,1,1461,3.96
cdf_fs,ebpf,1,1462,5.33
cdf_fs,ebpf,1,1463,3.67
cdf_fs,ebpf,1,1464,4.87
cdf_fs,ebpf,1,1465,4.61
cdf_fs,ebpf,1,1466,5.29
cdf_fs,ebpf,1,1467,5.1
cdf_fs,ebpf,1,1468,5.15
cdf_fs,ebpf,1,1469,5.15
cdf_fs,ebpf,1,1470,5.27
cdf_fs,ebpf,1,1471,3.61
cdf_fs,ebpf,1,1472,5.25
cdf_fs,ebpf,1,1473,4.0
cdf_fs,ebpf,1,1474,5.15
cdf_fs,ebpf,1,1475,5.28
cdf_fs,ebpf,1,1476,4.8
cdf_fs,ebpf,1,1477,3.57
cdf_fs,ebpf,1,1478,5.3
cdf_fs,ebpf,1,1479,5.04
cdf_fs,ebpf,1,1480,5.05
cdf_fs,ebpf,1,1481,4.08
cdf_fs,ebpf,1,1482,4.94
cdf_fs,ebpf,1,1483,4.12
cdf_fs,ebpf,1,1484,5.04
cdf_fs,ebpf,1,1485,4.11
cdf_fs,ebpf,1,1486,5.02
cdf_fs,ebpf,1,1487,4.07
cdf_fs,ebpf,1,1488,5.32
cdf_fs,ebpf,1,1489,3.57
cdf_fs,ebpf,1,1490,4.91
cdf_fs,ebpf,1,1491,4.64
cdf_fs,ebpf,1,1492,5.46
cdf_fs,ebpf,1,1493,5.49
cdf_fs,ebpf,1,1494,5.3
cdf_fs,ebpf,1,1495,4.06
cdf_fs,ebpf,1,1496,5.13
cdf_fs,ebpf,1,1497,4.99
cdf_fs,ebpf,1,1498,4.94
cdf_fs,ebpf,1,1499,3.7
cdf_fs,ebpf,1,1500,4.99
cdf_fs,ebpf,1,1501,3.69
cdf_fs,ebpf,1,1502,5.32
cdf_fs,ebpf,1,1503,3.74
cdf_fs,ebpf,1,1504,5.3
cdf_fs,ebpf,1,1505,5.2
cdf_fs,ebpf,1,1506,5.36
cdf_fs,ebpf,1,1507,4.98
cdf_fs,ebpf,1,1508,4.88
cdf_fs,ebpf,1,1509,3.58
cdf_fs,ebpf,1,1510,5.32
cdf_fs,ebpf,1,1511,4.83
cdf_fs,ebpf,1,1512,5.76
cdf_fs,ebpf,1,1513,4.22
cdf_fs,ebpf,1,1514,5.2
cdf_fs,ebpf,1,1515,5.06
cdf_fs,ebpf,1,1516,5.2
cdf_fs,ebpf,1,1517,4.1
cdf_fs,ebpf,1,1518,5.18
cdf_fs,ebpf,1,1519,4.93
cdf_fs,ebpf,1,1520,5.22
cdf_fs,ebpf,1,1521,3.47
cdf_fs,ebpf,1,1522,4.83
cdf_fs,ebpf,1,1523,5.19
cdf_fs,ebpf,1,1524,5.44
cdf_fs,ebpf,1,1525,4.06
cdf_fs,ebpf,1,1526,5.84
cdf_fs,ebpf,1,1527,3.68
cdf_fs,ebpf,1,1528,4.77
cdf_fs,ebpf,1,1529,3.73
cdf_fs,ebpf,1,1530,4.78
cdf_fs,ebpf,1,1531,5.04
cdf_fs,ebpf,1,1532,5.46
cdf_fs,ebpf,1,1533,4.99
cdf_fs,ebpf,1,1534,4.94
cdf_fs,ebpf,1,1535,3.68
cdf_fs,ebpf,1,1536,5.05
cdf_fs,ebpf,1,1537,4.21
cdf_fs,ebpf,1,1538,4.88
cdf_fs,ebpf,1,1539,4.52
cdf_fs,ebpf,1,1540,5.17
cdf_fs,ebpf,1,1541,3.74
cdf_fs,ebpf,1,1542,5.26
cdf_fs,ebpf,1,1543,4.79
cdf_fs,ebpf,1,1544,5.39
cdf_fs,ebpf,1,1545,3.63
cdf_fs,ebpf,1,1546,4.89
cdf_fs,ebpf,1,1547,4.52
cdf_fs,ebpf,1,1548,5.03
cdf_fs,ebpf,1,1549,4.49
cdf_fs,ebpf,1,1550,5.51
cdf_fs,ebpf,1,1551,3.75
cdf_fs,ebpf,1,1552,4.9
cdf_fs,ebpf,1,1553,4.69
cdf_fs,ebpf,1,1554,4.98
cdf_fs,ebpf,1,1555,4.65
cdf_fs,ebpf,1,1556,4.85
cdf_fs,ebpf,1,1557,3.62
cdf_fs,ebpf,1,1558,5.62
cdf_fs,ebpf,1,1559,3.55
cdf_fs,ebpf,1,1560,5.05
cdf_fs,ebpf,1,1561,4.63
cdf_fs,ebpf,1,1562,9.18
cdf_fs,ebpf,1,1563,6.55
cdf_fs,ebpf,1,1564,3.62
cdf_fs,ebpf,1,1565,4.82
cdf_fs,ebpf,1,1566,5.07
cdf_fs,ebpf,1,1567,5.48
cdf_fs,ebpf,1,1568,3.73
cdf_fs,ebpf,1,1569,4.92
cdf_fs,ebpf,1,1570,3.59
cdf_fs,ebpf,1,1571,5.29
cdf_fs,ebpf,1,1572,3.7
cdf_fs,ebpf,1,1573,5.48
cdf_fs,ebpf,1,1574,3.68
cdf_fs,ebpf,1,1575,4.75
cdf_fs,ebpf,1,1576,4.96
cdf_fs,ebpf,1,1577,5.33
cdf_fs,ebpf,1,1578,3.6
cdf_fs,ebpf,1,1579,5.14
cdf_fs,ebpf,1,1580,5.04
cdf_fs,ebpf,1,1581,4.87
cdf_fs,ebpf,1,1582,3.73
cdf_fs,ebpf,1,1583,5.18
cdf_fs,ebpf,1,1584,4.92
cdf_fs,ebpf,1,1585,5.34
cdf_fs,ebpf,1,1586,5.05
cdf_fs,ebpf,1,1587,6.0
cdf_fs,ebpf,1,1588,4.07
cdf_fs,ebpf,1,1589,5.54
cdf_fs,ebpf,1,1590,3.68
cdf_fs,ebpf,1,1591,5.32
cdf_fs,ebpf,1,1592,3.72
cdf_fs,ebpf,1,1593,4.89
cdf_fs,ebpf,1,1594,5.02
cdf_fs,ebpf,1,1595,5.16
cdf_fs,ebpf,1,1596,4.07
cdf_fs,ebpf,1,1597,4.9
cdf_fs,ebpf,1,1598,4.6
cdf_fs,ebpf,1,1599,5.03
cdf_fs,ebpf,1,1600,4.87
cdf_fs,ebpf,1,1601,5.34
cdf_fs,ebpf,1,1602,4.71
cdf_fs,ebpf,1,1603,5.08
cdf_fs,ebpf,1,1604,4.01
cdf_fs,ebpf,1,1605,4.95
cdf_fs,ebpf,1,1606,4.67
cdf_fs,ebpf,1,1607,4.79
cdf_fs,ebpf,1,1608,4.88
cdf_fs,ebpf,1,1609,5.47
cdf_fs,ebpf,1,1610,4.95
cdf_fs,ebpf,1,1611,5.52
cdf_fs,ebpf,1,1612,3.52
cdf_fs,ebpf,1,1613,5.24
cdf_fs,ebpf,1,1614,5.19
cdf_fs,ebpf,1,1615,5.4
cdf_fs,ebpf,1,1616,4.85
cdf_fs,ebpf,1,1617,5.44
cdf_fs,ebpf,1,1618,5.14
cdf_fs,ebpf,1,1619,5.24
cdf_fs,ebpf,1,1620,4.68
cdf_fs,ebpf,1,1621,5.22
cdf_fs,ebpf,1,1622,3.66
cdf_fs,ebpf,1,1623,5.02
cdf_fs,ebpf,1,1624,3.61
cdf_fs,ebpf,1,1625,5.23
cdf_fs,ebpf,1,1626,4.67
cdf_fs,ebpf,1,1627,4.79
cdf_fs,ebpf,1,1628,5.03
cdf_fs,ebpf,1,1629,5.35
cdf_fs,ebpf,1,1630,4.66
cdf_fs,ebpf,1,1631,5.18
cdf_fs,ebpf,1,1632,3.5
cdf_fs,ebpf,1,1633,4.94
cdf_fs,ebpf,1,1634,4.74
cdf_fs,ebpf,1,1635,4.93
cdf_fs,ebpf,1,1636,4.6
cdf_fs,ebpf,1,1637,5.3
cdf_fs,ebpf,1,1638,4.04
cdf_fs,ebpf,1,1639,4.95
cdf_fs,ebpf,1,1640,4.52
cdf_fs,ebpf,1,1641,4.93
cdf_fs,ebpf,1,1642,3.74
cdf_fs,ebpf,1,1643,5.42
cdf_fs,ebpf,1,1644,3.63
cdf_fs,ebpf,1,1645,4.89
cdf_fs,ebpf,1,1646,4.54
cdf_fs,ebpf,1,1647,5.4
cdf_fs,ebpf,1,1648,4.05
cdf_fs,ebpf,1,1649,5.03
cdf_fs,ebpf,1,1650,4.95
cdf_fs,ebpf,1,1651,4.97
cdf_fs,ebpf,1,1652,3.54
cdf_fs,ebpf,1,1653,4.82
cdf_fs,ebpf,1,1654,4.14
cdf_fs,ebpf,1,1655,5.2
cdf_fs,ebpf,1,1656,4.95
cdf_fs,ebpf,1,1657,4.94
cdf_fs,ebpf,1,1658,4.2
cdf_fs,ebpf,1,1659,4.96
cdf_fs,ebpf,1,1660,5.16
cdf_fs,ebpf,1,1661,5.02
cdf_fs,ebpf,1,1662,4.64
cdf_fs,ebpf,1,1663,5.31
cdf_fs,ebpf,1,1664,3.63
cdf_fs,ebpf,1,1665,5.56
cdf_fs,ebpf,1,1666,5.02
cdf_fs,ebpf,1,1667,5.34
cdf_fs,ebpf,1,1668,4.69
cdf_fs,ebpf,1,1669,5.37
cdf_fs,ebpf,1,1670,4.84
cdf_fs,ebpf,1,1671,5.45
cdf_fs,ebpf,1,1672,4.08
cdf_fs,ebpf,1,1673,4.76
cdf_fs,ebpf,1,1674,4.81
cdf_fs,ebpf,1,1675,4.86
cdf_fs,ebpf,1,1676,4.83
cdf_fs,ebpf,1,1677,4.93
cdf_fs,ebpf,1,1678,4.92
cdf_fs,ebpf,1,1679,5.01
cdf_fs,ebpf,1,1680,4.48
cdf_fs,ebpf,1,1681,4.78
cdf_fs,ebpf,1,1682,5.0
cdf_fs,ebpf,1,1683,5.01
cdf_fs,ebpf,1,1684,3.75
cdf_fs,ebpf,1,1685,5.37
cdf_fs,ebpf,1,1686,3.61
cdf_fs,ebpf,1,1687,4.83
cdf_fs,ebpf,1,1688,3.98
cdf_fs,ebpf,1,1689,5.42
cdf_fs,ebpf,1,1690,4.56
cdf_fs,ebpf,1,1691,4.88
cdf_fs,ebpf,1,1692,4.91
cdf_fs,ebpf,1,1693,5.16
cdf_fs,ebpf,1,1694,4.59
cdf_fs,ebpf,1,1695,5.33
cdf_fs,ebpf,1,1696,4.99
cdf_fs,ebpf,1,1697,5.03
cdf_fs,ebpf,1,1698,3.67
cdf_fs,ebpf,1,1699,5.31
cdf_fs,ebpf,1,1700,3.63
cdf_fs,ebpf,1,1701,5.14
cdf_fs,ebpf,1,1702,3.68
cdf_fs,ebpf,1,1703,5.21
cdf_fs,ebpf,1,1704,4.53
cdf_fs,ebpf,1,1705,4.88
cdf_fs,ebpf,1,1706,3.53
cdf_fs,ebpf,1,1707,4.8
cdf_fs,ebpf,1,1708,3.58
cdf_fs,ebpf,1,1709,4.9
cdf_fs,ebpf,1,1710,5.06
cdf_fs,ebpf,1,1711,6.11
cdf_fs,ebpf,1,1712,3.73
cdf_fs,ebpf,1,1713,5.38
cdf_fs,ebpf,1,1714,4.15
cdf_fs,ebpf,1,1715,4.82
cdf_fs,ebpf,1,1716,4.57
cdf_fs,ebpf,1,1717,4.88
cdf_fs,ebpf,1,1718,3.81
cdf_fs,ebpf,1,1719,4.81
cdf_fs,ebpf,1,1720,4.51
cdf_fs,ebpf,1,1721,5.02
cdf_fs,ebpf,1,1722,3.66
cdf_fs,ebpf,1,1723,4.78
cdf_fs,ebpf,1,1724,5.0
cdf_fs,ebpf,1,1725,5.32
cdf_fs,ebpf,1,1726,5.17
cdf_fs,ebpf,1,1727,4.85
cdf_fs,ebpf,1,1728,4.86
cdf_fs,ebpf,1,1729,5.39
cdf_fs,ebpf,1,1730,3.95
cdf_fs,ebpf,1,1731,5.26
cdf_fs,ebpf,1,1732,4.56
cdf_fs,ebpf,1,1733,4.94
cdf_fs,ebpf,1,1734,3.65
cdf_fs,ebpf,1,1735,5.36
cdf_fs,ebpf,1,1736,3.7
cdf_fs,ebpf,1,1737,4.95
cdf_fs,ebpf,1,1738,4.57
cdf_fs,ebpf,1,1739,5.29
cdf_fs,ebpf,1,1740,4.16
cdf_fs,ebpf,1,1741,5.07
cdf_fs,ebpf,1,1742,3.94
cdf_fs,ebpf,1,1743,4.75
cdf_fs,ebpf,1,1744,3.54
cdf_fs,ebpf,1,1745,4.88
cdf_fs,ebpf,1,1746,4.83
cdf_fs,ebpf,1,1747,4.75
cdf_fs,ebpf,1,1748,4.56
cdf_fs,ebpf,1,1749,4.75
cdf_fs,ebpf,1,1750,3.51
cdf_fs,ebpf,1,1751,5.69
cdf_fs,ebpf,1,1752,3.7
cdf_fs,ebpf,1,1753,5.21
cdf_fs,ebpf,1,1754,4.66
cdf_fs,ebpf,1,1755,4.76
cdf_fs,ebpf,1,1756,4.9
cdf_fs,ebpf,1,1757,5.19
cdf_fs,ebpf,1,1758,4.91
cdf_fs,ebpf,1,1759,4.9
cdf_fs,ebpf,1,1760,4.7
cdf_fs,ebpf,1,1761,4.75
cdf_fs,ebpf,1,1762,4.99
cdf_fs,ebpf,1,1763,4.87
cdf_fs,ebpf,1,1764,4.05
cdf_fs,ebpf,1,1765,5.32
cdf_fs,ebpf,1,1766,3.76
cdf_fs,ebpf,1,1767,9.98
cdf_fs,ebpf,1,1768,5.78
cdf_fs,ebpf,1,1769,4.94
cdf_fs,ebpf,1,1770,4.71
cdf_fs,ebpf,1,1771,4.8
cdf_fs,ebpf,1,1772,5.07
cdf_fs,ebpf,1,1773,5.07
cdf_fs,ebpf,1,1774,4.07
cdf_fs,ebpf,1,1775,4.88
cdf_fs,ebpf,1,1776,4.97
cdf_fs,ebpf,1,1777,5.37
cdf_fs,ebpf,1,1778,4.12
cdf_fs,ebpf,1,1779,4.98
cdf_fs,ebpf,1,1780,4.08
cdf_fs,ebpf,1,1781,4.79
cdf_fs,ebpf,1,1782,5.08
cdf_fs,ebpf,1,1783,5.29
cdf_fs,ebpf,1,1784,5.12
cdf_fs,ebpf,1,1785,4.89
cdf_fs,ebpf,1,1786,5.11
cdf_fs,ebpf,1,1787,5.23
cdf_fs,ebpf,1,1788,5.04
cdf_fs,ebpf,1,1789,5.35
cdf_fs,ebpf,1,1790,5.13
cdf_fs,ebpf,1,1791,4.95
cdf_fs,ebpf,1,1792,3.57
cdf_fs,ebpf,1,1793,5.19
cdf_fs,ebpf,1,1794,4.62
cdf_fs,ebpf,1,1795,5.33
cdf_fs,ebpf,1,1796,3.64
cdf_fs,ebpf,1,1797,4.93
cdf_fs,ebpf,1,1798,4.71
cdf_fs,ebpf,1,1799,4.92
cdf_fs,ebpf,1,1800,3.63
cdf_fs,ebpf,1,1801,5.16
cdf_fs,ebpf,1,1802,4.19
cdf_fs,ebpf,1,1803,4.81
cdf_fs,ebpf,1,1804,3.46
cdf_fs,ebpf,1,1805,5.4
cdf_fs,ebpf,1,1806,4.01
cdf_fs,ebpf,1,1807,5.3
cdf_fs,ebpf,1,1808,5.1
cdf_fs,ebpf,1,1809,5.29
cdf_fs,ebpf,1,1810,5.13
cdf_fs,ebpf,1,1811,4.85
cdf_fs,ebpf,1,1812,4.92
cdf_fs,ebpf,1,1813,4.89
cdf_fs,ebpf,1,1814,3.72
cdf_fs,ebpf,1,1815,4.82
cdf_fs,ebpf,1,1816,4.84
cdf_fs,ebpf,1,1817,5.42
cdf_fs,ebpf,1,1818,4.92
cdf_fs,ebpf,1,1819,5.38
cdf_fs,ebpf,1,1820,3.62
cdf_fs,ebpf,1,1821,4.97
cdf_fs,ebpf,1,1822,4.64
cdf_fs,ebpf,1,1823,5.24
cdf_fs,ebpf,1,1824,3.52
cdf_fs,ebpf,1,1825,4.78
cdf_fs,ebpf,1,1826,5.01
cdf_fs,ebpf,1,1827,5.09
cdf_fs,ebpf,1,1828,3.49
cdf_fs,ebpf,1,1829,4.95
cdf_fs,ebpf,1,1830,5.14
cdf_fs,ebpf,1,1831,4.86
cdf_fs,ebpf,1,1832,4.48
cdf_fs,ebpf,1,1833,4.88
cdf_fs,ebpf,1,1834,3.54
cdf_fs,ebpf,1,1835,5.34
cdf_fs,ebpf,1,1836,4.6
cdf_fs,ebpf,1,1837,4.92
cdf_fs,ebpf,1,1838,5.06
cdf_fs,ebpf,1,1839,5.38
cdf_fs,ebpf,1,1840,4.9
cdf_fs,ebpf,1,1841,4.93
cdf_fs,ebpf,1,1842,4.95
cdf_fs,ebpf,1,1843,5.45
cdf_fs,ebpf,1,1844,4.6
cdf_fs,ebpf,1,1845,5.23
cdf_fs,ebpf,1,1846,5.03
cdf_fs,ebpf,1,1847,4.88
cdf_fs,ebpf,1,1848,3.91
cdf_fs,ebpf,1,1849,4.82
cdf_fs,ebpf,1,1850,5.06
cdf_fs,ebpf,1,1851,5.02
cdf_fs,ebpf,1,1852,4.07
cdf_fs,ebpf,1,1853,5.24
cdf_fs,ebpf,1,1854,3.66
cdf_fs,ebpf,1,1855,5.2
cdf_fs,ebpf,1,1856,3.77
cdf_fs,ebpf,1,1857,5.37
cdf_fs,ebpf,1,1858,3.95
cdf_fs,ebpf,1,1859,4.96
cdf_fs,ebpf,1,1860,3.63
cdf_fs,ebpf,1,1861,5.2
cdf_fs,ebpf,1,1862,3.97
cdf_fs,ebpf,1,1863,5.4
cdf_fs,ebpf,1,1864,5.07
cdf_fs,ebpf,1,1865,5.29
cdf_fs,ebpf,1,1866,4.98
cdf_fs,ebpf,1,1867,5.24
cdf_fs,ebpf,1,1868,4.95
cdf_fs,ebpf,1,1869,5.4
cdf_fs,ebpf,1,1870,5.18
cdf_fs,ebpf,1,1871,5.28
cdf_fs,ebpf,1,1872,4.64
cdf_fs,ebpf,1,1873,4.81
cdf_fs,ebpf,1,1874,4.941
cdf_fs,ebpf,1,1875,5.38
cdf_fs,ebpf,1,1876,3.44
cdf_fs,ebpf,1,1877,5.08
cdf_fs,ebpf,1,1878,3.52
cdf_fs,ebpf,1,1879,5.431
cdf_fs,ebpf,1,1880,3.629
cdf_fs,ebpf,1,1881,4.931
cdf_fs,ebpf,1,1882,5.0
cdf_fs,ebpf,1,1883,5.46
cdf_fs,ebpf,1,1884,3.589
cdf_fs,ebpf,1,1885,4.951
cdf_fs,ebpf,1,1886,4.88
cdf_fs,ebpf,1,1887,5.329
cdf_fs,ebpf,1,1888,4.82
cdf_fs,ebpf,1,1889,5.52
cdf_fs,ebpf,1,1890,4.76
cdf_fs,ebpf,1,1891,5.409
cdf_fs,ebpf,1,1892,3.451
cdf_fs,ebpf,1,1893,4.9
cdf_fs,ebpf,1,1894,3.58
cdf_fs,ebpf,1,1895,4.809
cdf_fs,ebpf,1,1896,4.991
cdf_fs,ebpf,1,1897,5.16
cdf_fs,ebpf,1,1898,4.509
cdf_fs,ebpf,1,1899,5.009
cdf_fs,ebpf,1,1900,5.011
cdf_fs,ebpf,1,1901,4.68
cdf_fs,ebpf,1,1902,4.909
cdf_fs,ebpf,1,1903,5.211
cdf_fs,ebpf,1,1904,3.98
cdf_fs,ebpf,1,1905,4.9
cdf_fs,ebpf,1,1906,5.06
cdf_fs,ebpf,1,1907,5.44
cdf_fs,ebpf,1,1908,5.04
cdf_fs,ebpf,1,1909,5.449
cdf_fs,ebpf,1,1910,4.98
cdf_fs,ebpf,1,1911,4.869
cdf_fs,ebpf,1,1912,5.129
cdf_fs,ebpf,1,1913,5.1
cdf_fs,ebpf,1,1914,4.92
cdf_fs,ebpf,1,1915,4.769
cdf_fs,ebpf,1,1916,3.56
cdf_fs,ebpf,1,1917,5.271
cdf_fs,ebpf,1,1918,4.92
cdf_fs,ebpf,1,1919,5.02
cdf_fs,ebpf,1,1920,3.66
cdf_fs,ebpf,1,1921,4.931
cdf_fs,ebpf,1,1922,3.711
cdf_fs,ebpf,1,1923,4.9
cdf_fs,ebpf,1,1924,4.12
cdf_fs,ebpf,1,1925,5.16
cdf_fs,ebpf,1,1926,3.96
cdf_fs,ebpf,1,1927,5.46
cdf_fs,ebpf,1,1928,5.18
cdf_fs,ebpf,1,1929,4.78
cdf_fs,ebpf,1,1930,4.131
cdf_fs,ebpf,1,1931,4.849
cdf_fs,ebpf,1,1932,5.14
cdf_fs,ebpf,1,1933,4.751
cdf_fs,ebpf,1,1934,3.591
cdf_fs,ebpf,1,1935,5.309
cdf_fs,ebpf,1,1936,4.44
cdf_fs,ebpf,1,1937,5.28
cdf_fs,ebpf,1,1938,4.951
cdf_fs,ebpf,1,1939,5.36
cdf_fs,ebpf,1,1940,3.671
cdf_fs,ebpf,1,1941,4.971
cdf_fs,ebpf,1,1942,4.92
cdf_fs,ebpf,1,1943,4.889
cdf_fs,ebpf,1,1944,4.54
cdf_fs,ebpf,1,1945,5.82
cdf_fs,ebpf,1,1946,3.811
cdf_fs,ebpf,1,1947,4.911
cdf_fs,ebpf,1,1948,4.609
cdf_fs,ebpf,1,1949,4.031
cdf_fs,ebpf,1,1950,4.209
cdf_fs,ebpf,1,1951,4.869
cdf_fs,ebpf,1,1952,4.949
cdf_fs,ebpf,1,1953,4.92
cdf_fs,ebpf,1,1954,5.14
cdf_fs,ebpf,1,1955,5.589
cdf_fs,ebpf,1,1956,4.729
cdf_fs,ebpf,1,1957,5.331
cdf_fs,ebpf,1,1958,3.531
cdf_fs,ebpf,1,1959,5.211
cdf_fs,ebpf,1,1960,4.98
cdf_fs,ebpf,1,1961,5.3
cdf_fs,ebpf,1,1962,3.569
cdf_fs,ebpf,1,1963,4.931
cdf_fs,ebpf,1,1964,3.551
cdf_fs,ebpf,1,1965,5.14
cdf_fs,ebpf,1,1966,5.229
cdf_fs,ebpf,1,1967,5.08
cdf_fs,ebpf,1,1968,3.82
cdf_fs,ebpf,1,1969,10.14
cdf_fs,ebpf,1,1970,6.15
cdf_fs,ebpf,1,1971,3.66
cdf_fs,ebpf,1,1972,5.22
cdf_fs,ebpf,1,1973,3.76
cdf_fs,ebpf,1,1974,4.84
cdf_fs,ebpf,1,1975,5.09
cdf_fs,ebpf,1,1976,5.31
cdf_fs,ebpf,1,1977,5.02
cdf_fs,ebpf,1,1978,5.02
cdf_fs,ebpf,1,1979,4.51
cdf_fs,ebpf,1,1980,5.55
cdf_fs,ebpf,1,1981,3.58
cdf_fs,ebpf,1,1982,4.75
cdf_fs,ebpf,1,1983,4.96
cdf_fs,ebpf,1,1984,5.2
cdf_fs,ebpf,1,1985,3.68
cdf_fs,ebpf,1,1986,5.15
cdf_fs,ebpf,1,1987,5.08
cdf_fs,ebpf,1,1988,5.3
cdf_fs,ebpf,1,1989,5.0
cdf_fs,ebpf,1,1990,5.49
cdf_fs,ebpf,1,1991,4.94
cdf_fs,ebpf,1,1992,5.26
cdf_fs,ebpf,1,1993,4.94
cdf_fs,ebpf,1,1994,5.12
cdf_fs,ebpf,1,1995,4.19
cdf_fs,ebpf,1,1996,5.32
cdf_fs,ebpf,1,1997,4.17
cdf_fs,ebpf,1,1998,5.33
cdf_fs,ebpf,1,1999,3.72
cdf_fs,ebpf,1,2000,4.9
cdf_fs,ebpf,1,2001,4.7
cdf_fs,ebpf,1,2002,4.84
cdf_fs,ebpf,1,2003,4.9
cdf_fs,ebpf,1,2004,5.37
cdf_fs,ebpf,1,2005,3.71
cdf_fs,ebpf,1,2006,5.14
cdf_fs,ebpf,1,2007,5.05
cdf_fs,ebpf,1,2008,5.55
cdf_fs,ebpf,1,2009,3.7
cdf_fs,ebpf,1,2010,5.29
cdf_fs,ebpf,1,2011,3.65
cdf_fs,ebpf,1,2012,5.33
cdf_fs,ebpf,1,2013,5.05
cdf_fs,ebpf,1,2014,5.45
cdf_fs,ebpf,1,2015,4.09
cdf_fs,ebpf,1,2016,5.45
cdf_fs,ebpf,1,2017,3.91
cdf_fs,ebpf,1,2018,5.47
cdf_fs,ebpf,1,2019,3.66
cdf_fs,ebpf,1,2020,4.86
cdf_fs,ebpf,1,2021,3.62
cdf_fs,ebpf,1,2022,5.02
cdf_fs,ebpf,1,2023,4.65
cdf_fs,ebpf,1,2024,5.02
cdf_fs,ebpf,1,2025,3.68
cdf_fs,ebpf,1,2026,5.42
cdf_fs,ebpf,1,2027,3.58
cdf_fs,ebpf,1,2028,4.9
cdf_fs,ebpf,1,2029,5.12
cdf_fs,ebpf,1,2030,4.96
cdf_fs,ebpf,1,2031,3.73
cdf_fs,ebpf,1,2032,4.83
cdf_fs,ebpf,1,2033,3.85
cdf_fs,ebpf,1,2034,5.07
cdf_fs,ebpf,1,2035,5.25
cdf_fs,ebpf,1,2036,5.29
cdf_fs,ebpf,1,2037,3.71
cdf_fs,ebpf,1,2038,5.46
cdf_fs,ebpf,1,2039,3.87
cdf_fs,ebpf,1,2040,4.77
cdf_fs,ebpf,1,2041,3.66
cdf_fs,ebpf,1,2042,5.03
cdf_fs,ebpf,1,2043,4.69
cdf_fs,ebpf,1,2044,5.6
cdf_fs,ebpf,1,2045,5.05
cdf_fs,ebpf,1,2046,4.92
cdf_fs,ebpf,1,2047,4.89
cdf_fs,ebpf,1,2048,5.66
cdf_fs,ebpf,1,2049,5.14
cdf_fs,ebpf,1,2050,5.47
cdf_fs,ebpf,1,2051,3.56
cdf_fs,ebpf,1,2052,4.67
cdf_fs,ebpf,1,2053,4.6
cdf_fs,ebpf,1,2054,4.85
cdf_fs,ebpf,1,2055,3.63
cdf_fs,ebpf,1,2056,4.75
cdf_fs,ebpf,1,2057,5.05
cdf_fs,ebpf,1,2058,17.81
cdf_fs,ebpf,1,2059,3.69
cdf_fs,ebpf,1,2060,5.66
cdf_fs,ebpf,1,2061,3.73
cdf_fs,ebpf,1,2062,5.42
cdf_fs,ebpf,1,2063,4.69
cdf_fs,ebpf,1,2064,5.38
cdf_fs,ebpf,1,2065,3.59
cdf_fs,ebpf,1,2066,5.01
cdf_fs,ebpf,1,2067,4.66
cdf_fs,ebpf,1,2068,5.45
cdf_fs,ebpf,1,2069,3.81
cdf_fs,ebpf,1,2070,4.91
cdf_fs,ebpf,1,2071,3.67
cdf_fs,ebpf,1,2072,5.36
cdf_fs,ebpf,1,2073,5.0
cdf_fs,ebpf,1,2074,4.95
cdf_fs,ebpf,1,2075,3.65
cdf_fs,ebpf,1,2076,5.33
cdf_fs,ebpf,1,2077,3.7
cdf_fs,ebpf,1,2078,4.9
cdf_fs,ebpf,1,2079,4.96
cdf_fs,ebpf,1,2080,4.85
cdf_fs,ebpf,1,2081,4.83
cdf_fs,ebpf,1,2082,4.98
cdf_fs,ebpf,1,2083,5.21
cdf_fs,ebpf,1,2084,5.03
cdf_fs,ebpf,1,2085,4.77
cdf_fs,ebpf,1,2086,4.89
cdf_fs,ebpf,1,2087,5.05
cdf_fs,ebpf,1,2088,4.88
cdf_fs,ebpf,1,2089,3.61
cdf_fs,ebpf,1,2090,5.02
cdf_fs,ebpf,1,2091,4.67
cdf_fs,ebpf,1,2092,4.8
cdf_fs,ebpf,1,2093,3.69
cdf_fs,ebpf,1,2094,5.56
cdf_fs,ebpf,1,2095,3.6
cdf_fs,ebpf,1,2096,5.31
cdf_fs,ebpf,1,2097,4.34
cdf_fs,ebpf,1,2098,5.13
cdf_fs,ebpf,1,2099,3.98
cdf_fs,ebpf,1,2100,4.84
cdf_fs,ebpf,1,2101,3.69
cdf_fs,ebpf,1,2102,4.86
cdf_fs,ebpf,1,2103,4.53
cdf_fs,ebpf,1,2104,5.02
cdf_fs,ebpf,1,2105,4.99
cdf_fs,ebpf,1,2106,4.85
cdf_fs,ebpf,1,2107,4.99
cdf_fs,ebpf,1,2108,4.96
cdf_fs,ebpf,1,2109,4.79
cdf_fs,ebpf,1,2110,5.36
cdf_fs,ebpf,1,2111,3.83
cdf_fs,ebpf,1,2112,4.98
cdf_fs,ebpf,1,2113,3.77
cdf_fs,ebpf,1,2114,4.9
cdf_fs,ebpf,1,2115,5.12
cdf_fs,ebpf,1,2116,4.88
cdf_fs,ebpf,1,2117,5.02
cdf_fs,ebpf,1,2118,4.96
cdf_fs,ebpf,1,2119,4.48
cdf_fs,ebpf,1,2120,5.51
cdf_fs,ebpf,1,2121,5.1
cdf_fs,ebpf,1,2122,5.46
cdf_fs,ebpf,1,2123,3.61
cdf_fs,ebpf,1,2124,4.95
cdf_fs,ebpf,1,2125,4.26
cdf_fs,ebpf,1,2126,4.94
cdf_fs,ebpf,1,2127,5.02
cdf_fs,ebpf,1,2128,5.17
cdf_fs,ebpf,1,2129,4.95
cdf_fs,ebpf,1,2130,5.45
cdf_fs,ebpf,1,2131,3.87
cdf_fs,ebpf,1,2132,4.97
cdf_fs,ebpf,1,2133,3.74
cdf_fs,ebpf,1,2134,4.97
cdf_fs,ebpf,1,2135,3.64
cdf_fs,ebpf,1,2136,5.27
cdf_fs,ebpf,1,2137,4.18
cdf_fs,ebpf,1,2138,5.1
cdf_fs,ebpf,1,2139,3.54
cdf_fs,ebpf,1,2140,4.94
cdf_fs,ebpf,1,2141,3.8
cdf_fs,ebpf,1,2142,5.56
cdf_fs,ebpf,1,2143,3.51
cdf_fs,ebpf,1,2144,4.84
cdf_fs,ebpf,1,2145,4.71
cdf_fs,ebpf,1,2146,4.93
cdf_fs,ebpf,1,2147,4.94
cdf_fs,ebpf,1,2148,4.88
cdf_fs,ebpf,1,2149,4.64
cdf_fs,ebpf,1,2150,4.91
cdf_fs,ebpf,1,2151,4.94
cdf_fs,ebpf,1,2152,5.36
cdf_fs,ebpf,1,2153,3.72
cdf_fs,ebpf,1,2154,4.76
cdf_fs,ebpf,1,2155,4.9
cdf_fs,ebpf,1,2156,5.33
cdf_fs,ebpf,1,2157,4.98
cdf_fs,ebpf,1,2158,4.77
cdf_fs,ebpf,1,2159,5.17
cdf_fs,ebpf,1,2160,5.27
cdf_fs,ebpf,1,2161,3.68
cdf_fs,ebpf,1,2162,4.88
cdf_fs,ebpf,1,2163,4.45
cdf_fs,ebpf,1,2164,4.8
cdf_fs,ebpf,1,2165,3.55
cdf_fs,ebpf,1,2166,5.01
cdf_fs,ebpf,1,2167,5.08
cdf_fs,ebpf,1,2168,5.36
cdf_fs,ebpf,1,2169,4.58
cdf_fs,ebpf,1,2170,4.82
cdf_fs,ebpf,1,2171,4.93
cdf_fs,ebpf,1,2172,13.7
cdf_fs,ebpf,1,2173,5.38
cdf_fs,ebpf,1,2174,4.8
cdf_fs,ebpf,1,2175,5.07
cdf_fs,ebpf,1,2176,5.29
cdf_fs,ebpf,1,2177,5.1
cdf_fs,ebpf,1,2178,5.45
cdf_fs,ebpf,1,2179,4.83
cdf_fs,ebpf,1,2180,4.95
cdf_fs,ebpf,1,2181,4.61
cdf_fs,ebpf,1,2182,4.87
cdf_fs,ebpf,1,2183,3.58
cdf_fs,ebpf,1,2184,4.87
cdf_fs,ebpf,1,2185,5.13
cdf_fs,ebpf,1,2186,5.33
cdf_fs,ebpf,1,2187,5.01
cdf_fs,ebpf,1,2188,5.22
cdf_fs,ebpf,1,2189,3.69
cdf_fs,ebpf,1,2190,5.37
cdf_fs,ebpf,1,2191,4.8
cdf_fs,ebpf,1,2192,5.11
cdf_fs,ebpf,1,2193,4.58
cdf_fs,ebpf,1,2194,4.97
cdf_fs,ebpf,1,2195,5.12
cdf_fs,ebpf,1,2196,5.19
cdf_fs,ebpf,1,2197,5.07
cdf_fs,ebpf,1,2198,4.9
cdf_fs,ebpf,1,2199,3.53
cdf_fs,ebpf,1,2200,4.74
cdf_fs,ebpf,1,2201,4.07
cdf_fs,ebpf,1,2202,4.99
cdf_fs,ebpf,1,2203,3.8
cdf_fs,ebpf,1,2204,5.3
cdf_fs,ebpf,1,2205,3.69
cdf_fs,ebpf,1,2206,4.78
cdf_fs,ebpf,1,2207,3.56
cdf_fs,ebpf,1,2208,5.13
cdf_fs,ebpf,1,2209,3.51
cdf_fs,ebpf,1,2210,5.35
cdf_fs,ebpf,1,2211,3.68
cdf_fs,ebpf,1,2212,4.93
cdf_fs,ebpf,1,2213,4.46
cdf_fs,ebpf,1,2214,4.9
cdf_fs,ebpf,1,2215,3.68
cdf_fs,ebpf,1,2216,5.29
cdf_fs,ebpf,1,2217,4.54
cdf_fs,ebpf,1,2218,4.71
cdf_fs,ebpf,1,2219,4.96
cdf_fs,ebpf,1,2220,4.87
cdf_fs,ebpf,1,2221,4.82
cdf_fs,ebpf,1,2222,5.4
cdf_fs,ebpf,1,2223,5.66
cdf_fs,ebpf,1,2224,4.74
cdf_fs,ebpf,1,2225,4.54
cdf_fs,ebpf,1,2226,4.96
cdf_fs,ebpf,1,2227,3.57
cdf_fs,ebpf,1,2228,5.0
cdf_fs,ebpf,1,2229,5.0
cdf_fs,ebpf,1,2230,5.51
cdf_fs,ebpf,1,2231,5.02
cdf_fs,ebpf,1,2232,4.84
cdf_fs,ebpf,1,2233,4.69
cdf_fs,ebpf,1,2234,5.34
cdf_fs,ebpf,1,2235,4.23
cdf_fs,ebpf,1,2236,5.31
cdf_fs,ebpf,1,2237,3.62
cdf_fs,ebpf,1,2238,4.76
cdf_fs,ebpf,1,2239,4.97
cdf_fs,ebpf,1,2240,5.34
cdf_fs,ebpf,1,2241,3.53
cdf_fs,ebpf,1,2242,5.43
cdf_fs,ebpf,1,2243,3.53
cdf_fs,ebpf,1,2244,5.21
cdf_fs,ebpf,1,2245,5.23
cdf_fs,ebpf,1,2246,4.88
cdf_fs,ebpf,1,2247,5.04
cdf_fs,ebpf,1,2248,5.31
cdf_fs,ebpf,1,2249,5.07
cdf_fs,ebpf,1,2250,5.01
cdf_fs,ebpf,1,2251,4.92
cdf_fs,ebpf,1,2252,5.27
cdf_fs,ebpf,1,2253,5.05
cdf_fs,ebpf,1,2254,5.44
cdf_fs,ebpf,1,2255,3.79
cdf_fs,ebpf,1,2256,4.93
cdf_fs,ebpf,1,2257,5.25
cdf_fs,ebpf,1,2258,5.27
cdf_fs,ebpf,1,2259,3.7
cdf_fs,ebpf,1,2260,4.83
cdf_fs,ebpf,1,2261,4.95
cdf_fs,ebpf,1,2262,4.84
cdf_fs,ebpf,1,2263,3.65
cdf_fs,ebpf,1,2264,5.55
cdf_fs,ebpf,1,2265,4.95
cdf_fs,ebpf,1,2266,5.26
cdf_fs,ebpf,1,2267,5.21
cdf_fs,ebpf,1,2268,5.22
cdf_fs,ebpf,1,2269,4.94
cdf_fs,ebpf,1,2270,4.9
cdf_fs,ebpf,1,2271,3.71
cdf_fs,ebpf,1,2272,4.88
cdf_fs,ebpf,1,2273,4.72
cdf_fs,ebpf,1,2274,5.32
cdf_fs,ebpf,1,2275,4.6
cdf_fs,ebpf,1,2276,5.11
cdf_fs,ebpf,1,2277,3.63
cdf_fs,ebpf,1,2278,4.94
cdf_fs,ebpf,1,2279,3.6
cdf_fs,ebpf,1,2280,5.25
cdf_fs,ebpf,1,2281,4.79
cdf_fs,ebpf,1,2282,5.47
cdf_fs,ebpf,1,2283,3.9
cdf_fs,ebpf,1,2284,4.73
cdf_fs,ebpf,1,2285,3.59
cdf_fs,ebpf,1,2286,4.74
cdf_fs,ebpf,1,2287,3.58
cdf_fs,ebpf,1,2288,4.78
cdf_fs,ebpf,1,2289,3.68
cdf_fs,ebpf,1,2290,4.89
cdf_fs,ebpf,1,2291,5.02
cdf_fs,ebpf,1,2292,5.52
cdf_fs,ebpf,1,2293,5.01
cdf_fs,ebpf,1,2294,5.43
cdf_fs,ebpf,1,2295,4.82
cdf_fs,ebpf,1,2296,4.68
cdf_fs,ebpf,1,2297,4.74
cdf_fs,ebpf,1,2298,5.58
cdf_fs,ebpf,1,2299,4.91
cdf_fs,ebpf,1,2300,5.32
cdf_fs,ebpf,1,2301,4.25
cdf_fs,ebpf,1,2302,5.17
cdf_fs,ebpf,1,2303,3.57
cdf_fs,ebpf,1,2304,5.58
cdf_fs,ebpf,1,2305,3.7
cdf_fs,ebpf,1,2306,5.51
cdf_fs,ebpf,1,2307,3.76
cdf_fs,ebpf,1,2308,4.8
cdf_fs,ebpf,1,2309,4.89
cdf_fs,ebpf,1,2310,5.23
cdf_fs,ebpf,1,2311,5.17
cdf_fs,ebpf,1,2312,4.99
cdf_fs,ebpf,1,2313,3.79
cdf_fs,ebpf,1,2314,4.89
cdf_fs,ebpf,1,2315,3.6
cdf_fs,ebpf,1,2316,5.38
cdf_fs,ebpf,1,2317,3.57
cdf_fs,ebpf,1,2318,4.76
cdf_fs,ebpf,1,2319,3.64
cdf_fs,ebpf,1,2320,4.78
cdf_fs,ebpf,1,2321,5.03
cdf_fs,ebpf,1,2322,4.91
cdf_fs,ebpf,1,2323,4.89
cdf_fs,ebpf,1,2324,5.18
cdf_fs,ebpf,1,2325,4.77
cdf_fs,ebpf,1,2326,5.36
cdf_fs,ebpf,1,2327,4.52
cdf_fs,ebpf,1,2328,5.07
cdf_fs,ebpf,1,2329,4.98
cdf_fs,ebpf,1,2330,4.86
cdf_fs,ebpf,1,2331,3.74
cdf_fs,ebpf,1,2332,4.95
cdf_fs,ebpf,1,2333,4.91
cdf_fs,ebpf,1,2334,5.28
cdf_fs,ebpf,1,2335,4.56
cdf_fs,ebpf,1,2336,5.49
cdf_fs,ebpf,1,2337,3.68
cdf_fs,ebpf,1,2338,5.58
cdf_fs,ebpf,1,2339,4.58
cdf_fs,ebpf,1,2340,5.38
cdf_fs,ebpf,1,2341,3.54
cdf_fs,ebpf,1,2342,5.24
cdf_fs,ebpf,1,2343,4.05
cdf_fs,ebpf,1,2344,5.39
cdf_fs,ebpf,1,2345,3.87
cdf_fs,ebpf,1,2346,5.19
cdf_fs,ebpf,1,2347,4.09
cdf_fs,ebpf,1,2348,4.77
cdf_fs,ebpf,1,2349,3.52
cdf_fs,ebpf,1,2350,4.94
cdf_fs,ebpf,1,2351,4.95
cdf_fs,ebpf,1,2352,5.08
cdf_fs,ebpf,1,2353,4.2
cdf_fs,ebpf,1,2354,4.82
cdf_fs,ebpf,1,2355,3.76
cdf_fs,ebpf,1,2356,4.8
cdf_fs,ebpf,1,2357,4.49
cdf_fs,ebpf,1,2358,4.82
cdf_fs,ebpf,1,2359,5.19
cdf_fs,ebpf,1,2360,5.55
cdf_fs,ebpf,1,2361,5.01
cdf_fs,ebpf,1,2362,3.88
cdf_fs,ebpf,1,2363,3.65
cdf_fs,ebpf,1,2364,3.56
cdf_fs,ebpf,1,2365,4.96
cdf_fs,ebpf,1,2366,4.95
cdf_fs,ebpf,1,2367,3.58
cdf_fs,ebpf,1,2368,3.95
cdf_fs,ebpf,1,2369,5.3
cdf_fs,ebpf,1,2370,3.6
cdf_fs,ebpf,1,2371,3.58
cdf_fs,ebpf,1,2372,4.64
cdf_fs,ebpf,1,2373,3.74
cdf_fs,ebpf,1,2374,3.79
cdf_fs,ebpf,1,2375,4.72
cdf_fs,ebpf,1,2376,4.86
cdf_fs,ebpf,1,2377,10.3
cdf_fs,ebpf,1,2378,4.2
cdf_fs,ebpf,1,2379,3.68
cdf_fs,ebpf,1,2380,4.52
cdf_fs,ebpf,1,2381,5.34
cdf_fs,ebpf,1,2382,3.67
cdf_fs,ebpf,1,2383,4.54
cdf_fs,ebpf,1,2384,4.97
cdf_fs,ebpf,1,2385,3.51
cdf_fs,ebpf,1,2386,3.93
cdf_fs,ebpf,1,2387,4.49
cdf_fs,ebpf,1,2388,5.06
cdf_fs,ebpf,1,2389,3.74
cdf_fs,ebpf,1,2390,4.92
cdf_fs,ebpf,1,2391,5.88
cdf_fs,ebpf,1,2392,3.69
cdf_fs,ebpf,1,2393,5.27
cdf_fs,ebpf,1,2394,4.16
cdf_fs,ebpf,1,2395,3.73
cdf_fs,ebpf,1,2396,3.82
cdf_fs,ebpf,1,2397,3.55
cdf_fs,ebpf,1,2398,3.71
cdf_fs,ebpf,1,2399,5.31
cdf_fs,ebpf,1,2400,3.77
cdf_fs,ebpf,1,2401,4.53
cdf_fs,ebpf,1,2402,4.86
cdf_fs,ebpf,1,2403,3.71
cdf_fs,ebpf,1,2404,4.0
cdf_fs,ebpf,1,2405,5.38
cdf_fs,ebpf,1,2406,3.64
cdf_fs,ebpf,1,2407,4.7
cdf_fs,ebpf,1,2408,4.97
cdf_fs,ebpf,1,2409,3.53
cdf_fs,ebpf,1,2410,3.38
cdf_fs,ebpf,1,2411,3.72
cdf_fs,ebpf,1,2412,4.9
cdf_fs,ebpf,1,2413,3.52
cdf_fs,ebpf,1,2414,5.16
cdf_fs,ebpf,1,2415,4.79
cdf_fs,ebpf,1,2416,3.58
cdf_fs,ebpf,1,2417,4.05
cdf_fs,ebpf,1,2418,4.94
cdf_fs,ebpf,1,2419,4.92
cdf_fs,ebpf,1,2420,3.64
cdf_fs,ebpf,1,2421,4.08
cdf_fs,ebpf,1,2422,4.57
cdf_fs,ebpf,1,2423,4.79
cdf_fs,ebpf,1,2424,4.07
cdf_fs,ebpf,1,2425,4.13
cdf_fs,ebpf,1,2426,5.2
cdf_fs,ebpf,1,2427,4.2
cdf_fs,ebpf,1,2428,3.69
cdf_fs,ebpf,1,2429,3.57
cdf_fs,ebpf,1,2430,4.79
cdf_fs,ebpf,1,2431,3.69
cdf_fs,ebpf,1,2432,4.9
cdf_fs,ebpf,1,2433,4.89
cdf_fs,ebpf,1,2434,3.37
cdf_fs,ebpf,1,2435,4.21
cdf_fs,ebpf,1,2436,4.8
cdf_fs,ebpf,1,2437,4.81
cdf_fs,ebpf,1,2438,3.7
cdf_fs,ebpf,1,2439,3.58
cdf_fs,ebpf,1,2440,4.94
cdf_fs,ebpf,1,2441,5.16
cdf_fs,ebpf,1,2442,3.62
cdf_fs,ebpf,1,2443,4.82
cdf_fs,ebpf,1,2444,4.96
cdf_fs,ebpf,1,2445,3.62
cdf_fs,ebpf,1,2446,3.51
cdf_fs,ebpf,1,2447,3.55
cdf_fs,ebpf,1,2448,6.41
cdf_fs,ebpf,1,2449,4.35
cdf_fs,ebpf,1,2450,3.55
cdf_fs,ebpf,1,2451,5.25
cdf_fs,ebpf,1,2452,4.03
cdf_fs,ebpf,1,2453,3.64
cdf_fs,ebpf,1,2454,3.52
cdf_fs,ebpf,1,2455,5.46
cdf_fs,ebpf,1,2456,3.73
cdf_fs,ebpf,1,2457,4.65
cdf_fs,ebpf,1,2458,4.92
cdf_fs,ebpf,1,2459,3.44
cdf_fs,ebpf,1,2460,4.05
cdf_fs,ebpf,1,2461,4.59
cdf_fs,ebpf,1,2462,4.89
cdf_fs,ebpf,1,2463,3.95
cdf_fs,ebpf,1,2464,4.76
cdf_fs,ebpf,1,2465,5.8
cdf_fs,ebpf,1,2466,4.09
cdf_fs,ebpf,1,2467,5.53
cdf_fs,ebpf,1,2468,3.66
cdf_fs,ebpf,1,2469,3.52
cdf_fs,ebpf,1,2470,4.55
cdf_fs,ebpf,1,2471,4.82
cdf_fs,ebpf,1,2472,3.46
cdf_fs,ebpf,1,2473,3.8
cdf_fs,ebpf,1,2474,4.81
cdf_fs,ebpf,1,2475,4.09
cdf_fs,ebpf,1,2476,3.67
cdf_fs,ebpf,1,2477,5.24
cdf_fs,ebpf,1,2478,3.64
cdf_fs,ebpf,1,2479,4.42
cdf_fs,ebpf,1,2480,4.97
cdf_fs,ebpf,1,2481,4.21
cdf_fs,ebpf,1,2482,4.4
cdf_fs,ebpf,1,2483,4.58
cdf_fs,ebpf,1,2484,4.87
cdf_fs,ebpf,1,2485,4.14
cdf_fs,ebpf,1,2486,4.57
cdf_fs,ebpf,1,2487,4.72
cdf_fs,ebpf,1,2488,4.12
cdf_fs,ebpf,1,2489,4.56
cdf_fs,ebpf,1,2490,4.87
cdf_fs,ebpf,1,2491,4.09
cdf_fs,ebpf,1,2492,3.75
cdf_fs,ebpf,1,2493,4.95
cdf_fs,ebpf,1,2494,4.96
cdf_fs,ebpf,1,2495,3.64
cdf_fs,ebpf,1,2496,4.48
cdf_fs,ebpf,1,2497,5.26
cdf_fs,ebpf,1,2498,3.57
cdf_fs,ebpf,1,2499,3.85
cdf_fs,ebpf,1,2500,4.56
cdf_fs,ebpf,1,2501,4.77
cdf_fs,ebpf,1,2502,5.49
cdf_fs,ebpf,1,2503,4.18
cdf_fs,ebpf,1,2504,4.71
cdf_fs,ebpf,1,2505,5.21
cdf_fs,ebpf,1,2506,4.06
cdf_fs,ebpf,1,2507,4.56
cdf_fs,ebpf,1,2508,5.25
cdf_fs,ebpf,1,2509,3.67
cdf_fs,ebpf,1,2510,5.11
cdf_fs,ebpf,1,2511,4.78
cdf_fs,ebpf,1,2512,3.68
cdf_fs,ebpf,1,2513,3.73
cdf_fs,ebpf,1,2514,5.23
cdf_fs,ebpf,1,2515,5.31
cdf_fs,ebpf,1,2516,3.76
cdf_fs,ebpf,1,2517,3.77
cdf_fs,ebpf,1,2518,4.83
cdf_fs,ebpf,1,2519,4.96
cdf_fs,ebpf,1,2520,3.72
cdf_fs,ebpf,1,2521,4.71
cdf_fs,ebpf,1,2522,4.74
cdf_fs,ebpf,1,2523,3.77
cdf_fs,ebpf,1,2524,5.06
cdf_fs,ebpf,1,2525,4.92
cdf_fs,ebpf,1,2526,5.38
cdf_fs,ebpf,1,2527,3.65
cdf_fs,ebpf,1,2528,4.01
cdf_fs,ebpf,1,2529,4.57
cdf_fs,ebpf,1,2530,4.85
cdf_fs,ebpf,1,2531,3.93
cdf_fs,ebpf,1,2532,3.55
cdf_fs,ebpf,1,2533,4.68
cdf_fs,ebpf,1,2534,4.81
cdf_fs,ebpf,1,2535,4.12
cdf_fs,ebpf,1,2536,3.52
cdf_fs,ebpf,1,2537,4.93
cdf_fs,ebpf,1,2538,4.35
cdf_fs,ebpf,1,2539,4.95
cdf_fs,ebpf,1,2540,5.44
cdf_fs,ebpf,1,2541,4.07
cdf_fs,ebpf,1,2542,3.52
cdf_fs,ebpf,1,2543,4.02
cdf_fs,ebpf,1,2544,5.34
cdf_fs,ebpf,1,2545,3.66
cdf_fs,ebpf,1,2546,4.94
cdf_fs,ebpf,1,2547,5.01
cdf_fs,ebpf,1,2548,3.96
cdf_fs,ebpf,1,2549,4.4
cdf_fs,ebpf,1,2550,5.39
cdf_fs,ebpf,1,2551,3.76
cdf_fs,ebpf,1,2552,5.03
cdf_fs,ebpf,1,2553,4.86
cdf_fs,ebpf,1,2554,3.71
cdf_fs,ebpf,1,2555,3.54
cdf_fs,ebpf,1,2556,5.41
cdf_fs,ebpf,1,2557,3.66
cdf_fs,ebpf,1,2558,4.04
cdf_fs,ebpf,1,2559,3.8
cdf_fs,ebpf,1,2560,4.88
cdf_fs,ebpf,1,2561,4.07
cdf_fs,ebpf,1,2562,4.3
cdf_fs,ebpf,1,2563,4.3
cdf_fs,ebpf,1,2564,5.19
cdf_fs,ebpf,1,2565,4.33
cdf_fs,ebpf,1,2566,5.27
cdf_fs,ebpf,1,2567,3.62
cdf_fs,ebpf,1,2568,4.04
cdf_fs,ebpf,1,2569,4.74
cdf_fs,ebpf,1,2570,3.62
cdf_fs,ebpf,1,2571,3.56
cdf_fs,ebpf,1,2572,3.8
cdf_fs,ebpf,1,2573,4.85
cdf_fs,ebpf,1,2574,4.08
cdf_fs,ebpf,1,2575,4.89
cdf_fs,ebpf,1,2576,5.77
cdf_fs,ebpf,1,2577,4.02
cdf_fs,ebpf,1,2578,5.33
cdf_fs,ebpf,1,2579,4.24
cdf_fs,ebpf,1,2580,4.57
cdf_fs,ebpf,1,2581,4.76
cdf_fs,ebpf,1,2582,3.57
cdf_fs,ebpf,1,2583,3.45
cdf_fs,ebpf,1,2584,4.92
cdf_fs,ebpf,1,2585,4.17
cdf_fs,ebpf,1,2586,4.84
cdf_fs,ebpf,1,2587,3.66
cdf_fs,ebpf,1,2588,5.29
cdf_fs,ebpf,1,2589,3.66
cdf_fs,ebpf,1,2590,3.66
cdf_fs,ebpf,1,2591,4.98
cdf_fs,ebpf,1,2592,4.67
cdf_fs,ebpf,1,2593,3.61
cdf_fs,ebpf,1,2594,4.43
cdf_fs,ebpf,1,2595,4.89
cdf_fs,ebpf,1,2596,4.1
cdf_fs,ebpf,1,2597,7.64
cdf_fs,ebpf,1,2598,6.28
cdf_fs,ebpf,1,2599,3.76
cdf_fs,ebpf,1,2600,4.78
cdf_fs,ebpf,1,2601,5.34
cdf_fs,ebpf,1,2602,3.6
cdf_fs,ebpf,1,2603,3.66
cdf_fs,ebpf,1,2604,4.92
cdf_fs,ebpf,1,2605,4.71
cdf_fs,ebpf,1,2606,3.56
cdf_fs,ebpf,1,2607,3.81
cdf_fs,ebpf,1,2608,5.31
cdf_fs,ebpf,1,2609,4.27
cdf_fs,ebpf,1,2610,5.14
cdf_fs,ebpf,1,2611,4.0
cdf_fs,ebpf,1,2612,3.56
cdf_fs,ebpf,1,2613,5.25
cdf_fs,ebpf,1,2614,3.69
cdf_fs,ebpf,1,2615,4.63
cdf_fs,ebpf,1,2616,3.63
cdf_fs,ebpf,1,2617,5.02
cdf_fs,ebpf,1,2618,6.39
cdf_fs,ebpf,1,2619,3.64
cdf_fs,ebpf,1,2620,3.7
cdf_fs,ebpf,1,2621,5.0
cdf_fs,ebpf,1,2622,4.69
cdf_fs,ebpf,1,2623,5.4
cdf_fs,ebpf,1,2624,3.66
cdf_fs,ebpf,1,2625,4.9
cdf_fs,ebpf,1,2626,5.17
cdf_fs,ebpf,1,2627,4.17
cdf_fs,ebpf,1,2628,4.53
cdf_fs,ebpf,1,2629,4.86
cdf_fs,ebpf,1,2630,3.7
cdf_fs,ebpf,1,2631,3.54
cdf_fs,ebpf,1,2632,3.58
cdf_fs,ebpf,1,2633,4.78
cdf_fs,ebpf,1,2634,4.28
cdf_fs,ebpf,1,2635,4.22
cdf_fs,ebpf,1,2636,5.3
cdf_fs,ebpf,1,2637,4.09
cdf_fs,ebpf,1,2638,4.67
cdf_fs,ebpf,1,2639,5.13
cdf_fs,ebpf,1,2640,4.26
cdf_fs,ebpf,1,2641,4.91
cdf_fs,ebpf,1,2642,5.12
cdf_fs,ebpf,1,2643,3.99
cdf_fs,ebpf,1,2644,4.83
cdf_fs,ebpf,1,2645,5.41
cdf_fs,ebpf,1,2646,3.67
cdf_fs,ebpf,1,2647,3.55
cdf_fs,ebpf,1,2648,3.81
cdf_fs,ebpf,1,2649,4.99
cdf_fs,ebpf,1,2650,5.14
cdf_fs,ebpf,1,2651,3.58
cdf_fs,ebpf,1,2652,5.04
cdf_fs,ebpf,1,2653,4.64
cdf_fs,ebpf,1,2654,3.54
cdf_fs,ebpf,1,2655,3.73
cdf_fs,ebpf,1,2656,4.68
cdf_fs,ebpf,1,2657,6.35
cdf_fs,ebpf,1,2658,3.86
cdf_fs,ebpf,1,2659,4.12
cdf_fs,ebpf,1,2660,4.84
cdf_fs,ebpf,1,2661,4.27
cdf_fs,ebpf,1,2662,4.29
cdf_fs,ebpf,1,2663,4.41
cdf_fs,ebpf,1,2664,5.33
cdf_fs,ebpf,1,2665,4.05
cdf_fs,ebpf,1,2666,4.7
cdf_fs,ebpf,1,2667,4.85
cdf_fs,ebpf,1,2668,3.82
cdf_fs,ebpf,1,2669,3.52
cdf_fs,ebpf,1,2670,5.2
cdf_fs,ebpf,1,2671,3.59
cdf_fs,ebpf,1,2672,4.55
cdf_fs,ebpf,1,2673,5.4
cdf_fs,ebpf,1,2674,3.64
cdf_fs,ebpf,1,2675,3.59
cdf_fs,ebpf,1,2676,4.05
cdf_fs,ebpf,1,2677,5.38
cdf_fs,ebpf,1,2678,3.6
cdf_fs,ebpf,1,2679,5.14
cdf_fs,ebpf,1,2680,5.38
cdf_fs,ebpf,1,2681,4.09
cdf_fs,ebpf,1,2682,4.96
cdf_fs,ebpf,1,2683,5.07
cdf_fs,ebpf,1,2684,3.94
cdf_fs,ebpf,1,2685,4.51
cdf_fs,ebpf,1,2686,4.92
cdf_fs,ebpf,1,2687,3.53
cdf_fs,ebpf,1,2688,3.94
cdf_fs,ebpf,1,2689,5.08
cdf_fs,ebpf,1,2690,4.87
cdf_fs,ebpf,1,2691,3.67
cdf_fs,ebpf,1,2692,3.46
cdf_fs,ebpf,1,2693,4.88
cdf_fs,ebpf,1,2694,5.22
cdf_fs,ebpf,1,2695,3.75
cdf_fs,ebpf,1,2696,4.61
cdf_fs,ebpf,1,2697,4.98
cdf_fs,ebpf,1,2698,3.75
cdf_fs,ebpf,1,2699,4.73
cdf_fs,ebpf,1,2700,5.21
cdf_fs,ebpf,1,2701,3.5
cdf_fs,ebpf,1,2702,3.65
cdf_fs,ebpf,1,2703,5.04
cdf_fs,ebpf,1,2704,4.75
cdf_fs,ebpf,1,2705,3.42
cdf_fs,ebpf,1,2706,3.72
cdf_fs,ebpf,1,2707,3.69
cdf_fs,ebpf,1,2708,5.04
cdf_fs,ebpf,1,2709,3.76
cdf_fs,ebpf,1,2710,4.94
cdf_fs,ebpf,1,2711,4.95
cdf_fs,ebpf,1,2712,3.59
cdf_fs,ebpf,1,2713,3.5
cdf_fs,ebpf,1,2714,5.29
cdf_fs,ebpf,1,2715,3.63
cdf_fs,ebpf,1,2716,5.01
cdf_fs,ebpf,1,2717,5.42
cdf_fs,ebpf,1,2718,4.09
cdf_fs,ebpf,1,2719,4.36
cdf_fs,ebpf,1,2720,3.51
cdf_fs,ebpf,1,2721,5.05
cdf_fs,ebpf,1,2722,5.24
cdf_fs,ebpf,1,2723,3.63
cdf_fs,ebpf,1,2724,4.62
cdf_fs,ebpf,1,2725,4.76
cdf_fs,ebpf,1,2726,4.1
cdf_fs,ebpf,1,2727,5.05
cdf_fs,ebpf,1,2728,5.46
cdf_fs,ebpf,1,2729,3.55
cdf_fs,ebpf,1,2730,3.66
cdf_fs,ebpf,1,2731,4.4
cdf_fs,ebpf,1,2732,5.0
cdf_fs,ebpf,1,2733,3.78
cdf_fs,ebpf,1,2734,5.03
cdf_fs,ebpf,1,2735,5.74
cdf_fs,ebpf,1,2736,5.27
cdf_fs,ebpf,1,2737,3.52
cdf_fs,ebpf,1,2738,5.08
cdf_fs,ebpf,1,2739,4.53
cdf_fs,ebpf,1,2740,4.73
cdf_fs,ebpf,1,2741,4.17
cdf_fs,ebpf,1,2742,4.38
cdf_fs,ebpf,1,2743,4.81
cdf_fs,ebpf,1,2744,3.67
cdf_fs,ebpf,1,2745,3.6
cdf_fs,ebpf,1,2746,6.28
cdf_fs,ebpf,1,2747,3.64
cdf_fs,ebpf,1,2748,4.05
cdf_fs,ebpf,1,2749,4.46
cdf_fs,ebpf,1,2750,4.61
cdf_fs,ebpf,1,2751,5.06
cdf_fs,ebpf,1,2752,3.71
cdf_fs,ebpf,1,2753,3.64
cdf_fs,ebpf,1,2754,4.56
cdf_fs,ebpf,1,2755,4.74
cdf_fs,ebpf,1,2756,3.48
cdf_fs,ebpf,1,2757,3.7
cdf_fs,ebpf,1,2758,4.49
cdf_fs,ebpf,1,2759,4.88
cdf_fs,ebpf,1,2760,3.6
cdf_fs,ebpf,1,2761,4.61
cdf_fs,ebpf,1,2762,5.25
cdf_fs,ebpf,1,2763,4.05
cdf_fs,ebpf,1,2764,4.69
cdf_fs,ebpf,1,2765,3.6
cdf_fs,ebpf,1,2766,5.11
cdf_fs,ebpf,1,2767,4.16
cdf_fs,ebpf,1,2768,4.81
cdf_fs,ebpf,1,2769,4.72
cdf_fs,ebpf,1,2770,3.63
cdf_fs,ebpf,1,2771,4.53
cdf_fs,ebpf,1,2772,4.97
cdf_fs,ebpf,1,2773,3.63
cdf_fs,ebpf,1,2774,3.66
cdf_fs,ebpf,1,2775,4.4
cdf_fs,ebpf,1,2776,5.41
cdf_fs,ebpf,1,2777,4.39
cdf_fs,ebpf,1,2778,4.02
cdf_fs,ebpf,1,2779,5.38
cdf_fs,ebpf,1,2780,4.16
cdf_fs,ebpf,1,2781,3.58
cdf_fs,ebpf,1,2782,4.5
cdf_fs,ebpf,1,2783,5.13
cdf_fs,ebpf,1,2784,3.61
cdf_fs,ebpf,1,2785,3.58
cdf_fs,ebpf,1,2786,4.56
cdf_fs,ebpf,1,2787,3.52
cdf_fs,ebpf,1,2788,4.39
cdf_fs,ebpf,1,2789,5.0
cdf_fs,ebpf,1,2790,3.87
cdf_fs,ebpf,1,2791,4.52
cdf_fs,ebpf,1,2792,4.8
cdf_fs,ebpf,1,2793,3.51
cdf_fs,ebpf,1,2794,3.74
cdf_fs,ebpf,1,2795,3.53
cdf_fs,ebpf,1,2796,4.82
cdf_fs,ebpf,1,2797,4.33
cdf_fs,ebpf,1,2798,3.46
cdf_fs,ebpf,1,2799,4.72
cdf_fs,ebpf,1,2800,4.13
cdf_fs,ebpf,1,2801,4.65
cdf_fs,ebpf,1,2802,5.19
cdf_fs,ebpf,1,2803,3.42
cdf_fs,ebpf,1,2804,5.02
cdf_fs,ebpf,1,2805,4.82
cdf_fs,ebpf,1,2806,3.62
cdf_fs,ebpf,1,2807,3.65
cdf_fs,ebpf,1,2808,6.18
cdf_fs,ebpf,1,2809,3.79
cdf_fs,ebpf,1,2810,3.97
cdf_fs,ebpf,1,2811,3.57
cdf_fs,ebpf,1,2812,5.0
cdf_fs,ebpf,1,2813,3.7
cdf_fs,ebpf,1,2814,3.59
cdf_fs,ebpf,1,2815,4.97
cdf_fs,ebpf,1,2816,3.52
cdf_fs,ebpf,1,2817,8.78
cdf_fs,ebpf,1,2818,5.59
cdf_fs,ebpf,1,2819,4.93
cdf_fs,ebpf,1,2820,3.77
cdf_fs,ebpf,1,2821,5.15
cdf_fs,ebpf,1,2822,5.31
cdf_fs,ebpf,1,2823,3.61
cdf_fs,ebpf,1,2824,4.02
cdf_fs,ebpf,1,2825,3.58
cdf_fs,ebpf,1,2826,4.77
cdf_fs,ebpf,1,2827,3.72
cdf_fs,ebpf,1,2828,3.66
cdf_fs,ebpf,1,2829,4.93
cdf_fs,ebpf,1,2830,3.71
cdf_fs,ebpf,1,2831,3.75
cdf_fs,ebpf,1,2832,6.32
cdf_fs,ebpf,1,2833,3.54
cdf_fs,ebpf,1,2834,4.18
cdf_fs,ebpf,1,2835,4.74
cdf_fs,ebpf,1,2836,4.91
cdf_fs,ebpf,1,2837,3.62
cdf_fs,ebpf,1,2838,4.73
cdf_fs,ebpf,1,2839,4.94
cdf_fs,ebpf,1,2840,6.23
cdf_fs,ebpf,1,2841,3.65
cdf_fs,ebpf,1,2842,3.49
cdf_fs,ebpf,1,2843,4.59
cdf_fs,ebpf,1,2844,4.77
cdf_fs,ebpf,1,2845,3.49
cdf_fs,ebpf,1,2846,3.64
cdf_fs,ebpf,1,2847,5.35
cdf_fs,ebpf,1,2848,3.59
cdf_fs,ebpf,1,2849,3.39
cdf_fs,ebpf,1,2850,6.15
cdf_fs,ebpf,1,2851,3.72
cdf_fs,ebpf,1,2852,3.57
cdf_fs,ebpf,1,2853,3.5
cdf_fs,ebpf,1,2854,3.45
cdf_fs,ebpf,1,2855,4.62
cdf_fs,ebpf,1,2856,5.6
cdf_fs,ebpf,1,2857,3.94
cdf_fs,ebpf,1,2858,4.02
cdf_fs,ebpf,1,2859,4.87
cdf_fs,ebpf,1,2860,3.63
cdf_fs,ebpf,1,2861,3.67
cdf_fs,ebpf,1,2862,4.79
cdf_fs,ebpf,1,2863,3.6
cdf_fs,ebpf,1,2864,3.6
cdf_fs,ebpf,1,2865,4.92
cdf_fs,ebpf,1,2866,3.93
cdf_fs,ebpf,1,2867,3.56
cdf_fs,ebpf,1,2868,5.77
cdf_fs,ebpf,1,2869,3.58
cdf_fs,ebpf,1,2870,4.12
cdf_fs,ebpf,1,2871,3.94
cdf_fs,ebpf,1,2872,3.74
cdf_fs,ebpf,1,2873,4.81
cdf_fs,ebpf,1,2874,4.1
cdf_fs,ebpf,1,2875,3.67
cdf_fs,ebpf,1,2876,5.36
cdf_fs,ebpf,1,2877,3.68
cdf_fs,ebpf,1,2878,5.12
cdf_fs,ebpf,1,2879,4.73
cdf_fs,ebpf,1,2880,4.37
cdf_fs,ebpf,1,2881,4.55
cdf_fs,ebpf,1,2882,4.92
cdf_fs,ebpf,1,2883,4.34
cdf_fs,ebpf,1,2884,3.63
cdf_fs,ebpf,1,2885,3.68
cdf_fs,ebpf,1,2886,5.36
cdf_fs,ebpf,1,2887,3.77
cdf_fs,ebpf,1,2888,4.8
cdf_fs,ebpf,1,2889,6.24
cdf_fs,ebpf,1,2890,4.02
cdf_fs,ebpf,1,2891,3.54
cdf_fs,ebpf,1,2892,4.94
cdf_fs,ebpf,1,2893,5.34
cdf_fs,ebpf,1,2894,3.71
cdf_fs,ebpf,1,2895,4.56
cdf_fs,ebpf,1,2896,4.52
cdf_fs,ebpf,1,2897,5.26
cdf_fs,ebpf,1,2898,3.6
cdf_fs,ebpf,1,2899,4.12
cdf_fs,ebpf,1,2900,3.56
cdf_fs,ebpf,1,2901,4.43
cdf_fs,ebpf,1,2902,5.52
cdf_fs,ebpf,1,2903,4.24
cdf_fs,ebpf,1,2904,3.76
cdf_fs,ebpf,1,2905,4.96
cdf_fs,ebpf,1,2906,4.08
cdf_fs,ebpf,1,2907,4.78
cdf_fs,ebpf,1,2908,6.2
cdf_fs,ebpf,1,2909,3.53
cdf_fs,ebpf,1,2910,3.61
cdf_fs,ebpf,1,2911,4.69
cdf_fs,ebpf,1,2912,4.88
cdf_fs,ebpf,1,2913,4.14
cdf_fs,ebpf,1,2914,3.49
cdf_fs,ebpf,1,2915,4.53
cdf_fs,ebpf,1,2916,4.53
cdf_fs,ebpf,1,2917,4.55
cdf_fs,ebpf,1,2918,5.27
cdf_fs,ebpf,1,2919,4.21
cdf_fs,ebpf,1,2920,3.73
cdf_fs,ebpf,1,2921,4.79
cdf_fs,ebpf,1,2922,3.98
cdf_fs,ebpf,1,2923,3.64
cdf_fs,ebpf,1,2924,5.03
cdf_fs,ebpf,1,2925,3.67
cdf_fs,ebpf,1,2926,3.64
cdf_fs,ebpf,1,2927,5.44
cdf_fs,ebpf,1,2928,4.18
cdf_fs,ebpf,1,2929,4.08
cdf_fs,ebpf,1,2930,5.16
cdf_fs,ebpf,1,2931,4.95
cdf_fs,ebpf,1,2932,3.65
cdf_fs,ebpf,1,2933,4.45
cdf_fs,ebpf,1,2934,4.88
cdf_fs,ebpf,1,2935,3.51
cdf_fs,ebpf,1,2936,3.85
cdf_fs,ebpf,1,2937,4.96
cdf_fs,ebpf,1,2938,3.52
cdf_fs,ebpf,1,2939,3.48
cdf_fs,ebpf,1,2940,5.15
cdf_fs,ebpf,1,2941,3.75
cdf_fs,ebpf,1,2942,3.65
cdf_fs,ebpf,1,2943,4.58
cdf_fs,ebpf,1,2944,4.52
cdf_fs,ebpf,1,2945,5.47
cdf_fs,ebpf,1,2946,3.68
cdf_fs,ebpf,1,2947,3.71
cdf_fs,ebpf,1,2948,5.16
cdf_fs,ebpf,1,2949,3.7
cdf_fs,ebpf,1,2950,3.64
cdf_fs,ebpf,1,2951,4.48
cdf_fs,ebpf,1,2952,5.07
cdf_fs,ebpf,1,2953,3.64
cdf_fs,ebpf,1,2954,3.73
cdf_fs,ebpf,1,2955,5.01
cdf_fs,ebpf,1,2956,3.68
cdf_fs,ebpf,1,2957,3.63
cdf_fs,ebpf,1,2958,3.71
cdf_fs,ebpf,1,2959,4.89
cdf_fs,ebpf,1,2960,4.89
cdf_fs,ebpf,1,2961,3.63
cdf_fs,ebpf,1,2962,4.57
cdf_fs,ebpf,1,2963,4.91
cdf_fs,ebpf,1,2964,3.8
cdf_fs,ebpf,1,2965,3.47
cdf_fs,ebpf,1,2966,4.29
cdf_fs,ebpf,1,2967,4.99
cdf_fs,ebpf,1,2968,3.5
cdf_fs,ebpf,1,2969,4.46
cdf_fs,ebpf,1,2970,6.41
cdf_fs,ebpf,1,2971,3.55
cdf_fs,ebpf,1,2972,3.62
cdf_fs,ebpf,1,2973,3.68
cdf_fs,ebpf,1,2974,4.99
cdf_fs,ebpf,1,2975,4.94
cdf_fs,ebpf,1,2976,3.74
cdf_fs,ebpf,1,2977,4.74
cdf_fs,ebpf,1,2978,5.39
cdf_fs,ebpf,1,2979,4.22
cdf_fs,ebpf,1,2980,4.63
cdf_fs,ebpf,1,2981,4.51
cdf_fs,ebpf,1,2982,5.85
cdf_fs,ebpf,1,2983,3.57
cdf_fs,ebpf,1,2984,4.46
cdf_fs,ebpf,1,2985,5.05
cdf_fs,ebpf,1,2986,3.76
cdf_fs,ebpf,1,2987,3.51
cdf_fs,ebpf,1,2988,5.01
cdf_fs,ebpf,1,2989,4.91
cdf_fs,ebpf,1,2990,4.08
cdf_fs,ebpf,1,2991,4.62
cdf_fs,ebpf,1,2992,5.12
cdf_fs,ebpf,1,2993,3.69
cdf_fs,ebpf,1,2994,4.49
cdf_fs,ebpf,1,2995,5.39
cdf_fs,ebpf,1,2996,3.69
cdf_fs,ebpf,1,2997,4.67
cdf_fs,ebpf,1,2998,5.44
cdf_fs,ebpf,1,2999,3.8
cdf_fs,ebpf,1,3000,4.58
cdf_fs,ebpf,1,3001,5.36
cdf_fs,ebpf,1,3002,3.56
cdf_fs,ebpf,1,3003,3.6
cdf_fs,ebpf,1,3004,4.4
cdf_fs,ebpf,1,3005,4.87
cdf_fs,ebpf,1,3006,3.74
cdf_fs,ebpf,1,3007,4.14
cdf_fs,ebpf,1,3008,4.8
cdf_fs,ebpf,1,3009,4.03
cdf_fs,ebpf,1,3010,4.57
cdf_fs,ebpf,1,3011,4.71
cdf_fs,ebpf,1,3012,3.691
cdf_fs,ebpf,1,3013,5.1
cdf_fs,ebpf,1,3014,5.12
cdf_fs,ebpf,1,3015,4.871
cdf_fs,ebpf,1,3016,3.86
cdf_fs,ebpf,1,3017,3.58
cdf_fs,ebpf,1,3018,4.48
cdf_fs,ebpf,1,3019,5.451
cdf_fs,ebpf,1,3020,3.731
cdf_fs,ebpf,1,3021,3.649
cdf_fs,ebpf,1,3022,5.3
cdf_fs,ebpf,1,3023,4.071
cdf_fs,ebpf,1,3024,4.84
cdf_fs,ebpf,1,3025,4.691
cdf_fs,ebpf,1,3026,3.58
cdf_fs,ebpf,1,3027,4.709
cdf_fs,ebpf,1,3028,4.911
cdf_fs,ebpf,1,3029,3.64
cdf_fs,ebpf,1,3030,3.629
cdf_fs,ebpf,1,3031,5.009
cdf_fs,ebpf,1,3032,3.729
cdf_fs,ebpf,1,3033,3.72
cdf_fs,ebpf,1,3034,4.749
cdf_fs,ebpf,1,3035,4.931
cdf_fs,ebpf,1,3036,3.58
cdf_fs,ebpf,1,3037,4.96
cdf_fs,ebpf,1,3038,5.2
cdf_fs,ebpf,1,3039,10.36
cdf_fs,ebpf,1,3040,4.891
cdf_fs,ebpf,1,3041,3.62
cdf_fs,ebpf,1,3042,3.449
cdf_fs,ebpf,1,3043,3.46
cdf_fs,ebpf,1,3044,4.811
cdf_fs,ebpf,1,3045,3.631
cdf_fs,ebpf,1,3046,4.18
cdf_fs,ebpf,1,3047,3.72
cdf_fs,ebpf,1,3048,4.44
cdf_fs,ebpf,1,3049,4.811
cdf_fs,ebpf,1,3050,3.88
cdf_fs,ebpf,1,3051,3.4
cdf_fs,ebpf,1,3052,4.4
cdf_fs,ebpf,1,3053,5.229
cdf_fs,ebpf,1,3054,3.591
cdf_fs,ebpf,1,3055,4.32
cdf_fs,ebpf,1,3056,4.551
cdf_fs,ebpf,1,3057,4.909
cdf_fs,ebpf,1,3058,3.589
cdf_fs,ebpf,1,3059,4.42
cdf_fs,ebpf,1,3060,5.371
cdf_fs,ebpf,1,3061,3.7
cdf_fs,ebpf,1,3062,3.729
cdf_fs,ebpf,1,3063,3.529
cdf_fs,ebpf,1,3064,5.8
cdf_fs,ebpf,1,3065,4.08
cdf_fs,ebpf,1,3066,6.4
cdf_fs,ebpf,1,3067,3.571
cdf_fs,ebpf,1,3068,4.051
cdf_fs,ebpf,1,3069,4.409
cdf_fs,ebpf,1,3070,4.84
cdf_fs,ebpf,1,3071,3.531
cdf_fs,ebpf,1,3072,3.651
cdf_fs,ebpf,1,3073,4.44
cdf_fs,ebpf,1,3074,4.84
cdf_fs,ebpf,1,3075,4.191
cdf_fs,ebpf,1,3076,3.709
cdf_fs,ebpf,1,3077,4.411
cdf_fs,ebpf,1,3078,4.82
cdf_fs,ebpf,1,3079,3.651
cdf_fs,ebpf,1,3080,3.749
cdf_fs,ebpf,1,3081,4.891
cdf_fs,ebpf,1,3082,5.3
cdf_fs,ebpf,1,3083,3.549
cdf_fs,ebpf,1,3084,3.771
cdf_fs,ebpf,1,3085,4.84
cdf_fs,ebpf,1,3086,5.331
cdf_fs,ebpf,1,3087,3.62
cdf_fs,ebpf,1,3088,3.749
cdf_fs,ebpf,1,3089,4.9
cdf_fs,ebpf,1,3090,4.14
cdf_fs,ebpf,1,3091,3.509
cdf_fs,ebpf,1,3092,4.931
cdf_fs,ebpf,1,3093,4.76
cdf_fs,ebpf,1,3094,3.751
cdf_fs,ebpf,1,3095,3.66
cdf_fs,ebpf,1,3096,5.52
cdf_fs,ebpf,1,3097,3.789
cdf_fs,ebpf,1,3098,4.42
cdf_fs,ebpf,1,3099,4.831
cdf_fs,ebpf,1,3100,3.74
cdf_fs,ebpf,1,3101,3.5
cdf_fs,ebpf,1,3102,4.429
cdf_fs,ebpf,1,3103,5.251
cdf_fs,ebpf,1,3104,3.6
cdf_fs,ebpf,1,3105,4.051
cdf_fs,ebpf,1,3106,4.8
cdf_fs,ebpf,1,3107,5.24
cdf_fs,ebpf,1,3108,4.08
cdf_fs,ebpf,1,3109,4.989
cdf_fs,ebpf,1,3110,4.98
cdf_fs,ebpf,1,3111,3.58
cdf_fs,ebpf,1,3112,3.66
cdf_fs,ebpf,1,3113,4.469
cdf_fs,ebpf,1,3114,5.369
cdf_fs,ebpf,1,3115,3.491
cdf_fs,ebpf,1,3116,4.7
cdf_fs,ebpf,1,3117,5.24
cdf_fs,ebpf,1,3118,3.68
cdf_fs,ebpf,1,3119,3.56
cdf_fs,ebpf,1,3120,4.851
cdf_fs,ebpf,1,3121,4.08
cdf_fs,ebpf,1,3122,3.631
cdf_fs,ebpf,1,3123,4.669
cdf_fs,ebpf,1,3124,4.78
cdf_fs,ebpf,1,3125,3.751
cdf_fs,ebpf,1,3126,4.471
cdf_fs,ebpf,1,3127,4.629
cdf_fs,ebpf,1,3128,4.951
cdf_fs,ebpf,1,3129,4.949
cdf_fs,ebpf,1,3130,3.811
cdf_fs,ebpf,1,3131,4.46
cdf_fs,ebpf,1,3132,5.901
cdf_fs,ebpf,1,3133,4.23
cdf_fs,ebpf,1,3134,4.4
cdf_fs,ebpf,1,3135,4.53
cdf_fs,ebpf,1,3136,4.86
cdf_fs,ebpf,1,3137,4.07
cdf_fs,ebpf,1,3138,4.46
cdf_fs,ebpf,1,3139,5.22
cdf_fs,ebpf,1,3140,3.63
cdf_fs,ebpf,1,3141,3.84
cdf_fs,ebpf,1,3142,4.64
cdf_fs,ebpf,1,3143,4.79
cdf_fs,ebpf,1,3144,3.84
cdf_fs,ebpf,1,3145,3.49
cdf_fs,ebpf,1,3146,4.91
cdf_fs,ebpf,1,3147,4.88
cdf_fs,ebpf,1,3148,4.25
cdf_fs,ebpf,1,3149,4.46
cdf_fs,ebpf,1,3150,3.7
cdf_fs,ebpf,1,3151,5.35
cdf_fs,ebpf,1,3152,3.63
cdf_fs,ebpf,1,3153,4.58
cdf_fs,ebpf,1,3154,4.83
cdf_fs,ebpf,1,3155,4.07
cdf_fs,ebpf,1,3156,4.89
cdf_fs,ebpf,1,3157,4.96
cdf_fs,ebpf,1,3158,3.54
cdf_fs,ebpf,1,3159,4.87
cdf_fs,ebpf,1,3160,4.83
cdf_fs,ebpf,1,3161,3.63
cdf_fs,ebpf,1,3162,4.02
cdf_fs,ebpf,1,3163,5.4
cdf_fs,ebpf,1,3164,3.93
cdf_fs,ebpf,1,3165,3.71
cdf_fs,ebpf,1,3166,4.35
cdf_fs,ebpf,1,3167,4.83
cdf_fs,ebpf,1,3168,3.66
cdf_fs,ebpf,1,3169,4.54
cdf_fs,ebpf,1,3170,4.88
cdf_fs,ebpf,1,3171,3.57
cdf_fs,ebpf,1,3172,3.56
cdf_fs,ebpf,1,3173,6.41
cdf_fs,ebpf,1,3174,4.14
cdf_fs,ebpf,1,3175,3.57
cdf_fs,ebpf,1,3176,5.35
cdf_fs,ebpf,1,3177,4.08
cdf_fs,ebpf,1,3178,3.85
cdf_fs,ebpf,1,3179,4.41
cdf_fs,ebpf,1,3180,3.51
cdf_fs,ebpf,1,3181,6.28
cdf_fs,ebpf,1,3182,3.52
cdf_fs,ebpf,1,3183,3.57
cdf_fs,ebpf,1,3184,4.95
cdf_fs,ebpf,1,3185,5.32
cdf_fs,ebpf,1,3186,4.28
cdf_fs,ebpf,1,3187,4.45
cdf_fs,ebpf,1,3188,5.27
cdf_fs,ebpf,1,3189,3.69
cdf_fs,ebpf,1,3190,4.82
cdf_fs,ebpf,1,3191,4.89
cdf_fs,ebpf,1,3192,4.06
cdf_fs,ebpf,1,3193,4.64
cdf_fs,ebpf,1,3194,5.35
cdf_fs,ebpf,1,3195,3.76
cdf_fs,ebpf,1,3196,3.78
cdf_fs,ebpf,1,3197,4.84
cdf_fs,ebpf,1,3198,5.01
cdf_fs,ebpf,1,3199,3.66
cdf_fs,ebpf,1,3200,4.81
cdf_fs,ebpf,1,3201,4.97
cdf_fs,ebpf,1,3202,3.91
cdf_fs,ebpf,1,3203,5.2
cdf_fs,ebpf,1,3204,4.68
cdf_fs,ebpf,1,3205,3.47
cdf_fs,ebpf,1,3206,5.07
cdf_fs,ebpf,1,3207,4.7
cdf_fs,ebpf,1,3208,4.76
cdf_fs,ebpf,1,3209,4.05
cdf_fs,ebpf,1,3210,3.75
cdf_fs,ebpf,1,3211,3.7
cdf_fs,ebpf,1,3212,5.35
cdf_fs,ebpf,1,3213,4.49
cdf_fs,ebpf,1,3214,3.52
cdf_fs,ebpf,1,3215,4.53
cdf_fs,ebpf,1,3216,5.22
cdf_fs,ebpf,1,3217,3.69
cdf_fs,ebpf,1,3218,4.4
cdf_fs,ebpf,1,3219,6.24
cdf_fs,ebpf,1,3220,3.77
cdf_fs,ebpf,1,3221,4.0
cdf_fs,ebpf,1,3222,4.52
cdf_fs,ebpf,1,3223,5.15
cdf_fs,ebpf,1,3224,3.69
cdf_fs,ebpf,1,3225,3.77
cdf_fs,ebpf,1,3226,4.43
cdf_fs,ebpf,1,3227,4.93
cdf_fs,ebpf,1,3228,3.7
cdf_fs,ebpf,1,3229,3.36
cdf_fs,ebpf,1,3230,4.93
cdf_fs,ebpf,1,3231,3.59
cdf_fs,ebpf,1,3232,3.46
cdf_fs,ebpf,1,3233,4.59
cdf_fs,ebpf,1,3234,5.02
cdf_fs,ebpf,1,3235,3.6
cdf_fs,ebpf,1,3236,4.21
cdf_fs,ebpf,1,3237,5.23
cdf_fs,ebpf,1,3238,3.75
cdf_fs,ebpf,1,3239,3.73
cdf_fs,ebpf,1,3240,5.0
cdf_fs,ebpf,1,3241,4.67
cdf_fs,ebpf,1,3242,3.98
cdf_fs,ebpf,1,3243,3.51
cdf_fs,ebpf,1,3244,5.04
cdf_fs,ebpf,1,3245,4.82
cdf_fs,ebpf,1,3246,3.71
cdf_fs,ebpf,1,3247,6.07
cdf_fs,ebpf,1,3248,4.84
cdf_fs,ebpf,1,3249,3.62
cdf_fs,ebpf,1,3250,4.65
cdf_fs,ebpf,1,3251,4.4
cdf_fs,ebpf,1,3252,5.5
cdf_fs,ebpf,1,3253,4.22
cdf_fs,ebpf,1,3254,3.68
cdf_fs,ebpf,1,3255,3.58
cdf_fs,ebpf,1,3256,6.21
cdf_fs,ebpf,1,3257,4.04
cdf_fs,ebpf,1,3258,3.73
cdf_fs,ebpf,1,3259,4.55
cdf_fs,ebpf,1,3260,9.38
cdf_fs,ebpf,1,3261,5.0
cdf_fs,ebpf,1,3262,4.59
cdf_fs,ebpf,1,3263,5.34
cdf_fs,ebpf,1,3264,3.52
cdf_fs,ebpf,1,3265,5.07
cdf_fs,ebpf,1,3266,4.76
cdf_fs,ebpf,1,3267,3.6
cdf_fs,ebpf,1,3268,4.85
cdf_fs,ebpf,1,3269,3.52
cdf_fs,ebpf,1,3270,5.4
cdf_fs,ebpf,1,3271,4.04
cdf_fs,ebpf,1,3272,3.63
cdf_fs,ebpf,1,3273,4.46
cdf_fs,ebpf,1,3274,4.96
cdf_fs,ebpf,1,3275,3.63
cdf_fs,ebpf,1,3276,3.7
cdf_fs,ebpf,1,3277,4.5
cdf_fs,ebpf,1,3278,4.76
cdf_fs,ebpf,1,3279,3.54
cdf_fs,ebpf,1,3280,3.83
cdf_fs,ebpf,1,3281,4.88
cdf_fs,ebpf,1,3282,4.1
cdf_fs,ebpf,1,3283,3.65
cdf_fs,ebpf,1,3284,4.57
cdf_fs,ebpf,1,3285,5.27
cdf_fs,ebpf,1,3286,3.62
cdf_fs,ebpf,1,3287,5.09
cdf_fs,ebpf,1,3288,5.39
cdf_fs,ebpf,1,3289,3.92
cdf_fs,ebpf,1,3290,4.37
cdf_fs,ebpf,1,3291,4.86
cdf_fs,ebpf,1,3292,3.51
cdf_fs,ebpf,1,3293,3.52
cdf_fs,ebpf,1,3294,5.44
cdf_fs,ebpf,1,3295,4.1
cdf_fs,ebpf,1,3296,4.77
cdf_fs,ebpf,1,3297,5.34
cdf_fs,ebpf,1,3298,3.68
cdf_fs,ebpf,1,3299,3.68
cdf_fs,ebpf,1,3300,3.7
cdf_fs,ebpf,1,3301,3.7
cdf_fs,ebpf,1,3302,4.99
cdf_fs,ebpf,1,3303,4.13
cdf_fs,ebpf,1,3304,4.93
cdf_fs,ebpf,1,3305,4.81
cdf_fs,ebpf,1,3306,3.8
cdf_fs,ebpf,1,3307,3.49
cdf_fs,ebpf,1,3308,4.94
cdf_fs,ebpf,1,3309,4.88
cdf_fs,ebpf,1,3310,3.55
cdf_fs,ebpf,1,3311,3.58
cdf_fs,ebpf,1,3312,5.4
cdf_fs,ebpf,1,3313,4.67
cdf_fs,ebpf,1,3314,4.09
cdf_fs,ebpf,1,3315,5.19
cdf_fs,ebpf,1,3316,3.67
cdf_fs,ebpf,1,3317,4.83
cdf_fs,ebpf,1,3318,4.74
cdf_fs,ebpf,1,3319,3.6
cdf_fs,ebpf,1,3320,3.79
cdf_fs,ebpf,1,3321,4.73
cdf_fs,ebpf,1,3322,3.65
cdf_fs,ebpf,1,3323,4.11
cdf_fs,ebpf,1,3324,5.26
cdf_fs,ebpf,1,3325,3.6
cdf_fs,ebpf,1,3326,4.34
cdf_fs,ebpf,1,3327,5.18
cdf_fs,ebpf,1,3328,4.01
cdf_fs,ebpf,1,3329,3.54
cdf_fs,ebpf,1,3330,4.7
cdf_fs,ebpf,1,3331,4.8
cdf_fs,ebpf,1,3332,3.58
cdf_fs,ebpf,1,3333,3.67
cdf_fs,ebpf,1,3334,5.26
cdf_fs,ebpf,1,3335,3.6
cdf_fs,ebpf,1,3336,4.69
cdf_fs,ebpf,1,3337,4.61
cdf_fs,ebpf,1,3338,4.86
cdf_fs,ebpf,1,3339,3.8
cdf_fs,ebpf,1,3340,3.5
cdf_fs,ebpf,1,3341,4.82
cdf_fs,ebpf,1,3342,4.88
cdf_fs,ebpf,1,3343,4.23
cdf_fs,ebpf,1,3344,4.1
cdf_fs,ebpf,1,3345,5.15
cdf_fs,ebpf,1,3346,3.52
cdf_fs,ebpf,1,3347,4.74
cdf_fs,ebpf,1,3348,4.7
cdf_fs,ebpf,1,3349,3.59
cdf_fs,ebpf,1,3350,3.83
cdf_fs,ebpf,1,3351,4.91
cdf_fs,ebpf,1,3352,5.09
cdf_fs,ebpf,1,3353,3.67
cdf_fs,ebpf,1,3354,4.49
cdf_fs,ebpf,1,3355,4.94
cdf_fs,ebpf,1,3356,3.59
cdf_fs,ebpf,1,3357,3.55
cdf_fs,ebpf,1,3358,3.42
cdf_fs,ebpf,1,3359,4.83
cdf_fs,ebpf,1,3360,3.48
cdf_fs,ebpf,1,3361,3.82
cdf_fs,ebpf,1,3362,5.31
cdf_fs,ebpf,1,3363,3.98
cdf_fs,ebpf,1,3364,4.79
cdf_fs,ebpf,1,3365,4.88
cdf_fs,ebpf,1,3366,3.66
cdf_fs,ebpf,1,3367,5.13
cdf_fs,ebpf,1,3368,4.96
cdf_fs,ebpf,1,3369,3.72
cdf_fs,ebpf,1,3370,4.75
cdf_fs,ebpf,1,3371,4.36
cdf_fs,ebpf,1,3372,5.15
cdf_fs,ebpf,1,3373,3.47
cdf_fs,ebpf,1,3374,3.5
cdf_fs,ebpf,1,3375,3.66
cdf_fs,ebpf,1,3376,3.55
cdf_fs,ebpf,1,3377,4.39
cdf_fs,ebpf,1,3378,5.37
cdf_fs,ebpf,1,3379,3.6
cdf_fs,ebpf,1,3380,4.58
cdf_fs,ebpf,1,3381,5.01
cdf_fs,ebpf,1,3382,3.62
cdf_fs,ebpf,1,3383,3.57
cdf_fs,ebpf,1,3384,4.09
cdf_fs,ebpf,1,3385,5.43
cdf_fs,ebpf,1,3386,3.63
cdf_fs,ebpf,1,3387,3.53
cdf_fs,ebpf,1,3388,3.58
cdf_fs,ebpf,1,3389,4.97
cdf_fs,ebpf,1,3390,3.54
cdf_fs,ebpf,1,3391,3.5
cdf_fs,ebpf,1,3392,5.22
cdf_fs,ebpf,1,3393,3.6
cdf_fs,ebpf,1,3394,5.21
cdf_fs,ebpf,1,3395,4.8
cdf_fs,ebpf,1,3396,3.92
cdf_fs,ebpf,1,3397,4.44
cdf_fs,ebpf,1,3398,5.11
cdf_fs,ebpf,1,3399,3.67
cdf_fs,ebpf,1,3400,4.73
cdf_fs,ebpf,1,3401,4.38
cdf_fs,ebpf,1,3402,4.51
cdf_fs,ebpf,1,3403,5.19
cdf_fs,ebpf,1,3404,3.63
cdf_fs,ebpf,1,3405,3.61
cdf_fs,ebpf,1,3406,4.96
cdf_fs,ebpf,1,3407,4.74
cdf_fs,ebpf,1,3408,4.09
cdf_fs,ebpf,1,3409,4.4
cdf_fs,ebpf,1,3410,4.84
cdf_fs,ebpf,1,3411,3.59
cdf_fs,ebpf,1,3412,3.65
cdf_fs,ebpf,1,3413,4.77
cdf_fs,ebpf,1,3414,3.62
cdf_fs,ebpf,1,3415,3.48
cdf_fs,ebpf,1,3416,4.96
cdf_fs,ebpf,1,3417,4.05
cdf_fs,ebpf,1,3418,3.41
cdf_fs,ebpf,1,3419,4.73
cdf_fs,ebpf,1,3420,5.29
cdf_fs,ebpf,1,3421,3.86
cdf_fs,ebpf,1,3422,4.68
cdf_fs,ebpf,1,3423,4.9
cdf_fs,ebpf,1,3424,3.63
cdf_fs,ebpf,1,3425,4.9
cdf_fs,ebpf,1,3426,5.56
cdf_fs,ebpf,1,3427,3.68
cdf_fs,ebpf,1,3428,4.4
cdf_fs,ebpf,1,3429,4.9
cdf_fs,ebpf,1,3430,3.57
cdf_fs,ebpf,1,3431,3.49
cdf_fs,ebpf,1,3432,4.6
cdf_fs,ebpf,1,3433,5.2
cdf_fs,ebpf,1,3434,3.6
cdf_fs,ebpf,1,3435,3.55
cdf_fs,ebpf,1,3436,4.72
cdf_fs,ebpf,1,3437,3.44
cdf_fs,ebpf,1,3438,3.73
cdf_fs,ebpf,1,3439,3.84
cdf_fs,ebpf,1,3440,4.56
cdf_fs,ebpf,1,3441,4.91
cdf_fs,ebpf,1,3442,3.62
cdf_fs,ebpf,1,3443,4.6
cdf_fs,ebpf,1,3444,5.03
cdf_fs,ebpf,1,3445,3.72
cdf_fs,ebpf,1,3446,3.77
cdf_fs,ebpf,1,3447,4.68
cdf_fs,ebpf,1,3448,5.45
cdf_fs,ebpf,1,3449,4.15
cdf_fs,ebpf,1,3450,4.56
cdf_fs,ebpf,1,3451,4.5
cdf_fs,ebpf,1,3452,4.78
cdf_fs,ebpf,1,3453,3.69
cdf_fs,ebpf,1,3454,4.82
cdf_fs,ebpf,1,3455,5.47
cdf_fs,ebpf,1,3456,4.09
cdf_fs,ebpf,1,3457,5.46
cdf_fs,ebpf,1,3458,3.62
cdf_fs,ebpf,1,3459,4.97
cdf_fs,ebpf,1,3460,5.3
cdf_fs,ebpf,1,3461,3.6
cdf_fs,ebpf,1,3462,3.65
cdf_fs,ebpf,1,3463,3.49
cdf_fs,ebpf,1,3464,4.71
cdf_fs,ebpf,1,3465,3.57
cdf_fs,ebpf,1,3466,5.11
cdf_fs,ebpf,1,3467,5.46
cdf_fs,ebpf,1,3468,3.65
cdf_fs,ebpf,1,3469,3.99
cdf_fs,ebpf,1,3470,3.51
cdf_fs,ebpf,1,3471,5.06
cdf_fs,ebpf,1,3472,5.06
cdf_fs,ebpf,1,3473,3.7
cdf_fs,ebpf,1,3474,4.55
cdf_fs,ebpf,1,3475,4.95
cdf_fs,ebpf,1,3476,3.74
cdf_fs,ebpf,1,3477,3.47
cdf_fs,ebpf,1,3478,3.58
cdf_fs,ebpf,1,3479,4.77
cdf_fs,ebpf,1,3480,4.32
cdf_fs,ebpf,1,3481,5.18
cdf_fs,ebpf,1,3482,4.7
cdf_fs,ebpf,1,3483,3.65
cdf_fs,ebpf,1,3484,6.08
cdf_fs,ebpf,1,3485,3.75
cdf_fs,ebpf,1,3486,4.69
cdf_fs,ebpf,1,3487,5.32
cdf_fs,ebpf,1,3488,3.62
cdf_fs,ebpf,1,3489,5.1
cdf_fs,ebpf,1,3490,5.17
cdf_fs,ebpf,1,3491,3.67
cdf_fs,ebpf,1,3492,3.48
cdf_fs,ebpf,1,3493,4.63
cdf_fs,ebpf,1,3494,4.85
cdf_fs,ebpf,1,3495,3.77
cdf_fs,ebpf,1,3496,3.47
cdf_fs,ebpf,1,3497,4.86
cdf_fs,ebpf,1,3498,4.31
cdf_fs,ebpf,1,3499,4.59
cdf_fs,ebpf,1,3500,4.58
cdf_fs,ebpf,1,3501,5.39
cdf_fs,ebpf,1,3502,3.61
cdf_fs,ebpf,1,3503,3.71
cdf_fs,ebpf,1,3504,3.55
cdf_fs,ebpf,1,3505,4.55
cdf_fs,ebpf,1,3506,4.92
cdf_fs,ebpf,1,3507,4.87
cdf_fs,ebpf,1,3508,4.12
cdf_fs,ebpf,1,3509,4.85
cdf_fs,ebpf,1,3510,4.9
cdf_fs,ebpf,1,3511,3.56
cdf_fs,ebpf,1,3512,3.69
cdf_fs,ebpf,1,3513,4.84
cdf_fs,ebpf,1,3514,3.53
cdf_fs,ebpf,1,3515,3.86
cdf_fs,ebpf,1,3516,4.85
cdf_fs,ebpf,1,3517,3.65
cdf_fs,ebpf,1,3518,3.61
cdf_fs,ebpf,1,3519,4.8
cdf_fs,ebpf,1,3520,3.6
cdf_fs,ebpf,1,3521,3.97
cdf_fs,ebpf,1,3522,5.14
cdf_fs,ebpf,1,3523,4.78
cdf_fs,ebpf,1,3524,3.72
cdf_fs,ebpf,1,3525,3.47
cdf_fs,ebpf,1,3526,4.82
cdf_fs,ebpf,1,3527,3.62
cdf_fs,ebpf,1,3528,3.65
cdf_fs,ebpf,1,3529,5.1
cdf_fs,ebpf,1,3530,3.45
cdf_fs,ebpf,1,3531,4.8
cdf_fs,ebpf,1,3532,4.88
cdf_fs,ebpf,1,3533,3.71
cdf_fs,ebpf,1,3534,3.87
cdf_fs,ebpf,1,3535,4.91
cdf_fs,ebpf,1,3536,3.81
cdf_fs,ebpf,1,3537,3.53
cdf_fs,ebpf,1,3538,3.39
cdf_fs,ebpf,1,3539,4.41
cdf_fs,ebpf,1,3540,5.1
cdf_fs,ebpf,1,3541,3.7
cdf_fs,ebpf,1,3542,4.97
cdf_fs,ebpf,1,3543,4.92
cdf_fs,ebpf,1,3544,3.56
cdf_fs,ebpf,1,3545,3.57
cdf_fs,ebpf,1,3546,5.23
cdf_fs,ebpf,1,3547,3.86
cdf_fs,ebpf,1,3548,4.46
cdf_fs,ebpf,1,3549,4.48
cdf_fs,ebpf,1,3550,4.96
cdf_fs,ebpf,1,3551,3.71
cdf_fs,ebpf,1,3552,3.74
cdf_fs,ebpf,1,3553,4.93
cdf_fs,ebpf,1,3554,4.9
cdf_fs,ebpf,1,3555,3.52
cdf_fs,ebpf,1,3556,4.02
cdf_fs,ebpf,1,3557,4.43
cdf_fs,ebpf,1,3558,5.26
cdf_fs,ebpf,1,3559,3.64
cdf_fs,ebpf,1,3560,4.84
cdf_fs,ebpf,1,3561,4.84
cdf_fs,ebpf,1,3562,3.43
cdf_fs,ebpf,1,3563,4.8
cdf_fs,ebpf,1,3564,5.3
cdf_fs,ebpf,1,3565,3.6
cdf_fs,ebpf,1,3566,3.49
cdf_fs,ebpf,1,3567,3.64
cdf_fs,ebpf,1,3568,3.51
cdf_fs,ebpf,1,3569,4.8
cdf_fs,ebpf,1,3570,4.06
cdf_fs,ebpf,1,3571,4.78
cdf_fs,ebpf,1,3572,5.35
cdf_fs,ebpf,1,3573,4.21
cdf_fs,ebpf,1,3574,5.39
cdf_fs,ebpf,1,3575,3.58
cdf_fs,ebpf,1,3576,4.07
cdf_fs,ebpf,1,3577,4.7
cdf_fs,ebpf,1,3578,4.85
cdf_fs,ebpf,1,3579,4.25
cdf_fs,ebpf,1,3580,3.71
cdf_fs,ebpf,1,3581,4.93
cdf_fs,ebpf,1,3582,4.86
cdf_fs,ebpf,1,3583,4.1
cdf_fs,ebpf,1,3584,4.9
cdf_fs,ebpf,1,3585,5.44
cdf_fs,ebpf,1,3586,3.74
cdf_fs,ebpf,1,3587,3.48
cdf_fs,ebpf,1,3588,4.94
cdf_fs,ebpf,1,3589,4.8
cdf_fs,ebpf,1,3590,3.72
cdf_fs,ebpf,1,3591,5.08
cdf_fs,ebpf,1,3592,4.83
cdf_fs,ebpf,1,3593,3.51
cdf_fs,ebpf,1,3594,3.9
cdf_fs,ebpf,1,3595,4.97
cdf_fs,ebpf,1,3596,4.76
cdf_fs,ebpf,1,3597,3.64
cdf_fs,ebpf,1,3598,4.69
cdf_fs,ebpf,1,3599,4.65
cdf_fs,ebpf,1,3600,4.73
cdf_fs,ebpf,1,3601,3.57
cdf_fs,ebpf,1,3602,3.6
cdf_fs,ebpf,1,3603,4.45
cdf_fs,ebpf,1,3604,5.94
cdf_fs,ebpf,1,3605,3.75
cdf_fs,ebpf,1,3606,3.5
cdf_fs,ebpf,1,3607,5.27
cdf_fs,ebpf,1,3608,3.67
cdf_fs,ebpf,1,3609,3.71
cdf_fs,ebpf,1,3610,5.09
cdf_fs,ebpf,1,3611,4.83
cdf_fs,ebpf,1,3612,3.75
cdf_fs,ebpf,1,3613,3.79
cdf_fs,ebpf,1,3614,5.25
cdf_fs,ebpf,1,3615,4.06
cdf_fs,ebpf,1,3616,4.92
cdf_fs,ebpf,1,3617,4.75
cdf_fs,ebpf,1,3618,3.49
cdf_fs,ebpf,1,3619,4.98
cdf_fs,ebpf,1,3620,4.84
cdf_fs,ebpf,1,3621,3.64
cdf_fs,ebpf,1,3622,4.88
cdf_fs,ebpf,1,3623,6.38
cdf_fs,ebpf,1,3624,3.61
cdf_fs,ebpf,1,3625,3.98
cdf_fs,ebpf,1,3626,3.79
cdf_fs,ebpf,1,3627,4.78
cdf_fs,ebpf,1,3628,4.12
cdf_fs,ebpf,1,3629,3.47
cdf_fs,ebpf,1,3630,4.86
cdf_fs,ebpf,1,3631,3.61
cdf_fs,ebpf,1,3632,3.65
cdf_fs,ebpf,1,3633,5.03
cdf_fs,ebpf,1,3634,3.6
cdf_fs,ebpf,1,3635,3.64
cdf_fs,ebpf,1,3636,3.52
cdf_fs,ebpf,1,3637,5.59
cdf_fs,ebpf,1,3638,3.72
cdf_fs,ebpf,1,3639,4.67
cdf_fs,ebpf,1,3640,3.89
cdf_fs,ebpf,1,3641,4.25
cdf_fs,ebpf,1,3642,4.45
cdf_fs,ebpf,1,3643,4.86
cdf_fs,ebpf,1,3644,3.62
cdf_fs,ebpf,1,3645,4.61
cdf_fs,ebpf,1,3646,5.13
cdf_fs,ebpf,1,3647,3.58
cdf_fs,ebpf,1,3648,3.68
cdf_fs,ebpf,1,3649,4.95
cdf_fs,ebpf,1,3650,4.75
cdf_fs,ebpf,1,3651,3.59
cdf_fs,ebpf,1,3652,3.8
cdf_fs,ebpf,1,3653,4.96
cdf_fs,ebpf,1,3654,3.73
cdf_fs,ebpf,1,3655,3.5
cdf_fs,ebpf,1,3656,3.48
cdf_fs,ebpf,1,3657,5.25
cdf_fs,ebpf,1,3658,4.07
cdf_fs,ebpf,1,3659,3.53
cdf_fs,ebpf,1,3660,4.94
cdf_fs,ebpf,1,3661,3.62
cdf_fs,ebpf,1,3662,5.14
cdf_fs,ebpf,1,3663,5.22
cdf_fs,ebpf,1,3664,3.67
cdf_fs,ebpf,1,3665,4.23
cdf_fs,ebpf,1,3666,3.42
cdf_fs,ebpf,1,3667,5.03
cdf_fs,ebpf,1,3668,3.59
cdf_fs,ebpf,1,3669,3.59
cdf_fs,ebpf,1,3670,3.73
cdf_fs,ebpf,1,3671,4.75
cdf_fs,ebpf,1,3672,3.96
cdf_fs,ebpf,1,3673,3.6
cdf_fs,ebpf,1,3674,4.85
cdf_fs,ebpf,1,3675,4.16
cdf_fs,ebpf,1,3676,4.5
cdf_fs,ebpf,1,3677,4.82
cdf_fs,ebpf,1,3678,4.21
cdf_fs,ebpf,1,3679,4.37
cdf_fs,ebpf,1,3680,5.21
cdf_fs,ebpf,1,3681,3.75
cdf_fs,ebpf,1,3682,4.73
cdf_fs,ebpf,1,3683,4.85
cdf_fs,ebpf,1,3684,3.65
cdf_fs,ebpf,1,3685,3.69
cdf_fs,ebpf,1,3686,3.61
cdf_fs,ebpf,1,3687,6.09
cdf_fs,ebpf,1,3688,3.77
cdf_fs,ebpf,1,3689,3.76
cdf_fs,ebpf,1,3690,4.5
cdf_fs,ebpf,1,3691,4.83
cdf_fs,ebpf,1,3692,4.09
cdf_fs,ebpf,1,3693,4.51
cdf_fs,ebpf,1,3694,4.57
cdf_fs,ebpf,1,3695,5.33
cdf_fs,ebpf,1,3696,3.58
cdf_fs,ebpf,1,3697,3.61
cdf_fs,ebpf,1,3698,5.2
cdf_fs,ebpf,1,3699,4.03
cdf_fs,ebpf,1,3700,3.72
cdf_fs,ebpf,1,3701,3.59
cdf_fs,ebpf,1,3702,4.45
cdf_fs,ebpf,1,3703,5.0
cdf_fs,ebpf,1,3704,3.55
cdf_fs,ebpf,1,3705,3.68
cdf_fs,ebpf,1,3706,4.84
cdf_fs,ebpf,1,3707,3.73
cdf_fs,ebpf,1,3708,9.02
cdf_fs,ebpf,1,3709,6.6
cdf_fs,ebpf,1,3710,3.82
cdf_fs,ebpf,1,3711,3.43
cdf_fs,ebpf,1,3712,7.14
cdf_fs,ebpf,1,3713,3.79
cdf_fs,ebpf,1,3714,3.68
cdf_fs,ebpf,1,3715,3.91
cdf_fs,ebpf,1,3716,5.27
cdf_fs,ebpf,1,3717,3.59
cdf_fs,ebpf,1,3718,3.72
cdf_fs,ebpf,1,3719,4.77
cdf_fs,ebpf,1,3720,3.62
cdf_fs,ebpf,1,3721,3.65
cdf_fs,ebpf,1,3722,5.09
cdf_fs,ebpf,1,3723,4.29
cdf_fs,ebpf,1,3724,4.65
cdf_fs,ebpf,1,3725,4.74
cdf_fs,ebpf,1,3726,4.73
cdf_fs,ebpf,1,3727,4.06
cdf_fs,ebpf,1,3728,3.65
cdf_fs,ebpf,1,3729,4.48
cdf_fs,ebpf,1,3730,5.2
cdf_fs,ebpf,1,3731,3.69
cdf_fs,ebpf,1,3732,3.69
cdf_fs,ebpf,1,3733,4.82
cdf_fs,ebpf,1,3734,5.38
cdf_fs,ebpf,1,3735,3.73
cdf_fs,ebpf,1,3736,3.71
cdf_fs,ebpf,1,3737,4.43
cdf_fs,ebpf,1,3738,4.96
cdf_fs,ebpf,1,3739,3.79
cdf_fs,ebpf,1,3740,4.75
cdf_fs,ebpf,1,3741,4.59
cdf_fs,ebpf,1,3742,3.7
cdf_fs,ebpf,1,3743,3.55
cdf_fs,ebpf,1,3744,3.52
cdf_fs,ebpf,1,3745,4.76
cdf_fs,ebpf,1,3746,3.7
cdf_fs,ebpf,1,3747,3.61
cdf_fs,ebpf,1,3748,4.77
cdf_fs,ebpf,1,3749,3.51
cdf_fs,ebpf,1,3750,3.69
cdf_fs,ebpf,1,3751,5.44
cdf_fs,ebpf,1,3752,3.81
cdf_fs,ebpf,1,3753,4.83
cdf_fs,ebpf,1,3754,4.96
cdf_fs,ebpf,1,3755,4.22
cdf_fs,ebpf,1,3756,4.97
cdf_fs,ebpf,1,3757,4.95
cdf_fs,ebpf,1,3758,4.01
cdf_fs,ebpf,1,3759,4.65
cdf_fs,ebpf,1,3760,5.34
cdf_fs,ebpf,1,3761,4.09
cdf_fs,ebpf,1,3762,4.58
cdf_fs,ebpf,1,3763,5.3
cdf_fs,ebpf,1,3764,4.03
cdf_fs,ebpf,1,3765,3.72
cdf_fs,ebpf,1,3766,4.89
cdf_fs,ebpf,1,3767,3.58
cdf_fs,ebpf,1,3768,4.99
cdf_fs,ebpf,1,3769,5.58
cdf_fs,ebpf,1,3770,4.2
cdf_fs,ebpf,1,3771,4.29
cdf_fs,ebpf,1,3772,4.93
cdf_fs,ebpf,1,3773,4.08
cdf_fs,ebpf,1,3774,4.12
cdf_fs,ebpf,1,3775,3.78
cdf_fs,ebpf,1,3776,3.37
cdf_fs,ebpf,1,3777,3.7
cdf_fs,ebpf,1,3778,3.73
cdf_fs,ebpf,1,3779,3.38
cdf_fs,ebpf,1,3780,4.16
cdf_fs,ebpf,1,3781,3.74
cdf_fs,ebpf,1,3782,3.47
cdf_fs,ebpf,1,3783,3.46
cdf_fs,ebpf,1,3784,3.58
cdf_fs,ebpf,1,3785,4.09
cdf_fs,ebpf,1,3786,3.57
cdf_fs,ebpf,1,3787,3.58
cdf_fs,ebpf,1,3788,3.6
cdf_fs,ebpf,1,3789,3.69
cdf_fs,ebpf,1,3790,4.16
cdf_fs,ebpf,1,3791,3.77
cdf_fs,ebpf,1,3792,3.6
cdf_fs,ebpf,1,3793,3.61
cdf_fs,ebpf,1,3794,3.66
cdf_fs,ebpf,1,3795,3.52
cdf_fs,ebpf,1,3796,3.72
cdf_fs,ebpf,1,3797,4.07
cdf_fs,ebpf,1,3798,4.24
cdf_fs,ebpf,1,3799,4.11
cdf_fs,ebpf,1,3800,3.73
cdf_fs,ebpf,1,3801,3.44
cdf_fs,ebpf,1,3802,3.78
cdf_fs,ebpf,1,3803,3.92
cdf_fs,ebpf,1,3804,3.77
cdf_fs,ebpf,1,3805,3.66
cdf_fs,ebpf,1,3806,3.66
cdf_fs,ebpf,1,3807,4.15
cdf_fs,ebpf,1,3808,3.65
cdf_fs,ebpf,1,3809,3.54
cdf_fs,ebpf,1,3810,3.71
cdf_fs,ebpf,1,3811,3.62
cdf_fs,ebpf,1,3812,3.75
cdf_fs,ebpf,1,3813,3.96
cdf_fs,ebpf,1,3814,3.51
cdf_fs,ebpf,1,3815,3.65
cdf_fs,ebpf,1,3816,4.79
cdf_fs,ebpf,1,3817,3.59
cdf_fs,ebpf,1,3818,4.99
cdf_fs,ebpf,1,3819,4.04
cdf_fs,ebpf,1,3820,4.05
cdf_fs,ebpf,1,3821,6.26
cdf_fs,ebpf,1,3822,3.5
cdf_fs,ebpf,1,3823,3.83
cdf_fs,ebpf,1,3824,4.58
cdf_fs,ebpf,1,3825,4.99
cdf_fs,ebpf,1,3826,3.65
cdf_fs,ebpf,1,3827,4.54
cdf_fs,ebpf,1,3828,5.03
cdf_fs,ebpf,1,3829,3.59
cdf_fs,ebpf,1,3830,3.55
cdf_fs,ebpf,1,3831,3.5
cdf_fs,ebpf,1,3832,3.57
cdf_fs,ebpf,1,3833,4.83
cdf_fs,ebpf,1,3834,3.61
cdf_fs,ebpf,1,3835,5.1
cdf_fs,ebpf,1,3836,4.81
cdf_fs,ebpf,1,3837,3.64
cdf_fs,ebpf,1,3838,5.2
cdf_fs,ebpf,1,3839,4.95
cdf_fs,ebpf,1,3840,4.2
cdf_fs,ebpf,1,3841,4.9
cdf_fs,ebpf,1,3842,4.32
cdf_fs,ebpf,1,3843,5.39
cdf_fs,ebpf,1,3844,3.84
cdf_fs,ebpf,1,3845,4.81
cdf_fs,ebpf,1,3846,4.95
cdf_fs,ebpf,1,3847,4.11
cdf_fs,ebpf,1,3848,3.64
cdf_fs,ebpf,1,3849,6.64
cdf_fs,ebpf,1,3850,3.43
cdf_fs,ebpf,1,3851,3.56
cdf_fs,ebpf,1,3852,3.73
cdf_fs,ebpf,1,3853,4.63
cdf_fs,ebpf,1,3854,5.02
cdf_fs,ebpf,1,3855,3.69
cdf_fs,ebpf,1,3856,3.84
cdf_fs,ebpf,1,3857,4.5
cdf_fs,ebpf,1,3858,5.03
cdf_fs,ebpf,1,3859,3.51
cdf_fs,ebpf,1,3860,4.97
cdf_fs,ebpf,1,3861,4.88
cdf_fs,ebpf,1,3862,3.9
cdf_fs,ebpf,1,3863,3.57
cdf_fs,ebpf,1,3864,4.04
cdf_fs,ebpf,1,3865,6.38
cdf_fs,ebpf,1,3866,3.68
cdf_fs,ebpf,1,3867,3.88
cdf_fs,ebpf,1,3868,4.49
cdf_fs,ebpf,1,3869,4.96
cdf_fs,ebpf,1,3870,4.16
cdf_fs,ebpf,1,3871,4.46
cdf_fs,ebpf,1,3872,4.74
cdf_fs,ebpf,1,3873,3.54
cdf_fs,ebpf,1,3874,3.51
cdf_fs,ebpf,1,3875,4.66
cdf_fs,ebpf,1,3876,3.57
cdf_fs,ebpf,1,3877,3.44
cdf_fs,ebpf,1,3878,3.73
cdf_fs,ebpf,1,3879,4.42
cdf_fs,ebpf,1,3880,5.0
cdf_fs,ebpf,1,3881,3.72
cdf_fs,ebpf,1,3882,4.55
cdf_fs,ebpf,1,3883,6.14
cdf_fs,ebpf,1,3884,4.14
cdf_fs,ebpf,1,3885,4.07
cdf_fs,ebpf,1,3886,5.21
cdf_fs,ebpf,1,3887,3.74
cdf_fs,ebpf,1,3888,4.85
cdf_fs,ebpf,1,3889,5.17
cdf_fs,ebpf,1,3890,22.78
cdf_fs,ebpf,1,3891,3.61
cdf_fs,ebpf,1,3892,3.45
cdf_fs,ebpf,1,3893,4.67
cdf_fs,ebpf,1,3894,5.07
cdf_fs,ebpf,1,3895,4.04
cdf_fs,ebpf,1,3896,4.16
cdf_fs,ebpf,1,3897,3.66
cdf_fs,ebpf,1,3898,4.59
cdf_fs,ebpf,1,3899,4.8
cdf_fs,ebpf,1,3900,3.51
cdf_fs,ebpf,1,3901,3.63
cdf_fs,ebpf,1,3902,4.98
cdf_fs,ebpf,1,3903,3.74
cdf_fs,ebpf,1,3904,4.65
cdf_fs,ebpf,1,3905,4.45
cdf_fs,ebpf,1,3906,4.9
cdf_fs,ebpf,1,3907,4.85
cdf_fs,ebpf,1,3908,3.58
cdf_fs,ebpf,1,3909,4.51
cdf_fs,ebpf,1,3910,4.96
cdf_fs,ebpf,1,3911,4.14
cdf_fs,ebpf,1,3912,4.68
cdf_fs,ebpf,1,3913,5.36
cdf_fs,ebpf,1,3914,3.74
cdf_fs,ebpf,1,3915,3.47
cdf_fs,ebpf,1,3916,4.39
cdf_fs,ebpf,1,3917,4.79
cdf_fs,ebpf,1,3918,3.71
cdf_fs,ebpf,1,3919,4.64
cdf_fs,ebpf,1,3920,5.23
cdf_fs,ebpf,1,3921,3.59
cdf_fs,ebpf,1,3922,3.84
cdf_fs,ebpf,1,3923,4.14
cdf_fs,ebpf,1,3924,4.98
cdf_fs,ebpf,1,3925,4.15
cdf_fs,ebpf,1,3926,4.81
cdf_fs,ebpf,1,3927,3.52
cdf_fs,ebpf,1,3928,4.64
cdf_fs,ebpf,1,3929,3.51
cdf_fs,ebpf,1,3930,3.98
cdf_fs,ebpf,1,3931,9.37
cdf_fs,ebpf,1,3932,4.85
cdf_fs,ebpf,1,3933,5.13
cdf_fs,ebpf,1,3934,3.72
cdf_fs,ebpf,1,3935,5.09
cdf_fs,ebpf,1,3936,4.97
cdf_fs,ebpf,1,3937,5.69
cdf_fs,ebpf,1,3938,3.75
cdf_fs,ebpf,1,3939,4.74
cdf_fs,ebpf,1,3940,5.2
cdf_fs,ebpf,1,3941,3.61
cdf_fs,ebpf,1,3942,3.63
cdf_fs,ebpf,1,3943,4.72
cdf_fs,ebpf,1,3944,3.66
cdf_fs,ebpf,1,3945,3.52
cdf_fs,ebpf,1,3946,6.36
cdf_fs,ebpf,1,3947,3.64
cdf_fs,ebpf,1,3948,3.83
cdf_fs,ebpf,1,3949,4.58
cdf_fs,ebpf,1,3950,4.99
cdf_fs,ebpf,1,3951,3.88
cdf_fs,ebpf,1,3952,4.19
cdf_fs,ebpf,1,3953,5.15
cdf_fs,ebpf,1,3954,5.32
cdf_fs,ebpf,1,3955,3.47
cdf_fs,ebpf,1,3956,3.64
cdf_fs,ebpf,1,3957,4.52
cdf_fs,ebpf,1,3958,7.53
cdf_fs,ebpf,1,3959,3.48
cdf_fs,ebpf,1,3960,3.71
cdf_fs,ebpf,1,3961,3.87
cdf_fs,ebpf,1,3962,4.69
cdf_fs,ebpf,1,3963,4.95
cdf_fs,ebpf,1,3964,3.49
cdf_fs,ebpf,1,3965,3.58
cdf_fs,ebpf,1,3966,3.64
cdf_fs,ebpf,1,3967,4.81
cdf_fs,ebpf,1,3968,3.66
cdf_fs,ebpf,1,3969,3.66
cdf_fs,ebpf,1,3970,4.88
cdf_fs,ebpf,1,3971,3.55
cdf_fs,ebpf,1,3972,5.24
cdf_fs,ebpf,1,3973,5.02
cdf_fs,ebpf,1,3974,4.27
cdf_fs,ebpf,1,3975,4.52
cdf_fs,ebpf,1,3976,4.8
cdf_fs,ebpf,1,3977,3.99
cdf_fs,ebpf,1,3978,3.54
cdf_fs,ebpf,1,3979,5.26
cdf_fs,ebpf,1,3980,3.8
cdf_fs,ebpf,1,3981,3.96
cdf_fs,ebpf,1,3982,3.73
cdf_fs,ebpf,1,3983,5.14
cdf_fs,ebpf,1,3984,3.64
cdf_fs,ebpf,1,3985,3.67
cdf_fs,ebpf,1,3986,5.02
cdf_fs,ebpf,1,3987,3.94
cdf_fs,ebpf,1,3988,4.49
cdf_fs,ebpf,1,3989,4.92
cdf_fs,ebpf,1,3990,3.54
cdf_fs,ebpf,1,3991,4.63
cdf_fs,ebpf,1,3992,4.62
cdf_fs,ebpf,1,3993,5.15
cdf_fs,ebpf,1,3994,3.62
cdf_fs,ebpf,1,3995,3.4
cdf_fs,ebpf,1,3996,5.39
cdf_fs,ebpf,1,3997,4.04
cdf_fs,ebpf,1,3998,3.41
cdf_fs,ebpf,1,3999,3.6
cdf_fs,ebpf,1,4000,3.46
cdf_fs,ebpf,1,4001,3.62
cdf_fs,ebpf,1,4002,4.19
cdf_fs,ebpf,1,4003,3.62
cdf_fs,ebpf,1,4004,3.94
cdf_fs,ebpf,1,4005,3.55
cdf_fs,ebpf,1,4006,4.02
cdf_fs,ebpf,1,4007,3.62
cdf_fs,ebpf,1,4008,3.67
cdf_fs,ebpf,1,4009,4.07
cdf_fs,ebpf,1,4010,3.55
cdf_fs,ebpf,1,4011,3.66
cdf_fs,ebpf,1,4012,3.73
cdf_fs,ebpf,1,4013,3.63
cdf_fs,ebpf,1,4014,3.58
cdf_fs,ebpf,1,4015,4.22
cdf_fs,ebpf,1,4016,4.06
cdf_fs,ebpf,1,4017,3.9
cdf_fs,ebpf,1,4018,3.49
cdf_fs,ebpf,1,4019,3.39
cdf_fs,ebpf,1,4020,3.6
cdf_fs,ebpf,1,4021,3.59
cdf_fs,ebpf,1,4022,3.53
cdf_fs,ebpf,1,4023,4.03
cdf_fs,ebpf,1,4024,3.66
cdf_fs,ebpf,1,4025,3.72
cdf_fs,ebpf,1,4026,4.07
cdf_fs,ebpf,1,4027,3.51
cdf_fs,ebpf,1,4028,3.54
cdf_fs,ebpf,1,4029,4.72
cdf_fs,ebpf,1,4030,4.92
cdf_fs,ebpf,1,4031,4.02
cdf_fs,ebpf,1,4032,4.13
cdf_fs,ebpf,1,4033,4.97
cdf_fs,ebpf,1,4034,6.391
cdf_fs,ebpf,1,4035,6.071
cdf_fs,ebpf,1,4036,5.389
cdf_fs,ebpf,1,4037,5.1
cdf_fs,ebpf,1,4038,4.04
cdf_fs,ebpf,1,4039,4.72
cdf_fs,ebpf,1,4040,5.031
cdf_fs,ebpf,1,4041,5.271
cdf_fs,ebpf,1,4042,4.589
cdf_fs,ebpf,1,4043,4.051
cdf_fs,ebpf,1,4044,4.86
cdf_fs,ebpf,1,4045,4.231
cdf_fs,ebpf,1,4046,5.2
cdf_fs,ebpf,1,4047,5.14
cdf_fs,ebpf,1,4048,5.731
cdf_fs,ebpf,1,4049,4.68
cdf_fs,ebpf,1,4050,5.06
cdf_fs,ebpf,1,4051,4.991
cdf_fs,ebpf,1,4052,4.909
cdf_fs,ebpf,1,4053,4.571
cdf_fs,ebpf,1,4054,5.289
cdf_fs,ebpf,1,4055,4.511
cdf_fs,ebpf,1,4056,4.929
cdf_fs,ebpf,1,4057,5.08
cdf_fs,ebpf,1,4058,5.0
cdf_fs,ebpf,1,4059,4.889
cdf_fs,ebpf,1,4060,4.911
cdf_fs,ebpf,1,4061,4.64
cdf_fs,ebpf,1,4062,4.951
cdf_fs,ebpf,1,4063,5.031
cdf_fs,ebpf,1,4064,4.869
cdf_fs,ebpf,1,4065,4.6
cdf_fs,ebpf,1,4066,5.06
cdf_fs,ebpf,1,4067,4.651
cdf_fs,ebpf,1,4068,3.96
cdf_fs,ebpf,1,4069,4.511
cdf_fs,ebpf,1,4070,4.76
cdf_fs,ebpf,1,4071,3.631
cdf_fs,ebpf,1,4072,3.58
cdf_fs,ebpf,1,4073,5.009
cdf_fs,ebpf,1,4074,3.689
cdf_fs,ebpf,1,4075,3.571
cdf_fs,ebpf,1,4076,4.349
cdf_fs,ebpf,1,4077,5.06
cdf_fs,ebpf,1,4078,3.669
cdf_fs,ebpf,1,4079,4.66
cdf_fs,ebpf,1,4080,4.289
cdf_fs,ebpf,1,4081,5.371
cdf_fs,ebpf,1,4082,3.771
cdf_fs,ebpf,1,4083,3.56
cdf_fs,ebpf,1,4084,3.809
cdf_fs,ebpf,1,4085,3.64
cdf_fs,ebpf,1,4086,5.0
cdf_fs,ebpf,1,4087,3.86
cdf_fs,ebpf,1,4088,3.72
cdf_fs,ebpf,1,4089,6.22
cdf_fs,ebpf,1,4090,3.609
cdf_fs,ebpf,1,4091,3.5
cdf_fs,ebpf,1,4092,4.98
cdf_fs,ebpf,1,4093,4.96
cdf_fs,ebpf,1,4094,3.74
cdf_fs,ebpf,1,4095,4.609
cdf_fs,ebpf,1,4096,4.811
cdf_fs,ebpf,1,4097,4.54
cdf_fs,ebpf,1,4098,4.86
cdf_fs,ebpf,1,4099,3.651
cdf_fs,ebpf,1,4100,3.429
cdf_fs,ebpf,1,4101,3.489
cdf_fs,ebpf,1,4102,3.58
cdf_fs,ebpf,1,4103,3.68
cdf_fs,ebpf,1,4104,4.871
cdf_fs,ebpf,1,4105,5.169
cdf_fs,ebpf,1,4106,3.591
cdf_fs,ebpf,1,4107,4.491
cdf_fs,ebpf,1,4108,5.62
cdf_fs,ebpf,1,4109,3.669
cdf_fs,ebpf,1,4110,4.671
cdf_fs,ebpf,1,4111,4.349
cdf_fs,ebpf,1,4112,5.331
cdf_fs,ebpf,1,4113,3.691
cdf_fs,ebpf,1,4114,4.52
cdf_fs,ebpf,1,4115,5.191
cdf_fs,ebpf,1,4116,3.6
cdf_fs,ebpf,1,4117,3.611
cdf_fs,ebpf,1,4118,4.82
cdf_fs,ebpf,1,4119,3.7
cdf_fs,ebpf,1,4120,4.96
cdf_fs,ebpf,1,4121,4.98
cdf_fs,ebpf,1,4122,3.66
cdf_fs,ebpf,1,4123,3.431
cdf_fs,ebpf,1,4124,4.969
cdf_fs,ebpf,1,4125,4.251
cdf_fs,ebpf,1,4126,3.731
cdf_fs,ebpf,1,4127,5.7
cdf_fs,ebpf,1,4128,4.051
cdf_fs,ebpf,1,4129,4.46
cdf_fs,ebpf,1,4130,4.76
cdf_fs,ebpf,1,4131,3.511
cdf_fs,ebpf,1,4132,3.88
cdf_fs,ebpf,1,4133,4.511
cdf_fs,ebpf,1,4134,6.12
cdf_fs,ebpf,1,4135,3.94
cdf_fs,ebpf,1,4136,3.609
cdf_fs,ebpf,1,4137,4.46
cdf_fs,ebpf,1,4138,5.409
cdf_fs,ebpf,1,4139,3.7
cdf_fs,ebpf,1,4140,3.591
cdf_fs,ebpf,1,4141,3.78
cdf_fs,ebpf,1,4142,5.151
cdf_fs,ebpf,1,4143,4.88
cdf_fs,ebpf,1,4144,5.68
cdf_fs,ebpf,1,4145,3.66
cdf_fs,ebpf,1,4146,3.6
cdf_fs,ebpf,1,4147,4.78
cdf_fs,ebpf,1,4148,3.6
cdf_fs,ebpf,1,4149,3.66
cdf_fs,ebpf,1,4150,5.291
cdf_fs,ebpf,1,4151,3.5
cdf_fs,ebpf,1,4152,3.7
cdf_fs,ebpf,1,4153,4.58
cdf_fs,ebpf,1,4154,9.111
cdf_fs,ebpf,1,4155,7.751
cdf_fs,ebpf,1,4156,3.489
cdf_fs,ebpf,1,4157,3.671
cdf_fs,ebpf,1,4158,3.48
cdf_fs,ebpf,1,4159,4.489
cdf_fs,ebpf,1,4160,5.609
cdf_fs,ebpf,1,4161,3.78
cdf_fs,ebpf,1,4162,3.511
cdf_fs,ebpf,1,4163,4.58
cdf_fs,ebpf,1,4164,4.76
cdf_fs,ebpf,1,4165,3.511
cdf_fs,ebpf,1,4166,3.68
cdf_fs,ebpf,1,4167,4.449
cdf_fs,ebpf,1,4168,5.14
cdf_fs,ebpf,1,4169,3.64
cdf_fs,ebpf,1,4170,3.56
cdf_fs,ebpf,1,4171,4.791
cdf_fs,ebpf,1,4172,5.109
cdf_fs,ebpf,1,4173,3.711
cdf_fs,ebpf,1,4174,4.669
cdf_fs,ebpf,1,4175,4.86
cdf_fs,ebpf,1,4176,3.78
cdf_fs,ebpf,1,4177,3.691
cdf_fs,ebpf,1,4178,4.791
cdf_fs,ebpf,1,4179,3.7
cdf_fs,ebpf,1,4180,3.671
cdf_fs,ebpf,1,4181,4.951
cdf_fs,ebpf,1,4182,3.589
cdf_fs,ebpf,1,4183,4.66
cdf_fs,ebpf,1,4184,4.64
cdf_fs,ebpf,1,4185,4.949
cdf_fs,ebpf,1,4186,3.48
cdf_fs,ebpf,1,4187,3.64
cdf_fs,ebpf,1,4188,4.48
cdf_fs,ebpf,1,4189,4.76
cdf_fs,ebpf,1,4190,3.62
cdf_fs,ebpf,1,4191,5.051
cdf_fs,ebpf,1,4192,4.889
cdf_fs,ebpf,1,4193,3.56
cdf_fs,ebpf,1,4194,3.74
cdf_fs,ebpf,1,4195,6.28
cdf_fs,ebpf,1,4196,3.8
cdf_fs,ebpf,1,4197,3.82
cdf_fs,ebpf,1,4198,4.929
cdf_fs,ebpf,1,4199,11.24
cdf_fs,ebpf,1,4200,3.7
cdf_fs,ebpf,1,4201,3.78
cdf_fs,ebpf,1,4202,4.711
cdf_fs,ebpf,1,4203,3.7
cdf_fs,ebpf,1,4204,3.54
cdf_fs,ebpf,1,4205,4.3
cdf_fs,ebpf,1,4206,4.881
cdf_fs,ebpf,1,4207,3.67
cdf_fs,ebpf,1,4208,4.41
cdf_fs,ebpf,1,4209,4.9
cdf_fs,ebpf,1,4210,3.76
cdf_fs,ebpf,1,4211,4.6
cdf_fs,ebpf,1,4212,5.0
cdf_fs,ebpf,1,4213,4.38
cdf_fs,ebpf,1,4214,3.72
cdf_fs,ebpf,1,4215,3.46
cdf_fs,ebpf,1,4216,3.74
cdf_fs,ebpf,1,4217,5.06
cdf_fs,ebpf,1,4218,3.79
cdf_fs,ebpf,1,4219,4.55
cdf_fs,ebpf,1,4220,5.47
cdf_fs,ebpf,1,4221,3.74
cdf_fs,ebpf,1,4222,4.49
cdf_fs,ebpf,1,4223,5.04
cdf_fs,ebpf,1,4224,3.6
cdf_fs,ebpf,1,4225,3.65
cdf_fs,ebpf,1,4226,4.89
cdf_fs,ebpf,1,4227,3.67
cdf_fs,ebpf,1,4228,3.49
cdf_fs,ebpf,1,4229,3.55
cdf_fs,ebpf,1,4230,5.28
cdf_fs,ebpf,1,4231,4.14
cdf_fs,ebpf,1,4232,3.67
cdf_fs,ebpf,1,4233,4.34
cdf_fs,ebpf,1,4234,4.8
cdf_fs,ebpf,1,4235,4.16
cdf_fs,ebpf,1,4236,4.46
cdf_fs,ebpf,1,4237,4.82
cdf_fs,ebpf,1,4238,5.03
cdf_fs,ebpf,1,4239,3.59
cdf_fs,ebpf,1,4240,4.9
cdf_fs,ebpf,1,4241,4.27
cdf_fs,ebpf,1,4242,4.43
cdf_fs,ebpf,1,4243,4.81
cdf_fs,ebpf,1,4244,3.76
cdf_fs,ebpf,1,4245,4.63
cdf_fs,ebpf,1,4246,4.9
cdf_fs,ebpf,1,4247,3.5
cdf_fs,ebpf,1,4248,3.57
cdf_fs,ebpf,1,4249,5.06
cdf_fs,ebpf,1,4250,3.57
cdf_fs,ebpf,1,4251,3.95
cdf_fs,ebpf,1,4252,5.44
cdf_fs,ebpf,1,4253,3.66
cdf_fs,ebpf,1,4254,4.42
cdf_fs,ebpf,1,4255,4.82
cdf_fs,ebpf,1,4256,4.09
cdf_fs,ebpf,1,4257,3.65
cdf_fs,ebpf,1,4258,4.64
cdf_fs,ebpf,1,4259,5.31
cdf_fs,ebpf,1,4260,3.55
cdf_fs,ebpf,1,4261,4.66
cdf_fs,ebpf,1,4262,4.81
cdf_fs,ebpf,1,4263,3.67
cdf_fs,ebpf,1,4264,3.75
cdf_fs,ebpf,1,4265,4.95
cdf_fs,ebpf,1,4266,4.95
cdf_fs,ebpf,1,4267,3.61
cdf_fs,ebpf,1,4268,3.63
cdf_fs,ebpf,1,4269,4.8
cdf_fs,ebpf,1,4270,3.46
cdf_fs,ebpf,1,4271,4.55
cdf_fs,ebpf,1,4272,3.74
cdf_fs,ebpf,1,4273,4.42
cdf_fs,ebpf,1,4274,4.91
cdf_fs,ebpf,1,4275,3.69
cdf_fs,ebpf,1,4276,4.46
cdf_fs,ebpf,1,4277,4.48
cdf_fs,ebpf,1,4278,5.48
cdf_fs,ebpf,1,4279,3.71
cdf_fs,ebpf,1,4280,3.58
cdf_fs,ebpf,1,4281,4.62
cdf_fs,ebpf,1,4282,4.89
cdf_fs,ebpf,1,4283,3.71
cdf_fs,ebpf,1,4284,4.52
cdf_fs,ebpf,1,4285,4.76
cdf_fs,ebpf,1,4286,3.53
cdf_fs,ebpf,1,4287,3.45
cdf_fs,ebpf,1,4288,3.44
cdf_fs,ebpf,1,4289,4.46
cdf_fs,ebpf,1,4290,5.54
cdf_fs,ebpf,1,4291,3.52
cdf_fs,ebpf,1,4292,3.58
cdf_fs,ebpf,1,4293,4.65
cdf_fs,ebpf,1,4294,5.54
cdf_fs,ebpf,1,4295,4.12
cdf_fs,ebpf,1,4296,3.72
cdf_fs,ebpf,1,4297,3.74
cdf_fs,ebpf,1,4298,4.83
cdf_fs,ebpf,1,4299,3.99
cdf_fs,ebpf,1,4300,4.56
cdf_fs,ebpf,1,4301,3.51
cdf_fs,ebpf,1,4302,4.77
cdf_fs,ebpf,1,4303,3.69
cdf_fs,ebpf,1,4304,3.78
cdf_fs,ebpf,1,4305,4.78
cdf_fs,ebpf,1,4306,4.15
cdf_fs,ebpf,1,4307,4.5
cdf_fs,ebpf,1,4308,6.21
cdf_fs,ebpf,1,4309,3.63
cdf_fs,ebpf,1,4310,3.43
cdf_fs,ebpf,1,4311,4.56
cdf_fs,ebpf,1,4312,5.3
cdf_fs,ebpf,1,4313,3.68
cdf_fs,ebpf,1,4314,3.73
cdf_fs,ebpf,1,4315,4.54
cdf_fs,ebpf,1,4316,4.41
cdf_fs,ebpf,1,4317,5.42
cdf_fs,ebpf,1,4318,3.95
cdf_fs,ebpf,1,4319,5.22
cdf_fs,ebpf,1,4320,5.06
cdf_fs,ebpf,1,4321,3.68
cdf_fs,ebpf,1,4322,4.9
cdf_fs,ebpf,1,4323,4.37
cdf_fs,ebpf,1,4324,6.42
cdf_fs,ebpf,1,4325,3.66
cdf_fs,ebpf,1,4326,3.4
cdf_fs,ebpf,1,4327,4.89
cdf_fs,ebpf,1,4328,3.88
cdf_fs,ebpf,1,4329,3.72
cdf_fs,ebpf,1,4330,5.43
cdf_fs,ebpf,1,4331,3.76
cdf_fs,ebpf,1,4332,3.65
cdf_fs,ebpf,1,4333,5.0
cdf_fs,ebpf,1,4334,3.99
cdf_fs,ebpf,1,4335,3.56
cdf_fs,ebpf,1,4336,4.98
cdf_fs,ebpf,1,4337,3.64
cdf_fs,ebpf,1,4338,3.63
cdf_fs,ebpf,1,4339,4.81
cdf_fs,ebpf,1,4340,4.04
cdf_fs,ebpf,1,4341,4.47
cdf_fs,ebpf,1,4342,5.07
cdf_fs,ebpf,1,4343,3.62
cdf_fs,ebpf,1,4344,3.5
cdf_fs,ebpf,1,4345,3.71
cdf_fs,ebpf,1,4346,4.97
cdf_fs,ebpf,1,4347,3.65
cdf_fs,ebpf,1,4348,4.73
cdf_fs,ebpf,1,4349,5.15
cdf_fs,ebpf,1,4350,3.62
cdf_fs,ebpf,1,4351,3.5
cdf_fs,ebpf,1,4352,4.66
cdf_fs,ebpf,1,4353,4.78
cdf_fs,ebpf,1,4354,3.87
cdf_fs,ebpf,1,4355,5.03
cdf_fs,ebpf,1,4356,5.36
cdf_fs,ebpf,1,4357,4.02
cdf_fs,ebpf,1,4358,3.53
cdf_fs,ebpf,1,4359,4.55
cdf_fs,ebpf,1,4360,4.44
cdf_fs,ebpf,1,4361,4.65
cdf_fs,ebpf,1,4362,4.88
cdf_fs,ebpf,1,4363,4.16
cdf_fs,ebpf,1,4364,4.59
cdf_fs,ebpf,1,4365,5.17
cdf_fs,ebpf,1,4366,3.64
cdf_fs,ebpf,1,4367,3.6
cdf_fs,ebpf,1,4368,4.75
cdf_fs,ebpf,1,4369,3.79
cdf_fs,ebpf,1,4370,3.46
cdf_fs,ebpf,1,4371,4.88
cdf_fs,ebpf,1,4372,4.14
cdf_fs,ebpf,1,4373,4.69
cdf_fs,ebpf,1,4374,5.17
cdf_fs,ebpf,1,4375,5.01
cdf_fs,ebpf,1,4376,3.55
cdf_fs,ebpf,1,4377,7.42
cdf_fs,ebpf,1,4378,6.58
cdf_fs,ebpf,1,4379,3.85
cdf_fs,ebpf,1,4380,3.82
cdf_fs,ebpf,1,4381,4.45
cdf_fs,ebpf,1,4382,4.63
cdf_fs,ebpf,1,4383,3.64
cdf_fs,ebpf,1,4384,3.44
cdf_fs,ebpf,1,4385,3.64
cdf_fs,ebpf,1,4386,4.85
cdf_fs,ebpf,1,4387,3.52
cdf_fs,ebpf,1,4388,4.03
cdf_fs,ebpf,1,4389,4.51
cdf_fs,ebpf,1,4390,5.34
cdf_fs,ebpf,1,4391,3.72
cdf_fs,ebpf,1,4392,4.38
cdf_fs,ebpf,1,4393,5.24
cdf_fs,ebpf,1,4394,3.55
cdf_fs,ebpf,1,4395,3.46
cdf_fs,ebpf,1,4396,3.51
cdf_fs,ebpf,1,4397,5.39
cdf_fs,ebpf,1,4398,4.09
cdf_fs,ebpf,1,4399,3.53
cdf_fs,ebpf,1,4400,4.78
cdf_fs,ebpf,1,4401,3.6
cdf_fs,ebpf,1,4402,3.59
cdf_fs,ebpf,1,4403,3.51
cdf_fs,ebpf,1,4404,4.94
cdf_fs,ebpf,1,4405,3.69
cdf_fs,ebpf,1,4406,3.72
cdf_fs,ebpf,1,4407,4.87
cdf_fs,ebpf,1,4408,3.52
cdf_fs,ebpf,1,4409,3.59
cdf_fs,ebpf,1,4410,4.65
cdf_fs,ebpf,1,4411,5.23
cdf_fs,ebpf,1,4412,3.49
cdf_fs,ebpf,1,4413,3.49
cdf_fs,ebpf,1,4414,5.2
cdf_fs,ebpf,1,4415,3.62
cdf_fs,ebpf,1,4416,3.8
cdf_fs,ebpf,1,4417,4.49
cdf_fs,ebpf,1,4418,5.37
cdf_fs,ebpf,1,4419,4.44
cdf_fs,ebpf,1,4420,4.27
cdf_fs,ebpf,1,4421,4.72
cdf_fs,ebpf,1,4422,3.62
cdf_fs,ebpf,1,4423,3.53
cdf_fs,ebpf,1,4424,5.06
cdf_fs,ebpf,1,4425,3.69
cdf_fs,ebpf,1,4426,4.15
cdf_fs,ebpf,1,4427,4.44
cdf_fs,ebpf,1,4428,5.26
cdf_fs,ebpf,1,4429,3.59
cdf_fs,ebpf,1,4430,4.44
cdf_fs,ebpf,1,4431,5.01
cdf_fs,ebpf,1,4432,3.54
cdf_fs,ebpf,1,4433,3.54
cdf_fs,ebpf,1,4434,3.78
cdf_fs,ebpf,1,4435,4.88
cdf_fs,ebpf,1,4436,3.65
cdf_fs,ebpf,1,4437,3.54
cdf_fs,ebpf,1,4438,4.72
cdf_fs,ebpf,1,4439,3.39
cdf_fs,ebpf,1,4440,3.43
cdf_fs,ebpf,1,4441,3.68
cdf_fs,ebpf,1,4442,5.31
cdf_fs,ebpf,1,4443,3.49
cdf_fs,ebpf,1,4444,3.79
cdf_fs,ebpf,1,4445,4.84
cdf_fs,ebpf,1,4446,3.57
cdf_fs,ebpf,1,4447,3.41
cdf_fs,ebpf,1,4448,3.48
cdf_fs,ebpf,1,4449,4.81
cdf_fs,ebpf,1,4450,4.17
cdf_fs,ebpf,1,4451,3.46
cdf_fs,ebpf,1,4452,4.88
cdf_fs,ebpf,1,4453,3.69
cdf_fs,ebpf,1,4454,3.49
cdf_fs,ebpf,1,4455,4.3
cdf_fs,ebpf,1,4456,4.69
cdf_fs,ebpf,1,4457,3.65
cdf_fs,ebpf,1,4458,4.62
cdf_fs,ebpf,1,4459,3.83
cdf_fs,ebpf,1,4460,4.78
cdf_fs,ebpf,1,4461,3.81
cdf_fs,ebpf,1,4462,3.69
cdf_fs,ebpf,1,4463,4.74
cdf_fs,ebpf,1,4464,4.51
cdf_fs,ebpf,1,4465,5.3
cdf_fs,ebpf,1,4466,3.64
cdf_fs,ebpf,1,4467,3.46
cdf_fs,ebpf,1,4468,4.63
cdf_fs,ebpf,1,4469,4.09
cdf_fs,ebpf,1,4470,4.69
cdf_fs,ebpf,1,4471,4.93
cdf_fs,ebpf,1,4472,3.74
cdf_fs,ebpf,1,4473,3.79
cdf_fs,ebpf,1,4474,4.73
cdf_fs,ebpf,1,4475,3.59
cdf_fs,ebpf,1,4476,3.5
cdf_fs,ebpf,1,4477,3.54
cdf_fs,ebpf,1,4478,4.83
cdf_fs,ebpf,1,4479,3.71
cdf_fs,ebpf,1,4480,3.5
cdf_fs,ebpf,1,4481,4.8
cdf_fs,ebpf,1,4482,3.57
cdf_fs,ebpf,1,4483,4.95
cdf_fs,ebpf,1,4484,4.55
cdf_fs,ebpf,1,4485,5.16
cdf_fs,ebpf,1,4486,4.29
cdf_fs,ebpf,1,4487,3.44
cdf_fs,ebpf,1,4488,4.46
cdf_fs,ebpf,1,4489,5.37
cdf_fs,ebpf,1,4490,3.7
cdf_fs,ebpf,1,4491,4.2
cdf_fs,ebpf,1,4492,3.57
cdf_fs,ebpf,1,4493,3.84
cdf_fs,ebpf,1,4494,4.89
cdf_fs,ebpf,1,4495,4.86
cdf_fs,ebpf,1,4496,3.54
cdf_fs,ebpf,1,4497,3.81
cdf_fs,ebpf,1,4498,4.55
cdf_fs,ebpf,1,4499,4.95
cdf_fs,ebpf,1,4500,4.19
cdf_fs,ebpf,1,4501,4.32
cdf_fs,ebpf,1,4502,5.03
cdf_fs,ebpf,1,4503,3.71
cdf_fs,ebpf,1,4504,3.63
cdf_fs,ebpf,1,4505,3.48
cdf_fs,ebpf,1,4506,4.92
cdf_fs,ebpf,1,4507,3.72
cdf_fs,ebpf,1,4508,3.56
cdf_fs,ebpf,1,4509,4.95
cdf_fs,ebpf,1,4510,4.3
cdf_fs,ebpf,1,4511,4.64
cdf_fs,ebpf,1,4512,4.85
cdf_fs,ebpf,1,4513,4.12
cdf_fs,ebpf,1,4514,4.54
cdf_fs,ebpf,1,4515,5.56
cdf_fs,ebpf,1,4516,3.63
cdf_fs,ebpf,1,4517,4.59
cdf_fs,ebpf,1,4518,4.9
cdf_fs,ebpf,1,4519,3.43
cdf_fs,ebpf,1,4520,4.15
cdf_fs,ebpf,1,4521,4.6
cdf_fs,ebpf,1,4522,4.37
cdf_fs,ebpf,1,4523,4.98
cdf_fs,ebpf,1,4524,3.47
cdf_fs,ebpf,1,4525,4.04
cdf_fs,ebpf,1,4526,4.33
cdf_fs,ebpf,1,4527,4.81
cdf_fs,ebpf,1,4528,3.47
cdf_fs,ebpf,1,4529,5.0
cdf_fs,ebpf,1,4530,5.38
cdf_fs,ebpf,1,4531,3.65
cdf_fs,ebpf,1,4532,4.39
cdf_fs,ebpf,1,4533,4.75
cdf_fs,ebpf,1,4534,3.87
cdf_fs,ebpf,1,4535,3.51
cdf_fs,ebpf,1,4536,4.33
cdf_fs,ebpf,1,4537,4.87
cdf_fs,ebpf,1,4538,3.46
cdf_fs,ebpf,1,4539,4.54
cdf_fs,ebpf,1,4540,4.87
cdf_fs,ebpf,1,4541,3.72
cdf_fs,ebpf,1,4542,3.78
cdf_fs,ebpf,1,4543,5.02
cdf_fs,ebpf,1,4544,3.49
cdf_fs,ebpf,1,4545,3.75
cdf_fs,ebpf,1,4546,5.04
cdf_fs,ebpf,1,4547,3.56
cdf_fs,ebpf,1,4548,3.51
cdf_fs,ebpf,1,4549,3.61
cdf_fs,ebpf,1,4550,4.86
cdf_fs,ebpf,1,4551,3.51
cdf_fs,ebpf,1,4552,3.8
cdf_fs,ebpf,1,4553,4.29
cdf_fs,ebpf,1,4554,4.7
cdf_fs,ebpf,1,4555,4.13
cdf_fs,ebpf,1,4556,4.1
cdf_fs,ebpf,1,4557,3.39
cdf_fs,ebpf,1,4558,4.57
cdf_fs,ebpf,1,4559,4.76
cdf_fs,ebpf,1,4560,3.52
cdf_fs,ebpf,1,4561,3.48
cdf_fs,ebpf,1,4562,5.13
cdf_fs,ebpf,1,4563,3.61
cdf_fs,ebpf,1,4564,3.54
cdf_fs,ebpf,1,4565,3.6
cdf_fs,ebpf,1,4566,4.55
cdf_fs,ebpf,1,4567,5.93
cdf_fs,ebpf,1,4568,4.09
cdf_fs,ebpf,1,4569,3.68
cdf_fs,ebpf,1,4570,5.62
cdf_fs,ebpf,1,4571,3.8
cdf_fs,ebpf,1,4572,4.49
cdf_fs,ebpf,1,4573,4.33
cdf_fs,ebpf,1,4574,5.42
cdf_fs,ebpf,1,4575,3.45
cdf_fs,ebpf,1,4576,3.64
cdf_fs,ebpf,1,4577,4.4
cdf_fs,ebpf,1,4578,3.41
cdf_fs,ebpf,1,4579,3.64
cdf_fs,ebpf,1,4580,4.82
cdf_fs,ebpf,1,4581,3.69
cdf_fs,ebpf,1,4582,3.73
cdf_fs,ebpf,1,4583,5.71
cdf_fs,ebpf,1,4584,3.4
cdf_fs,ebpf,1,4585,3.9
cdf_fs,ebpf,1,4586,5.25
cdf_fs,ebpf,1,4587,3.75
cdf_fs,ebpf,1,4588,3.59
cdf_fs,ebpf,1,4589,4.14
cdf_fs,ebpf,1,4590,4.54
cdf_fs,ebpf,1,4591,4.92
cdf_fs,ebpf,1,4592,3.72
cdf_fs,ebpf,1,4593,3.49
cdf_fs,ebpf,1,4594,3.48
cdf_fs,ebpf,1,4595,4.9
cdf_fs,ebpf,1,4596,3.64
cdf_fs,ebpf,1,4597,4.85
cdf_fs,ebpf,1,4598,4.98
cdf_fs,ebpf,1,4599,3.54
cdf_fs,ebpf,1,4600,3.5
cdf_fs,ebpf,1,4601,4.42
cdf_fs,ebpf,1,4602,4.88
cdf_fs,ebpf,1,4603,3.75
cdf_fs,ebpf,1,4604,4.38
cdf_fs,ebpf,1,4605,5.18
cdf_fs,ebpf,1,4606,3.95
cdf_fs,ebpf,1,4607,3.68
cdf_fs,ebpf,1,4608,8.75
cdf_fs,ebpf,1,4609,5.94
cdf_fs,ebpf,1,4610,3.98
cdf_fs,ebpf,1,4611,3.54
cdf_fs,ebpf,1,4612,4.07
cdf_fs,ebpf,1,4613,5.01
cdf_fs,ebpf,1,4614,5.06
cdf_fs,ebpf,1,4615,3.83
cdf_fs,ebpf,1,4616,4.41
cdf_fs,ebpf,1,4617,4.99
cdf_fs,ebpf,1,4618,4.12
cdf_fs,ebpf,1,4619,4.45
cdf_fs,ebpf,1,4620,4.82
cdf_fs,ebpf,1,4621,3.72
cdf_fs,ebpf,1,4622,3.65
cdf_fs,ebpf,1,4623,3.56
cdf_fs,ebpf,1,4624,5.07
cdf_fs,ebpf,1,4625,4.84
cdf_fs,ebpf,1,4626,3.7
cdf_fs,ebpf,1,4627,4.5
cdf_fs,ebpf,1,4628,4.35
cdf_fs,ebpf,1,4629,4.97
cdf_fs,ebpf,1,4630,4.16
cdf_fs,ebpf,1,4631,4.57
cdf_fs,ebpf,1,4632,4.87
cdf_fs,ebpf,1,4633,3.8
cdf_fs,ebpf,1,4634,4.55
cdf_fs,ebpf,1,4635,5.18
cdf_fs,ebpf,1,4636,3.66
cdf_fs,ebpf,1,4637,3.57
cdf_fs,ebpf,1,4638,4.66
cdf_fs,ebpf,1,4639,4.81
cdf_fs,ebpf,1,4640,3.87
cdf_fs,ebpf,1,4641,3.52
cdf_fs,ebpf,1,4642,4.9
cdf_fs,ebpf,1,4643,3.58
cdf_fs,ebpf,1,4644,3.49
cdf_fs,ebpf,1,4645,5.23
cdf_fs,ebpf,1,4646,3.87
cdf_fs,ebpf,1,4647,3.54
cdf_fs,ebpf,1,4648,4.47
cdf_fs,ebpf,1,4649,4.72
cdf_fs,ebpf,1,4650,3.63
cdf_fs,ebpf,1,4651,3.77
cdf_fs,ebpf,1,4652,4.47
cdf_fs,ebpf,1,4653,4.84
cdf_fs,ebpf,1,4654,3.66
cdf_fs,ebpf,1,4655,3.48
cdf_fs,ebpf,1,4656,3.63
cdf_fs,ebpf,1,4657,4.9
cdf_fs,ebpf,1,4658,3.58
cdf_fs,ebpf,1,4659,3.51
cdf_fs,ebpf,1,4660,4.82
cdf_fs,ebpf,1,4661,4.0
cdf_fs,ebpf,1,4662,3.82
cdf_fs,ebpf,1,4663,4.43
cdf_fs,ebpf,1,4664,4.57
cdf_fs,ebpf,1,4665,3.75
cdf_fs,ebpf,1,4666,4.81
cdf_fs,ebpf,1,4667,3.66
cdf_fs,ebpf,1,4668,3.65
cdf_fs,ebpf,1,4669,3.5
cdf_fs,ebpf,1,4670,4.73
cdf_fs,ebpf,1,4671,4.87
cdf_fs,ebpf,1,4672,3.75
cdf_fs,ebpf,1,4673,4.7
cdf_fs,ebpf,1,4674,4.4
cdf_fs,ebpf,1,4675,4.73
cdf_fs,ebpf,1,4676,3.64
cdf_fs,ebpf,1,4677,4.45
cdf_fs,ebpf,1,4678,4.44
cdf_fs,ebpf,1,4679,4.56
cdf_fs,ebpf,1,4680,4.93
cdf_fs,ebpf,1,4681,3.5
cdf_fs,ebpf,1,4682,4.46
cdf_fs,ebpf,1,4683,4.47
cdf_fs,ebpf,1,4684,4.85
cdf_fs,ebpf,1,4685,3.54
cdf_fs,ebpf,1,4686,4.65
cdf_fs,ebpf,1,4687,4.46
cdf_fs,ebpf,1,4688,4.9
cdf_fs,ebpf,1,4689,3.67
cdf_fs,ebpf,1,4690,5.05
cdf_fs,ebpf,1,4691,4.59
cdf_fs,ebpf,1,4692,5.16
cdf_fs,ebpf,1,4693,4.17
cdf_fs,ebpf,1,4694,3.71
cdf_fs,ebpf,1,4695,4.58
cdf_fs,ebpf,1,4696,4.94
cdf_fs,ebpf,1,4697,3.58
cdf_fs,ebpf,1,4698,3.49
cdf_fs,ebpf,1,4699,4.95
cdf_fs,ebpf,1,4700,3.72
cdf_fs,ebpf,1,4701,3.6
cdf_fs,ebpf,1,4702,4.33
cdf_fs,ebpf,1,4703,4.86
cdf_fs,ebpf,1,4704,3.7
cdf_fs,ebpf,1,4705,4.52
cdf_fs,ebpf,1,4706,4.5
cdf_fs,ebpf,1,4707,4.94
cdf_fs,ebpf,1,4708,3.68
cdf_fs,ebpf,1,4709,3.66
cdf_fs,ebpf,1,4710,4.28
cdf_fs,ebpf,1,4711,4.85
cdf_fs,ebpf,1,4712,3.54
cdf_fs,ebpf,1,4713,3.8
cdf_fs,ebpf,1,4714,4.91
cdf_fs,ebpf,1,4715,3.64
cdf_fs,ebpf,1,4716,3.56
cdf_fs,ebpf,1,4717,5.27
cdf_fs,ebpf,1,4718,4.21
cdf_fs,ebpf,1,4719,4.5
cdf_fs,ebpf,1,4720,4.75
cdf_fs,ebpf,1,4721,4.65
cdf_fs,ebpf,1,4722,3.81
cdf_fs,ebpf,1,4723,3.53
cdf_fs,ebpf,1,4724,3.68
cdf_fs,ebpf,1,4725,4.76
cdf_fs,ebpf,1,4726,3.65
cdf_fs,ebpf,1,4727,3.63
cdf_fs,ebpf,1,4728,4.95
cdf_fs,ebpf,1,4729,5.05
cdf_fs,ebpf,1,4730,3.75
cdf_fs,ebpf,1,4731,3.54
cdf_fs,ebpf,1,4732,4.81
cdf_fs,ebpf,1,4733,3.59
cdf_fs,ebpf,1,4734,3.79
cdf_fs,ebpf,1,4735,4.83
cdf_fs,ebpf,1,4736,3.56
cdf_fs,ebpf,1,4737,3.44
cdf_fs,ebpf,1,4738,3.57
cdf_fs,ebpf,1,4739,5.28
cdf_fs,ebpf,1,4740,3.73
cdf_fs,ebpf,1,4741,3.51
cdf_fs,ebpf,1,4742,6.64
cdf_fs,ebpf,1,4743,3.64
cdf_fs,ebpf,1,4744,3.58
cdf_fs,ebpf,1,4745,5.02
cdf_fs,ebpf,1,4746,4.99
cdf_fs,ebpf,1,4747,3.64
cdf_fs,ebpf,1,4748,4.89
cdf_fs,ebpf,1,4749,4.35
cdf_fs,ebpf,1,4750,5.27
cdf_fs,ebpf,1,4751,4.07
cdf_fs,ebpf,1,4752,3.67
cdf_fs,ebpf,1,4753,3.73
cdf_fs,ebpf,1,4754,6.66
cdf_fs,ebpf,1,4755,3.85
cdf_fs,ebpf,1,4756,3.61
cdf_fs,ebpf,1,4757,4.6
cdf_fs,ebpf,1,4758,4.79
cdf_fs,ebpf,1,4759,3.49
cdf_fs,ebpf,1,4760,4.97
cdf_fs,ebpf,1,4761,4.84
cdf_fs,ebpf,1,4762,3.8
cdf_fs,ebpf,1,4763,4.54
cdf_fs,ebpf,1,4764,4.94
cdf_fs,ebpf,1,4765,3.49
cdf_fs,ebpf,1,4766,3.49
cdf_fs,ebpf,1,4767,3.63
cdf_fs,ebpf,1,4768,4.41
cdf_fs,ebpf,1,4769,4.71
cdf_fs,ebpf,1,4770,3.62
cdf_fs,ebpf,1,4771,3.37
cdf_fs,ebpf,1,4772,4.8
cdf_fs,ebpf,1,4773,3.55
cdf_fs,ebpf,1,4774,3.71
cdf_fs,ebpf,1,4775,5.52
cdf_fs,ebpf,1,4776,3.55
cdf_fs,ebpf,1,4777,4.39
cdf_fs,ebpf,1,4778,4.81
cdf_fs,ebpf,1,4779,3.68
cdf_fs,ebpf,1,4780,3.6
cdf_fs,ebpf,1,4781,4.96
cdf_fs,ebpf,1,4782,3.77
cdf_fs,ebpf,1,4783,4.69
cdf_fs,ebpf,1,4784,3.58
cdf_fs,ebpf,1,4785,3.52
cdf_fs,ebpf,1,4786,5.07
cdf_fs,ebpf,1,4787,3.76
cdf_fs,ebpf,1,4788,4.84
cdf_fs,ebpf,1,4789,4.75
cdf_fs,ebpf,1,4790,3.74
cdf_fs,ebpf,1,4791,3.62
cdf_fs,ebpf,1,4792,6.19
cdf_fs,ebpf,1,4793,4.42
cdf_fs,ebpf,1,4794,3.73
cdf_fs,ebpf,1,4795,4.82
cdf_fs,ebpf,1,4796,3.84
cdf_fs,ebpf,1,4797,3.78
cdf_fs,ebpf,1,4798,4.68
cdf_fs,ebpf,1,4799,4.78
cdf_fs,ebpf,1,4800,3.65
cdf_fs,ebpf,1,4801,5.03
cdf_fs,ebpf,1,4802,5.26
cdf_fs,ebpf,1,4803,3.83
cdf_fs,ebpf,1,4804,4.46
cdf_fs,ebpf,1,4805,4.78
cdf_fs,ebpf,1,4806,3.67
cdf_fs,ebpf,1,4807,3.52
cdf_fs,ebpf,1,4808,4.32
cdf_fs,ebpf,1,4809,4.75
cdf_fs,ebpf,1,4810,3.65
cdf_fs,ebpf,1,4811,3.59
cdf_fs,ebpf,1,4812,4.53
cdf_fs,ebpf,1,4813,5.27
cdf_fs,ebpf,1,4814,3.88
cdf_fs,ebpf,1,4815,4.51
cdf_fs,ebpf,1,4816,5.26
cdf_fs,ebpf,1,4817,3.88
cdf_fs,ebpf,1,4818,4.03
cdf_fs,ebpf,1,4819,4.41
cdf_fs,ebpf,1,4820,4.85
cdf_fs,ebpf,1,4821,4.13
cdf_fs,ebpf,1,4822,4.44
cdf_fs,ebpf,1,4823,4.67
cdf_fs,ebpf,1,4824,4.17
cdf_fs,ebpf,1,4825,4.61
cdf_fs,ebpf,1,4826,3.51
cdf_fs,ebpf,1,4827,5.21
cdf_fs,ebpf,1,4828,3.48
cdf_fs,ebpf,1,4829,3.44
cdf_fs,ebpf,1,4830,6.32
cdf_fs,ebpf,1,4831,3.46
cdf_fs,ebpf,1,4832,3.56
cdf_fs,ebpf,1,4833,4.55
cdf_fs,ebpf,1,4834,10.71
cdf_fs,ebpf,1,4835,3.74
cdf_fs,ebpf,1,4836,3.63
cdf_fs,ebpf,1,4837,3.88
cdf_fs,ebpf,1,4838,5.52
cdf_fs,ebpf,1,4839,3.85
cdf_fs,ebpf,1,4840,3.97
cdf_fs,ebpf,1,4841,3.6
cdf_fs,ebpf,1,4842,5.05
cdf_fs,ebpf,1,4843,6.49
cdf_fs,ebpf,1,4844,4.19
cdf_fs,ebpf,1,4845,3.48
cdf_fs,ebpf,1,4846,4.5
cdf_fs,ebpf,1,4847,4.84
cdf_fs,ebpf,1,4848,4.44
cdf_fs,ebpf,1,4849,5.93
cdf_fs,ebpf,1,4850,5.23
cdf_fs,ebpf,1,4851,5.21
cdf_fs,ebpf,1,4852,3.62
cdf_fs,ebpf,1,4853,4.49
cdf_fs,ebpf,1,4854,3.55
cdf_fs,ebpf,1,4855,4.31
cdf_fs,ebpf,1,4856,4.76
cdf_fs,ebpf,1,4857,3.57
cdf_fs,ebpf,1,4858,3.64
cdf_fs,ebpf,1,4859,4.78
cdf_fs,ebpf,1,4860,3.64
cdf_fs,ebpf,1,4861,5.14
cdf_fs,ebpf,1,4862,5.11
cdf_fs,ebpf,1,4863,4.89
cdf_fs,ebpf,1,4864,3.69
cdf_fs,ebpf,1,4865,4.66
cdf_fs,ebpf,1,4866,5.18
cdf_fs,ebpf,1,4867,4.22
cdf_fs,ebpf,1,4868,3.82
cdf_fs,ebpf,1,4869,4.92
cdf_fs,ebpf,1,4870,4.91
cdf_fs,ebpf,1,4871,3.62
cdf_fs,ebpf,1,4872,3.66
cdf_fs,ebpf,1,4873,4.83
cdf_fs,ebpf,1,4874,3.67
cdf_fs,ebpf,1,4875,3.46
cdf_fs,ebpf,1,4876,4.82
cdf_fs,ebpf,1,4877,3.55
cdf_fs,ebpf,1,4878,3.71
cdf_fs,ebpf,1,4879,4.87
cdf_fs,ebpf,1,4880,3.52
cdf_fs,ebpf,1,4881,3.56
cdf_fs,ebpf,1,4882,4.42
cdf_fs,ebpf,1,4883,4.33
cdf_fs,ebpf,1,4884,4.56
cdf_fs,ebpf,1,4885,4.98
cdf_fs,ebpf,1,4886,3.48
cdf_fs,ebpf,1,4887,5.05
cdf_fs,ebpf,1,4888,4.96
cdf_fs,ebpf,1,4889,4.14
cdf_fs,ebpf,1,4890,4.67
cdf_fs,ebpf,1,4891,4.77
cdf_fs,ebpf,1,4892,3.74
cdf_fs,ebpf,1,4893,3.56
cdf_fs,ebpf,1,4894,5.28
cdf_fs,ebpf,1,4895,3.44
cdf_fs,ebpf,1,4896,3.79
cdf_fs,ebpf,1,4897,3.73
cdf_fs,ebpf,1,4898,4.48
cdf_fs,ebpf,1,4899,4.53
cdf_fs,ebpf,1,4900,4.72
cdf_fs,ebpf,1,4901,3.62
cdf_fs,ebpf,1,4902,4.5
cdf_fs,ebpf,1,4903,4.67
cdf_fs,ebpf,1,4904,3.67
cdf_fs,ebpf,1,4905,3.38
cdf_fs,ebpf,1,4906,5.33
cdf_fs,ebpf,1,4907,3.53
cdf_fs,ebpf,1,4908,4.89
cdf_fs,ebpf,1,4909,5.22
cdf_fs,ebpf,1,4910,3.66
cdf_fs,ebpf,1,4911,5.04
cdf_fs,ebpf,1,4912,5.45
cdf_fs,ebpf,1,4913,3.81
cdf_fs,ebpf,1,4914,3.7
cdf_fs,ebpf,1,4915,5.32
cdf_fs,ebpf,1,4916,3.48
cdf_fs,ebpf,1,4917,3.47
cdf_fs,ebpf,1,4918,3.39
cdf_fs,ebpf,1,4919,4.34
cdf_fs,ebpf,1,4920,4.74
cdf_fs,ebpf,1,4921,4.91
cdf_fs,ebpf,1,4922,3.53
cdf_fs,ebpf,1,4923,3.71
cdf_fs,ebpf,1,4924,4.41
cdf_fs,ebpf,1,4925,4.79
cdf_fs,ebpf,1,4926,3.68
cdf_fs,ebpf,1,4927,3.65
cdf_fs,ebpf,1,4928,4.39
cdf_fs,ebpf,1,4929,6.19
cdf_fs,ebpf,1,4930,3.76
cdf_fs,ebpf,1,4931,4.29
cdf_fs,ebpf,1,4932,4.91
cdf_fs,ebpf,1,4933,4.06
cdf_fs,ebpf,1,4934,4.47
cdf_fs,ebpf,1,4935,4.92
cdf_fs,ebpf,1,4936,3.7
cdf_fs,ebpf,1,4937,3.59
cdf_fs,ebpf,1,4938,6.08
cdf_fs,ebpf,1,4939,3.49
cdf_fs,ebpf,1,4940,4.18
cdf_fs,ebpf,1,4941,4.55
cdf_fs,ebpf,1,4942,4.52
cdf_fs,ebpf,1,4943,4.89
cdf_fs,ebpf,1,4944,3.59
cdf_fs,ebpf,1,4945,3.74
cdf_fs,ebpf,1,4946,4.73
cdf_fs,ebpf,1,4947,3.79
cdf_fs,ebpf,1,4948,3.55
cdf_fs,ebpf,1,4949,4.87
cdf_fs,ebpf,1,4950,5.6
cdf_fs,ebpf,1,4951,3.47
cdf_fs,ebpf,1,4952,4.33
cdf_fs,ebpf,1,4953,5.05
cdf_fs,ebpf,1,4954,4.88
cdf_fs,ebpf,1,4955,3.58
cdf_fs,ebpf,1,4956,3.58
cdf_fs,ebpf,1,4957,3.71
cdf_fs,ebpf,1,4958,5.01
cdf_fs,ebpf,1,4959,3.57
cdf_fs,ebpf,1,4960,3.75
cdf_fs,ebpf,1,4961,4.89
cdf_fs,ebpf,1,4962,3.55
cdf_fs,ebpf,1,4963,3.65
cdf_fs,ebpf,1,4964,6.08
cdf_fs,ebpf,1,4965,3.89
cdf_fs,ebpf,1,4966,3.58
cdf_fs,ebpf,1,4967,4.51
cdf_fs,ebpf,1,4968,4.9
cdf_fs,ebpf,1,4969,3.81
cdf_fs,ebpf,1,4970,5.14
cdf_fs,ebpf,1,4971,4.66
cdf_fs,ebpf,1,4972,5.0
cdf_fs,ebpf,1,4973,4.11
cdf_fs,ebpf,1,4974,4.47
cdf_fs,ebpf,1,4975,4.93
cdf_fs,ebpf,1,4976,3.51
cdf_fs,ebpf,1,4977,3.46
cdf_fs,ebpf,1,4978,4.36
cdf_fs,ebpf,1,4979,4.46
cdf_fs,ebpf,1,4980,4.89
cdf_fs,ebpf,1,4981,3.53
cdf_fs,ebpf,1,4982,3.59
cdf_fs,ebpf,1,4983,5.04
cdf_fs,ebpf,1,4984,5.0
cdf_fs,ebpf,1,4985,4.16
cdf_fs,ebpf,1,4986,3.34
cdf_fs,ebpf,1,4987,4.63
cdf_fs,ebpf,1,4988,4.88
cdf_fs,ebpf,1,4989,3.62
cdf_fs,ebpf,1,4990,3.65
cdf_fs,ebpf,1,4991,4.76
cdf_fs,ebpf,1,4992,4.13
cdf_fs,ebpf,1,4993,3.58
cdf_fs,ebpf,1,4994,4.65
cdf_fs,ebpf,1,4995,3.88
cdf_fs,ebpf,1,4996,5.07
cdf_fs,ebpf,1,4997,4.81
cdf_fs,ebpf,1,4998,4.15
cdf_fs,ebpf,1,4999,4.32
cdf_fs,off,2,0,2.56
cdf_fs,off,2,1,2.21
cdf_fs,off,2,2,2.1
cdf_fs,off,2,3,2.15
cdf_fs,off,2,4,2.13
cdf_fs,off,2,5,2.17
cdf_fs,off,2,6,2.08
cdf_fs,off,2,7,2.08
cdf_fs,off,2,8,2.12
cdf_fs,off,2,9,2.18
cdf_fs,off,2,10,2.18
cdf_fs,off,2,11,2.09
cdf_fs,off,2,12,2.24
cdf_fs,off,2,13,2.13
cdf_fs,off,2,14,2.12
cdf_fs,off,2,15,2.03
cdf_fs,off,2,16,2.11
cdf_fs,off,2,17,2.16
cdf_fs,off,2,18,2.08
cdf_fs,off,2,19,2.17
cdf_fs,off,2,20,2.14
cdf_fs,off,2,21,2.12
cdf_fs,off,2,22,2.08
cdf_fs,off,2,23,2.24
cdf_fs,off,2,24,2.26
cdf_fs,off,2,25,2.24
cdf_fs,off,2,26,2.16
cdf_fs,off,2,27,2.33
cdf_fs,off,2,28,1.79
cdf_fs,off,2,29,1.77
cdf_fs,off,2,30,2.12
cdf_fs,off,2,31,2.13
cdf_fs,off,2,32,2.09
cdf_fs,off,2,33,1.81
cdf_fs,off,2,34,2.17
cdf_fs,off,2,35,2.11
cdf_fs,off,2,36,2.15
cdf_fs,off,2,37,2.17
cdf_fs,off,2,38,1.76
cdf_fs,off,2,39,2.3
cdf_fs,off,2,40,2.29
cdf_fs,off,2,41,2.13
cdf_fs,off,2,42,2.3
cdf_fs,off,2,43,2.07
cdf_fs,off,2,44,2.09
cdf_fs,off,2,45,2.24
cdf_fs,off,2,46,2.2
cdf_fs,off,2,47,2.1
cdf_fs,off,2,48,1.74
cdf_fs,off,2,49,2.12
cdf_fs,off,2,50,2.21
cdf_fs,off,2,51,2.17
cdf_fs,off,2,52,2.34
cdf_fs,off,2,53,2.33
cdf_fs,off,2,54,2.43
cdf_fs,off,2,55,2.13
cdf_fs,off,2,56,2.08
cdf_fs,off,2,57,2.06
cdf_fs,off,2,58,2.21
cdf_fs,off,2,59,2.13
cdf_fs,off,2,60,2.22
cdf_fs,off,2,61,2.05
cdf_fs,off,2,62,2.31
cdf_fs,off,2,63,2.19
cdf_fs,off,2,64,2.15
cdf_fs,off,2,65,2.13
cdf_fs,off,2,66,2.12
cdf_fs,off,2,67,2.1
cdf_fs,off,2,68,1.78
cdf_fs,off,2,69,2.28
cdf_fs,off,2,70,2.12
cdf_fs,off,2,71,2.18
cdf_fs,off,2,72,2.23
cdf_fs,off,2,73,2.21
cdf_fs,off,2,74,2.15
cdf_fs,off,2,75,2.14
cdf_fs,off,2,76,2.09
cdf_fs,off,2,77,2.33
cdf_fs,off,2,78,2.14
cdf_fs,off,2,79,2.83
cdf_fs,off,2,80,2.14
cdf_fs,off,2,81,2.04
cdf_fs,off,2,82,1.79
cdf_fs,off,2,83,2.14
cdf_fs,off,2,84,2.1
cdf_fs,off,2,85,1.79
cdf_fs,off,2,86,2.08
cdf_fs,off,2,87,2.04
cdf_fs,off,2,88,2.05
cdf_fs,off,2,89,2.14
cdf_fs,off,2,90,1.78
cdf_fs,off,2,91,2.06
cdf_fs,off,2,92,2.02
cdf_fs,off,2,93,2.17
cdf_fs,off,2,94,2.06
cdf_fs,off,2,95,2.09
cdf_fs,off,2,96,2.19
cdf_fs,off,2,97,2.08
cdf_fs,off,2,98,2.24
cdf_fs,off,2,99,2.16
cdf_fs,off,2,100,2.21
cdf_fs,off,2,101,1.76
cdf_fs,off,2,102,2.43
cdf_fs,off,2,103,2.16
cdf_fs,off,2,104,2.15
cdf_fs,off,2,105,2.06
cdf_fs,off,2,106,2.06
cdf_fs,off,2,107,2.22
cdf_fs,off,2,108,2.06
cdf_fs,off,2,109,2.26
cdf_fs,off,2,110,2.17
cdf_fs,off,2,111,2.1
cdf_fs,off,2,112,2.05
cdf_fs,off,2,113,2.03
cdf_fs,off,2,114,2.07
cdf_fs,off,2,115,2.08
cdf_fs,off,2,116,2.14
cdf_fs,off,2,117,2.05
cdf_fs,off,2,118,2.05
cdf_fs,off,2,119,2.21
cdf_fs,off,2,120,1.77
cdf_fs,off,2,121,2.18
cdf_fs,off,2,122,2.2
cdf_fs,off,2,123,2.04
cdf_fs,off,2,124,2.04
cdf_fs,off,2,125,2.04
cdf_fs,off,2,126,2.06
cdf_fs,off,2,127,2.19
cdf_fs,off,2,128,2.16
cdf_fs,off,2,129,2.12
cdf_fs,off,2,130,2.02
cdf_fs,off,2,131,2.13
cdf_fs,off,2,132,2.03
cdf_fs,off,2,133,1.78
cdf_fs,off,2,134,1.74
cdf_fs,off,2,135,1.74
cdf_fs,off,2,136,2.29
cdf_fs,off,2,137,2.01
cdf_fs,off,2,138,2.05
cdf_fs,off,2,139,2.07
cdf_fs,off,2,140,1.75
cdf_fs,off,2,141,2.26
cdf_fs,off,2,142,2.09
cdf_fs,off,2,143,2.14
cdf_fs,off,2,144,2.06
cdf_fs,off,2,145,2.23
cdf_fs,off,2,146,1.77
cdf_fs,off,2,147,2.18
cdf_fs,off,2,148,1.76
cdf_fs,off,2,149,2.17
cdf_fs,off,2,150,2.12
cdf_fs,off,2,151,2.05
cdf_fs,off,2,152,2.05
cdf_fs,off,2,153,2.2
cdf_fs,off,2,154,2.04
cdf_fs,off,2,155,2.11
cdf_fs,off,2,156,2.24
cdf_fs,off,2,157,2.19
cdf_fs,off,2,158,2.11
cdf_fs,off,2,159,2.08
cdf_fs,off,2,160,2.05
cdf_fs,off,2,161,2.15
cdf_fs,off,2,162,2.04
cdf_fs,off,2,163,2.05
cdf_fs,off,2,164,2.1
cdf_fs,off,2,165,2.05
cdf_fs,off,2,166,2.06
cdf_fs,off,2,167,2.13
cdf_fs,off,2,168,1.77
cdf_fs,off,2,169,2.19
cdf_fs,off,2,170,2.09
cdf_fs,off,2,171,2.2
cdf_fs,off,2,172,2.1
cdf_fs,off,2,173,2.13
cdf_fs,off,2,174,2.11
cdf_fs,off,2,175,2.08
cdf_fs,off,2,176,2.05
cdf_fs,off,2,177,1.79
cdf_fs,off,2,178,2.03
cdf_fs,off,2,179,2.19
cdf_fs,off,2,180,2.08
cdf_fs,off,2,181,1.88
cdf_fs,off,2,182,1.88
cdf_fs,off,2,183,2.16
cdf_fs,off,2,184,2.25
cdf_fs,off,2,185,2.09
cdf_fs,off,2,186,2.07
cdf_fs,off,2,187,2.27
cdf_fs,off,2,188,2.24
cdf_fs,off,2,189,2.23
cdf_fs,off,2,190,2.23
cdf_fs,off,2,191,2.19
cdf_fs,off,2,192,2.09
cdf_fs,off,2,193,2.11
cdf_fs,off,2,194,2.44
cdf_fs,off,2,195,2.15
cdf_fs,off,2,196,2.21
cdf_fs,off,2,197,2.08
cdf_fs,off,2,198,2.09
cdf_fs,off,2,199,2.12
cdf_fs,off,2,200,1.77
cdf_fs,off,2,201,2.18
cdf_fs,off,2,202,2.18
cdf_fs,off,2,203,2.11
cdf_fs,off,2,204,2.09
cdf_fs,off,2,205,1.76
cdf_fs,off,2,206,2.06
cdf_fs,off,2,207,2.09
cdf_fs,off,2,208,2.06
cdf_fs,off,2,209,2.2
cdf_fs,off,2,210,2.09
cdf_fs,off,2,211,2.05
cdf_fs,off,2,212,2.06
cdf_fs,off,2,213,2.23
cdf_fs,off,2,214,2.18
cdf_fs,off,2,215,2.07
cdf_fs,off,2,216,1.78
cdf_fs,off,2,217,2.18
cdf_fs,off,2,218,2.04
cdf_fs,off,2,219,2.02
cdf_fs,off,2,220,2.27
cdf_fs,off,2,221,2.69
cdf_fs,off,2,222,2.18
cdf_fs,off,2,223,2.12
cdf_fs,off,2,224,2.29
cdf_fs,off,2,225,2.06
cdf_fs,off,2,226,2.19
cdf_fs,off,2,227,2.09
cdf_fs,off,2,228,2.05
cdf_fs,off,2,229,2.06
cdf_fs,off,2,230,2.1
cdf_fs,off,2,231,2.08
cdf_fs,off,2,232,2.19
cdf_fs,off,2,233,2.21
cdf_fs,off,2,234,2.06
cdf_fs,off,2,235,2.05
cdf_fs,off,2,236,2.25
cdf_fs,off,2,237,2.03
cdf_fs,off,2,238,2.05
cdf_fs,off,2,239,2.23
cdf_fs,off,2,240,2.07
cdf_fs,off,2,241,2.09
cdf_fs,off,2,242,2.07
cdf_fs,off,2,243,2.07
cdf_fs,off,2,244,2.08
cdf_fs,off,2,245,2.14
cdf_fs,off,2,246,2.2
cdf_fs,off,2,247,2.04
cdf_fs,off,2,248,1.77
cdf_fs,off,2,249,2.14
cdf_fs,off,2,250,2.15
cdf_fs,off,2,251,2.17
cdf_fs,off,2,252,2.21
cdf_fs,off,2,253,2.12
cdf_fs,off,2,254,2.2
cdf_fs,off,2,255,2.21
cdf_fs,off,2,256,2.12
cdf_fs,off,2,257,2.1
cdf_fs,off,2,258,1.75
cdf_fs,off,2,259,2.09
cdf_fs,off,2,260,2.08
cdf_fs,off,2,261,2.05
cdf_fs,off,2,262,1.74
cdf_fs,off,2,263,1.76
cdf_fs,off,2,264,2.24
cdf_fs,off,2,265,2.05
cdf_fs,off,2,266,2.12
cdf_fs,off,2,267,2.18
cdf_fs,off,2,268,2.09
cdf_fs,off,2,269,2.12
cdf_fs,off,2,270,2.19
cdf_fs,off,2,271,2.05
cdf_fs,off,2,272,2.13
cdf_fs,off,2,273,2.18
cdf_fs,off,2,274,2.29
cdf_fs,off,2,275,2.22
cdf_fs,off,2,276,2.24
cdf_fs,off,2,277,2.1
cdf_fs,off,2,278,2.22
cdf_fs,off,2,279,2.11
cdf_fs,off,2,280,2.06
cdf_fs,off,2,281,1.78
cdf_fs,off,2,282,2.09
cdf_fs,off,2,283,2.03
cdf_fs,off,2,284,2.13
cdf_fs,off,2,285,2.05
cdf_fs,off,2,286,2.16
cdf_fs,off,2,287,2.37
cdf_fs,off,2,288,2.13
cdf_fs,off,2,289,2.05
cdf_fs,off,2,290,2.03
cdf_fs,off,2,291,2.1
cdf_fs,off,2,292,2.12
cdf_fs,off,2,293,2.36
cdf_fs,off,2,294,2.2
cdf_fs,off,2,295,2.07
cdf_fs,off,2,296,2.16
cdf_fs,off,2,297,2.12
cdf_fs,off,2,298,2.11
cdf_fs,off,2,299,2.05
cdf_fs,off,2,300,2.3
cdf_fs,off,2,301,2.13
cdf_fs,off,2,302,2.13
cdf_fs,off,2,303,2.07
cdf_fs,off,2,304,1.81
cdf_fs,off,2,305,2.21
cdf_fs,off,2,306,2.25
cdf_fs,off,2,307,2.25
cdf_fs,off,2,308,1.77
cdf_fs,off,2,309,2.19
cdf_fs,off,2,310,2.21
cdf_fs,off,2,311,2.14
cdf_fs,off,2,312,2.06
cdf_fs,off,2,313,1.74
cdf_fs,off,2,314,2.05
cdf_fs,off,2,315,2.07
cdf_fs,off,2,316,2.04
cdf_fs,off,2,317,1.76
cdf_fs,off,2,318,2.13
cdf_fs,off,2,319,2.2
cdf_fs,off,2,320,2.26
cdf_fs,off,2,321,1.75
cdf_fs,off,2,322,2.13
cdf_fs,off,2,323,2.04
cdf_fs,off,2,324,2.04
cdf_fs,off,2,325,2.07
cdf_fs,off,2,326,1.78
cdf_fs,off,2,327,1.73
cdf_fs,off,2,328,1.73
cdf_fs,off,2,329,1.74
cdf_fs,off,2,330,2.14
cdf_fs,off,2,331,2.09
cdf_fs,off,2,332,2.21
cdf_fs,off,2,333,2.19
cdf_fs,off,2,334,2.06
cdf_fs,off,2,335,2.05
cdf_fs,off,2,336,2.07
cdf_fs,off,2,337,2.06
cdf_fs,off,2,338,2.08
cdf_fs,off,2,339,2.1
cdf_fs,off,2,340,2.05
cdf_fs,off,2,341,2.02
cdf_fs,off,2,342,2.17
cdf_fs,off,2,343,2.26
cdf_fs,off,2,344,2.12
cdf_fs,off,2,345,2.17
cdf_fs,off,2,346,2.2
cdf_fs,off,2,347,2.15
cdf_fs,off,2,348,2.19
cdf_fs,off,2,349,2.1
cdf_fs,off,2,350,2.14
cdf_fs,off,2,351,2.05
cdf_fs,off,2,352,1.86
cdf_fs,off,2,353,2.3
cdf_fs,off,2,354,2.19
cdf_fs,off,2,355,2.17
cdf_fs,off,2,356,2.06
cdf_fs,off,2,357,1.76
cdf_fs,off,2,358,1.76
cdf_fs,off,2,359,2.32
cdf_fs,off,2,360,2.02
cdf_fs,off,2,361,2.33
cdf_fs,off,2,362,2.11
cdf_fs,off,2,363,2.28
cdf_fs,off,2,364,2.02
cdf_fs,off,2,365,1.77
cdf_fs,off,2,366,2.27
cdf_fs,off,2,367,1.82
cdf_fs,off,2,368,1.72
cdf_fs,off,2,369,2.12
cdf_fs,off,2,370,2.13
cdf_fs,off,2,371,2.29
cdf_fs,off,2,372,1.77
cdf_fs,off,2,373,2.04
cdf_fs,off,2,374,2.19
cdf_fs,off,2,375,2.12
cdf_fs,off,2,376,2.24
cdf_fs,off,2,377,2.05
cdf_fs,off,2,378,1.87
cdf_fs,off,2,379,2.2
cdf_fs,off,2,380,2.25
cdf_fs,off,2,381,2.33
cdf_fs,off,2,382,2.09
cdf_fs,off,2,383,2.3
cdf_fs,off,2,384,2.21
cdf_fs,off,2,385,2.06
cdf_fs,off,2,386,2.21
cdf_fs,off,2,387,2.15
cdf_fs,off,2,388,2.21
cdf_fs,off,2,389,2.1
cdf_fs,off,2,390,2.07
cdf_fs,off,2,391,2.23
cdf_fs,off,2,392,2.08
cdf_fs,off,2,393,2.16
cdf_fs,off,2,394,2.17
cdf_fs,off,2,395,1.81
cdf_fs,off,2,396,2.15
cdf_fs,off,2,397,2.06
cdf_fs,off,2,398,2.16
cdf_fs,off,2,399,6.87
cdf_fs,off,2,400,3.32
cdf_fs,off,2,401,2.13
cdf_fs,off,2,402,2.15
cdf_fs,off,2,403,2.05
cdf_fs,off,2,404,2.2
cdf_fs,off,2,405,2.21
cdf_fs,off,2,406,2.06
cdf_fs,off,2,407,1.78
cdf_fs,off,2,408,2.17
cdf_fs,off,2,409,2.1
cdf_fs,off,2,410,1.76
cdf_fs,off,2,411,2.09
cdf_fs,off,2,412,1.76
cdf_fs,off,2,413,2.23
cdf_fs,off,2,414,2.17
cdf_fs,off,2,415,2.04
cdf_fs,off,2,416,2.2
cdf_fs,off,2,417,2.18
cdf_fs,off,2,418,2.11
cdf_fs,off,2,419,1.74
cdf_fs,off,2,420,2.08
cdf_fs,off,2,421,2.21
cdf_fs,off,2,422,2.12
cdf_fs,off,2,423,2.11
cdf_fs,off,2,424,2.21
cdf_fs,off,2,425,2.09
cdf_fs,off,2,426,1.77
cdf_fs,off,2,427,2.21
cdf_fs,off,2,428,2.16
cdf_fs,off,2,429,1.75
cdf_fs,off,2,430,2.08
cdf_fs,off,2,431,2.02
cdf_fs,off,2,432,2.18
cdf_fs,off,2,433,2.18
cdf_fs,off,2,434,2.08
cdf_fs,off,2,435,2.2
cdf_fs,off,2,436,1.76
cdf_fs,off,2,437,2.21
cdf_fs,off,2,438,2.08
cdf_fs,off,2,439,2.15
cdf_fs,off,2,440,2.16
cdf_fs,off,2,441,2.2
cdf_fs,off,2,442,2.15
cdf_fs,off,2,443,2.25
cdf_fs,off,2,444,1.81
cdf_fs,off,2,445,2.08
cdf_fs,off,2,446,2.05
cdf_fs,off,2,447,2.19
cdf_fs,off,2,448,2.24
cdf_fs,off,2,449,1.76
cdf_fs,off,2,450,1.76
cdf_fs,off,2,451,2.16
cdf_fs,off,2,452,2.08
cdf_fs,off,2,453,2.13
cdf_fs,off,2,454,2.15
cdf_fs,off,2,455,2.07
cdf_fs,off,2,456,2.13
cdf_fs,off,2,457,2.12
cdf_fs,off,2,458,2.19
cdf_fs,off,2,459,1.77
cdf_fs,off,2,460,2.08
cdf_fs,off,2,461,1.77
cdf_fs,off,2,462,2.15
cdf_fs,off,2,463,2.12
cdf_fs,off,2,464,2.19
cdf_fs,off,2,465,2.15
cdf_fs,off,2,466,1.77
cdf_fs,off,2,467,2.29
cdf_fs,off,2,468,2.07
cdf_fs,off,2,469,2.07
cdf_fs,off,2,470,2.06
cdf_fs,off,2,471,2.06
cdf_fs,off,2,472,2.05
cdf_fs,off,2,473,2.14
cdf_fs,off,2,474,2.08
cdf_fs,off,2,475,2.13
cdf_fs,off,2,476,2.05
cdf_fs,off,2,477,2.08
cdf_fs,off,2,478,1.79
cdf_fs,off,2,479,2.34
cdf_fs,off,2,480,2.04
cdf_fs,off,2,481,2.09
cdf_fs,off,2,482,2.04
cdf_fs,off,2,483,2.16
cdf_fs,off,2,484,2.14
cdf_fs,off,2,485,2.06
cdf_fs,off,2,486,2.2
cdf_fs,off,2,487,2.06
cdf_fs,off,2,488,2.05
cdf_fs,off,2,489,2.31
cdf_fs,off,2,490,2.1
cdf_fs,off,2,491,2.04
cdf_fs,off,2,492,2.25
cdf_fs,off,2,493,2.2
cdf_fs,off,2,494,1.8
cdf_fs,off,2,495,1.76
cdf_fs,off,2,496,2.23
cdf_fs,off,2,497,1.76
cdf_fs,off,2,498,1.75
cdf_fs,off,2,499,2.1
cdf_fs,off,2,500,2.08
cdf_fs,off,2,501,2.24
cdf_fs,off,2,502,2.04
cdf_fs,off,2,503,2.04
cdf_fs,off,2,504,2.05
cdf_fs,off,2,505,1.79
cdf_fs,off,2,506,1.78
cdf_fs,off,2,507,2.29
cdf_fs,off,2,508,2.1
cdf_fs,off,2,509,2.05
cdf_fs,off,2,510,2.16
cdf_fs,off,2,511,2.06
cdf_fs,off,2,512,2.2
cdf_fs,off,2,513,2.12
cdf_fs,off,2,514,2.21
cdf_fs,off,2,515,2.22
cdf_fs,off,2,516,1.78
cdf_fs,off,2,517,2.13
cdf_fs,off,2,518,2.09
cdf_fs,off,2,519,2.06
cdf_fs,off,2,520,2.18
cdf_fs,off,2,521,2.25
cdf_fs,off,2,522,2.06
cdf_fs,off,2,523,1.76
cdf_fs,off,2,524,2.09
cdf_fs,off,2,525,2.14
cdf_fs,off,2,526,2.09
cdf_fs,off,2,527,2.07
cdf_fs,off,2,528,2.06
cdf_fs,off,2,529,2.18
cdf_fs,off,2,530,2.11
cdf_fs,off,2,531,2.22
cdf_fs,off,2,532,2.16
cdf_fs,off,2,533,2.16
cdf_fs,off,2,534,2.13
cdf_fs,off,2,535,2.19
cdf_fs,off,2,536,2.08
cdf_fs,off,2,537,2.06
cdf_fs,off,2,538,2.12
cdf_fs,off,2,539,1.75
cdf_fs,off,2,540,2.17
cdf_fs,off,2,541,1.77
cdf_fs,off,2,542,2.23
cdf_fs,off,2,543,2.06
cdf_fs,off,2,544,2.24
cdf_fs,off,2,545,2.1
cdf_fs,off,2,546,2.05
cdf_fs,off,2,547,2.19
cdf_fs,off,2,548,1.75
cdf_fs,off,2,549,2.19
cdf_fs,off,2,550,2.05
cdf_fs,off,2,551,1.77
cdf_fs,off,2,552,2.34
cdf_fs,off,2,553,2.13
cdf_fs,off,2,554,2.12
cdf_fs,off,2,555,2.06
cdf_fs,off,2,556,2.1
cdf_fs,off,2,557,2.09
cdf_fs,off,2,558,2.1
cdf_fs,off,2,559,2.05
cdf_fs,off,2,560,2.08
cdf_fs,off,2,561,2.04
cdf_fs,off,2,562,1.78
cdf_fs,off,2,563,2.11
cdf_fs,off,2,564,1.77
cdf_fs,off,2,565,1.78
cdf_fs,off,2,566,1.73
cdf_fs,off,2,567,2.1
cdf_fs,off,2,568,2.04
cdf_fs,off,2,569,1.73
cdf_fs,off,2,570,1.75
cdf_fs,off,2,571,2.09
cdf_fs,off,2,572,2.02
cdf_fs,off,2,573,2.11
cdf_fs,off,2,574,2.04
cdf_fs,off,2,575,2.12
cdf_fs,off,2,576,2.09
cdf_fs,off,2,577,2.26
cdf_fs,off,2,578,2.11
cdf_fs,off,2,579,1.84
cdf_fs,off,2,580,1.79
cdf_fs,off,2,581,2.05
cdf_fs,off,2,582,1.75
cdf_fs,off,2,583,2.1
cdf_fs,off,2,584,1.77
cdf_fs,off,2,585,2.11
cdf_fs,off,2,586,2.19
cdf_fs,off,2,587,2.45
cdf_fs,off,2,588,2.11
cdf_fs,off,2,589,2.08
cdf_fs,off,2,590,2.14
cdf_fs,off,2,591,2.03
cdf_fs,off,2,592,2.22
cdf_fs,off,2,593,2.19
cdf_fs,off,2,594,2.1
cdf_fs,off,2,595,2.14
cdf_fs,off,2,596,1.78
cdf_fs,off,2,597,2.26
cdf_fs,off,2,598,1.86
cdf_fs,off,2,599,2.16
cdf_fs,off,2,600,2.2
cdf_fs,off,2,601,2.06
cdf_fs,off,2,602,2.23
cdf_fs,off,2,603,1.85
cdf_fs,off,2,604,2.09
cdf_fs,off,2,605,2.02
cdf_fs,off,2,606,1.79
cdf_fs,off,2,607,2.08
cdf_fs,off,2,608,2.15
cdf_fs,off,2,609,2.2
cdf_fs,off,2,610,2.16
cdf_fs,off,2,611,2.12
cdf_fs,off,2,612,2.16
cdf_fs,off,2,613,2.07
cdf_fs,off,2,614,1.78
cdf_fs,off,2,615,2.07
cdf_fs,off,2,616,2.12
cdf_fs,off,2,617,2.2
cdf_fs,off,2,618,2.31
cdf_fs,off,2,619,2.15
cdf_fs,off,2,620,2.17
cdf_fs,off,2,621,2.13
cdf_fs,off,2,622,2.2
cdf_fs,off,2,623,1.81
cdf_fs,off,2,624,2.47
cdf_fs,off,2,625,2.14
cdf_fs,off,2,626,2.21
cdf_fs,off,2,627,2.18
cdf_fs,off,2,628,2.13
cdf_fs,off,2,629,2.25
cdf_fs,off,2,630,2.09
cdf_fs,off,2,631,2.14
cdf_fs,off,2,632,1.8
cdf_fs,off,2,633,2.17
cdf_fs,off,2,634,1.77
cdf_fs,off,2,635,2.07
cdf_fs,off,2,636,2.17
cdf_fs,off,2,637,2.07
cdf_fs,off,2,638,2.13
cdf_fs,off,2,639,2.02
cdf_fs,off,2,640,2.27
cdf_fs,off,2,641,2.11
cdf_fs,off,2,642,2.05
cdf_fs,off,2,643,2.06
cdf_fs,off,2,644,1.77
cdf_fs,off,2,645,1.8
cdf_fs,off,2,646,2.17
cdf_fs,off,2,647,1.75
cdf_fs,off,2,648,2.1
cdf_fs,off,2,649,2.28
cdf_fs,off,2,650,2.05
cdf_fs,off,2,651,2.04
cdf_fs,off,2,652,2.11
cdf_fs,off,2,653,1.8
cdf_fs,off,2,654,1.79
cdf_fs,off,2,655,2.12
cdf_fs,off,2,656,2.14
cdf_fs,off,2,657,2.06
cdf_fs,off,2,658,2.07
cdf_fs,off,2,659,1.76
cdf_fs,off,2,660,2.14
cdf_fs,off,2,661,2.03
cdf_fs,off,2,662,2.03
cdf_fs,off,2,663,1.81
cdf_fs,off,2,664,2.17
cdf_fs,off,2,665,2.05
cdf_fs,off,2,666,2.12
cdf_fs,off,2,667,1.78
cdf_fs,off,2,668,2.05
cdf_fs,off,2,669,2.15
cdf_fs,off,2,670,2.13
cdf_fs,off,2,671,2.13
cdf_fs,off,2,672,2.1
cdf_fs,off,2,673,1.84
cdf_fs,off,2,674,2.13
cdf_fs,off,2,675,1.76
cdf_fs,off,2,676,1.75
cdf_fs,off,2,677,2.05
cdf_fs,off,2,678,2.06
cdf_fs,off,2,679,2.1
cdf_fs,off,2,680,1.81
cdf_fs,off,2,681,2.09
cdf_fs,off,2,682,2.04
cdf_fs,off,2,683,2.03
cdf_fs,off,2,684,2.15
cdf_fs,off,2,685,1.76
cdf_fs,off,2,686,2.17
cdf_fs,off,2,687,2.74
cdf_fs,off,2,688,2.26
cdf_fs,off,2,689,2.2
cdf_fs,off,2,690,1.79
cdf_fs,off,2,691,2.18
cdf_fs,off,2,692,2.2
cdf_fs,off,2,693,2.27
cdf_fs,off,2,694,2.19
cdf_fs,off,2,695,2.02
cdf_fs,off,2,696,2.25
cdf_fs,off,2,697,2.03
cdf_fs,off,2,698,2.08
cdf_fs,off,2,699,2.12
cdf_fs,off,2,700,2.07
cdf_fs,off,2,701,2.21
cdf_fs,off,2,702,1.8
cdf_fs,off,2,703,2.15
cdf_fs,off,2,704,2.16
cdf_fs,off,2,705,1.74
cdf_fs,off,2,706,2.07
cdf_fs,off,2,707,2.47
cdf_fs,off,2,708,1.77
cdf_fs,off,2,709,2.1
cdf_fs,off,2,710,1.74
cdf_fs,off,2,711,2.17
cdf_fs,off,2,712,2.3
cdf_fs,off,2,713,1.75
cdf_fs,off,2,714,1.84
cdf_fs,off,2,715,2.05
cdf_fs,off,2,716,1.74
cdf_fs,off,2,717,2.15
cdf_fs,off,2,718,2.13
cdf_fs,off,2,719,2.2
cdf_fs,off,2,720,1.8
cdf_fs,off,2,721,2.13
cdf_fs,off,2,722,1.79
cdf_fs,off,2,723,2.16
cdf_fs,off,2,724,1.77
cdf_fs,off,2,725,2.19
cdf_fs,off,2,726,2.051
cdf_fs,off,2,727,1.769
cdf_fs,off,2,728,2.071
cdf_fs,off,2,729,2.369
cdf_fs,off,2,730,2.2
cdf_fs,off,2,731,2.06
cdf_fs,off,2,732,2.189
cdf_fs,off,2,733,2.131
cdf_fs,off,2,734,2.06
cdf_fs,off,2,735,2.071
cdf_fs,off,2,736,1.82
cdf_fs,off,2,737,2.06
cdf_fs,off,2,738,1.809
cdf_fs,off,2,739,2.071
cdf_fs,off,2,740,2.04
cdf_fs,off,2,741,2.051
cdf_fs,off,2,742,2.229
cdf_fs,off,2,743,2.04
cdf_fs,off,2,744,2.1
cdf_fs,off,2,745,2.24
cdf_fs,off,2,746,2.18
cdf_fs,off,2,747,1.769
cdf_fs,off,2,748,2.069
cdf_fs,off,2,749,2.14
cdf_fs,off,2,750,2.14
cdf_fs,off,2,751,1.8
cdf_fs,off,2,752,2.2
cdf_fs,off,2,753,2.049
cdf_fs,off,2,754,2.109
cdf_fs,off,2,755,2.1
cdf_fs,off,2,756,1.76
cdf_fs,off,2,757,2.1
cdf_fs,off,2,758,2.149
cdf_fs,off,2,759,2.06
cdf_fs,off,2,760,2.071
cdf_fs,off,2,761,1.791
cdf_fs,off,2,762,1.78
cdf_fs,off,2,763,1.751
cdf_fs,off,2,764,2.06
cdf_fs,off,2,765,2.191
cdf_fs,off,2,766,1.78
cdf_fs,off,2,767,1.78
cdf_fs,off,2,768,2.08
cdf_fs,off,2,769,2.131
cdf_fs,off,2,770,2.029
cdf_fs,off,2,771,1.771
cdf_fs,off,2,772,1.751
cdf_fs,off,2,773,1.74
cdf_fs,off,2,774,2.071
cdf_fs,off,2,775,2.311
cdf_fs,off,2,776,2.049
cdf_fs,off,2,777,1.789
cdf_fs,off,2,778,2.16
cdf_fs,off,2,779,2.04
cdf_fs,off,2,780,2.24
cdf_fs,off,2,781,2.1
cdf_fs,off,2,782,2.111
cdf_fs,off,2,783,2.02
cdf_fs,off,2,784,2.049
cdf_fs,off,2,785,2.031
cdf_fs,off,2,786,1.749
cdf_fs,off,2,787,2.211
cdf_fs,off,2,788,2.109
cdf_fs,off,2,789,1.751
cdf_fs,off,2,790,2.111
cdf_fs,off,2,791,2.06
cdf_fs,off,2,792,1.749
cdf_fs,off,2,793,2.14
cdf_fs,off,2,794,2.111
cdf_fs,off,2,795,2.06
cdf_fs,off,2,796,1.76
cdf_fs,off,2,797,2.091
cdf_fs,off,2,798,2.331
cdf_fs,off,2,799,2.029
cdf_fs,off,2,800,2.1
cdf_fs,off,2,801,2.111
cdf_fs,off,2,802,1.771
cdf_fs,off,2,803,2.251
cdf_fs,off,2,804,2.089
cdf_fs,off,2,805,2.071
cdf_fs,off,2,806,10.591
cdf_fs,off,2,807,2.329
cdf_fs,off,2,808,1.8
cdf_fs,off,2,809,2.111
cdf_fs,off,2,810,2.06
cdf_fs,off,2,811,2.111
cdf_fs,off,2,812,1.791
cdf_fs,off,2,813,1.74
cdf_fs,off,2,814,2.2
cdf_fs,off,2,815,2.109
cdf_fs,off,2,816,2.249
cdf_fs,off,2,817,1.78
cdf_fs,off,2,818,2.051
cdf_fs,off,2,819,1.78
cdf_fs,off,2,820,1.749
cdf_fs,off,2,821,1.74
cdf_fs,off,2,822,2.051
cdf_fs,off,2,823,1.771
cdf_fs,off,2,824,2.049
cdf_fs,off,2,825,2.129
cdf_fs,off,2,826,1.76
cdf_fs,off,2,827,2.071
cdf_fs,off,2,828,1.771
cdf_fs,off,2,829,2.171
cdf_fs,off,2,830,2.091
cdf_fs,off,2,831,2.2
cdf_fs,off,2,832,2.189
cdf_fs,off,2,833,2.129
cdf_fs,off,2,834,1.809
cdf_fs,off,2,835,1.78
cdf_fs,off,2,836,2.169
cdf_fs,off,2,837,2.06
cdf_fs,off,2,838,2.051
cdf_fs,off,2,839,1.76
cdf_fs,off,2,840,2.151
cdf_fs,off,2,841,1.751
cdf_fs,off,2,842,2.16
cdf_fs,off,2,843,1.729
cdf_fs,off,2,844,1.791
cdf_fs,off,2,845,2.151
cdf_fs,off,2,846,2.171
cdf_fs,off,2,847,1.84
cdf_fs,off,2,848,1.8
cdf_fs,off,2,849,2.151
cdf_fs,off,2,850,1.731
cdf_fs,off,2,851,2.14
cdf_fs,off,2,852,2.26
cdf_fs,off,2,853,1.811
cdf_fs,off,2,854,11.32
cdf_fs,off,2,855,2.131
cdf_fs,off,2,856,2.5
cdf_fs,off,2,857,1.78
cdf_fs,off,2,858,2.22
cdf_fs,off,2,859,2.22
cdf_fs,off,2,860,1.76
cdf_fs,off,2,861,2.28
cdf_fs,off,2,862,1.809
cdf_fs,off,2,863,2.58
cdf_fs,off,2,864,2.0
cdf_fs,off,2,865,2.18
cdf_fs,off,2,866,1.771
cdf_fs,off,2,867,2.24
cdf_fs,off,2,868,2.211
cdf_fs,off,2,869,2.209
cdf_fs,off,2,870,1.791
cdf_fs,off,2,871,2.08
cdf_fs,off,2,872,1.769
cdf_fs,off,2,873,1.811
cdf_fs,off,2,874,2.111
cdf_fs,off,2,875,1.749
cdf_fs,off,2,876,1.829
cdf_fs,off,2,877,2.2
cdf_fs,off,2,878,2.151
cdf_fs,off,2,879,2.069
cdf_fs,off,2,880,1.8
cdf_fs,off,2,881,1.84
cdf_fs,off,2,882,1.749
cdf_fs,off,2,883,2.109
cdf_fs,off,2,884,2.08
cdf_fs,off,2,885,1.76
cdf_fs,off,2,886,2.16
cdf_fs,off,2,887,1.831
cdf_fs,off,2,888,2.16
cdf_fs,off,2,889,2.151
cdf_fs,off,2,890,1.82
cdf_fs,off,2,891,2.109
cdf_fs,off,2,892,1.84
cdf_fs,off,2,893,2.22
cdf_fs,off,2,894,1.76
cdf_fs,off,2,895,2.16
cdf_fs,off,2,896,1.82
cdf_fs,off,2,897,1.76
cdf_fs,off,2,898,2.06
cdf_fs,off,2,899,2.04
cdf_fs,off,2,900,2.14
cdf_fs,off,2,901,2.129
cdf_fs,off,2,902,2.249
cdf_fs,off,2,903,2.1
cdf_fs,off,2,904,2.251
cdf_fs,off,2,905,2.16
cdf_fs,off,2,906,2.151
cdf_fs,off,2,907,2.091
cdf_fs,off,2,908,2.08
cdf_fs,off,2,909,2.24
cdf_fs,off,2,910,1.771
cdf_fs,off,2,911,2.06
cdf_fs,off,2,912,2.02
cdf_fs,off,2,913,2.231
cdf_fs,off,2,914,2.14
cdf_fs,off,2,915,2.051
cdf_fs,off,2,916,2.231
cdf_fs,off,2,917,2.1
cdf_fs,off,2,918,1.74
cdf_fs,off,2,919,2.049
cdf_fs,off,2,920,2.14
cdf_fs,off,2,921,2.04
cdf_fs,off,2,922,2.169
cdf_fs,off,2,923,1.791
cdf_fs,off,2,924,2.271
cdf_fs,off,2,925,1.76
cdf_fs,off,2,926,2.049
cdf_fs,off,2,927,2.12
cdf_fs,off,2,928,2.26
cdf_fs,off,2,929,2.12
cdf_fs,off,2,930,2.051
cdf_fs,off,2,931,2.029
cdf_fs,off,2,932,2.271
cdf_fs,off,2,933,2.04
cdf_fs,off,2,934,1.749
cdf_fs,off,2,935,2.2
cdf_fs,off,2,936,2.811
cdf_fs,off,2,937,2.989
cdf_fs,off,2,938,2.64
cdf_fs,off,2,939,2.149
cdf_fs,off,2,940,2.331
cdf_fs,off,2,941,1.869
cdf_fs,off,2,942,2.14
cdf_fs,off,2,943,1.769
cdf_fs,off,2,944,1.771
cdf_fs,off,2,945,2.32
cdf_fs,off,2,946,2.22
cdf_fs,off,2,947,1.78
cdf_fs,off,2,948,1.76
cdf_fs,off,2,949,1.72
cdf_fs,off,2,950,2.12
cdf_fs,off,2,951,2.14
cdf_fs,off,2,952,1.96
cdf_fs,off,2,953,2.231
cdf_fs,off,2,954,2.489
cdf_fs,off,2,955,1.76
cdf_fs,off,2,956,2.14
cdf_fs,off,2,957,2.16
cdf_fs,off,2,958,1.751
cdf_fs,off,2,959,2.149
cdf_fs,off,2,960,2.051
cdf_fs,off,2,961,2.04
cdf_fs,off,2,962,1.78
cdf_fs,off,2,963,2.16
cdf_fs,off,2,964,1.791
cdf_fs,off,2,965,2.14
cdf_fs,off,2,966,1.78
cdf_fs,off,2,967,1.771
cdf_fs,off,2,968,2.229
cdf_fs,off,2,969,1.76
cdf_fs,off,2,970,2.1
cdf_fs,off,2,971,2.051
cdf_fs,off,2,972,2.06
cdf_fs,off,2,973,2.089
cdf_fs,off,2,974,2.211
cdf_fs,off,2,975,2.271
cdf_fs,off,2,976,2.129
cdf_fs,off,2,977,1.76
cdf_fs,off,2,978,2.06
cdf_fs,off,2,979,2.18
cdf_fs,off,2,980,2.289
cdf_fs,off,2,981,2.16
cdf_fs,off,2,982,2.18
cdf_fs,off,2,983,2.209
cdf_fs,off,2,984,2.06
cdf_fs,off,2,985,2.12
cdf_fs,off,2,986,1.751
cdf_fs,off,2,987,2.1
cdf_fs,off,2,988,1.789
cdf_fs,off,2,989,2.06
cdf_fs,off,2,990,2.149
cdf_fs,off,2,991,2.24
cdf_fs,off,2,992,2.08
cdf_fs,off,2,993,2.02
cdf_fs,off,2,994,2.089
cdf_fs,off,2,995,2.049
cdf_fs,off,2,996,1.8
cdf_fs,off,2,997,2.08
cdf_fs,off,2,998,2.06
cdf_fs,off,2,999,1.751
cdf_fs,off,2,1000,2.04
cdf_fs,off,2,1001,1.74
cdf_fs,off,2,1002,2.089
cdf_fs,off,2,1003,2.031
cdf_fs,off,2,1004,2.171
cdf_fs,off,2,1005,2.309
cdf_fs,off,2,1006,2.24
cdf_fs,off,2,1007,1.74
cdf_fs,off,2,1008,2.08
cdf_fs,off,2,1009,2.169
cdf_fs,off,2,1010,2.051
cdf_fs,off,2,1011,2.109
cdf_fs,off,2,1012,2.05
cdf_fs,off,2,1013,2.17
cdf_fs,off,2,1014,1.73
cdf_fs,off,2,1015,1.8
cdf_fs,off,2,1016,1.79
cdf_fs,off,2,1017,1.77
cdf_fs,off,2,1018,2.26
cdf_fs,off,2,1019,2.13
cdf_fs,off,2,1020,1.76
cdf_fs,off,2,1021,1.77
cdf_fs,off,2,1022,2.13
cdf_fs,off,2,1023,1.81
cdf_fs,off,2,1024,1.74
cdf_fs,off,2,1025,1.76
cdf_fs,off,2,1026,2.11
cdf_fs,off,2,1027,2.06
cdf_fs,off,2,1028,2.19
cdf_fs,off,2,1029,1.74
cdf_fs,off,2,1030,1.76
cdf_fs,off,2,1031,1.72
cdf_fs,off,2,1032,2.37
cdf_fs,off,2,1033,2.61
cdf_fs,off,2,1034,2.6
cdf_fs,off,2,1035,2.28
cdf_fs,off,2,1036,1.78
cdf_fs,off,2,1037,1.75
cdf_fs,off,2,1038,2.16
cdf_fs,off,2,1039,1.84
cdf_fs,off,2,1040,1.89
cdf_fs,off,2,1041,2.2
cdf_fs,off,2,1042,2.08
cdf_fs,off,2,1043,2.1
cdf_fs,off,2,1044,2.23
cdf_fs,off,2,1045,1.76
cdf_fs,off,2,1046,2.08
cdf_fs,off,2,1047,2.12
cdf_fs,off,2,1048,2.05
cdf_fs,off,2,1049,2.03
cdf_fs,off,2,1050,2.11
cdf_fs,off,2,1051,2.1
cdf_fs,off,2,1052,1.78
cdf_fs,off,2,1053,2.32
cdf_fs,off,2,1054,2.23
cdf_fs,off,2,1055,2.05
cdf_fs,off,2,1056,2.17
cdf_fs,off,2,1057,1.75
cdf_fs,off,2,1058,2.14
cdf_fs,off,2,1059,1.76
cdf_fs,off,2,1060,2.06
cdf_fs,off,2,1061,2.23
cdf_fs,off,2,1062,2.19
cdf_fs,off,2,1063,2.04
cdf_fs,off,2,1064,2.05
cdf_fs,off,2,1065,2.17
cdf_fs,off,2,1066,1.79
cdf_fs,off,2,1067,2.09
cdf_fs,off,2,1068,2.13
cdf_fs,off,2,1069,2.07
cdf_fs,off,2,1070,2.16
cdf_fs,off,2,1071,2.06
cdf_fs,off,2,1072,1.79
cdf_fs,off,2,1073,2.12
cdf_fs,off,2,1074,2.05
cdf_fs,off,2,1075,2.12
cdf_fs,off,2,1076,1.82
cdf_fs,off,2,1077,1.8
cdf_fs,off,2,1078,1.74
cdf_fs,off,2,1079,2.15
cdf_fs,off,2,1080,1.79
cdf_fs,off,2,1081,1.76
cdf_fs,off,2,1082,1.77
cdf_fs,off,2,1083,2.06
cdf_fs,off,2,1084,1.79
cdf_fs,off,2,1085,2.06
cdf_fs,off,2,1086,2.15
cdf_fs,off,2,1087,1.75
cdf_fs,off,2,1088,2.14
cdf_fs,off,2,1089,2.13
cdf_fs,off,2,1090,1.8
cdf_fs,off,2,1091,1.77
cdf_fs,off,2,1092,1.75
cdf_fs,off,2,1093,2.19
cdf_fs,off,2,1094,2.04
cdf_fs,off,2,1095,1.8
cdf_fs,off,2,1096,1.78
cdf_fs,off,2,1097,2.08
cdf_fs,off,2,1098,2.24
cdf_fs,off,2,1099,2.15
cdf_fs,off,2,1100,1.75
cdf_fs,off,2,1101,2.23
cdf_fs,off,2,1102,2.11
cdf_fs,off,2,1103,1.79
cdf_fs,off,2,1104,2.12
cdf_fs,off,2,1105,2.13
cdf_fs,off,2,1106,1.77
cdf_fs,off,2,1107,2.13
cdf_fs,off,2,1108,2.07
cdf_fs,off,2,1109,1.79
cdf_fs,off,2,1110,2.11
cdf_fs,off,2,1111,1.81
cdf_fs,off,2,1112,2.25
cdf_fs,off,2,1113,2.05
cdf_fs,off,2,1114,2.45
cdf_fs,off,2,1115,2.19
cdf_fs,off,2,1116,1.83
cdf_fs,off,2,1117,2.28
cdf_fs,off,2,1118,2.25
cdf_fs,off,2,1119,2.08
cdf_fs,off,2,1120,2.19
cdf_fs,off,2,1121,1.78
cdf_fs,off,2,1122,1.82
cdf_fs,off,2,1123,1.77
cdf_fs,off,2,1124,2.22
cdf_fs,off,2,1125,2.19
cdf_fs,off,2,1126,1.79
cdf_fs,off,2,1127,2.13
cdf_fs,off,2,1128,1.77
cdf_fs,off,2,1129,1.74
cdf_fs,off,2,1130,1.73
cdf_fs,off,2,1131,1.79
cdf_fs,off,2,1132,2.19
cdf_fs,off,2,1133,2.11
cdf_fs,off,2,1134,2.12
cdf_fs,off,2,1135,2.06
cdf_fs,off,2,1136,2.12
cdf_fs,off,2,1137,2.13
cdf_fs,off,2,1138,2.18
cdf_fs,off,2,1139,2.16
cdf_fs,off,2,1140,1.77
cdf_fs,off,2,1141,2.09
cdf_fs,off,2,1142,2.1
cdf_fs,off,2,1143,2.23
cdf_fs,off,2,1144,2.06
cdf_fs,off,2,1145,1.75
cdf_fs,off,2,1146,2.22
cdf_fs,off,2,1147,2.23
cdf_fs,off,2,1148,1.76
cdf_fs,off,2,1149,2.07
cdf_fs,off,2,1150,2.1
cdf_fs,off,2,1151,2.1
cdf_fs,off,2,1152,2.06
cdf_fs,off,2,1153,1.8
cdf_fs,off,2,1154,2.24
cdf_fs,off,2,1155,2.08
cdf_fs,off,2,1156,2.22
cdf_fs,off,2,1157,2.15
cdf_fs,off,2,1158,1.74
cdf_fs,off,2,1159,1.76
cdf_fs,off,2,1160,2.24
cdf_fs,off,2,1161,1.76
cdf_fs,off,2,1162,1.75
cdf_fs,off,2,1163,1.78
cdf_fs,off,2,1164,2.15
cdf_fs,off,2,1165,2.25
cdf_fs,off,2,1166,2.06
cdf_fs,off,2,1167,2.13
cdf_fs,off,2,1168,1.76
cdf_fs,off,2,1169,1.77
cdf_fs,off,2,1170,2.09
cdf_fs,off,2,1171,1.74
cdf_fs,off,2,1172,2.14
cdf_fs,off,2,1173,2.07
cdf_fs,off,2,1174,1.77
cdf_fs,off,2,1175,1.78
cdf_fs,off,2,1176,2.08
cdf_fs,off,2,1177,2.06
cdf_fs,off,2,1178,2.24
cdf_fs,off,2,1179,1.73
cdf_fs,off,2,1180,1.75
cdf_fs,off,2,1181,1.77
cdf_fs,off,2,1182,2.07
cdf_fs,off,2,1183,2.14
cdf_fs,off,2,1184,2.08
cdf_fs,off,2,1185,2.09
cdf_fs,off,2,1186,2.07
cdf_fs,off,2,1187,1.88
cdf_fs,off,2,1188,2.08
cdf_fs,off,2,1189,2.15
cdf_fs,off,2,1190,2.21
cdf_fs,off,2,1191,1.8
cdf_fs,off,2,1192,2.2
cdf_fs,off,2,1193,2.24
cdf_fs,off,2,1194,2.29
cdf_fs,off,2,1195,2.19
cdf_fs,off,2,1196,1.83
cdf_fs,off,2,1197,1.78
cdf_fs,off,2,1198,2.15
cdf_fs,off,2,1199,2.31
cdf_fs,off,2,1200,1.87
cdf_fs,off,2,1201,2.16
cdf_fs,off,2,1202,2.16
cdf_fs,off,2,1203,1.76
cdf_fs,off,2,1204,2.09
cdf_fs,off,2,1205,2.08
cdf_fs,off,2,1206,2.23
cdf_fs,off,2,1207,2.07
cdf_fs,off,2,1208,2.13
cdf_fs,off,2,1209,1.78
cdf_fs,off,2,1210,1.77
cdf_fs,off,2,1211,2.32
cdf_fs,off,2,1212,1.77
cdf_fs,off,2,1213,1.75
cdf_fs,off,2,1214,1.75
cdf_fs,off,2,1215,2.2
cdf_fs,off,2,1216,1.78
cdf_fs,off,2,1217,1.74
cdf_fs,off,2,1218,2.15
cdf_fs,off,2,1219,2.07
cdf_fs,off,2,1220,2.25
cdf_fs,off,2,1221,2.05
cdf_fs,off,2,1222,1.78
cdf_fs,off,2,1223,2.1
cdf_fs,off,2,1224,1.79
cdf_fs,off,2,1225,1.77
cdf_fs,off,2,1226,1.78
cdf_fs,off,2,1227,2.18
cdf_fs,off,2,1228,2.11
cdf_fs,off,2,1229,2.22
cdf_fs,off,2,1230,1.76
cdf_fs,off,2,1231,1.81
cdf_fs,off,2,1232,2.08
cdf_fs,off,2,1233,1.78
cdf_fs,off,2,1234,1.78
cdf_fs,off,2,1235,1.72
cdf_fs,off,2,1236,1.76
cdf_fs,off,2,1237,2.18
cdf_fs,off,2,1238,2.16
cdf_fs,off,2,1239,1.75
cdf_fs,off,2,1240,1.75
cdf_fs,off,2,1241,2.08
cdf_fs,off,2,1242,2.11
cdf_fs,off,2,1243,2.04
cdf_fs,off,2,1244,1.82
cdf_fs,off,2,1245,2.24
cdf_fs,off,2,1246,1.78
cdf_fs,off,2,1247,2.13
cdf_fs,off,2,1248,2.16
cdf_fs,off,2,1249,2.2
cdf_fs,off,2,1250,1.77
cdf_fs,off,2,1251,2.22
cdf_fs,off,2,1252,2.18
cdf_fs,off,2,1253,2.2
cdf_fs,off,2,1254,1.76
cdf_fs,off,2,1255,2.06
cdf_fs,off,2,1256,1.74
cdf_fs,off,2,1257,2.15
cdf_fs,off,2,1258,1.78
cdf_fs,off,2,1259,2.18
cdf_fs,off,2,1260,2.07
cdf_fs,off,2,1261,1.77
cdf_fs,off,2,1262,2.16
cdf_fs,off,2,1263,2.13
cdf_fs,off,2,1264,1.74
cdf_fs,off,2,1265,2.21
cdf_fs,off,2,1266,2.11
cdf_fs,off,2,1267,2.21
cdf_fs,off,2,1268,2.23
cdf_fs,off,2,1269,2.23
cdf_fs,off,2,1270,2.11
cdf_fs,off,2,1271,2.07
cdf_fs,off,2,1272,2.06
cdf_fs,off,2,1273,2.05
cdf_fs,off,2,1274,2.07
cdf_fs,off,2,1275,1.83
cdf_fs,off,2,1276,1.75
cdf_fs,off,2,1277,2.1
cdf_fs,off,2,1278,2.08
cdf_fs,off,2,1279,2.05
cdf_fs,off,2,1280,1.78
cdf_fs,off,2,1281,1.73
cdf_fs,off,2,1282,2.13
cdf_fs,off,2,1283,1.78
cdf_fs,off,2,1284,2.26
cdf_fs,off,2,1285,2.21
cdf_fs,off,2,1286,1.75
cdf_fs,off,2,1287,2.13
cdf_fs,off,2,1288,1.77
cdf_fs,off,2,1289,2.26
cdf_fs,off,2,1290,1.77
cdf_fs,off,2,1291,1.76
cdf_fs,off,2,1292,1.77
cdf_fs,off,2,1293,1.76
cdf_fs,off,2,1294,2.08
cdf_fs,off,2,1295,1.74
cdf_fs,off,2,1296,2.06
cdf_fs,off,2,1297,2.14
cdf_fs,off,2,1298,2.15
cdf_fs,off,2,1299,1.77
cdf_fs,off,2,1300,2.15
cdf_fs,off,2,1301,1.78
cdf_fs,off,2,1302,2.32
cdf_fs,off,2,1303,1.77
cdf_fs,off,2,1304,1.77
cdf_fs,off,2,1305,2.07
cdf_fs,off,2,1306,1.78
cdf_fs,off,2,1307,2.31
cdf_fs,off,2,1308,1.81
cdf_fs,off,2,1309,2.15
cdf_fs,off,2,1310,2.09
cdf_fs,off,2,1311,2.15
cdf_fs,off,2,1312,1.76
cdf_fs,off,2,1313,2.16
cdf_fs,off,2,1314,2.15
cdf_fs,off,2,1315,2.07
cdf_fs,off,2,1316,5.06
cdf_fs,off,2,1317,4.83
cdf_fs,off,2,1318,1.84
cdf_fs,off,2,1319,1.78
cdf_fs,off,2,1320,1.74
cdf_fs,off,2,1321,1.73
cdf_fs,off,2,1322,2.11
cdf_fs,off,2,1323,1.73
cdf_fs,off,2,1324,2.23
cdf_fs,off,2,1325,1.76
cdf_fs,off,2,1326,2.05
cdf_fs,off,2,1327,2.16
cdf_fs,off,2,1328,2.09
cdf_fs,off,2,1329,2.05
cdf_fs,off,2,1330,2.27
cdf_fs,off,2,1331,1.77
cdf_fs,off,2,1332,1.76
cdf_fs,off,2,1333,1.77
cdf_fs,off,2,1334,2.14
cdf_fs,off,2,1335,2.2
cdf_fs,off,2,1336,1.78
cdf_fs,off,2,1337,1.74
cdf_fs,off,2,1338,1.73
cdf_fs,off,2,1339,2.08
cdf_fs,off,2,1340,2.08
cdf_fs,off,2,1341,1.79
cdf_fs,off,2,1342,1.81
cdf_fs,off,2,1343,2.18
cdf_fs,off,2,1344,2.25
cdf_fs,off,2,1345,2.13
cdf_fs,off,2,1346,1.78
cdf_fs,off,2,1347,1.77
cdf_fs,off,2,1348,1.75
cdf_fs,off,2,1349,1.74
cdf_fs,off,2,1350,2.07
cdf_fs,off,2,1351,2.05
cdf_fs,off,2,1352,2.06
cdf_fs,off,2,1353,1.77
cdf_fs,off,2,1354,2.09
cdf_fs,off,2,1355,1.82
cdf_fs,off,2,1356,2.7
cdf_fs,off,2,1357,2.18
cdf_fs,off,2,1358,2.22
cdf_fs,off,2,1359,1.81
cdf_fs,off,2,1360,2.16
cdf_fs,off,2,1361,2.31
cdf_fs,off,2,1362,2.1
cdf_fs,off,2,1363,1.77
cdf_fs,off,2,1364,2.07
cdf_fs,off,2,1365,1.76
cdf_fs,off,2,1366,1.76
cdf_fs,off,2,1367,1.76
cdf_fs,off,2,1368,1.75
cdf_fs,off,2,1369,1.73
cdf_fs,off,2,1370,1.74
cdf_fs,off,2,1371,2.22
cdf_fs,off,2,1372,1.77
cdf_fs,off,2,1373,1.73
cdf_fs,off,2,1374,2.16
cdf_fs,off,2,1375,1.73
cdf_fs,off,2,1376,2.31
cdf_fs,off,2,1377,1.89
cdf_fs,off,2,1378,2.13
cdf_fs,off,2,1379,2.08
cdf_fs,off,2,1380,1.74
cdf_fs,off,2,1381,1.81
cdf_fs,off,2,1382,2.07
cdf_fs,off,2,1383,2.05
cdf_fs,off,2,1384,2.07
cdf_fs,off,2,1385,2.13
cdf_fs,off,2,1386,1.74
cdf_fs,off,2,1387,2.07
cdf_fs,off,2,1388,2.08
cdf_fs,off,2,1389,2.13
cdf_fs,off,2,1390,1.77
cdf_fs,off,2,1391,2.14
cdf_fs,off,2,1392,1.75
cdf_fs,off,2,1393,1.77
cdf_fs,off,2,1394,1.8
cdf_fs,off,2,1395,1.76
cdf_fs,off,2,1396,1.77
cdf_fs,off,2,1397,2.14
cdf_fs,off,2,1398,2.14
cdf_fs,off,2,1399,1.83
cdf_fs,off,2,1400,2.28
cdf_fs,off,2,1401,1.8
cdf_fs,off,2,1402,2.35
cdf_fs,off,2,1403,1.8
cdf_fs,off,2,1404,2.3
cdf_fs,off,2,1405,1.83
cdf_fs,off,2,1406,2.1
cdf_fs,off,2,1407,1.77
cdf_fs,off,2,1408,1.79
cdf_fs,off,2,1409,1.76
cdf_fs,off,2,1410,2.07
cdf_fs,off,2,1411,2.06
cdf_fs,off,2,1412,1.8
cdf_fs,off,2,1413,2.19
cdf_fs,off,2,1414,1.78
cdf_fs,off,2,1415,1.77
cdf_fs,off,2,1416,2.32
cdf_fs,off,2,1417,2.12
cdf_fs,off,2,1418,1.75
cdf_fs,off,2,1419,2.23
cdf_fs,off,2,1420,1.78
cdf_fs,off,2,1421,2.17
cdf_fs,off,2,1422,1.76
cdf_fs,off,2,1423,1.82
cdf_fs,off,2,1424,1.76
cdf_fs,off,2,1425,2.14
cdf_fs,off,2,1426,1.76
cdf_fs,off,2,1427,1.75
cdf_fs,off,2,1428,1.78
cdf_fs,off,2,1429,2.23
cdf_fs,off,2,1430,1.77
cdf_fs,off,2,1431,1.78
cdf_fs,off,2,1432,1.75
cdf_fs,off,2,1433,1.75
cdf_fs,off,2,1434,2.1
cdf_fs,off,2,1435,1.73
cdf_fs,off,2,1436,2.22
cdf_fs,off,2,1437,2.07
cdf_fs,off,2,1438,1.74
cdf_fs,off,2,1439,2.16
cdf_fs,off,2,1440,2.06
cdf_fs,off,2,1441,1.8
cdf_fs,off,2,1442,1.74
cdf_fs,off,2,1443,2.15
cdf_fs,off,2,1444,2.33
cdf_fs,off,2,1445,2.18
cdf_fs,off,2,1446,2.2
cdf_fs,off,2,1447,2.13
cdf_fs,off,2,1448,1.78
cdf_fs,off,2,1449,2.08
cdf_fs,off,2,1450,1.75
cdf_fs,off,2,1451,2.25
cdf_fs,off,2,1452,1.73
cdf_fs,off,2,1453,2.13
cdf_fs,off,2,1454,1.76
cdf_fs,off,2,1455,2.06
cdf_fs,off,2,1456,2.1
cdf_fs,off,2,1457,1.77
cdf_fs,off,2,1458,2.12
cdf_fs,off,2,1459,2.06
cdf_fs,off,2,1460,1.82
cdf_fs,off,2,1461,1.77
cdf_fs,off,2,1462,1.75
cdf_fs,off,2,1463,2.08
cdf_fs,off,2,1464,2.05
cdf_fs,off,2,1465,1.77
cdf_fs,off,2,1466,2.07
cdf_fs,off,2,1467,1.75
cdf_fs,off,2,1468,2.12
cdf_fs,off,2,1469,2.13
cdf_fs,off,2,1470,1.76
cdf_fs,off,2,1471,2.15
cdf_fs,off,2,1472,2.12
cdf_fs,off,2,1473,1.75
cdf_fs,off,2,1474,2.06
cdf_fs,off,2,1475,1.81
cdf_fs,off,2,1476,2.21
cdf_fs,off,2,1477,2.13
cdf_fs,off,2,1478,1.75
cdf_fs,off,2,1479,2.16
cdf_fs,off,2,1480,2.19
cdf_fs,off,2,1481,2.07
cdf_fs,off,2,1482,2.11
cdf_fs,off,2,1483,2.25
cdf_fs,off,2,1484,2.08
cdf_fs,off,2,1485,1.79
cdf_fs,off,2,1486,2.17
cdf_fs,off,2,1487,1.75
cdf_fs,off,2,1488,2.06
cdf_fs,off,2,1489,2.21
cdf_fs,off,2,1490,2.08
cdf_fs,off,2,1491,2.08
cdf_fs,off,2,1492,2.05
cdf_fs,off,2,1493,1.77
cdf_fs,off,2,1494,2.06
cdf_fs,off,2,1495,2.24
cdf_fs,off,2,1496,1.79
cdf_fs,off,2,1497,1.79
cdf_fs,off,2,1498,2.1
cdf_fs,off,2,1499,2.21
cdf_fs,off,2,1500,1.77
cdf_fs,off,2,1501,2.1
cdf_fs,off,2,1502,1.78
cdf_fs,off,2,1503,2.13
cdf_fs,off,2,1504,1.8
cdf_fs,off,2,1505,1.79
cdf_fs,off,2,1506,1.78
cdf_fs,off,2,1507,1.8
cdf_fs,off,2,1508,2.09
cdf_fs,off,2,1509,1.79
cdf_fs,off,2,1510,2.25
cdf_fs,off,2,1511,2.11
cdf_fs,off,2,1512,2.14
cdf_fs,off,2,1513,2.07
cdf_fs,off,2,1514,2.2
cdf_fs,off,2,1515,1.8
cdf_fs,off,2,1516,2.11
cdf_fs,off,2,1517,2.23
cdf_fs,off,2,1518,2.17
cdf_fs,off,2,1519,2.09
cdf_fs,off,2,1520,1.81
cdf_fs,off,2,1521,2.27
cdf_fs,off,2,1522,2.14
cdf_fs,off,2,1523,1.8
cdf_fs,off,2,1524,2.14
cdf_fs,off,2,1525,2.16
cdf_fs,off,2,1526,2.13
cdf_fs,off,2,1527,1.78
cdf_fs,off,2,1528,1.77
cdf_fs,off,2,1529,2.06
cdf_fs,off,2,1530,2.13
cdf_fs,off,2,1531,2.18
cdf_fs,off,2,1532,2.1
cdf_fs,off,2,1533,1.78
cdf_fs,off,2,1534,1.78
cdf_fs,off,2,1535,1.75
cdf_fs,off,2,1536,1.77
cdf_fs,off,2,1537,2.06
cdf_fs,off,2,1538,1.74
cdf_fs,off,2,1539,2.14
cdf_fs,off,2,1540,2.02
cdf_fs,off,2,1541,2.07
cdf_fs,off,2,1542,2.07
cdf_fs,off,2,1543,2.12
cdf_fs,off,2,1544,2.04
cdf_fs,off,2,1545,2.1
cdf_fs,off,2,1546,1.8
cdf_fs,off,2,1547,2.08
cdf_fs,off,2,1548,1.78
cdf_fs,off,2,1549,1.75
cdf_fs,off,2,1550,1.86
cdf_fs,off,2,1551,2.07
cdf_fs,off,2,1552,2.14
cdf_fs,off,2,1553,2.29
cdf_fs,off,2,1554,1.83
cdf_fs,off,2,1555,1.78
cdf_fs,off,2,1556,1.76
cdf_fs,off,2,1557,1.75
cdf_fs,off,2,1558,1.8
cdf_fs,off,2,1559,1.75
cdf_fs,off,2,1560,2.09
cdf_fs,off,2,1561,1.74
cdf_fs,off,2,1562,1.74
cdf_fs,off,2,1563,1.79
cdf_fs,off,2,1564,1.74
cdf_fs,off,2,1565,1.74
cdf_fs,off,2,1566,1.75
cdf_fs,off,2,1567,1.74
cdf_fs,off,2,1568,2.11
cdf_fs,off,2,1569,1.77
cdf_fs,off,2,1570,1.84
cdf_fs,off,2,1571,2.07
cdf_fs,off,2,1572,2.04
cdf_fs,off,2,1573,1.76
cdf_fs,off,2,1574,1.75
cdf_fs,off,2,1575,1.79
cdf_fs,off,2,1576,2.17
cdf_fs,off,2,1577,2.24
cdf_fs,off,2,1578,2.11
cdf_fs,off,2,1579,2.09
cdf_fs,off,2,1580,1.78
cdf_fs,off,2,1581,1.77
cdf_fs,off,2,1582,2.34
cdf_fs,off,2,1583,1.78
cdf_fs,off,2,1584,2.13
cdf_fs,off,2,1585,2.17
cdf_fs,off,2,1586,1.77
cdf_fs,off,2,1587,1.74
cdf_fs,off,2,1588,1.74
cdf_fs,off,2,1589,2.07
cdf_fs,off,2,1590,2.19
cdf_fs,off,2,1591,1.78
cdf_fs,off,2,1592,2.15
cdf_fs,off,2,1593,2.24
cdf_fs,off,2,1594,2.25
cdf_fs,off,2,1595,2.03
cdf_fs,off,2,1596,2.11
cdf_fs,off,2,1597,2.13
cdf_fs,off,2,1598,2.26
cdf_fs,off,2,1599,1.77
cdf_fs,off,2,1600,2.09
cdf_fs,off,2,1601,1.8
cdf_fs,off,2,1602,2.32
cdf_fs,off,2,1603,1.73
cdf_fs,off,2,1604,1.74
cdf_fs,off,2,1605,2.15
cdf_fs,off,2,1606,2.03
cdf_fs,off,2,1607,1.77
cdf_fs,off,2,1608,2.07
cdf_fs,off,2,1609,2.24
cdf_fs,off,2,1610,2.06
cdf_fs,off,2,1611,2.04
cdf_fs,off,2,1612,2.12
cdf_fs,off,2,1613,1.8
cdf_fs,off,2,1614,2.14
cdf_fs,off,2,1615,1.76
cdf_fs,off,2,1616,2.06
cdf_fs,off,2,1617,2.08
cdf_fs,off,2,1618,2.12
cdf_fs,off,2,1619,1.76
cdf_fs,off,2,1620,1.79
cdf_fs,off,2,1621,2.25
cdf_fs,off,2,1622,1.74
cdf_fs,off,2,1623,1.75
cdf_fs,off,2,1624,1.75
cdf_fs,off,2,1625,2.21
cdf_fs,off,2,1626,1.81
cdf_fs,off,2,1627,2.15
cdf_fs,off,2,1628,2.06
cdf_fs,off,2,1629,1.83
cdf_fs,off,2,1630,2.15
cdf_fs,off,2,1631,2.13
cdf_fs,off,2,1632,1.76
cdf_fs,off,2,1633,1.75
cdf_fs,off,2,1634,2.18
cdf_fs,off,2,1635,1.75
cdf_fs,off,2,1636,1.76
cdf_fs,off,2,1637,2.07
cdf_fs,off,2,1638,1.76
cdf_fs,off,2,1639,1.74
cdf_fs,off,2,1640,2.07
cdf_fs,off,2,1641,2.16
cdf_fs,off,2,1642,2.04
cdf_fs,off,2,1643,1.84
cdf_fs,off,2,1644,2.14
cdf_fs,off,2,1645,1.8
cdf_fs,off,2,1646,1.77
cdf_fs,off,2,1647,1.77
cdf_fs,off,2,1648,2.15
cdf_fs,off,2,1649,2.1
cdf_fs,off,2,1650,1.82
cdf_fs,off,2,1651,1.76
cdf_fs,off,2,1652,1.83
cdf_fs,off,2,1653,2.06
cdf_fs,off,2,1654,1.77
cdf_fs,off,2,1655,2.06
cdf_fs,off,2,1656,2.25
cdf_fs,off,2,1657,2.08
cdf_fs,off,2,1658,2.1
cdf_fs,off,2,1659,1.78
cdf_fs,off,2,1660,1.78
cdf_fs,off,2,1661,1.76
cdf_fs,off,2,1662,1.76
cdf_fs,off,2,1663,2.07
cdf_fs,off,2,1664,2.09
cdf_fs,off,2,1665,2.32
cdf_fs,off,2,1666,2.1
cdf_fs,off,2,1667,2.27
cdf_fs,off,2,1668,1.8
cdf_fs,off,2,1669,1.82
cdf_fs,off,2,1670,1.75
cdf_fs,off,2,1671,1.77
cdf_fs,off,2,1672,1.8
cdf_fs,off,2,1673,1.73
cdf_fs,off,2,1674,1.75
cdf_fs,off,2,1675,1.79
cdf_fs,off,2,1676,2.15
cdf_fs,off,2,1677,1.76
cdf_fs,off,2,1678,1.83
cdf_fs,off,2,1679,1.75
cdf_fs,off,2,1680,2.09
cdf_fs,off,2,1681,1.76
cdf_fs,off,2,1682,1.75
cdf_fs,off,2,1683,1.73
cdf_fs,off,2,1684,1.72
cdf_fs,off,2,1685,2.28
cdf_fs,off,2,1686,1.83
cdf_fs,off,2,1687,1.73
cdf_fs,off,2,1688,2.09
cdf_fs,off,2,1689,2.17
cdf_fs,off,2,1690,2.28
cdf_fs,off,2,1691,1.76
cdf_fs,off,2,1692,1.8
cdf_fs,off,2,1693,1.73
cdf_fs,off,2,1694,1.72
cdf_fs,off,2,1695,1.73
cdf_fs,off,2,1696,2.11
cdf_fs,off,2,1697,2.09
cdf_fs,off,2,1698,2.16
cdf_fs,off,2,1699,1.81
cdf_fs,off,2,1700,2.37
cdf_fs,off,2,1701,1.79
cdf_fs,off,2,1702,1.76
cdf_fs,off,2,1703,2.25
cdf_fs,off,2,1704,1.75
cdf_fs,off,2,1705,1.78
cdf_fs,off,2,1706,1.78
cdf_fs,off,2,1707,1.75
cdf_fs,off,2,1708,2.15
cdf_fs,off,2,1709,2.13
cdf_fs,off,2,1710,1.77
cdf_fs,off,2,1711,2.06
cdf_fs,off,2,1712,1.77
cdf_fs,off,2,1713,1.77
cdf_fs,off,2,1714,2.08
cdf_fs,off,2,1715,1.76
cdf_fs,off,2,1716,1.78
cdf_fs,off,2,1717,2.28
cdf_fs,off,2,1718,2.16
cdf_fs,off,2,1719,1.76
cdf_fs,off,2,1720,2.27
cdf_fs,off,2,1721,2.06
cdf_fs,off,2,1722,2.06
cdf_fs,off,2,1723,1.76
cdf_fs,off,2,1724,2.13
cdf_fs,off,2,1725,2.1
cdf_fs,off,2,1726,2.06
cdf_fs,off,2,1727,2.13
cdf_fs,off,2,1728,2.23
cdf_fs,off,2,1729,1.75
cdf_fs,off,2,1730,2.14
cdf_fs,off,2,1731,2.87
cdf_fs,off,2,1732,1.81
cdf_fs,off,2,1733,1.83
cdf_fs,off,2,1734,2.12
cdf_fs,off,2,1735,2.27
cdf_fs,off,2,1736,2.08
cdf_fs,off,2,1737,1.8
cdf_fs,off,2,1738,2.27
cdf_fs,off,2,1739,2.25
cdf_fs,off,2,1740,2.3
cdf_fs,off,2,1741,1.82
cdf_fs,off,2,1742,2.11
cdf_fs,off,2,1743,1.73
cdf_fs,off,2,1744,2.06
cdf_fs,off,2,1745,1.77
cdf_fs,off,2,1746,1.76
cdf_fs,off,2,1747,1.77
cdf_fs,off,2,1748,1.73
cdf_fs,off,2,1749,2.28
cdf_fs,off,2,1750,1.76
cdf_fs,off,2,1751,2.24
cdf_fs,off,2,1752,1.75
cdf_fs,off,2,1753,2.06
cdf_fs,off,2,1754,1.84
cdf_fs,off,2,1755,2.25
cdf_fs,off,2,1756,2.12
cdf_fs,off,2,1757,1.82
cdf_fs,off,2,1758,1.83
cdf_fs,off,2,1759,2.25
cdf_fs,off,2,1760,2.22
cdf_fs,off,2,1761,2.06
cdf_fs,off,2,1762,1.78
cdf_fs,off,2,1763,1.81
cdf_fs,off,2,1764,1.79
cdf_fs,off,2,1765,1.73
cdf_fs,off,2,1766,2.2
cdf_fs,off,2,1767,1.79
cdf_fs,off,2,1768,1.96
cdf_fs,off,2,1769,1.78
cdf_fs,off,2,1770,1.79
cdf_fs,off,2,1771,1.74
cdf_fs,off,2,1772,2.24
cdf_fs,off,2,1773,2.22
cdf_fs,off,2,1774,2.21
cdf_fs,off,2,1775,2.21
cdf_fs,off,2,1776,2.06
cdf_fs,off,2,1777,1.75
cdf_fs,off,2,1778,2.15
cdf_fs,off,2,1779,1.73
cdf_fs,off,2,1780,1.73
cdf_fs,off,2,1781,1.83
cdf_fs,off,2,1782,2.12
cdf_fs,off,2,1783,2.03
cdf_fs,off,2,1784,2.09
cdf_fs,off,2,1785,1.8
cdf_fs,off,2,1786,2.2
cdf_fs,off,2,1787,2.1
cdf_fs,off,2,1788,2.22
cdf_fs,off,2,1789,1.86
cdf_fs,off,2,1790,1.75
cdf_fs,off,2,1791,2.09
cdf_fs,off,2,1792,2.08
cdf_fs,off,2,1793,20.49
cdf_fs,off,2,1794,2.22
cdf_fs,off,2,1795,1.8
cdf_fs,off,2,1796,1.76
cdf_fs,off,2,1797,1.8
cdf_fs,off,2,1798,1.76
cdf_fs,off,2,1799,2.22
cdf_fs,off,2,1800,2.22
cdf_fs,off,2,1801,1.75
cdf_fs,off,2,1802,1.74
cdf_fs,off,2,1803,2.07
cdf_fs,off,2,1804,2.11
cdf_fs,off,2,1805,2.04
cdf_fs,off,2,1806,2.16
cdf_fs,off,2,1807,1.76
cdf_fs,off,2,1808,1.76
cdf_fs,off,2,1809,1.74
cdf_fs,off,2,1810,2.06
cdf_fs,off,2,1811,2.32
cdf_fs,off,2,1812,1.74
cdf_fs,off,2,1813,1.74
cdf_fs,off,2,1814,2.17
cdf_fs,off,2,1815,2.11
cdf_fs,off,2,1816,2.19
cdf_fs,off,2,1817,1.79
cdf_fs,off,2,1818,1.73
cdf_fs,off,2,1819,2.18
cdf_fs,off,2,1820,2.2
cdf_fs,off,2,1821,2.23
cdf_fs,off,2,1822,1.76
cdf_fs,off,2,1823,2.29
cdf_fs,off,2,1824,1.76
cdf_fs,off,2,1825,1.81
cdf_fs,off,2,1826,1.78
cdf_fs,off,2,1827,1.79
cdf_fs,off,2,1828,2.08
cdf_fs,off,2,1829,2.04
cdf_fs,off,2,1830,1.74
cdf_fs,off,2,1831,1.78
cdf_fs,off,2,1832,2.14
cdf_fs,off,2,1833,2.06
cdf_fs,off,2,1834,1.81
cdf_fs,off,2,1835,2.11
cdf_fs,off,2,1836,1.77
cdf_fs,off,2,1837,2.2
cdf_fs,off,2,1838,1.75
cdf_fs,off,2,1839,1.92
cdf_fs,off,2,1840,1.85
cdf_fs,off,2,1841,2.1
cdf_fs,off,2,1842,2.17
cdf_fs,off,2,1843,2.2
cdf_fs,off,2,1844,2.21
cdf_fs,off,2,1845,2.04
cdf_fs,off,2,1846,2.19
cdf_fs,off,2,1847,1.78
cdf_fs,off,2,1848,1.77
cdf_fs,off,2,1849,2.08
cdf_fs,off,2,1850,2.26
cdf_fs,off,2,1851,1.76
cdf_fs,off,2,1852,2.27
cdf_fs,off,2,1853,2.14
cdf_fs,off,2,1854,2.07
cdf_fs,off,2,1855,2.02
cdf_fs,off,2,1856,1.75
cdf_fs,off,2,1857,2.08
cdf_fs,off,2,1858,2.04
cdf_fs,off,2,1859,1.74
cdf_fs,off,2,1860,2.07
cdf_fs,off,2,1861,1.74
cdf_fs,off,2,1862,2.11
cdf_fs,off,2,1863,2.04
cdf_fs,off,2,1864,2.2
cdf_fs,off,2,1865,1.76
cdf_fs,off,2,1866,2.26
cdf_fs,off,2,1867,1.76
cdf_fs,off,2,1868,1.75
cdf_fs,off,2,1869,1.76
cdf_fs,off,2,1870,2.16
cdf_fs,off,2,1871,1.75
cdf_fs,off,2,1872,2.1
cdf_fs,off,2,1873,2.16
cdf_fs,off,2,1874,1.79
cdf_fs,off,2,1875,2.21
cdf_fs,off,2,1876,1.77
cdf_fs,off,2,1877,1.73
cdf_fs,off,2,1878,1.73
cdf_fs,off,2,1879,1.78
cdf_fs,off,2,1880,1.75
cdf_fs,off,2,1881,1.74
cdf_fs,off,2,1882,2.09
cdf_fs,off,2,1883,2.14
cdf_fs,off,2,1884,1.78
cdf_fs,off,2,1885,1.75
cdf_fs,off,2,1886,2.1
cdf_fs,off,2,1887,1.76
cdf_fs,off,2,1888,1.74
cdf_fs,off,2,1889,2.09
cdf_fs,off,2,1890,2.28
cdf_fs,off,2,1891,2.1
cdf_fs,off,2,1892,1.76
cdf_fs,off,2,1893,1.77
cdf_fs,off,2,1894,1.73
cdf_fs,off,2,1895,1.75
cdf_fs,off,2,1896,2.21
cdf_fs,off,2,1897,1.94
cdf_fs,off,2,1898,2.1
cdf_fs,off,2,1899,2.08
cdf_fs,off,2,1900,2.06
cdf_fs,off,2,1901,1.73
cdf_fs,off,2,1902,2.2
cdf_fs,off,2,1903,1.76
cdf_fs,off,2,1904,1.73
cdf_fs,off,2,1905,2.12
cdf_fs,off,2,1906,2.07
cdf_fs,off,2,1907,1.77
cdf_fs,off,2,1908,2.2
cdf_fs,off,2,1909,2.18
cdf_fs,off,2,1910,1.84
cdf_fs,off,2,1911,2.22
cdf_fs,off,2,1912,2.15
cdf_fs,off,2,1913,1.84
cdf_fs,off,2,1914,1.74
cdf_fs,off,2,1915,1.73
cdf_fs,off,2,1916,1.75
cdf_fs,off,2,1917,2.11
cdf_fs,off,2,1918,1.75
cdf_fs,off,2,1919,2.25
cdf_fs,off,2,1920,2.22
cdf_fs,off,2,1921,1.76
cdf_fs,off,2,1922,2.27
cdf_fs,off,2,1923,2.09
cdf_fs,off,2,1924,2.47
cdf_fs,off,2,1925,2.36
cdf_fs,off,2,1926,1.82
cdf_fs,off,2,1927,1.74
cdf_fs,off,2,1928,1.73
cdf_fs,off,2,1929,2.08
cdf_fs,off,2,1930,2.36
cdf_fs,off,2,1931,1.76
cdf_fs,off,2,1932,1.73
cdf_fs,off,2,1933,1.75
cdf_fs,off,2,1934,1.72
cdf_fs,off,2,1935,2.34
cdf_fs,off,2,1936,2.35
cdf_fs,off,2,1937,1.78
cdf_fs,off,2,1938,1.79
cdf_fs,off,2,1939,2.08
cdf_fs,off,2,1940,2.41
cdf_fs,off,2,1941,2.46
cdf_fs,off,2,1942,2.23
cdf_fs,off,2,1943,2.1
cdf_fs,off,2,1944,1.77
cdf_fs,off,2,1945,1.75
cdf_fs,off,2,1946,2.08
cdf_fs,off,2,1947,1.76
cdf_fs,off,2,1948,2.05
cdf_fs,off,2,1949,1.75
cdf_fs,off,2,1950,1.75
cdf_fs,off,2,1951,2.07
cdf_fs,off,2,1952,1.79
cdf_fs,off,2,1953,2.11
cdf_fs,off,2,1954,1.76
cdf_fs,off,2,1955,2.07
cdf_fs,off,2,1956,1.87
cdf_fs,off,2,1957,2.1
cdf_fs,off,2,1958,1.77
cdf_fs,off,2,1959,2.15
cdf_fs,off,2,1960,2.14
cdf_fs,off,2,1961,2.29
cdf_fs,off,2,1962,1.83
cdf_fs,off,2,1963,2.26
cdf_fs,off,2,1964,2.1
cdf_fs,off,2,1965,2.08
cdf_fs,off,2,1966,2.16
cdf_fs,off,2,1967,2.13
cdf_fs,off,2,1968,2.07
cdf_fs,off,2,1969,2.21
cdf_fs,off,2,1970,1.92
cdf_fs,off,2,1971,1.92
cdf_fs,off,2,1972,1.8
cdf_fs,off,2,1973,1.83
cdf_fs,off,2,1974,2.12
cdf_fs,off,2,1975,1.77
cdf_fs,off,2,1976,2.12
cdf_fs,off,2,1977,2.11
cdf_fs,off,2,1978,2.19
cdf_fs,off,2,1979,1.81
cdf_fs,off,2,1980,2.45
cdf_fs,off,2,1981,1.84
cdf_fs,off,2,1982,1.75
cdf_fs,off,2,1983,2.06
cdf_fs,off,2,1984,1.76
cdf_fs,off,2,1985,1.82
cdf_fs,off,2,1986,2.13
cdf_fs,off,2,1987,1.73
cdf_fs,off,2,1988,1.8
cdf_fs,off,2,1989,2.1
cdf_fs,off,2,1990,1.73
cdf_fs,off,2,1991,1.79
cdf_fs,off,2,1992,2.09
cdf_fs,off,2,1993,2.17
cdf_fs,off,2,1994,2.12
cdf_fs,off,2,1995,1.77
cdf_fs,off,2,1996,2.09
cdf_fs,off,2,1997,1.77
cdf_fs,off,2,1998,1.91
cdf_fs,off,2,1999,1.72
cdf_fs,off,2,2000,1.76
cdf_fs,off,2,2001,2.12
cdf_fs,off,2,2002,2.07
cdf_fs,off,2,2003,1.83
cdf_fs,off,2,2004,1.77
cdf_fs,off,2,2005,2.13
cdf_fs,off,2,2006,1.71
cdf_fs,off,2,2007,1.75
cdf_fs,off,2,2008,2.13
cdf_fs,off,2,2009,1.78
cdf_fs,off,2,2010,2.17
cdf_fs,off,2,2011,2.17
cdf_fs,off,2,2012,1.76
cdf_fs,off,2,2013,1.75
cdf_fs,off,2,2014,2.21
cdf_fs,off,2,2015,2.19
cdf_fs,off,2,2016,1.77
cdf_fs,off,2,2017,2.21
cdf_fs,off,2,2018,2.32
cdf_fs,off,2,2019,1.78
cdf_fs,off,2,2020,1.73
cdf_fs,off,2,2021,2.25
cdf_fs,off,2,2022,2.21
cdf_fs,off,2,2023,1.75
cdf_fs,off,2,2024,2.09
cdf_fs,off,2,2025,1.79
cdf_fs,off,2,2026,2.07
cdf_fs,off,2,2027,1.76
cdf_fs,off,2,2028,2.05
cdf_fs,off,2,2029,2.22
cdf_fs,off,2,2030,1.77
cdf_fs,off,2,2031,1.78
cdf_fs,off,2,2032,2.17
cdf_fs,off,2,2033,1.77
cdf_fs,off,2,2034,1.74
cdf_fs,off,2,2035,1.79
cdf_fs,off,2,2036,2.13
cdf_fs,off,2,2037,1.75
cdf_fs,off,2,2038,2.14
cdf_fs,off,2,2039,2.06
cdf_fs,off,2,2040,1.74
cdf_fs,off,2,2041,1.74
cdf_fs,off,2,2042,1.78
cdf_fs,off,2,2043,2.14
cdf_fs,off,2,2044,2.11
cdf_fs,off,2,2045,2.21
cdf_fs,off,2,2046,1.74
cdf_fs,off,2,2047,1.79
cdf_fs,off,2,2048,2.07
cdf_fs,off,2,2049,1.74
cdf_fs,off,2,2050,1.77
cdf_fs,off,2,2051,2.08
cdf_fs,off,2,2052,2.18
cdf_fs,off,2,2053,2.15
cdf_fs,off,2,2054,1.72
cdf_fs,off,2,2055,2.13
cdf_fs,off,2,2056,1.82
cdf_fs,off,2,2057,1.75
cdf_fs,off,2,2058,1.72
cdf_fs,off,2,2059,1.77
cdf_fs,off,2,2060,1.71
cdf_fs,off,2,2061,2.06
cdf_fs,off,2,2062,1.69
cdf_fs,off,2,2063,1.74
cdf_fs,off,2,2064,1.71
cdf_fs,off,2,2065,1.79
cdf_fs,off,2,2066,1.82
cdf_fs,off,2,2067,1.74
cdf_fs,off,2,2068,1.76
cdf_fs,off,2,2069,2.1
cdf_fs,off,2,2070,2.29
cdf_fs,off,2,2071,2.13
cdf_fs,off,2,2072,1.84
cdf_fs,off,2,2073,2.25
cdf_fs,off,2,2074,2.16
cdf_fs,off,2,2075,1.79
cdf_fs,off,2,2076,2.13
cdf_fs,off,2,2077,2.16
cdf_fs,off,2,2078,2.11
cdf_fs,off,2,2079,1.78
cdf_fs,off,2,2080,1.76
cdf_fs,off,2,2081,2.17
cdf_fs,off,2,2082,1.8
cdf_fs,off,2,2083,2.24
cdf_fs,off,2,2084,1.74
cdf_fs,off,2,2085,1.75
cdf_fs,off,2,2086,2.09
cdf_fs,off,2,2087,1.79
cdf_fs,off,2,2088,1.86
cdf_fs,off,2,2089,1.76
cdf_fs,off,2,2090,1.75
cdf_fs,off,2,2091,1.77
cdf_fs,off,2,2092,2.16
cdf_fs,off,2,2093,2.19
cdf_fs,off,2,2094,1.79
cdf_fs,off,2,2095,1.77
cdf_fs,off,2,2096,1.73
cdf_fs,off,2,2097,1.73
cdf_fs,off,2,2098,2.1
cdf_fs,off,2,2099,1.74
cdf_fs,off,2,2100,2.06
cdf_fs,off,2,2101,1.74
cdf_fs,off,2,2102,1.78
cdf_fs,off,2,2103,1.76
cdf_fs,off,2,2104,1.84
cdf_fs,off,2,2105,1.75
cdf_fs,off,2,2106,1.73
cdf_fs,off,2,2107,2.24
cdf_fs,off,2,2108,1.8
cdf_fs,off,2,2109,1.74
cdf_fs,off,2,2110,1.78
cdf_fs,off,2,2111,1.86
cdf_fs,off,2,2112,1.73
cdf_fs,off,2,2113,1.74
cdf_fs,off,2,2114,1.75
cdf_fs,off,2,2115,2.16
cdf_fs,off,2,2116,2.02
cdf_fs,off,2,2117,2.68
cdf_fs,off,2,2118,1.75
cdf_fs,off,2,2119,2.29
cdf_fs,off,2,2120,2.7
cdf_fs,off,2,2121,2.19
cdf_fs,off,2,2122,1.81
cdf_fs,off,2,2123,2.09
cdf_fs,off,2,2124,2.21
cdf_fs,off,2,2125,2.17
cdf_fs,off,2,2126,2.16
cdf_fs,off,2,2127,2.13
cdf_fs,off,2,2128,2.09
cdf_fs,off,2,2129,2.22
cdf_fs,off,2,2130,1.81
cdf_fs,off,2,2131,1.79
cdf_fs,off,2,2132,1.74
cdf_fs,off,2,2133,1.79
cdf_fs,off,2,2134,1.73
cdf_fs,off,2,2135,1.83
cdf_fs,off,2,2136,1.74
cdf_fs,off,2,2137,2.12
cdf_fs,off,2,2138,1.84
cdf_fs,off,2,2139,1.75
cdf_fs,off,2,2140,1.79
cdf_fs,off,2,2141,2.08
cdf_fs,off,2,2142,1.97
cdf_fs,off,2,2143,2.09
cdf_fs,off,2,2144,2.07
cdf_fs,off,2,2145,1.82
cdf_fs,off,2,2146,1.76
cdf_fs,off,2,2147,2.24
cdf_fs,off,2,2148,2.06
cdf_fs,off,2,2149,1.8
cdf_fs,off,2,2150,1.75
cdf_fs,off,2,2151,1.83
cdf_fs,off,2,2152,2.13
cdf_fs,off,2,2153,2.09
cdf_fs,off,2,2154,2.13
cdf_fs,off,2,2155,1.76
cdf_fs,off,2,2156,1.8
cdf_fs,off,2,2157,2.28
cdf_fs,off,2,2158,1.75
cdf_fs,off,2,2159,2.12
cdf_fs,off,2,2160,2.05
cdf_fs,off,2,2161,2.03
cdf_fs,off,2,2162,1.76
cdf_fs,off,2,2163,2.25
cdf_fs,off,2,2164,1.76
cdf_fs,off,2,2165,1.8
cdf_fs,off,2,2166,1.76
cdf_fs,off,2,2167,1.76
cdf_fs,off,2,2168,1.74
cdf_fs,off,2,2169,2.09
cdf_fs,off,2,2170,1.77
cdf_fs,off,2,2171,2.19
cdf_fs,off,2,2172,2.16
cdf_fs,off,2,2173,2.22
cdf_fs,off,2,2174,2.09
cdf_fs,off,2,2175,1.81
cdf_fs,off,2,2176,2.17
cdf_fs,off,2,2177,1.77
cdf_fs,off,2,2178,1.75
cdf_fs,off,2,2179,2.07
cdf_fs,off,2,2180,2.12
cdf_fs,off,2,2181,1.76
cdf_fs,off,2,2182,2.04
cdf_fs,off,2,2183,2.12
cdf_fs,off,2,2184,1.76
cdf_fs,off,2,2185,2.17
cdf_fs,off,2,2186,1.79
cdf_fs,off,2,2187,2.14
cdf_fs,off,2,2188,1.74
cdf_fs,off,2,2189,1.78
cdf_fs,off,2,2190,1.79
cdf_fs,off,2,2191,2.15
cdf_fs,off,2,2192,2.13
cdf_fs,off,2,2193,2.16
cdf_fs,off,2,2194,1.81
cdf_fs,off,2,2195,2.23
cdf_fs,off,2,2196,2.24
cdf_fs,off,2,2197,2.04
cdf_fs,off,2,2198,1.78
cdf_fs,off,2,2199,1.77
cdf_fs,off,2,2200,2.28
cdf_fs,off,2,2201,2.3
cdf_fs,off,2,2202,1.78
cdf_fs,off,2,2203,2.2
cdf_fs,off,2,2204,1.82
cdf_fs,off,2,2205,1.77
cdf_fs,off,2,2206,1.77
cdf_fs,off,2,2207,2.11
cdf_fs,off,2,2208,1.76
cdf_fs,off,2,2209,2.09
cdf_fs,off,2,2210,1.73
cdf_fs,off,2,2211,2.16
cdf_fs,off,2,2212,2.21
cdf_fs,off,2,2213,1.78
cdf_fs,off,2,2214,2.22
cdf_fs,off,2,2215,2.22
cdf_fs,off,2,2216,2.12
cdf_fs,off,2,2217,1.72
cdf_fs,off,2,2218,1.75
cdf_fs,off,2,2219,2.23
cdf_fs,off,2,2220,2.03
cdf_fs,off,2,2221,2.05
cdf_fs,off,2,2222,2.18
cdf_fs,off,2,2223,1.72
cdf_fs,off,2,2224,2.22
cdf_fs,off,2,2225,2.02
cdf_fs,off,2,2226,2.04
cdf_fs,off,2,2227,1.83
cdf_fs,off,2,2228,1.79
cdf_fs,off,2,2229,1.82
cdf_fs,off,2,2230,1.75
cdf_fs,off,2,2231,1.74
cdf_fs,off,2,2232,2.05
cdf_fs,off,2,2233,2.13
cdf_fs,off,2,2234,2.08
cdf_fs,off,2,2235,1.73
cdf_fs,off,2,2236,1.75
cdf_fs,off,2,2237,1.73
cdf_fs,off,2,2238,1.75
cdf_fs,off,2,2239,2.16
cdf_fs,off,2,2240,1.76
cdf_fs,off,2,2241,1.74
cdf_fs,off,2,2242,2.16
cdf_fs,off,2,2243,1.77
cdf_fs,off,2,2244,1.74
cdf_fs,off,2,2245,1.74
cdf_fs,off,2,2246,1.75
cdf_fs,off,2,2247,1.79
cdf_fs,off,2,2248,1.74
cdf_fs,off,2,2249,1.87
cdf_fs,off,2,2250,2.05
cdf_fs,off,2,2251,1.74
cdf_fs,off,2,2252,1.83
cdf_fs,off,2,2253,1.77
cdf_fs,off,2,2254,1.75
cdf_fs,off,2,2255,1.77
cdf_fs,off,2,2256,1.74
cdf_fs,off,2,2257,1.76
cdf_fs,off,2,2258,2.25
cdf_fs,off,2,2259,1.74
cdf_fs,off,2,2260,2.15
cdf_fs,off,2,2261,1.84
cdf_fs,off,2,2262,1.78
cdf_fs,off,2,2263,1.73
cdf_fs,off,2,2264,2.08
cdf_fs,off,2,2265,1.75
cdf_fs,off,2,2266,7.23
cdf_fs,off,2,2267,2.99
cdf_fs,off,2,2268,2.13
cdf_fs,off,2,2269,1.79
cdf_fs,off,2,2270,1.76
cdf_fs,off,2,2271,1.79
cdf_fs,off,2,2272,2.0
cdf_fs,off,2,2273,2.38
cdf_fs,off,2,2274,1.75
cdf_fs,off,2,2275,1.87
cdf_fs,off,2,2276,2.16
cdf_fs,off,2,2277,2.07
cdf_fs,off,2,2278,2.21
cdf_fs,off,2,2279,2.14
cdf_fs,off,2,2280,1.78
cdf_fs,off,2,2281,2.2
cdf_fs,off,2,2282,1.79
cdf_fs,off,2,2283,2.23
cdf_fs,off,2,2284,1.77
cdf_fs,off,2,2285,1.76
cdf_fs,off,2,2286,1.74
cdf_fs,off,2,2287,1.74
cdf_fs,off,2,2288,2.06
cdf_fs,off,2,2289,2.06
cdf_fs,off,2,2290,2.06
cdf_fs,off,2,2291,2.22
cdf_fs,off,2,2292,1.73
cdf_fs,off,2,2293,2.19
cdf_fs,off,2,2294,2.09
cdf_fs,off,2,2295,2.19
cdf_fs,off,2,2296,1.76
cdf_fs,off,2,2297,1.77
cdf_fs,off,2,2298,2.27
cdf_fs,off,2,2299,1.76
cdf_fs,off,2,2300,2.09
cdf_fs,off,2,2301,1.76
cdf_fs,off,2,2302,1.74
cdf_fs,off,2,2303,1.72
cdf_fs,off,2,2304,2.13
cdf_fs,off,2,2305,1.75
cdf_fs,off,2,2306,2.08
cdf_fs,off,2,2307,2.2
cdf_fs,off,2,2308,1.81
cdf_fs,off,2,2309,2.06
cdf_fs,off,2,2310,2.14
cdf_fs,off,2,2311,1.86
cdf_fs,off,2,2312,1.8
cdf_fs,off,2,2313,1.72
cdf_fs,off,2,2314,1.72
cdf_fs,off,2,2315,1.72
cdf_fs,off,2,2316,2.13
cdf_fs,off,2,2317,2.16
cdf_fs,off,2,2318,2.19
cdf_fs,off,2,2319,1.73
cdf_fs,off,2,2320,1.74
cdf_fs,off,2,2321,2.1
cdf_fs,off,2,2322,2.17
cdf_fs,off,2,2323,2.11
cdf_fs,off,2,2324,1.74
cdf_fs,off,2,2325,2.13
cdf_fs,off,2,2326,1.74
cdf_fs,off,2,2327,1.72
cdf_fs,off,2,2328,1.73
cdf_fs,off,2,2329,2.13
cdf_fs,off,2,2330,1.74
cdf_fs,off,2,2331,1.71
cdf_fs,off,2,2332,2.1
cdf_fs,off,2,2333,2.21
cdf_fs,off,2,2334,1.77
cdf_fs,off,2,2335,2.12
cdf_fs,off,2,2336,1.74
cdf_fs,off,2,2337,1.75
cdf_fs,off,2,2338,1.73
cdf_fs,off,2,2339,1.75
cdf_fs,off,2,2340,2.11
cdf_fs,off,2,2341,2.05
cdf_fs,off,2,2342,2.07
cdf_fs,off,2,2343,2.08
cdf_fs,off,2,2344,1.75
cdf_fs,off,2,2345,1.73
cdf_fs,off,2,2346,2.23
cdf_fs,off,2,2347,1.76
cdf_fs,off,2,2348,2.12
cdf_fs,off,2,2349,1.76
cdf_fs,off,2,2350,2.1
cdf_fs,off,2,2351,2.3
cdf_fs,off,2,2352,1.85
cdf_fs,off,2,2353,2.1
cdf_fs,off,2,2354,2.14
cdf_fs,off,2,2355,2.09
cdf_fs,off,2,2356,2.27
cdf_fs,off,2,2357,2.16
cdf_fs,off,2,2358,2.32
cdf_fs,off,2,2359,2.06
cdf_fs,off,2,2360,1.77
cdf_fs,off,2,2361,2.15
cdf_fs,off,2,2362,1.77
cdf_fs,off,2,2363,1.78
cdf_fs,off,2,2364,1.75
cdf_fs,off,2,2365,1.74
cdf_fs,off,2,2366,1.8
cdf_fs,off,2,2367,1.73
cdf_fs,off,2,2368,2.15
cdf_fs,off,2,2369,2.17
cdf_fs,off,2,2370,1.76
cdf_fs,off,2,2371,1.71
cdf_fs,off,2,2372,2.1
cdf_fs,off,2,2373,2.1
cdf_fs,off,2,2374,1.8
cdf_fs,off,2,2375,1.72
cdf_fs,off,2,2376,2.13
cdf_fs,off,2,2377,1.91
cdf_fs,off,2,2378,1.71
cdf_fs,off,2,2379,2.14
cdf_fs,off,2,2380,2.12
cdf_fs,off,2,2381,2.04
cdf_fs,off,2,2382,1.76
cdf_fs,off,2,2383,2.22
cdf_fs,off,2,2384,1.84
cdf_fs,off,2,2385,1.78
cdf_fs,off,2,2386,1.72
cdf_fs,off,2,2387,1.69
cdf_fs,off,2,2388,1.75
cdf_fs,off,2,2389,1.73
cdf_fs,off,2,2390,2.05
cdf_fs,off,2,2391,2.07
cdf_fs,off,2,2392,2.03
cdf_fs,off,2,2393,2.22
cdf_fs,off,2,2394,1.75
cdf_fs,off,2,2395,1.76
cdf_fs,off,2,2396,1.78
cdf_fs,off,2,2397,1.74
cdf_fs,off,2,2398,2.02
cdf_fs,off,2,2399,1.75
cdf_fs,off,2,2400,1.72
cdf_fs,off,2,2401,1.85
cdf_fs,off,2,2402,1.74
cdf_fs,off,2,2403,2.81
cdf_fs,off,2,2404,1.83
cdf_fs,off,2,2405,2.28
cdf_fs,off,2,2406,1.77
cdf_fs,off,2,2407,1.85
cdf_fs,off,2,2408,2.12
cdf_fs,off,2,2409,1.75
cdf_fs,off,2,2410,1.78
cdf_fs,off,2,2411,1.78
cdf_fs,off,2,2412,2.0
cdf_fs,off,2,2413,1.81
cdf_fs,off,2,2414,1.72
cdf_fs,off,2,2415,1.71
cdf_fs,off,2,2416,1.77
cdf_fs,off,2,2417,1.77
cdf_fs,off,2,2418,2.1
cdf_fs,off,2,2419,1.81
cdf_fs,off,2,2420,1.77
cdf_fs,off,2,2421,2.11
cdf_fs,off,2,2422,2.06
cdf_fs,off,2,2423,1.79
cdf_fs,off,2,2424,1.74
cdf_fs,off,2,2425,1.74
cdf_fs,off,2,2426,1.75
cdf_fs,off,2,2427,1.74
cdf_fs,off,2,2428,1.72
cdf_fs,off,2,2429,2.07
cdf_fs,off,2,2430,1.76
cdf_fs,off,2,2431,2.13
cdf_fs,off,2,2432,1.81
cdf_fs,off,2,2433,1.74
cdf_fs,off,2,2434,2.26
cdf_fs,off,2,2435,2.12
cdf_fs,off,2,2436,2.18
cdf_fs,off,2,2437,1.83
cdf_fs,off,2,2438,1.73
cdf_fs,off,2,2439,2.07
cdf_fs,off,2,2440,1.76
cdf_fs,off,2,2441,2.07
cdf_fs,off,2,2442,1.81
cdf_fs,off,2,2443,2.14
cdf_fs,off,2,2444,1.74
cdf_fs,off,2,2445,1.75
cdf_fs,off,2,2446,1.76
cdf_fs,off,2,2447,1.74
cdf_fs,off,2,2448,2.07
cdf_fs,off,2,2449,1.75
cdf_fs,off,2,2450,2.15
cdf_fs,off,2,2451,1.82
cdf_fs,off,2,2452,2.19
cdf_fs,off,2,2453,2.2
cdf_fs,off,2,2454,1.82
cdf_fs,off,2,2455,1.88
cdf_fs,off,2,2456,1.75
cdf_fs,off,2,2457,2.09
cdf_fs,off,2,2458,1.74
cdf_fs,off,2,2459,2.13
cdf_fs,off,2,2460,2.15
cdf_fs,off,2,2461,1.77
cdf_fs,off,2,2462,1.75
cdf_fs,off,2,2463,1.76
cdf_fs,off,2,2464,2.07
cdf_fs,off,2,2465,1.78
cdf_fs,off,2,2466,1.89
cdf_fs,off,2,2467,1.8
cdf_fs,off,2,2468,2.21
cdf_fs,off,2,2469,1.75
cdf_fs,off,2,2470,1.81
cdf_fs,off,2,2471,1.73
cdf_fs,off,2,2472,1.79
cdf_fs,off,2,2473,1.71
cdf_fs,off,2,2474,1.82
cdf_fs,off,2,2475,2.22
cdf_fs,off,2,2476,1.76
cdf_fs,off,2,2477,2.13
cdf_fs,off,2,2478,1.76
cdf_fs,off,2,2479,2.16
cdf_fs,off,2,2480,2.08
cdf_fs,off,2,2481,2.09
cdf_fs,off,2,2482,1.84
cdf_fs,off,2,2483,1.89
cdf_fs,off,2,2484,2.16
cdf_fs,off,2,2485,2.16
cdf_fs,off,2,2486,2.09
cdf_fs,off,2,2487,2.2
cdf_fs,off,2,2488,2.09
cdf_fs,off,2,2489,1.78
cdf_fs,off,2,2490,2.06
cdf_fs,off,2,2491,1.81
cdf_fs,off,2,2492,1.73
cdf_fs,off,2,2493,1.9
cdf_fs,off,2,2494,1.7
cdf_fs,off,2,2495,1.75
cdf_fs,off,2,2496,1.74
cdf_fs,off,2,2497,1.75
cdf_fs,off,2,2498,2.05
cdf_fs,off,2,2499,1.83
cdf_fs,off,2,2500,1.72
cdf_fs,off,2,2501,1.76
cdf_fs,off,2,2502,1.74
cdf_fs,off,2,2503,1.72
cdf_fs,off,2,2504,1.92
cdf_fs,off,2,2505,2.06
cdf_fs,off,2,2506,2.09
cdf_fs,off,2,2507,1.8
cdf_fs,off,2,2508,1.74
cdf_fs,off,2,2509,1.75
cdf_fs,off,2,2510,1.73
cdf_fs,off,2,2511,1.8
cdf_fs,off,2,2512,1.74
cdf_fs,off,2,2513,1.7
cdf_fs,off,2,2514,1.81
cdf_fs,off,2,2515,1.76
cdf_fs,off,2,2516,1.78
cdf_fs,off,2,2517,1.78
cdf_fs,off,2,2518,2.14
cdf_fs,off,2,2519,1.75
cdf_fs,off,2,2520,2.07
cdf_fs,off,2,2521,1.83
cdf_fs,off,2,2522,2.16
cdf_fs,off,2,2523,1.77
cdf_fs,off,2,2524,2.13
cdf_fs,off,2,2525,2.26
cdf_fs,off,2,2526,1.79
cdf_fs,off,2,2527,1.74
cdf_fs,off,2,2528,1.84
cdf_fs,off,2,2529,1.78
cdf_fs,off,2,2530,1.73
cdf_fs,off,2,2531,1.74
cdf_fs,off,2,2532,2.22
cdf_fs,off,2,2533,1.81
cdf_fs,off,2,2534,1.75
cdf_fs,off,2,2535,1.75
cdf_fs,off,2,2536,1.72
cdf_fs,off,2,2537,2.25
cdf_fs,off,2,2538,1.73
cdf_fs,off,2,2539,2.1
cdf_fs,off,2,2540,2.28
cdf_fs,off,2,2541,2.04
cdf_fs,off,2,2542,2.11
cdf_fs,off,2,2543,2.14
cdf_fs,off,2,2544,1.78
cdf_fs,off,2,2545,1.81
cdf_fs,off,2,2546,1.73
cdf_fs,off,2,2547,2.08
cdf_fs,off,2,2548,1.76
cdf_fs,off,2,2549,2.08
cdf_fs,off,2,2550,1.8
cdf_fs,off,2,2551,1.75
cdf_fs,off,2,2552,2.06
cdf_fs,off,2,2553,2.22
cdf_fs,off,2,2554,1.73
cdf_fs,off,2,2555,1.79
cdf_fs,off,2,2556,1.77
cdf_fs,off,2,2557,2.34
cdf_fs,off,2,2558,1.76
cdf_fs,off,2,2559,2.05
cdf_fs,off,2,2560,2.13
cdf_fs,off,2,2561,2.26
cdf_fs,off,2,2562,1.77
cdf_fs,off,2,2563,1.74
cdf_fs,off,2,2564,2.21
cdf_fs,off,2,2565,1.75
cdf_fs,off,2,2566,1.86
cdf_fs,off,2,2567,1.79
cdf_fs,off,2,2568,2.16
cdf_fs,off,2,2569,1.78
cdf_fs,off,2,2570,1.78
cdf_fs,off,2,2571,1.73
cdf_fs,off,2,2572,1.72
cdf_fs,off,2,2573,1.75
cdf_fs,off,2,2574,1.74
cdf_fs,off,2,2575,1.73
cdf_fs,off,2,2576,2.11
cdf_fs,off,2,2577,2.26
cdf_fs,off,2,2578,2.11
cdf_fs,off,2,2579,1.76
cdf_fs,off,2,2580,1.75
cdf_fs,off,2,2581,1.71
cdf_fs,off,2,2582,1.84
cdf_fs,off,2,2583,2.15
cdf_fs,off,2,2584,1.8
cdf_fs,off,2,2585,2.05
cdf_fs,off,2,2586,2.2
cdf_fs,off,2,2587,1.75
cdf_fs,off,2,2588,1.78
cdf_fs,off,2,2589,2.07
cdf_fs,off,2,2590,1.74
cdf_fs,off,2,2591,1.73
cdf_fs,off,2,2592,1.76
cdf_fs,off,2,2593,2.06
cdf_fs,off,2,2594,1.74
cdf_fs,off,2,2595,2.06
cdf_fs,off,2,2596,1.74
cdf_fs,off,2,2597,2.05
cdf_fs,off,2,2598,2.12
cdf_fs,off,2,2599,1.77
cdf_fs,off,2,2600,1.8
cdf_fs,off,2,2601,1.75
cdf_fs,off,2,2602,2.17
cdf_fs,off,2,2603,1.8
cdf_fs,off,2,2604,1.8
cdf_fs,off,2,2605,1.74
cdf_fs,off,2,2606,1.72
cdf_fs,off,2,2607,1.73
cdf_fs,off,2,2608,1.72
cdf_fs,off,2,2609,2.17
cdf_fs,off,2,2610,1.76
cdf_fs,off,2,2611,1.74
cdf_fs,off,2,2612,2.09
cdf_fs,off,2,2613,1.78
cdf_fs,off,2,2614,2.05
cdf_fs,off,2,2615,1.78
cdf_fs,off,2,2616,1.7
cdf_fs,off,2,2617,1.7
cdf_fs,off,2,2618,1.73
cdf_fs,off,2,2619,1.75
cdf_fs,off,2,2620,1.73
cdf_fs,off,2,2621,1.71
cdf_fs,off,2,2622,2.07
cdf_fs,off,2,2623,1.75
cdf_fs,off,2,2624,1.79
cdf_fs,off,2,2625,1.74
cdf_fs,off,2,2626,1.71
cdf_fs,off,2,2627,1.71
cdf_fs,off,2,2628,1.71
cdf_fs,off,2,2629,2.23
cdf_fs,off,2,2630,1.75
cdf_fs,off,2,2631,2.19
cdf_fs,off,2,2632,1.73
cdf_fs,off,2,2633,1.87
cdf_fs,off,2,2634,2.08
cdf_fs,off,2,2635,1.75
cdf_fs,off,2,2636,1.76
cdf_fs,off,2,2637,1.73
cdf_fs,off,2,2638,2.12
cdf_fs,off,2,2639,2.07
cdf_fs,off,2,2640,1.77
cdf_fs,off,2,2641,1.72
cdf_fs,off,2,2642,2.14
cdf_fs,off,2,2643,1.74
cdf_fs,off,2,2644,1.75
cdf_fs,off,2,2645,1.74
cdf_fs,off,2,2646,1.75
cdf_fs,off,2,2647,1.73
cdf_fs,off,2,2648,1.74
cdf_fs,off,2,2649,1.76
cdf_fs,off,2,2650,1.72
cdf_fs,off,2,2651,1.72
cdf_fs,off,2,2652,1.73
cdf_fs,off,2,2653,1.73
cdf_fs,off,2,2654,1.73
cdf_fs,off,2,2655,1.93
cdf_fs,off,2,2656,1.7
cdf_fs,off,2,2657,1.72
cdf_fs,off,2,2658,1.74
cdf_fs,off,2,2659,1.73
cdf_fs,off,2,2660,1.73
cdf_fs,off,2,2661,1.93
cdf_fs,off,2,2662,1.8
cdf_fs,off,2,2663,1.8
cdf_fs,off,2,2664,2.25
cdf_fs,off,2,2665,1.78
cdf_fs,off,2,2666,2.35
cdf_fs,off,2,2667,2.11
cdf_fs,off,2,2668,1.77
cdf_fs,off,2,2669,2.24
cdf_fs,off,2,2670,1.76
cdf_fs,off,2,2671,2.18
cdf_fs,off,2,2672,2.22
cdf_fs,off,2,2673,1.76
cdf_fs,off,2,2674,1.78
cdf_fs,off,2,2675,1.77
cdf_fs,off,2,2676,2.11
cdf_fs,off,2,2677,1.78
cdf_fs,off,2,2678,2.23
cdf_fs,off,2,2679,1.73
cdf_fs,off,2,2680,1.79
cdf_fs,off,2,2681,2.24
cdf_fs,off,2,2682,2.06
cdf_fs,off,2,2683,1.73
cdf_fs,off,2,2684,1.78
cdf_fs,off,2,2685,1.85
cdf_fs,off,2,2686,2.12
cdf_fs,off,2,2687,1.74
cdf_fs,off,2,2688,2.17
cdf_fs,off,2,2689,2.14
cdf_fs,off,2,2690,1.75
cdf_fs,off,2,2691,2.14
cdf_fs,off,2,2692,1.77
cdf_fs,off,2,2693,2.1
cdf_fs,off,2,2694,2.05
cdf_fs,off,2,2695,2.2
cdf_fs,off,2,2696,1.8
cdf_fs,off,2,2697,1.74
cdf_fs,off,2,2698,1.79
cdf_fs,off,2,2699,1.81
cdf_fs,off,2,2700,1.74
cdf_fs,off,2,2701,1.75
cdf_fs,off,2,2702,2.06
cdf_fs,off,2,2703,1.81
cdf_fs,off,2,2704,1.78
cdf_fs,off,2,2705,2.04
cdf_fs,off,2,2706,2.01
cdf_fs,off,2,2707,1.72
cdf_fs,off,2,2708,2.19
cdf_fs,off,2,2709,1.79
cdf_fs,off,2,2710,1.79
cdf_fs,off,2,2711,1.74
cdf_fs,off,2,2712,1.75
cdf_fs,off,2,2713,1.77
cdf_fs,off,2,2714,2.06
cdf_fs,off,2,2715,1.75
cdf_fs,off,2,2716,2.19
cdf_fs,off,2,2717,1.75
cdf_fs,off,2,2718,2.07
cdf_fs,off,2,2719,1.75
cdf_fs,off,2,2720,2.14
cdf_fs,off,2,2721,1.71
cdf_fs,off,2,2722,1.78
cdf_fs,off,2,2723,2.14
cdf_fs,off,2,2724,1.76
cdf_fs,off,2,2725,1.8
cdf_fs,off,2,2726,2.25
cdf_fs,off,2,2727,1.86
cdf_fs,off,2,2728,1.74
cdf_fs,off,2,2729,1.74
cdf_fs,off,2,2730,1.75
cdf_fs,off,2,2731,2.33
cdf_fs,off,2,2732,2.11
cdf_fs,off,2,2733,2.04
cdf_fs,off,2,2734,1.73
cdf_fs,off,2,2735,2.14
cdf_fs,off,2,2736,1.78
cdf_fs,off,2,2737,1.8
cdf_fs,off,2,2738,2.28
cdf_fs,off,2,2739,2.21
cdf_fs,off,2,2740,1.74
cdf_fs,off,2,2741,1.77
cdf_fs,off,2,2742,1.82
cdf_fs,off,2,2743,1.81
cdf_fs,off,2,2744,2.28
cdf_fs,off,2,2745,1.78
cdf_fs,off,2,2746,2.25
cdf_fs,off,2,2747,2.16
cdf_fs,off,2,2748,1.75
cdf_fs,off,2,2749,1.72
cdf_fs,off,2,2750,1.87
cdf_fs,off,2,2751,1.74
cdf_fs,off,2,2752,1.72
cdf_fs,off,2,2753,1.71
cdf_fs,off,2,2754,1.72
cdf_fs,off,2,2755,1.73
cdf_fs,off,2,2756,5.91
cdf_fs,off,2,2757,3.09
cdf_fs,off,2,2758,2.29
cdf_fs,off,2,2759,1.79
cdf_fs,off,2,2760,1.76
cdf_fs,off,2,2761,1.77
cdf_fs,off,2,2762,1.75
cdf_fs,off,2,2763,1.79
cdf_fs,off,2,2764,1.86
cdf_fs,off,2,2765,1.76
cdf_fs,off,2,2766,1.75
cdf_fs,off,2,2767,1.71
cdf_fs,off,2,2768,1.72
cdf_fs,off,2,2769,1.72
cdf_fs,off,2,2770,1.72
cdf_fs,off,2,2771,2.07
cdf_fs,off,2,2772,1.73
cdf_fs,off,2,2773,1.73
cdf_fs,off,2,2774,1.73
cdf_fs,off,2,2775,1.71
cdf_fs,off,2,2776,2.14
cdf_fs,off,2,2777,1.74
cdf_fs,off,2,2778,1.75
cdf_fs,off,2,2779,1.72
cdf_fs,off,2,2780,2.13
cdf_fs,off,2,2781,1.74
cdf_fs,off,2,2782,1.74
cdf_fs,off,2,2783,2.06
cdf_fs,off,2,2784,1.83
cdf_fs,off,2,2785,2.16
cdf_fs,off,2,2786,2.2
cdf_fs,off,2,2787,1.72
cdf_fs,off,2,2788,1.75
cdf_fs,off,2,2789,1.74
cdf_fs,off,2,2790,2.07
cdf_fs,off,2,2791,1.7
cdf_fs,off,2,2792,1.73
cdf_fs,off,2,2793,1.75
cdf_fs,off,2,2794,1.74
cdf_fs,off,2,2795,2.1
cdf_fs,off,2,2796,2.69
cdf_fs,off,2,2797,2.91
cdf_fs,off,2,2798,2.17
cdf_fs,off,2,2799,2.21
cdf_fs,off,2,2800,1.84
cdf_fs,off,2,2801,1.82
cdf_fs,off,2,2802,1.74
cdf_fs,off,2,2803,2.14
cdf_fs,off,2,2804,2.12
cdf_fs,off,2,2805,2.16
cdf_fs,off,2,2806,2.16
cdf_fs,off,2,2807,1.77
cdf_fs,off,2,2808,2.23
cdf_fs,off,2,2809,1.76
cdf_fs,off,2,2810,2.08
cdf_fs,off,2,2811,1.81
cdf_fs,off,2,2812,1.83
cdf_fs,off,2,2813,1.82
cdf_fs,off,2,2814,2.15
cdf_fs,off,2,2815,2.11
cdf_fs,off,2,2816,1.81
cdf_fs,off,2,2817,1.74
cdf_fs,off,2,2818,1.89
cdf_fs,off,2,2819,1.79
cdf_fs,off,2,2820,2.1
cdf_fs,off,2,2821,1.75
cdf_fs,off,2,2822,2.19
cdf_fs,off,2,2823,1.99
cdf_fs,off,2,2824,1.74
cdf_fs,off,2,2825,2.2
cdf_fs,off,2,2826,3.27
cdf_fs,off,2,2827,1.76
cdf_fs,off,2,2828,2.25
cdf_fs,off,2,2829,2.04
cdf_fs,off,2,2830,1.76
cdf_fs,off,2,2831,1.76
cdf_fs,off,2,2832,1.76
cdf_fs,off,2,2833,2.07
cdf_fs,off,2,2834,1.73
cdf_fs,off,2,2835,1.78
cdf_fs,off,2,2836,1.75
cdf_fs,off,2,2837,1.74
cdf_fs,off,2,2838,1.74
cdf_fs,off,2,2839,1.73
cdf_fs,off,2,2840,1.72
cdf_fs,off,2,2841,2.08
cdf_fs,off,2,2842,1.74
cdf_fs,off,2,2843,1.74
cdf_fs,off,2,2844,2.16
cdf_fs,off,2,2845,2.23
cdf_fs,off,2,2846,1.8
cdf_fs,off,2,2847,1.76
cdf_fs,off,2,2848,1.75
cdf_fs,off,2,2849,1.76
cdf_fs,off,2,2850,1.73
cdf_fs,off,2,2851,1.79
cdf_fs,off,2,2852,1.76
cdf_fs,off,2,2853,2.23
cdf_fs,off,2,2854,1.78
cdf_fs,off,2,2855,1.74
cdf_fs,off,2,2856,1.84
cdf_fs,off,2,2857,1.81
cdf_fs,off,2,2858,1.75
cdf_fs,off,2,2859,1.75
cdf_fs,off,2,2860,1.77
cdf_fs,off,2,2861,2.09
cdf_fs,off,2,2862,2.15
cdf_fs,off,2,2863,1.74
cdf_fs,off,2,2864,2.19
cdf_fs,off,2,2865,1.83
cdf_fs,off,2,2866,1.77
cdf_fs,off,2,2867,1.75
cdf_fs,off,2,2868,2.3
cdf_fs,off,2,2869,1.75
cdf_fs,off,2,2870,1.76
cdf_fs,off,2,2871,1.74
cdf_fs,off,2,2872,1.73
cdf_fs,off,2,2873,2.11
cdf_fs,off,2,2874,2.22
cdf_fs,off,2,2875,2.06
cdf_fs,off,2,2876,1.76
cdf_fs,off,2,2877,1.77
cdf_fs,off,2,2878,1.76
cdf_fs,off,2,2879,1.74
cdf_fs,off,2,2880,1.78
cdf_fs,off,2,2881,1.73
cdf_fs,off,2,2882,1.74
cdf_fs,off,2,2883,1.85
cdf_fs,off,2,2884,2.07
cdf_fs,off,2,2885,1.77
cdf_fs,off,2,2886,1.74
cdf_fs,off,2,2887,2.21
cdf_fs,off,2,2888,1.77
cdf_fs,off,2,2889,2.16
cdf_fs,off,2,2890,1.74
cdf_fs,off,2,2891,1.75
cdf_fs,off,2,2892,2.14
cdf_fs,off,2,2893,2.2
cdf_fs,off,2,2894,2.05
cdf_fs,off,2,2895,2.311
cdf_fs,off,2,2896,1.8
cdf_fs,off,2,2897,2.14
cdf_fs,off,2,2898,1.789
cdf_fs,off,2,2899,1.76
cdf_fs,off,2,2900,1.74
cdf_fs,off,2,2901,1.749
cdf_fs,off,2,2902,1.749
cdf_fs,off,2,2903,2.071
cdf_fs,off,2,2904,2.029
cdf_fs,off,2,2905,1.809
cdf_fs,off,2,2906,1.74
cdf_fs,off,2,2907,1.749
cdf_fs,off,2,2908,1.749
cdf_fs,off,2,2909,1.74
cdf_fs,off,2,2910,1.72
cdf_fs,off,2,2911,1.74
cdf_fs,off,2,2912,1.751
cdf_fs,off,2,2913,2.22
cdf_fs,off,2,2914,1.78
cdf_fs,off,2,2915,1.72
cdf_fs,off,2,2916,1.76
cdf_fs,off,2,2917,2.3
cdf_fs,off,2,2918,1.751
cdf_fs,off,2,2919,1.731
cdf_fs,off,2,2920,1.78
cdf_fs,off,2,2921,2.109
cdf_fs,off,2,2922,2.069
cdf_fs,off,2,2923,2.74
cdf_fs,off,2,2924,2.28
cdf_fs,off,2,2925,1.789
cdf_fs,off,2,2926,2.209
cdf_fs,off,2,2927,1.78
cdf_fs,off,2,2928,1.8
cdf_fs,off,2,2929,1.82
cdf_fs,off,2,2930,1.849
cdf_fs,off,2,2931,1.8
cdf_fs,off,2,2932,2.051
cdf_fs,off,2,2933,1.789
cdf_fs,off,2,2934,1.771
cdf_fs,off,2,2935,2.16
cdf_fs,off,2,2936,1.751
cdf_fs,off,2,2937,2.151
cdf_fs,off,2,2938,2.18
cdf_fs,off,2,2939,1.8
cdf_fs,off,2,2940,1.749
cdf_fs,off,2,2941,1.76
cdf_fs,off,2,2942,2.3
cdf_fs,off,2,2943,2.2
cdf_fs,off,2,2944,1.731
cdf_fs,off,2,2945,2.06
cdf_fs,off,2,2946,2.12
cdf_fs,off,2,2947,1.72
cdf_fs,off,2,2948,1.729
cdf_fs,off,2,2949,1.72
cdf_fs,off,2,2950,2.2
cdf_fs,off,2,2951,1.74
cdf_fs,off,2,2952,1.791
cdf_fs,off,2,2953,2.349
cdf_fs,off,2,2954,1.74
cdf_fs,off,2,2955,1.771
cdf_fs,off,2,2956,1.72
cdf_fs,off,2,2957,1.809
cdf_fs,off,2,2958,2.08
cdf_fs,off,2,2959,1.76
cdf_fs,off,2,2960,1.74
cdf_fs,off,2,2961,1.76
cdf_fs,off,2,2962,1.74
cdf_fs,off,2,2963,1.74
cdf_fs,off,2,2964,1.751
cdf_fs,off,2,2965,1.709
cdf_fs,off,2,2966,2.069
cdf_fs,off,2,2967,1.74
cdf_fs,off,2,2968,1.769
cdf_fs,off,2,2969,2.209
cdf_fs,off,2,2970,1.74
cdf_fs,off,2,2971,1.74
cdf_fs,off,2,2972,2.28
cdf_fs,off,2,2973,2.14
cdf_fs,off,2,2974,2.189
cdf_fs,off,2,2975,2.18
cdf_fs,off,2,2976,1.769
cdf_fs,off,2,2977,2.071
cdf_fs,off,2,2978,1.74
cdf_fs,off,2,2979,1.729
cdf_fs,off,2,2980,1.709
cdf_fs,off,2,2981,1.74
cdf_fs,off,2,2982,2.12
cdf_fs,off,2,2983,1.88
cdf_fs,off,2,2984,1.74
cdf_fs,off,2,2985,2.129
cdf_fs,off,2,2986,1.731
cdf_fs,off,2,2987,1.731
cdf_fs,off,2,2988,2.111
cdf_fs,off,2,2989,2.029
cdf_fs,off,2,2990,1.809
cdf_fs,off,2,2991,1.72
cdf_fs,off,2,2992,2.151
cdf_fs,off,2,2993,1.74
cdf_fs,off,2,2994,1.76
cdf_fs,off,2,2995,1.74
cdf_fs,off,2,2996,1.76
cdf_fs,off,2,2997,1.731
cdf_fs,off,2,2998,1.731
cdf_fs,off,2,2999,2.051
cdf_fs,off,2,3000,1.751
cdf_fs,off,2,3001,1.709
cdf_fs,off,2,3002,1.74
cdf_fs,off,2,3003,1.72
cdf_fs,off,2,3004,1.729
cdf_fs,off,2,3005,1.78
cdf_fs,off,2,3006,1.789
cdf_fs,off,2,3007,1.72
cdf_fs,off,2,3008,2.069
cdf_fs,off,2,3009,2.14
cdf_fs,off,2,3010,2.08
cdf_fs,off,2,3011,1.751
cdf_fs,off,2,3012,1.76
cdf_fs,off,2,3013,1.689
cdf_fs,off,2,3014,1.74
cdf_fs,off,2,3015,1.74
cdf_fs,off,2,3016,1.72
cdf_fs,off,2,3017,1.72
cdf_fs,off,2,3018,1.74
cdf_fs,off,2,3019,1.729
cdf_fs,off,2,3020,1.78
cdf_fs,off,2,3021,1.771
cdf_fs,off,2,3022,2.289
cdf_fs,off,2,3023,2.289
cdf_fs,off,2,3024,2.1
cdf_fs,off,2,3025,1.82
cdf_fs,off,2,3026,1.82
cdf_fs,off,2,3027,1.771
cdf_fs,off,2,3028,1.751
cdf_fs,off,2,3029,2.28
cdf_fs,off,2,3030,2.22
cdf_fs,off,2,3031,2.14
cdf_fs,off,2,3032,1.76
cdf_fs,off,2,3033,1.74
cdf_fs,off,2,3034,1.74
cdf_fs,off,2,3035,1.8
cdf_fs,off,2,3036,1.729
cdf_fs,off,2,3037,1.729
cdf_fs,off,2,3038,1.731
cdf_fs,off,2,3039,2.111
cdf_fs,off,2,3040,1.791
cdf_fs,off,2,3041,1.74
cdf_fs,off,2,3042,1.709
cdf_fs,off,2,3043,1.72
cdf_fs,off,2,3044,2.291
cdf_fs,off,2,3045,2.069
cdf_fs,off,2,3046,1.82
cdf_fs,off,2,3047,1.84
cdf_fs,off,2,3048,1.74
cdf_fs,off,2,3049,1.729
cdf_fs,off,2,3050,2.14
cdf_fs,off,2,3051,1.751
cdf_fs,off,2,3052,2.08
cdf_fs,off,2,3053,1.78
cdf_fs,off,2,3054,1.7
cdf_fs,off,2,3055,1.74
cdf_fs,off,2,3056,1.72
cdf_fs,off,2,3057,1.74
cdf_fs,off,2,3058,1.731
cdf_fs,off,2,3059,1.74
cdf_fs,off,2,3060,2.111
cdf_fs,off,2,3061,1.74
cdf_fs,off,2,3062,2.069
cdf_fs,off,2,3063,1.78
cdf_fs,off,2,3064,2.091
cdf_fs,off,2,3065,2.129
cdf_fs,off,2,3066,2.171
cdf_fs,off,2,3067,2.109
cdf_fs,off,2,3068,1.8
cdf_fs,off,2,3069,2.071
cdf_fs,off,2,3070,1.76
cdf_fs,off,2,3071,1.78
cdf_fs,off,2,3072,1.771
cdf_fs,off,2,3073,1.7
cdf_fs,off,2,3074,1.729
cdf_fs,off,2,3075,1.749
cdf_fs,off,2,3076,1.729
cdf_fs,off,2,3077,1.78
cdf_fs,off,2,3078,2.22
cdf_fs,off,2,3079,1.729
cdf_fs,off,2,3080,2.129
cdf_fs,off,2,3081,1.74
cdf_fs,off,2,3082,2.091
cdf_fs,off,2,3083,2.251
cdf_fs,off,2,3084,1.74
cdf_fs,off,2,3085,1.72
cdf_fs,off,2,3086,2.32
cdf_fs,off,2,3087,1.78
cdf_fs,off,2,3088,1.769
cdf_fs,off,2,3089,1.72
cdf_fs,off,2,3090,1.72
cdf_fs,off,2,3091,1.731
cdf_fs,off,2,3092,1.731
cdf_fs,off,2,3093,1.72
cdf_fs,off,2,3094,2.191
cdf_fs,off,2,3095,2.56
cdf_fs,off,2,3096,2.14
cdf_fs,off,2,3097,1.74
cdf_fs,off,2,3098,1.849
cdf_fs,off,2,3099,1.729
cdf_fs,off,2,3100,1.76
cdf_fs,off,2,3101,1.72
cdf_fs,off,2,3102,2.16
cdf_fs,off,2,3103,1.78
cdf_fs,off,2,3104,2.271
cdf_fs,off,2,3105,2.051
cdf_fs,off,2,3106,2.191
cdf_fs,off,2,3107,1.751
cdf_fs,off,2,3108,1.74
cdf_fs,off,2,3109,2.08
cdf_fs,off,2,3110,1.731
cdf_fs,off,2,3111,1.749
cdf_fs,off,2,3112,1.749
cdf_fs,off,2,3113,1.749
cdf_fs,off,2,3114,1.829
cdf_fs,off,2,3115,1.749
cdf_fs,off,2,3116,1.76
cdf_fs,off,2,3117,1.8
cdf_fs,off,2,3118,1.74
cdf_fs,off,2,3119,1.711
cdf_fs,off,2,3120,1.72
cdf_fs,off,2,3121,1.751
cdf_fs,off,2,3122,2.28
cdf_fs,off,2,3123,2.049
cdf_fs,off,2,3124,1.76
cdf_fs,off,2,3125,1.731
cdf_fs,off,2,3126,2.1
cdf_fs,off,2,3127,2.26
cdf_fs,off,2,3128,2.111
cdf_fs,off,2,3129,1.751
cdf_fs,off,2,3130,1.74
cdf_fs,off,2,3131,1.709
cdf_fs,off,2,3132,2.04
cdf_fs,off,2,3133,1.729
cdf_fs,off,2,3134,1.82
cdf_fs,off,2,3135,1.769
cdf_fs,off,2,3136,2.16
cdf_fs,off,2,3137,1.74
cdf_fs,off,2,3138,1.771
cdf_fs,off,2,3139,1.8
cdf_fs,off,2,3140,1.811
cdf_fs,off,2,3141,2.1
cdf_fs,off,2,3142,2.06
cdf_fs,off,2,3143,1.74
cdf_fs,off,2,3144,1.74
cdf_fs,off,2,3145,1.72
cdf_fs,off,2,3146,1.709
cdf_fs,off,2,3147,1.711
cdf_fs,off,2,3148,1.751
cdf_fs,off,2,3149,1.72
cdf_fs,off,2,3150,1.751
cdf_fs,off,2,3151,1.74
cdf_fs,off,2,3152,2.129
cdf_fs,off,2,3153,1.76
cdf_fs,off,2,3154,1.731
cdf_fs,off,2,3155,1.74
cdf_fs,off,2,3156,1.74
cdf_fs,off,2,3157,1.72
cdf_fs,off,2,3158,1.7
cdf_fs,off,2,3159,1.72
cdf_fs,off,2,3160,2.2
cdf_fs,off,2,3161,1.731
cdf_fs,off,2,3162,1.771
cdf_fs,off,2,3163,1.729
cdf_fs,off,2,3164,1.751
cdf_fs,off,2,3165,1.771
cdf_fs,off,2,3166,1.731
cdf_fs,off,2,3167,1.74
cdf_fs,off,2,3168,1.711
cdf_fs,off,2,3169,2.171
cdf_fs,off,2,3170,1.72
cdf_fs,off,2,3171,1.72
cdf_fs,off,2,3172,2.1
cdf_fs,off,2,3173,1.72
cdf_fs,off,2,3174,1.76
cdf_fs,off,2,3175,1.78
cdf_fs,off,2,3176,1.709
cdf_fs,off,2,3177,1.751
cdf_fs,off,2,3178,1.72
cdf_fs,off,2,3179,1.74
cdf_fs,off,2,3180,1.7
cdf_fs,off,2,3181,1.771
cdf_fs,off,2,3182,1.851
cdf_fs,off,2,3183,1.74
cdf_fs,off,2,3184,1.7
cdf_fs,off,2,3185,2.149
cdf_fs,off,2,3186,1.74
cdf_fs,off,2,3187,1.731
cdf_fs,off,2,3188,1.72
cdf_fs,off,2,3189,1.729
cdf_fs,off,2,3190,1.729
cdf_fs,off,2,3191,2.271
cdf_fs,off,2,3192,1.751
cdf_fs,off,2,3193,2.26
cdf_fs,off,2,3194,1.749
cdf_fs,off,2,3195,1.76
cdf_fs,off,2,3196,1.811
cdf_fs,off,2,3197,2.12
cdf_fs,off,2,3198,1.84
cdf_fs,off,2,3199,1.82
cdf_fs,off,2,3200,1.949
cdf_fs,off,2,3201,2.229
cdf_fs,off,2,3202,2.28
cdf_fs,off,2,3203,1.78
cdf_fs,off,2,3204,1.82
cdf_fs,off,2,3205,1.771
cdf_fs,off,2,3206,1.729
cdf_fs,off,2,3207,2.049
cdf_fs,off,2,3208,1.731
cdf_fs,off,2,3209,2.08
cdf_fs,off,2,3210,2.18
cdf_fs,off,2,3211,1.749
cdf_fs,off,2,3212,1.751
cdf_fs,off,2,3213,2.16
cdf_fs,off,2,3214,2.12
cdf_fs,off,2,3215,1.749
cdf_fs,off,2,3216,1.731
cdf_fs,off,2,3217,2.08
cdf_fs,off,2,3218,2.1
cdf_fs,off,2,3219,2.06
cdf_fs,off,2,3220,1.82
cdf_fs,off,2,3221,2.351
cdf_fs,off,2,3222,2.171
cdf_fs,off,2,3223,2.08
cdf_fs,off,2,3224,1.769
cdf_fs,off,2,3225,1.8
cdf_fs,off,2,3226,1.78
cdf_fs,off,2,3227,2.34
cdf_fs,off,2,3228,1.811
cdf_fs,off,2,3229,2.071
cdf_fs,off,2,3230,1.771
cdf_fs,off,2,3231,1.76
cdf_fs,off,2,3232,1.751
cdf_fs,off,2,3233,1.76
cdf_fs,off,2,3234,1.769
cdf_fs,off,2,3235,1.731
cdf_fs,off,2,3236,1.809
cdf_fs,off,2,3237,2.291
cdf_fs,off,2,3238,2.209
cdf_fs,off,2,3239,1.751
cdf_fs,off,2,3240,2.24
cdf_fs,off,2,3241,1.78
cdf_fs,off,2,3242,2.14
cdf_fs,off,2,3243,1.749
cdf_fs,off,2,3244,2.22
cdf_fs,off,2,3245,1.74
cdf_fs,off,2,3246,1.749
cdf_fs,off,2,3247,1.74
cdf_fs,off,2,3248,1.849
cdf_fs,off,2,3249,1.789
cdf_fs,off,2,3250,1.711
cdf_fs,off,2,3251,1.92
cdf_fs,off,2,3252,2.089
cdf_fs,off,2,3253,7.931
cdf_fs,off,2,3254,1.971
cdf_fs,off,2,3255,1.751
cdf_fs,off,2,3256,2.16
cdf_fs,off,2,3257,1.82
cdf_fs,off,2,3258,1.751
cdf_fs,off,2,3259,2.131
cdf_fs,off,2,3260,1.789
cdf_fs,off,2,3261,1.76
cdf_fs,off,2,3262,1.88
cdf_fs,off,2,3263,1.74
cdf_fs,off,2,3264,2.231
cdf_fs,off,2,3265,1.76
cdf_fs,off,2,3266,1.731
cdf_fs,off,2,3267,1.78
cdf_fs,off,2,3268,1.7
cdf_fs,off,2,3269,1.78
cdf_fs,off,2,3270,2.18
cdf_fs,off,2,3271,2.171
cdf_fs,off,2,3272,1.789
cdf_fs,off,2,3273,1.769
cdf_fs,off,2,3274,1.809
cdf_fs,off,2,3275,1.72
cdf_fs,off,2,3276,2.18
cdf_fs,off,2,3277,2.011
cdf_fs,off,2,3278,2.2
cdf_fs,off,2,3279,1.74
cdf_fs,off,2,3280,2.129
cdf_fs,off,2,3281,1.769
cdf_fs,off,2,3282,2.12
cdf_fs,off,2,3283,2.08
cdf_fs,off,2,3284,1.74
cdf_fs,off,2,3285,1.76
cdf_fs,off,2,3286,1.74
cdf_fs,off,2,3287,2.229
cdf_fs,off,2,3288,1.751
cdf_fs,off,2,3289,1.78
cdf_fs,off,2,3290,1.709
cdf_fs,off,2,3291,1.76
cdf_fs,off,2,3292,1.729
cdf_fs,off,2,3293,2.249
cdf_fs,off,2,3294,1.76
cdf_fs,off,2,3295,1.791
cdf_fs,off,2,3296,1.76
cdf_fs,off,2,3297,1.74
cdf_fs,off,2,3298,2.189
cdf_fs,off,2,3299,2.02
cdf_fs,off,2,3300,2.1
cdf_fs,off,2,3301,2.251
cdf_fs,off,2,3302,2.12
cdf_fs,off,2,3303,1.74
cdf_fs,off,2,3304,2.08
cdf_fs,off,2,3305,1.751
cdf_fs,off,2,3306,1.76
cdf_fs,off,2,3307,2.129
cdf_fs,off,2,3308,1.78
cdf_fs,off,2,3309,1.74
cdf_fs,off,2,3310,1.771
cdf_fs,off,2,3311,1.82
cdf_fs,off,2,3312,1.8
cdf_fs,off,2,3313,2.069
cdf_fs,off,2,3314,2.031
cdf_fs,off,2,3315,1.72
cdf_fs,off,2,3316,1.751
cdf_fs,off,2,3317,2.22
cdf_fs,off,2,3318,1.76
cdf_fs,off,2,3319,2.171
cdf_fs,off,2,3320,1.751
cdf_fs,off,2,3321,1.811
cdf_fs,off,2,3322,1.76
cdf_fs,off,2,3323,1.78
cdf_fs,off,2,3324,1.711
cdf_fs,off,2,3325,1.771
cdf_fs,off,2,3326,1.751
cdf_fs,off,2,3327,1.751
cdf_fs,off,2,3328,1.731
cdf_fs,off,2,3329,1.72
cdf_fs,off,2,3330,2.06
cdf_fs,off,2,3331,1.751
cdf_fs,off,2,3332,1.74
cdf_fs,off,2,3333,1.729
cdf_fs,off,2,3334,1.731
cdf_fs,off,2,3335,1.731
cdf_fs,off,2,3336,1.729
cdf_fs,off,2,3337,2.14
cdf_fs,off,2,3338,2.22
cdf_fs,off,2,3339,1.76
cdf_fs,off,2,3340,1.8
cdf_fs,off,2,3341,1.76
cdf_fs,off,2,3342,2.06
cdf_fs,off,2,3343,1.76
cdf_fs,off,2,3344,1.72
cdf_fs,off,2,3345,2.18
cdf_fs,off,2,3346,1.749
cdf_fs,off,2,3347,1.74
cdf_fs,off,2,3348,2.08
cdf_fs,off,2,3349,1.86
cdf_fs,off,2,3350,2.349
cdf_fs,off,2,3351,1.951
cdf_fs,off,2,3352,1.72
cdf_fs,off,2,3353,2.111
cdf_fs,off,2,3354,1.751
cdf_fs,off,2,3355,1.7
cdf_fs,off,2,3356,2.12
cdf_fs,off,2,3357,1.76
cdf_fs,off,2,3358,2.24
cdf_fs,off,2,3359,1.78
cdf_fs,off,2,3360,1.76
cdf_fs,off,2,3361,1.76
cdf_fs,off,2,3362,1.76
cdf_fs,off,2,3363,1.74
cdf_fs,off,2,3364,1.751
cdf_fs,off,2,3365,1.731
cdf_fs,off,2,3366,1.74
cdf_fs,off,2,3367,1.951
cdf_fs,off,2,3368,2.16
cdf_fs,off,2,3369,1.729
cdf_fs,off,2,3370,1.76
cdf_fs,off,2,3371,1.829
cdf_fs,off,2,3372,1.749
cdf_fs,off,2,3373,1.72
cdf_fs,off,2,3374,1.889
cdf_fs,off,2,3375,2.08
cdf_fs,off,2,3376,1.78
cdf_fs,off,2,3377,1.76
cdf_fs,off,2,3378,1.76
cdf_fs,off,2,3379,1.74
cdf_fs,off,2,3380,1.78
cdf_fs,off,2,3381,1.8
cdf_fs,off,2,3382,1.749
cdf_fs,off,2,3383,1.82
cdf_fs,off,2,3384,2.36
cdf_fs,off,2,3385,1.74
cdf_fs,off,2,3386,2.16
cdf_fs,off,2,3387,1.751
cdf_fs,off,2,3388,1.76
cdf_fs,off,2,3389,1.749
cdf_fs,off,2,3390,1.84
cdf_fs,off,2,3391,1.74
cdf_fs,off,2,3392,1.751
cdf_fs,off,2,3393,1.749
cdf_fs,off,2,3394,1.749
cdf_fs,off,2,3395,1.76
cdf_fs,off,2,3396,1.749
cdf_fs,off,2,3397,1.74
cdf_fs,off,2,3398,1.74
cdf_fs,off,2,3399,1.769
cdf_fs,off,2,3400,1.74
cdf_fs,off,2,3401,2.051
cdf_fs,off,2,3402,1.76
cdf_fs,off,2,3403,1.751
cdf_fs,off,2,3404,1.7
cdf_fs,off,2,3405,1.731
cdf_fs,off,2,3406,2.111
cdf_fs,off,2,3407,2.22
cdf_fs,off,2,3408,2.2
cdf_fs,off,2,3409,1.769
cdf_fs,off,2,3410,1.769
cdf_fs,off,2,3411,1.74
cdf_fs,off,2,3412,1.74
cdf_fs,off,2,3413,2.131
cdf_fs,off,2,3414,1.74
cdf_fs,off,2,3415,1.789
cdf_fs,off,2,3416,1.76
cdf_fs,off,2,3417,2.12
cdf_fs,off,2,3418,1.74
cdf_fs,off,2,3419,1.76
cdf_fs,off,2,3420,1.76
cdf_fs,off,2,3421,1.749
cdf_fs,off,2,3422,1.8
cdf_fs,off,2,3423,2.271
cdf_fs,off,2,3424,1.729
cdf_fs,off,2,3425,1.72
cdf_fs,off,2,3426,1.749
cdf_fs,off,2,3427,1.751
cdf_fs,off,2,3428,1.709
cdf_fs,off,2,3429,1.72
cdf_fs,off,2,3430,1.709
cdf_fs,off,2,3431,1.711
cdf_fs,off,2,3432,1.74
cdf_fs,off,2,3433,2.08
cdf_fs,off,2,3434,1.78
cdf_fs,off,2,3435,1.78
cdf_fs,off,2,3436,2.2
cdf_fs,off,2,3437,1.769
cdf_fs,off,2,3438,1.8
cdf_fs,off,2,3439,1.8
cdf_fs,off,2,3440,2.14
cdf_fs,off,2,3441,1.78
cdf_fs,off,2,3442,1.76
cdf_fs,off,2,3443,1.729
cdf_fs,off,2,3444,1.731
cdf_fs,off,2,3445,1.74
cdf_fs,off,2,3446,1.769
cdf_fs,off,2,3447,1.711
cdf_fs,off,2,3448,1.76
cdf_fs,off,2,3449,2.1
cdf_fs,off,2,3450,1.76
cdf_fs,off,2,3451,2.24
cdf_fs,off,2,3452,1.8
cdf_fs,off,2,3453,1.729
cdf_fs,off,2,3454,1.78
cdf_fs,off,2,3455,1.72
cdf_fs,off,2,3456,2.06
cdf_fs,off,2,3457,1.769
cdf_fs,off,2,3458,1.731
cdf_fs,off,2,3459,1.74
cdf_fs,off,2,3460,1.72
cdf_fs,off,2,3461,2.389
cdf_fs,off,2,3462,1.769
cdf_fs,off,2,3463,1.74
cdf_fs,off,2,3464,2.26
cdf_fs,off,2,3465,1.74
cdf_fs,off,2,3466,1.731
cdf_fs,off,2,3467,1.74
cdf_fs,off,2,3468,1.711
cdf_fs,off,2,3469,2.27
cdf_fs,off,2,3470,2.23
cdf_fs,off,2,3471,1.77
cdf_fs,off,2,3472,1.73
cdf_fs,off,2,3473,1.73
cdf_fs,off,2,3474,1.78
cdf_fs,off,2,3475,1.75
cdf_fs,off,2,3476,1.71
cdf_fs,off,2,3477,1.72
cdf_fs,off,2,3478,1.72
cdf_fs,off,2,3479,1.77
cdf_fs,off,2,3480,1.74
cdf_fs,off,2,3481,1.71
cdf_fs,off,2,3482,1.73
cdf_fs,off,2,3483,1.82
cdf_fs,off,2,3484,1.79
cdf_fs,off,2,3485,1.73
cdf_fs,off,2,3486,2.11
cdf_fs,off,2,3487,1.79
cdf_fs,off,2,3488,1.75
cdf_fs,off,2,3489,2.26
cdf_fs,off,2,3490,2.06
cdf_fs,off,2,3491,1.79
cdf_fs,off,2,3492,1.78
cdf_fs,off,2,3493,1.77
cdf_fs,off,2,3494,1.86
cdf_fs,off,2,3495,2.21
cdf_fs,off,2,3496,1.76
cdf_fs,off,2,3497,1.72
cdf_fs,off,2,3498,1.74
cdf_fs,off,2,3499,1.76
cdf_fs,off,2,3500,1.72
cdf_fs,off,2,3501,2.08
cdf_fs,off,2,3502,1.76
cdf_fs,off,2,3503,1.77
cdf_fs,off,2,3504,2.1
cdf_fs,off,2,3505,1.75
cdf_fs,off,2,3506,1.74
cdf_fs,off,2,3507,2.13
cdf_fs,off,2,3508,2.11
cdf_fs,off,2,3509,2.35
cdf_fs,off,2,3510,2.05
cdf_fs,off,2,3511,1.74
cdf_fs,off,2,3512,1.7
cdf_fs,off,2,3513,1.79
cdf_fs,off,2,3514,1.75
cdf_fs,off,2,3515,1.73
cdf_fs,off,2,3516,1.73
cdf_fs,off,2,3517,1.76
cdf_fs,off,2,3518,1.71
cdf_fs,off,2,3519,1.75
cdf_fs,off,2,3520,2.17
cdf_fs,off,2,3521,1.74
cdf_fs,off,2,3522,1.76
cdf_fs,off,2,3523,1.73
cdf_fs,off,2,3524,1.75
cdf_fs,off,2,3525,1.73
cdf_fs,off,2,3526,1.74
cdf_fs,off,2,3527,1.73
cdf_fs,off,2,3528,1.76
cdf_fs,off,2,3529,1.77
cdf_fs,off,2,3530,2.25
cdf_fs,off,2,3531,1.74
cdf_fs,off,2,3532,1.75
cdf_fs,off,2,3533,1.72
cdf_fs,off,2,3534,1.73
cdf_fs,off,2,3535,1.78
cdf_fs,off,2,3536,1.75
cdf_fs,off,2,3537,1.78
cdf_fs,off,2,3538,2.12
cdf_fs,off,2,3539,1.74
cdf_fs,off,2,3540,1.83
cdf_fs,off,2,3541,1.78
cdf_fs,off,2,3542,1.73
cdf_fs,off,2,3543,1.76
cdf_fs,off,2,3544,1.72
cdf_fs,off,2,3545,2.24
cdf_fs,off,2,3546,1.85
cdf_fs,off,2,3547,2.08
cdf_fs,off,2,3548,1.86
cdf_fs,off,2,3549,1.75
cdf_fs,off,2,3550,1.73
cdf_fs,off,2,3551,1.73
cdf_fs,off,2,3552,1.73
cdf_fs,off,2,3553,1.77
cdf_fs,off,2,3554,1.72
cdf_fs,off,2,3555,1.79
cdf_fs,off,2,3556,2.28
cdf_fs,off,2,3557,1.73
cdf_fs,off,2,3558,1.75
cdf_fs,off,2,3559,2.09
cdf_fs,off,2,3560,1.75
cdf_fs,off,2,3561,1.74
cdf_fs,off,2,3562,2.16
cdf_fs,off,2,3563,1.77
cdf_fs,off,2,3564,1.75
cdf_fs,off,2,3565,1.75
cdf_fs,off,2,3566,1.73
cdf_fs,off,2,3567,1.75
cdf_fs,off,2,3568,1.83
cdf_fs,off,2,3569,1.74
cdf_fs,off,2,3570,1.71
cdf_fs,off,2,3571,1.75
cdf_fs,off,2,3572,1.71
cdf_fs,off,2,3573,1.8
cdf_fs,off,2,3574,1.73
cdf_fs,off,2,3575,2.1
cdf_fs,off,2,3576,1.75
cdf_fs,off,2,3577,1.79
cdf_fs,off,2,3578,1.73
cdf_fs,off,2,3579,1.71
cdf_fs,off,2,3580,1.78
cdf_fs,off,2,3581,2.13
cdf_fs,off,2,3582,1.74
cdf_fs,off,2,3583,2.1
cdf_fs,off,2,3584,1.72
cdf_fs,off,2,3585,2.26
cdf_fs,off,2,3586,1.73
cdf_fs,off,2,3587,1.73
cdf_fs,off,2,3588,1.78
cdf_fs,off,2,3589,2.07
cdf_fs,off,2,3590,1.78
cdf_fs,off,2,3591,1.75
cdf_fs,off,2,3592,1.73
cdf_fs,off,2,3593,1.73
cdf_fs,off,2,3594,2.07
cdf_fs,off,2,3595,1.75
cdf_fs,off,2,3596,1.8
cdf_fs,off,2,3597,1.73
cdf_fs,off,2,3598,2.24
cdf_fs,off,2,3599,1.76
cdf_fs,off,2,3600,1.85
cdf_fs,off,2,3601,1.74
cdf_fs,off,2,3602,2.2
cdf_fs,off,2,3603,1.85
cdf_fs,off,2,3604,1.7
cdf_fs,off,2,3605,1.76
cdf_fs,off,2,3606,1.73
cdf_fs,off,2,3607,1.74
cdf_fs,off,2,3608,2.04
cdf_fs,off,2,3609,1.77
cdf_fs,off,2,3610,2.3
cdf_fs,off,2,3611,1.74
cdf_fs,off,2,3612,2.09
cdf_fs,off,2,3613,1.76
cdf_fs,off,2,3614,1.78
cdf_fs,off,2,3615,1.74
cdf_fs,off,2,3616,1.74
cdf_fs,off,2,3617,1.75
cdf_fs,off,2,3618,1.71
cdf_fs,off,2,3619,1.74
cdf_fs,off,2,3620,1.75
cdf_fs,off,2,3621,1.75
cdf_fs,off,2,3622,2.18
cdf_fs,off,2,3623,1.75
cdf_fs,off,2,3624,1.76
cdf_fs,off,2,3625,1.76
cdf_fs,off,2,3626,1.87
cdf_fs,off,2,3627,2.31
cdf_fs,off,2,3628,1.76
cdf_fs,off,2,3629,2.3
cdf_fs,off,2,3630,1.78
cdf_fs,off,2,3631,1.74
cdf_fs,off,2,3632,1.73
cdf_fs,off,2,3633,1.78
cdf_fs,off,2,3634,1.77
cdf_fs,off,2,3635,1.82
cdf_fs,off,2,3636,1.75
cdf_fs,off,2,3637,2.09
cdf_fs,off,2,3638,1.78
cdf_fs,off,2,3639,2.23
cdf_fs,off,2,3640,1.74
cdf_fs,off,2,3641,2.1
cdf_fs,off,2,3642,1.76
cdf_fs,off,2,3643,1.82
cdf_fs,off,2,3644,1.76
cdf_fs,off,2,3645,1.77
cdf_fs,off,2,3646,1.74
cdf_fs,off,2,3647,1.73
cdf_fs,off,2,3648,2.25
cdf_fs,off,2,3649,1.74
cdf_fs,off,2,3650,1.83
cdf_fs,off,2,3651,1.82
cdf_fs,off,2,3652,1.77
cdf_fs,off,2,3653,2.2
cdf_fs,off,2,3654,1.79
cdf_fs,off,2,3655,2.23
cdf_fs,off,2,3656,1.77
cdf_fs,off,2,3657,1.8
cdf_fs,off,2,3658,1.74
cdf_fs,off,2,3659,2.14
cdf_fs,off,2,3660,1.75
cdf_fs,off,2,3661,1.86
cdf_fs,off,2,3662,1.85
cdf_fs,off,2,3663,1.77
cdf_fs,off,2,3664,1.73
cdf_fs,off,2,3665,1.76
cdf_fs,off,2,3666,1.77
cdf_fs,off,2,3667,1.76
cdf_fs,off,2,3668,1.78
cdf_fs,off,2,3669,1.72
cdf_fs,off,2,3670,2.07
cdf_fs,off,2,3671,1.75
cdf_fs,off,2,3672,1.73
cdf_fs,off,2,3673,1.74
cdf_fs,off,2,3674,1.73
cdf_fs,off,2,3675,1.74
cdf_fs,off,2,3676,2.26
cdf_fs,off,2,3677,2.2
cdf_fs,off,2,3678,1.74
cdf_fs,off,2,3679,1.74
cdf_fs,off,2,3680,2.13
cdf_fs,off,2,3681,2.07
cdf_fs,off,2,3682,1.76
cdf_fs,off,2,3683,1.73
cdf_fs,off,2,3684,1.73
cdf_fs,off,2,3685,1.74
cdf_fs,off,2,3686,1.73
cdf_fs,off,2,3687,1.74
cdf_fs,off,2,3688,1.72
cdf_fs,off,2,3689,2.23
cdf_fs,off,2,3690,1.74
cdf_fs,off,2,3691,1.78
cdf_fs,off,2,3692,2.07
cdf_fs,off,2,3693,2.17
cdf_fs,off,2,3694,1.74
cdf_fs,off,2,3695,1.81
cdf_fs,off,2,3696,1.74
cdf_fs,off,2,3697,1.82
cdf_fs,off,2,3698,1.72
cdf_fs,off,2,3699,1.71
cdf_fs,off,2,3700,1.74
cdf_fs,off,2,3701,1.73
cdf_fs,off,2,3702,1.73
cdf_fs,off,2,3703,2.07
cdf_fs,off,2,3704,1.82
cdf_fs,off,2,3705,1.72
cdf_fs,off,2,3706,2.07
cdf_fs,off,2,3707,2.63
cdf_fs,off,2,3708,1.78
cdf_fs,off,2,3709,1.77
cdf_fs,off,2,3710,1.74
cdf_fs,off,2,3711,1.8
cdf_fs,off,2,3712,1.76
cdf_fs,off,2,3713,1.87
cdf_fs,off,2,3714,1.73
cdf_fs,off,2,3715,2.1
cdf_fs,off,2,3716,1.88
cdf_fs,off,2,3717,1.75
cdf_fs,off,2,3718,2.16
cdf_fs,off,2,3719,1.78
cdf_fs,off,2,3720,1.76
cdf_fs,off,2,3721,1.88
cdf_fs,off,2,3722,1.73
cdf_fs,off,2,3723,1.8
cdf_fs,off,2,3724,1.79
cdf_fs,off,2,3725,1.71
cdf_fs,off,2,3726,1.7
cdf_fs,off,2,3727,1.77
cdf_fs,off,2,3728,1.75
cdf_fs,off,2,3729,1.75
cdf_fs,off,2,3730,1.72
cdf_fs,off,2,3731,1.82
cdf_fs,off,2,3732,1.76
cdf_fs,off,2,3733,2.24
cdf_fs,off,2,3734,1.8
cdf_fs,off,2,3735,1.85
cdf_fs,off,2,3736,1.77
cdf_fs,off,2,3737,1.73
cdf_fs,off,2,3738,1.79
cdf_fs,off,2,3739,2.26
cdf_fs,off,2,3740,1.77
cdf_fs,off,2,3741,1.78
cdf_fs,off,2,3742,2.21
cdf_fs,off,2,3743,1.77
cdf_fs,off,2,3744,1.75
cdf_fs,off,2,3745,2.07
cdf_fs,off,2,3746,1.75
cdf_fs,off,2,3747,1.79
cdf_fs,off,2,3748,1.73
cdf_fs,off,2,3749,1.75
cdf_fs,off,2,3750,1.74
cdf_fs,off,2,3751,1.84
cdf_fs,off,2,3752,2.32
cdf_fs,off,2,3753,2.1
cdf_fs,off,2,3754,1.76
cdf_fs,off,2,3755,1.74
cdf_fs,off,2,3756,1.73
cdf_fs,off,2,3757,5.71
cdf_fs,off,2,3758,2.97
cdf_fs,off,2,3759,2.27
cdf_fs,off,2,3760,2.31
cdf_fs,off,2,3761,1.79
cdf_fs,off,2,3762,1.93
cdf_fs,off,2,3763,1.74
cdf_fs,off,2,3764,1.75
cdf_fs,off,2,3765,1.74
cdf_fs,off,2,3766,1.74
cdf_fs,off,2,3767,1.76
cdf_fs,off,2,3768,1.77
cdf_fs,off,2,3769,2.06
cdf_fs,off,2,3770,1.84
cdf_fs,off,2,3771,1.75
cdf_fs,off,2,3772,1.78
cdf_fs,off,2,3773,2.14
cdf_fs,off,2,3774,1.8
cdf_fs,off,2,3775,1.75
cdf_fs,off,2,3776,1.74
cdf_fs,off,2,3777,1.78
cdf_fs,off,2,3778,2.2
cdf_fs,off,2,3779,1.77
cdf_fs,off,2,3780,2.05
cdf_fs,off,2,3781,1.78
cdf_fs,off,2,3782,2.29
cdf_fs,off,2,3783,1.75
cdf_fs,off,2,3784,1.75
cdf_fs,off,2,3785,1.75
cdf_fs,off,2,3786,1.81
cdf_fs,off,2,3787,1.76
cdf_fs,off,2,3788,1.75
cdf_fs,off,2,3789,1.74
cdf_fs,off,2,3790,1.74
cdf_fs,off,2,3791,1.74
cdf_fs,off,2,3792,1.76
cdf_fs,off,2,3793,2.24
cdf_fs,off,2,3794,1.76
cdf_fs,off,2,3795,2.22
cdf_fs,off,2,3796,1.88
cdf_fs,off,2,3797,1.77
cdf_fs,off,2,3798,1.75
cdf_fs,off,2,3799,2.22
cdf_fs,off,2,3800,1.76
cdf_fs,off,2,3801,1.83
cdf_fs,off,2,3802,2.15
cdf_fs,off,2,3803,1.83
cdf_fs,off,2,3804,1.99
cdf_fs,off,2,3805,2.11
cdf_fs,off,2,3806,2.1
cdf_fs,off,2,3807,1.74
cdf_fs,off,2,3808,1.77
cdf_fs,off,2,3809,1.75
cdf_fs,off,2,3810,2.22
cdf_fs,off,2,3811,1.74
cdf_fs,off,2,3812,1.75
cdf_fs,off,2,3813,1.73
cdf_fs,off,2,3814,1.78
cdf_fs,off,2,3815,2.11
cdf_fs,off,2,3816,1.76
cdf_fs,off,2,3817,1.76
cdf_fs,off,2,3818,1.76
cdf_fs,off,2,3819,1.77
cdf_fs,off,2,3820,1.74
cdf_fs,off,2,3821,1.73
cdf_fs,off,2,3822,1.75
cdf_fs,off,2,3823,1.79
cdf_fs,off,2,3824,2.41
cdf_fs,off,2,3825,2.14
cdf_fs,off,2,3826,1.79
cdf_fs,off,2,3827,2.07
cdf_fs,off,2,3828,1.8
cdf_fs,off,2,3829,1.74
cdf_fs,off,2,3830,1.76
cdf_fs,off,2,3831,1.73
cdf_fs,off,2,3832,2.27
cdf_fs,off,2,3833,1.78
cdf_fs,off,2,3834,1.74
cdf_fs,off,2,3835,1.75
cdf_fs,off,2,3836,2.18
cdf_fs,off,2,3837,1.76
cdf_fs,off,2,3838,1.74
cdf_fs,off,2,3839,2.08
cdf_fs,off,2,3840,2.16
cdf_fs,off,2,3841,1.77
cdf_fs,off,2,3842,1.81
cdf_fs,off,2,3843,1.74
cdf_fs,off,2,3844,1.73
cdf_fs,off,2,3845,1.74
cdf_fs,off,2,3846,1.75
cdf_fs,off,2,3847,1.75
cdf_fs,off,2,3848,1.73
cdf_fs,off,2,3849,1.74
cdf_fs,off,2,3850,1.76
cdf_fs,off,2,3851,1.72
cdf_fs,off,2,3852,1.73
cdf_fs,off,2,3853,1.8
cdf_fs,off,2,3854,2.08
cdf_fs,off,2,3855,1.74
cdf_fs,off,2,3856,2.29
cdf_fs,off,2,3857,1.82
cdf_fs,off,2,3858,1.79
cdf_fs,off,2,3859,1.76
cdf_fs,off,2,3860,1.76
cdf_fs,off,2,3861,1.72
cdf_fs,off,2,3862,1.79
cdf_fs,off,2,3863,1.76
cdf_fs,off,2,3864,2.18
cdf_fs,off,2,3865,1.82
cdf_fs,off,2,3866,1.72
cdf_fs,off,2,3867,1.73
cdf_fs,off,2,3868,1.75
cdf_fs,off,2,3869,1.78
cdf_fs,off,2,3870,2.1
cdf_fs,off,2,3871,2.13
cdf_fs,off,2,3872,1.75
cdf_fs,off,2,3873,1.77
cdf_fs,off,2,3874,2.15
cdf_fs,off,2,3875,2.1
cdf_fs,off,2,3876,1.76
cdf_fs,off,2,3877,1.74
cdf_fs,off,2,3878,1.73
cdf_fs,off,2,3879,1.75
cdf_fs,off,2,3880,2.06
cdf_fs,off,2,3881,1.76
cdf_fs,off,2,3882,2.21
cdf_fs,off,2,3883,1.77
cdf_fs,off,2,3884,2.07
cdf_fs,off,2,3885,2.17
cdf_fs,off,2,3886,1.76
cdf_fs,off,2,3887,2.32
cdf_fs,off,2,3888,2.22
cdf_fs,off,2,3889,1.81
cdf_fs,off,2,3890,1.74
cdf_fs,off,2,3891,1.75
cdf_fs,off,2,3892,1.74
cdf_fs,off,2,3893,1.78
cdf_fs,off,2,3894,1.72
cdf_fs,off,2,3895,1.74
cdf_fs,off,2,3896,1.72
cdf_fs,off,2,3897,1.74
cdf_fs,off,2,3898,1.93
cdf_fs,off,2,3899,2.16
cdf_fs,off,2,3900,1.75
cdf_fs,off,2,3901,1.87
cdf_fs,off,2,3902,1.73
cdf_fs,off,2,3903,1.74
cdf_fs,off,2,3904,1.72
cdf_fs,off,2,3905,1.75
cdf_fs,off,2,3906,1.74
cdf_fs,off,2,3907,1.7
cdf_fs,off,2,3908,1.72
cdf_fs,off,2,3909,2.17
cdf_fs,off,2,3910,1.8
cdf_fs,off,2,3911,2.17
cdf_fs,off,2,3912,1.75
cdf_fs,off,2,3913,1.73
cdf_fs,off,2,3914,2.31
cdf_fs,off,2,3915,2.08
cdf_fs,off,2,3916,1.75
cdf_fs,off,2,3917,2.21
cdf_fs,off,2,3918,2.15
cdf_fs,off,2,3919,1.77
cdf_fs,off,2,3920,2.06
cdf_fs,off,2,3921,1.75
cdf_fs,off,2,3922,1.75
cdf_fs,off,2,3923,1.72
cdf_fs,off,2,3924,1.75
cdf_fs,off,2,3925,1.78
cdf_fs,off,2,3926,1.78
cdf_fs,off,2,3927,1.79
cdf_fs,off,2,3928,2.15
cdf_fs,off,2,3929,2.07
cdf_fs,off,2,3930,2.13
cdf_fs,off,2,3931,1.79
cdf_fs,off,2,3932,1.78
cdf_fs,off,2,3933,2.14
cdf_fs,off,2,3934,1.75
cdf_fs,off,2,3935,1.75
cdf_fs,off,2,3936,1.74
cdf_fs,off,2,3937,2.13
cdf_fs,off,2,3938,1.74
cdf_fs,off,2,3939,1.8
cdf_fs,off,2,3940,2.16
cdf_fs,off,2,3941,1.78
cdf_fs,off,2,3942,1.75
cdf_fs,off,2,3943,1.73
cdf_fs,off,2,3944,1.75
cdf_fs,off,2,3945,1.77
cdf_fs,off,2,3946,1.7
cdf_fs,off,2,3947,1.75
cdf_fs,off,2,3948,1.7
cdf_fs,off,2,3949,2.11
cdf_fs,off,2,3950,1.8
cdf_fs,off,2,3951,1.72
cdf_fs,off,2,3952,1.8
cdf_fs,off,2,3953,1.74
cdf_fs,off,2,3954,1.74
cdf_fs,off,2,3955,2.06
cdf_fs,off,2,3956,1.74
cdf_fs,off,2,3957,1.79
cdf_fs,off,2,3958,1.76
cdf_fs,off,2,3959,1.74
cdf_fs,off,2,3960,2.06
cdf_fs,off,2,3961,1.74
cdf_fs,off,2,3962,1.78
cdf_fs,off,2,3963,2.09
cdf_fs,off,2,3964,1.75
cdf_fs,off,2,3965,1.82
cdf_fs,off,2,3966,1.71
cdf_fs,off,2,3967,1.72
cdf_fs,off,2,3968,1.71
cdf_fs,off,2,3969,1.78
cdf_fs,off,2,3970,1.72
cdf_fs,off,2,3971,1.8
cdf_fs,off,2,3972,1.77
cdf_fs,off,2,3973,1.79
cdf_fs,off,2,3974,1.79
cdf_fs,off,2,3975,1.75
cdf_fs,off,2,3976,1.73
cdf_fs,off,2,3977,1.75
cdf_fs,off,2,3978,1.74
cdf_fs,off,2,3979,2.22
cdf_fs,off,2,3980,1.75
cdf_fs,off,2,3981,1.76
cdf_fs,off,2,3982,1.75
cdf_fs,off,2,3983,1.78
cdf_fs,off,2,3984,1.78
cdf_fs,off,2,3985,2.07
cdf_fs,off,2,3986,1.78
cdf_fs,off,2,3987,1.74
cdf_fs,off,2,3988,1.74
cdf_fs,off,2,3989,1.75
cdf_fs,off,2,3990,1.76
cdf_fs,off,2,3991,1.74
cdf_fs,off,2,3992,1.74
cdf_fs,off,2,3993,1.75
cdf_fs,off,2,3994,1.82
cdf_fs,off,2,3995,1.79
cdf_fs,off,2,3996,1.81
cdf_fs,off,2,3997,2.18
cdf_fs,off,2,3998,1.74
cdf_fs,off,2,3999,1.76
cdf_fs,off,2,4000,2.1
cdf_fs,off,2,4001,1.75
cdf_fs,off,2,4002,1.8
cdf_fs,off,2,4003,2.21
cdf_fs,off,2,4004,2.13
cdf_fs,off,2,4005,1.86
cdf_fs,off,2,4006,1.76
cdf_fs,off,2,4007,1.75
cdf_fs,off,2,4008,2.11
cdf_fs,off,2,4009,1.76
cdf_fs,off,2,4010,1.75
cdf_fs,off,2,4011,1.74
cdf_fs,off,2,4012,1.76
cdf_fs,off,2,4013,1.72
cdf_fs,off,2,4014,1.76
cdf_fs,off,2,4015,2.02
cdf_fs,off,2,4016,1.83
cdf_fs,off,2,4017,1.72
cdf_fs,off,2,4018,1.77
cdf_fs,off,2,4019,1.75
cdf_fs,off,2,4020,1.75
cdf_fs,off,2,4021,1.72
cdf_fs,off,2,4022,1.73
cdf_fs,off,2,4023,1.71
cdf_fs,off,2,4024,2.24
cdf_fs,off,2,4025,1.78
cdf_fs,off,2,4026,1.77
cdf_fs,off,2,4027,2.21
cdf_fs,off,2,4028,1.78
cdf_fs,off,2,4029,1.75
cdf_fs,off,2,4030,1.75
cdf_fs,off,2,4031,1.74
cdf_fs,off,2,4032,1.74
cdf_fs,off,2,4033,1.7
cdf_fs,off,2,4034,2.12
cdf_fs,off,2,4035,1.74
cdf_fs,off,2,4036,1.75
cdf_fs,off,2,4037,1.78
cdf_fs,off,2,4038,1.72
cdf_fs,off,2,4039,1.77
cdf_fs,off,2,4040,2.06
cdf_fs,off,2,4041,1.74
cdf_fs,off,2,4042,1.81
cdf_fs,off,2,4043,1.72
cdf_fs,off,2,4044,1.73
cdf_fs,off,2,4045,1.79
cdf_fs,off,2,4046,1.72
cdf_fs,off,2,4047,2.12
cdf_fs,off,2,4048,1.74
cdf_fs,off,2,4049,2.08
cdf_fs,off,2,4050,1.99
cdf_fs,off,2,4051,1.77
cdf_fs,off,2,4052,1.79
cdf_fs,off,2,4053,1.73
cdf_fs,off,2,4054,1.74
cdf_fs,off,2,4055,1.74
cdf_fs,off,2,4056,1.71
cdf_fs,off,2,4057,1.72
cdf_fs,off,2,4058,1.75
cdf_fs,off,2,4059,1.8
cdf_fs,off,2,4060,1.71
cdf_fs,off,2,4061,1.73
cdf_fs,off,2,4062,1.8
cdf_fs,off,2,4063,1.72
cdf_fs,off,2,4064,2.72
cdf_fs,off,2,4065,1.79
cdf_fs,off,2,4066,1.79
cdf_fs,off,2,4067,1.82
cdf_fs,off,2,4068,1.73
cdf_fs,off,2,4069,1.74
cdf_fs,off,2,4070,1.78
cdf_fs,off,2,4071,1.72
cdf_fs,off,2,4072,2.26
cdf_fs,off,2,4073,1.83
cdf_fs,off,2,4074,1.73
cdf_fs,off,2,4075,1.74
cdf_fs,off,2,4076,1.72
cdf_fs,off,2,4077,1.72
cdf_fs,off,2,4078,1.74
cdf_fs,off,2,4079,1.8
cdf_fs,off,2,4080,1.72
cdf_fs,off,2,4081,1.74
cdf_fs,off,2,4082,1.71
cdf_fs,off,2,4083,1.7
cdf_fs,off,2,4084,1.71
cdf_fs,off,2,4085,1.85
cdf_fs,off,2,4086,2.18
cdf_fs,off,2,4087,2.05
cdf_fs,off,2,4088,1.83
cdf_fs,off,2,4089,1.79
cdf_fs,off,2,4090,1.76
cdf_fs,off,2,4091,1.72
cdf_fs,off,2,4092,1.74
cdf_fs,off,2,4093,1.71
cdf_fs,off,2,4094,1.75
cdf_fs,off,2,4095,1.72
cdf_fs,off,2,4096,2.07
cdf_fs,off,2,4097,1.76
cdf_fs,off,2,4098,1.78
cdf_fs,off,2,4099,1.72
cdf_fs,off,2,4100,1.74
cdf_fs,off,2,4101,2.26
cdf_fs,off,2,4102,1.74
cdf_fs,off,2,4103,1.76
cdf_fs,off,2,4104,1.73
cdf_fs,off,2,4105,1.77
cdf_fs,off,2,4106,1.77
cdf_fs,off,2,4107,1.73
cdf_fs,off,2,4108,1.72
cdf_fs,off,2,4109,1.73
cdf_fs,off,2,4110,1.82
cdf_fs,off,2,4111,1.73
cdf_fs,off,2,4112,1.72
cdf_fs,off,2,4113,1.73
cdf_fs,off,2,4114,1.74
cdf_fs,off,2,4115,1.71
cdf_fs,off,2,4116,1.76
cdf_fs,off,2,4117,1.71
cdf_fs,off,2,4118,1.72
cdf_fs,off,2,4119,2.28
cdf_fs,off,2,4120,1.72
cdf_fs,off,2,4121,2.1
cdf_fs,off,2,4122,1.78
cdf_fs,off,2,4123,1.73
cdf_fs,off,2,4124,2.13
cdf_fs,off,2,4125,1.8
cdf_fs,off,2,4126,1.78
cdf_fs,off,2,4127,2.14
cdf_fs,off,2,4128,1.75
cdf_fs,off,2,4129,2.05
cdf_fs,off,2,4130,2.09
cdf_fs,off,2,4131,1.78
cdf_fs,off,2,4132,1.75
cdf_fs,off,2,4133,1.82
cdf_fs,off,2,4134,1.75
cdf_fs,off,2,4135,1.74
cdf_fs,off,2,4136,1.74
cdf_fs,off,2,4137,1.73
cdf_fs,off,2,4138,1.74
cdf_fs,off,2,4139,1.71
cdf_fs,off,2,4140,1.71
cdf_fs,off,2,4141,1.76
cdf_fs,off,2,4142,1.75
cdf_fs,off,2,4143,1.73
cdf_fs,off,2,4144,1.74
cdf_fs,off,2,4145,1.74
cdf_fs,off,2,4146,1.75
cdf_fs,off,2,4147,2.14
cdf_fs,off,2,4148,2.08
cdf_fs,off,2,4149,1.82
cdf_fs,off,2,4150,1.74
cdf_fs,off,2,4151,1.75
cdf_fs,off,2,4152,1.72
cdf_fs,off,2,4153,1.75
cdf_fs,off,2,4154,1.73
cdf_fs,off,2,4155,1.74
cdf_fs,off,2,4156,1.73
cdf_fs,off,2,4157,1.81
cdf_fs,off,2,4158,2.27
cdf_fs,off,2,4159,1.83
cdf_fs,off,2,4160,1.73
cdf_fs,off,2,4161,1.75
cdf_fs,off,2,4162,1.75
cdf_fs,off,2,4163,1.74
cdf_fs,off,2,4164,1.78
cdf_fs,off,2,4165,1.75
cdf_fs,off,2,4166,1.73
cdf_fs,off,2,4167,1.76
cdf_fs,off,2,4168,1.73
cdf_fs,off,2,4169,1.91
cdf_fs,off,2,4170,1.71
cdf_fs,off,2,4171,1.73
cdf_fs,off,2,4172,1.72
cdf_fs,off,2,4173,1.7
cdf_fs,off,2,4174,1.8
cdf_fs,off,2,4175,1.72
cdf_fs,off,2,4176,1.74
cdf_fs,off,2,4177,2.1
cdf_fs,off,2,4178,1.76
cdf_fs,off,2,4179,1.81
cdf_fs,off,2,4180,1.76
cdf_fs,off,2,4181,1.76
cdf_fs,off,2,4182,1.78
cdf_fs,off,2,4183,1.74
cdf_fs,off,2,4184,1.73
cdf_fs,off,2,4185,1.71
cdf_fs,off,2,4186,1.78
cdf_fs,off,2,4187,1.77
cdf_fs,off,2,4188,1.86
cdf_fs,off,2,4189,1.71
cdf_fs,off,2,4190,2.15
cdf_fs,off,2,4191,1.73
cdf_fs,off,2,4192,2.3
cdf_fs,off,2,4193,1.85
cdf_fs,off,2,4194,1.78
cdf_fs,off,2,4195,1.73
cdf_fs,off,2,4196,2.2
cdf_fs,off,2,4197,1.78
cdf_fs,off,2,4198,1.73
cdf_fs,off,2,4199,2.21
cdf_fs,off,2,4200,1.75
cdf_fs,off,2,4201,1.78
cdf_fs,off,2,4202,1.74
cdf_fs,off,2,4203,1.76
cdf_fs,off,2,4204,1.74
cdf_fs,off,2,4205,1.74
cdf_fs,off,2,4206,1.72
cdf_fs,off,2,4207,2.16
cdf_fs,off,2,4208,1.76
cdf_fs,off,2,4209,1.72
cdf_fs,off,2,4210,1.9
cdf_fs,off,2,4211,1.7
cdf_fs,off,2,4212,1.71
cdf_fs,off,2,4213,1.73
cdf_fs,off,2,4214,2.3
cdf_fs,off,2,4215,2.15
cdf_fs,off,2,4216,1.77
cdf_fs,off,2,4217,2.32
cdf_fs,off,2,4218,1.76
cdf_fs,off,2,4219,1.81
cdf_fs,off,2,4220,1.74
cdf_fs,off,2,4221,1.73
cdf_fs,off,2,4222,1.72
cdf_fs,off,2,4223,1.73
cdf_fs,off,2,4224,1.71
cdf_fs,off,2,4225,1.72
cdf_fs,off,2,4226,2.18
cdf_fs,off,2,4227,1.79
cdf_fs,off,2,4228,1.75
cdf_fs,off,2,4229,1.8
cdf_fs,off,2,4230,1.78
cdf_fs,off,2,4231,2.19
cdf_fs,off,2,4232,1.76
cdf_fs,off,2,4233,1.75
cdf_fs,off,2,4234,2.07
cdf_fs,off,2,4235,1.75
cdf_fs,off,2,4236,1.78
cdf_fs,off,2,4237,1.79
cdf_fs,off,2,4238,1.75
cdf_fs,off,2,4239,2.21
cdf_fs,off,2,4240,2.06
cdf_fs,off,2,4241,1.75
cdf_fs,off,2,4242,1.74
cdf_fs,off,2,4243,2.41
cdf_fs,off,2,4244,1.8
cdf_fs,off,2,4245,1.76
cdf_fs,off,2,4246,2.1
cdf_fs,off,2,4247,1.76
cdf_fs,off,2,4248,1.72
cdf_fs,off,2,4249,1.78
cdf_fs,off,2,4250,1.77
cdf_fs,off,2,4251,1.73
cdf_fs,off,2,4252,1.75
cdf_fs,off,2,4253,1.71
cdf_fs,off,2,4254,1.73
cdf_fs,off,2,4255,1.72
cdf_fs,off,2,4256,1.75
cdf_fs,off,2,4257,1.81
cdf_fs,off,2,4258,1.72
cdf_fs,off,2,4259,1.77
cdf_fs,off,2,4260,2.16
cdf_fs,off,2,4261,1.77
cdf_fs,off,2,4262,1.75
cdf_fs,off,2,4263,2.05
cdf_fs,off,2,4264,1.74
cdf_fs,off,2,4265,1.78
cdf_fs,off,2,4266,6.93
cdf_fs,off,2,4267,2.0
cdf_fs,off,2,4268,1.79
cdf_fs,off,2,4269,2.13
cdf_fs,off,2,4270,1.77
cdf_fs,off,2,4271,1.91
cdf_fs,off,2,4272,1.72
cdf_fs,off,2,4273,2.23
cdf_fs,off,2,4274,1.82
cdf_fs,off,2,4275,1.76
cdf_fs,off,2,4276,1.8
cdf_fs,off,2,4277,1.74
cdf_fs,off,2,4278,1.75
cdf_fs,off,2,4279,1.73
cdf_fs,off,2,4280,1.73
cdf_fs,off,2,4281,1.74
cdf_fs,off,2,4282,1.74
cdf_fs,off,2,4283,1.73
cdf_fs,off,2,4284,1.77
cdf_fs,off,2,4285,1.71
cdf_fs,off,2,4286,1.78
cdf_fs,off,2,4287,1.74
cdf_fs,off,2,4288,1.74
cdf_fs,off,2,4289,1.79
cdf_fs,off,2,4290,1.75
cdf_fs,off,2,4291,1.82
cdf_fs,off,2,4292,2.23
cdf_fs,off,2,4293,1.75
cdf_fs,off,2,4294,2.3
cdf_fs,off,2,4295,2.16
cdf_fs,off,2,4296,2.2
cdf_fs,off,2,4297,2.07
cdf_fs,off,2,4298,1.82
cdf_fs,off,2,4299,1.73
cdf_fs,off,2,4300,1.74
cdf_fs,off,2,4301,1.84
cdf_fs,off,2,4302,1.7
cdf_fs,off,2,4303,1.74
cdf_fs,off,2,4304,1.74
cdf_fs,off,2,4305,1.79
cdf_fs,off,2,4306,1.72
cdf_fs,off,2,4307,1.76
cdf_fs,off,2,4308,1.76
cdf_fs,off,2,4309,1.74
cdf_fs,off,2,4310,1.74
cdf_fs,off,2,4311,1.71
cdf_fs,off,2,4312,1.72
cdf_fs,off,2,4313,2.22
cdf_fs,off,2,4314,1.76
cdf_fs,off,2,4315,2.2
cdf_fs,off,2,4316,1.74
cdf_fs,off,2,4317,2.06
cdf_fs,off,2,4318,1.77
cdf_fs,off,2,4319,1.77
cdf_fs,off,2,4320,2.26
cdf_fs,off,2,4321,1.76
cdf_fs,off,2,4322,2.25
cdf_fs,off,2,4323,1.79
cdf_fs,off,2,4324,1.74
cdf_fs,off,2,4325,1.73
cdf_fs,off,2,4326,2.06
cdf_fs,off,2,4327,1.79
cdf_fs,off,2,4328,1.75
cdf_fs,off,2,4329,2.1
cdf_fs,off,2,4330,1.81
cdf_fs,off,2,4331,1.71
cdf_fs,off,2,4332,2.07
cdf_fs,off,2,4333,1.76
cdf_fs,off,2,4334,1.8
cdf_fs,off,2,4335,1.83
cdf_fs,off,2,4336,2.12
cdf_fs,off,2,4337,1.81
cdf_fs,off,2,4338,1.73
cdf_fs,off,2,4339,1.73
cdf_fs,off,2,4340,1.88
cdf_fs,off,2,4341,1.71
cdf_fs,off,2,4342,1.78
cdf_fs,off,2,4343,1.75
cdf_fs,off,2,4344,1.74
cdf_fs,off,2,4345,1.76
cdf_fs,off,2,4346,1.71
cdf_fs,off,2,4347,1.73
cdf_fs,off,2,4348,1.76
cdf_fs,off,2,4349,2.13
cdf_fs,off,2,4350,1.96
cdf_fs,off,2,4351,1.75
cdf_fs,off,2,4352,1.71
cdf_fs,off,2,4353,1.72
cdf_fs,off,2,4354,1.72
cdf_fs,off,2,4355,1.72
cdf_fs,off,2,4356,1.74
cdf_fs,off,2,4357,1.73
cdf_fs,off,2,4358,1.76
cdf_fs,off,2,4359,1.78
cdf_fs,off,2,4360,1.69
cdf_fs,off,2,4361,1.77
cdf_fs,off,2,4362,1.75
cdf_fs,off,2,4363,1.81
cdf_fs,off,2,4364,1.8
cdf_fs,off,2,4365,1.71
cdf_fs,off,2,4366,1.74
cdf_fs,off,2,4367,2.06
cdf_fs,off,2,4368,1.79
cdf_fs,off,2,4369,1.75
cdf_fs,off,2,4370,1.78
cdf_fs,off,2,4371,1.76
cdf_fs,off,2,4372,2.12
cdf_fs,off,2,4373,1.76
cdf_fs,off,2,4374,2.27
cdf_fs,off,2,4375,2.13
cdf_fs,off,2,4376,2.15
cdf_fs,off,2,4377,1.76
cdf_fs,off,2,4378,1.76
cdf_fs,off,2,4379,1.78
cdf_fs,off,2,4380,1.72
cdf_fs,off,2,4381,2.1
cdf_fs,off,2,4382,2.18
cdf_fs,off,2,4383,1.76
cdf_fs,off,2,4384,1.74
cdf_fs,off,2,4385,1.76
cdf_fs,off,2,4386,1.77
cdf_fs,off,2,4387,1.71
cdf_fs,off,2,4388,2.3
cdf_fs,off,2,4389,1.77
cdf_fs,off,2,4390,1.75
cdf_fs,off,2,4391,1.73
cdf_fs,off,2,4392,1.74
cdf_fs,off,2,4393,2.12
cdf_fs,off,2,4394,2.09
cdf_fs,off,2,4395,1.77
cdf_fs,off,2,4396,2.21
cdf_fs,off,2,4397,1.77
cdf_fs,off,2,4398,2.05
cdf_fs,off,2,4399,1.77
cdf_fs,off,2,4400,1.72
cdf_fs,off,2,4401,1.74
cdf_fs,off,2,4402,2.1
cdf_fs,off,2,4403,1.75
cdf_fs,off,2,4404,1.76
cdf_fs,off,2,4405,1.73
cdf_fs,off,2,4406,1.77
cdf_fs,off,2,4407,2.24
cdf_fs,off,2,4408,1.9
cdf_fs,off,2,4409,1.72
cdf_fs,off,2,4410,1.75
cdf_fs,off,2,4411,1.74
cdf_fs,off,2,4412,1.73
cdf_fs,off,2,4413,1.74
cdf_fs,off,2,4414,1.74
cdf_fs,off,2,4415,1.73
cdf_fs,off,2,4416,1.72
cdf_fs,off,2,4417,1.72
cdf_fs,off,2,4418,1.71
cdf_fs,off,2,4419,1.72
cdf_fs,off,2,4420,1.74
cdf_fs,off,2,4421,1.76
cdf_fs,off,2,4422,1.74
cdf_fs,off,2,4423,2.23
cdf_fs,off,2,4424,1.74
cdf_fs,off,2,4425,2.09
cdf_fs,off,2,4426,1.76
cdf_fs,off,2,4427,2.17
cdf_fs,off,2,4428,1.76
cdf_fs,off,2,4429,2.14
cdf_fs,off,2,4430,2.13
cdf_fs,off,2,4431,1.84
cdf_fs,off,2,4432,1.87
cdf_fs,off,2,4433,1.77
cdf_fs,off,2,4434,1.76
cdf_fs,off,2,4435,1.76
cdf_fs,off,2,4436,1.73
cdf_fs,off,2,4437,1.78
cdf_fs,off,2,4438,1.73
cdf_fs,off,2,4439,1.74
cdf_fs,off,2,4440,1.71
cdf_fs,off,2,4441,1.74
cdf_fs,off,2,4442,1.71
cdf_fs,off,2,4443,1.71
cdf_fs,off,2,4444,1.75
cdf_fs,off,2,4445,1.77
cdf_fs,off,2,4446,1.73
cdf_fs,off,2,4447,1.77
cdf_fs,off,2,4448,1.75
cdf_fs,off,2,4449,1.74
cdf_fs,off,2,4450,1.76
cdf_fs,off,2,4451,1.72
cdf_fs,off,2,4452,1.8
cdf_fs,off,2,4453,1.76
cdf_fs,off,2,4454,2.09
cdf_fs,off,2,4455,1.76
cdf_fs,off,2,4456,1.77
cdf_fs,off,2,4457,1.93
cdf_fs,off,2,4458,2.23
cdf_fs,off,2,4459,2.09
cdf_fs,off,2,4460,1.82
cdf_fs,off,2,4461,1.74
cdf_fs,off,2,4462,1.74
cdf_fs,off,2,4463,1.73
cdf_fs,off,2,4464,1.74
cdf_fs,off,2,4465,1.75
cdf_fs,off,2,4466,1.74
cdf_fs,off,2,4467,1.78
cdf_fs,off,2,4468,1.78
cdf_fs,off,2,4469,2.16
cdf_fs,off,2,4470,1.73
cdf_fs,off,2,4471,1.78
cdf_fs,off,2,4472,1.79
cdf_fs,off,2,4473,1.75
cdf_fs,off,2,4474,1.75
cdf_fs,off,2,4475,1.76
cdf_fs,off,2,4476,1.79
cdf_fs,off,2,4477,2.25
cdf_fs,off,2,4478,1.76
cdf_fs,off,2,4479,1.8
cdf_fs,off,2,4480,1.74
cdf_fs,off,2,4481,2.19
cdf_fs,off,2,4482,2.05
cdf_fs,off,2,4483,1.75
cdf_fs,off,2,4484,1.76
cdf_fs,off,2,4485,1.77
cdf_fs,off,2,4486,2.08
cdf_fs,off,2,4487,1.74
cdf_fs,off,2,4488,1.78
cdf_fs,off,2,4489,1.73
cdf_fs,off,2,4490,1.75
cdf_fs,off,2,4491,1.73
cdf_fs,off,2,4492,1.73
cdf_fs,off,2,4493,1.73
cdf_fs,off,2,4494,1.72
cdf_fs,off,2,4495,2.23
cdf_fs,off,2,4496,1.8
cdf_fs,off,2,4497,1.77
cdf_fs,off,2,4498,1.74
cdf_fs,off,2,4499,1.74
cdf_fs,off,2,4500,1.74
cdf_fs,off,2,4501,1.75
cdf_fs,off,2,4502,1.74
cdf_fs,off,2,4503,2.08
cdf_fs,off,2,4504,1.74
cdf_fs,off,2,4505,1.74
cdf_fs,off,2,4506,1.79
cdf_fs,off,2,4507,1.73
cdf_fs,off,2,4508,1.73
cdf_fs,off,2,4509,2.26
cdf_fs,off,2,4510,2.22
cdf_fs,off,2,4511,1.75
cdf_fs,off,2,4512,1.76
cdf_fs,off,2,4513,1.75
cdf_fs,off,2,4514,1.73
cdf_fs,off,2,4515,1.76
cdf_fs,off,2,4516,2.16
cdf_fs,off,2,4517,1.74
cdf_fs,off,2,4518,1.75
cdf_fs,off,2,4519,1.75
cdf_fs,off,2,4520,1.74
cdf_fs,off,2,4521,1.73
cdf_fs,off,2,4522,1.73
cdf_fs,off,2,4523,2.19
cdf_fs,off,2,4524,1.77
cdf_fs,off,2,4525,2.22
cdf_fs,off,2,4526,2.12
cdf_fs,off,2,4527,1.81
cdf_fs,off,2,4528,1.73
cdf_fs,off,2,4529,1.79
cdf_fs,off,2,4530,2.25
cdf_fs,off,2,4531,1.76
cdf_fs,off,2,4532,1.76
cdf_fs,off,2,4533,2.13
cdf_fs,off,2,4534,1.74
cdf_fs,off,2,4535,2.11
cdf_fs,off,2,4536,1.75
cdf_fs,off,2,4537,2.23
cdf_fs,off,2,4538,2.22
cdf_fs,off,2,4539,1.75
cdf_fs,off,2,4540,2.07
cdf_fs,off,2,4541,1.75
cdf_fs,off,2,4542,1.79
cdf_fs,off,2,4543,1.75
cdf_fs,off,2,4544,2.18
cdf_fs,off,2,4545,1.76
cdf_fs,off,2,4546,1.74
cdf_fs,off,2,4547,1.76
cdf_fs,off,2,4548,2.06
cdf_fs,off,2,4549,1.89
cdf_fs,off,2,4550,1.81
cdf_fs,off,2,4551,2.19
cdf_fs,off,2,4552,1.73
cdf_fs,off,2,4553,1.8
cdf_fs,off,2,4554,1.73
cdf_fs,off,2,4555,2.09
cdf_fs,off,2,4556,2.13
cdf_fs,off,2,4557,1.81
cdf_fs,off,2,4558,1.76
cdf_fs,off,2,4559,1.82
cdf_fs,off,2,4560,1.75
cdf_fs,off,2,4561,1.71
cdf_fs,off,2,4562,1.75
cdf_fs,off,2,4563,1.74
cdf_fs,off,2,4564,1.81
cdf_fs,off,2,4565,1.74
cdf_fs,off,2,4566,1.76
cdf_fs,off,2,4567,1.72
cdf_fs,off,2,4568,1.74
cdf_fs,off,2,4569,1.79
cdf_fs,off,2,4570,1.77
cdf_fs,off,2,4571,1.73
cdf_fs,off,2,4572,1.69
cdf_fs,off,2,4573,1.75
cdf_fs,off,2,4574,1.78
cdf_fs,off,2,4575,1.73
cdf_fs,off,2,4576,1.73
cdf_fs,off,2,4577,1.76
cdf_fs,off,2,4578,2.13
cdf_fs,off,2,4579,1.74
cdf_fs,off,2,4580,1.72
cdf_fs,off,2,4581,1.75
cdf_fs,off,2,4582,1.76
cdf_fs,off,2,4583,1.79
cdf_fs,off,2,4584,1.74
cdf_fs,off,2,4585,1.74
cdf_fs,off,2,4586,1.72
cdf_fs,off,2,4587,1.72
cdf_fs,off,2,4588,1.73
cdf_fs,off,2,4589,1.86
cdf_fs,off,2,4590,1.72
cdf_fs,off,2,4591,1.75
cdf_fs,off,2,4592,1.71
cdf_fs,off,2,4593,2.07
cdf_fs,off,2,4594,1.72
cdf_fs,off,2,4595,1.74
cdf_fs,off,2,4596,1.72
cdf_fs,off,2,4597,1.73
cdf_fs,off,2,4598,1.74
cdf_fs,off,2,4599,1.73
cdf_fs,off,2,4600,2.21
cdf_fs,off,2,4601,1.73
cdf_fs,off,2,4602,1.8
cdf_fs,off,2,4603,1.73
cdf_fs,off,2,4604,1.73
cdf_fs,off,2,4605,1.74
cdf_fs,off,2,4606,1.72
cdf_fs,off,2,4607,1.74
cdf_fs,off,2,4608,2.33
cdf_fs,off,2,4609,1.76
cdf_fs,off,2,4610,2.2
cdf_fs,off,2,4611,2.06
cdf_fs,off,2,4612,1.79
cdf_fs,off,2,4613,1.78
cdf_fs,off,2,4614,1.76
cdf_fs,off,2,4615,1.78
cdf_fs,off,2,4616,1.77
cdf_fs,off,2,4617,1.74
cdf_fs,off,2,4618,1.74
cdf_fs,off,2,4619,1.75
cdf_fs,off,2,4620,2.06
cdf_fs,off,2,4621,1.77
cdf_fs,off,2,4622,2.18
cdf_fs,off,2,4623,1.76
cdf_fs,off,2,4624,2.09
cdf_fs,off,2,4625,2.21
cdf_fs,off,2,4626,1.75
cdf_fs,off,2,4627,1.76
cdf_fs,off,2,4628,1.72
cdf_fs,off,2,4629,1.73
cdf_fs,off,2,4630,2.08
cdf_fs,off,2,4631,2.04
cdf_fs,off,2,4632,1.72
cdf_fs,off,2,4633,1.8
cdf_fs,off,2,4634,2.05
cdf_fs,off,2,4635,2.22
cdf_fs,off,2,4636,1.84
cdf_fs,off,2,4637,1.76
cdf_fs,off,2,4638,1.74
cdf_fs,off,2,4639,1.77
cdf_fs,off,2,4640,1.8
cdf_fs,off,2,4641,1.77
cdf_fs,off,2,4642,1.73
cdf_fs,off,2,4643,2.08
cdf_fs,off,2,4644,1.77
cdf_fs,off,2,4645,2.09
cdf_fs,off,2,4646,1.82
cdf_fs,off,2,4647,2.21
cdf_fs,off,2,4648,1.88
cdf_fs,off,2,4649,1.76
cdf_fs,off,2,4650,1.78
cdf_fs,off,2,4651,1.79
cdf_fs,off,2,4652,1.81
cdf_fs,off,2,4653,1.76
cdf_fs,off,2,4654,1.74
cdf_fs,off,2,4655,1.76
cdf_fs,off,2,4656,2.26
cdf_fs,off,2,4657,1.78
cdf_fs,off,2,4658,1.75
cdf_fs,off,2,4659,1.78
cdf_fs,off,2,4660,1.74
cdf_fs,off,2,4661,1.78
cdf_fs,off,2,4662,1.74
cdf_fs,off,2,4663,1.75
cdf_fs,off,2,4664,2.22
cdf_fs,off,2,4665,1.75
cdf_fs,off,2,4666,1.77
cdf_fs,off,2,4667,1.7
cdf_fs,off,2,4668,2.12
cdf_fs,off,2,4669,1.76
cdf_fs,off,2,4670,1.74
cdf_fs,off,2,4671,1.76
cdf_fs,off,2,4672,1.72
cdf_fs,off,2,4673,1.71
cdf_fs,off,2,4674,1.72
cdf_fs,off,2,4675,1.7
cdf_fs,off,2,4676,1.73
cdf_fs,off,2,4677,1.76
cdf_fs,off,2,4678,1.72
cdf_fs,off,2,4679,1.73
cdf_fs,off,2,4680,2.07
cdf_fs,off,2,4681,1.78
cdf_fs,off,2,4682,1.77
cdf_fs,off,2,4683,2.14
cdf_fs,off,2,4684,1.78
cdf_fs,off,2,4685,1.74
cdf_fs,off,2,4686,1.73
cdf_fs,off,2,4687,1.75
cdf_fs,off,2,4688,1.74
cdf_fs,off,2,4689,2.13
cdf_fs,off,2,4690,1.75
cdf_fs,off,2,4691,1.82
cdf_fs,off,2,4692,1.73
cdf_fs,off,2,4693,1.75
cdf_fs,off,2,4694,1.73
cdf_fs,off,2,4695,1.77
cdf_fs,off,2,4696,1.72
cdf_fs,off,2,4697,1.82
cdf_fs,off,2,4698,2.07
cdf_fs,off,2,4699,2.13
cdf_fs,off,2,4700,1.72
cdf_fs,off,2,4701,1.82
cdf_fs,off,2,4702,1.75
cdf_fs,off,2,4703,1.75
cdf_fs,off,2,4704,1.88
cdf_fs,off,2,4705,1.75
cdf_fs,off,2,4706,1.81
cdf_fs,off,2,4707,1.76
cdf_fs,off,2,4708,1.74
cdf_fs,off,2,4709,1.74
cdf_fs,off,2,4710,1.73
cdf_fs,off,2,4711,1.76
cdf_fs,off,2,4712,1.74
cdf_fs,off,2,4713,1.73
cdf_fs,off,2,4714,1.73
cdf_fs,off,2,4715,2.05
cdf_fs,off,2,4716,1.74
cdf_fs,off,2,4717,1.79
cdf_fs,off,2,4718,1.71
cdf_fs,off,2,4719,1.73
cdf_fs,off,2,4720,2.12
cdf_fs,off,2,4721,1.76
cdf_fs,off,2,4722,1.79
cdf_fs,off,2,4723,1.76
cdf_fs,off,2,4724,1.74
cdf_fs,off,2,4725,1.7
cdf_fs,off,2,4726,1.79
cdf_fs,off,2,4727,1.72
cdf_fs,off,2,4728,1.75
cdf_fs,off,2,4729,1.74
cdf_fs,off,2,4730,1.74
cdf_fs,off,2,4731,1.8
cdf_fs,off,2,4732,1.72
cdf_fs,off,2,4733,1.71
cdf_fs,off,2,4734,1.73
cdf_fs,off,2,4735,1.73
cdf_fs,off,2,4736,1.74
cdf_fs,off,2,4737,1.79
cdf_fs,off,2,4738,2.34
cdf_fs,off,2,4739,1.78
cdf_fs,off,2,4740,1.73
cdf_fs,off,2,4741,1.75
cdf_fs,off,2,4742,1.73
cdf_fs,off,2,4743,1.8
cdf_fs,off,2,4744,2.14
cdf_fs,off,2,4745,2.09
cdf_fs,off,2,4746,1.81
cdf_fs,off,2,4747,1.78
cdf_fs,off,2,4748,1.73
cdf_fs,off,2,4749,1.73
cdf_fs,off,2,4750,1.73
cdf_fs,off,2,4751,1.76
cdf_fs,off,2,4752,1.75
cdf_fs,off,2,4753,1.76
cdf_fs,off,2,4754,2.12
cdf_fs,off,2,4755,1.74
cdf_fs,off,2,4756,1.86
cdf_fs,off,2,4757,1.74
cdf_fs,off,2,4758,1.84
cdf_fs,off,2,4759,1.73
cdf_fs,off,2,4760,1.75
cdf_fs,off,2,4761,1.72
cdf_fs,off,2,4762,1.71
cdf_fs,off,2,4763,1.75
cdf_fs,off,2,4764,2.25
cdf_fs,off,2,4765,2.13
cdf_fs,off,2,4766,1.77
cdf_fs,off,2,4767,1.73
cdf_fs,off,2,4768,1.74
cdf_fs,off,2,4769,2.15
cdf_fs,off,2,4770,1.76
cdf_fs,off,2,4771,1.73
cdf_fs,off,2,4772,1.75
cdf_fs,off,2,4773,1.72
cdf_fs,off,2,4774,5.55
cdf_fs,off,2,4775,3.55
cdf_fs,off,2,4776,1.8
cdf_fs,off,2,4777,1.79
cdf_fs,off,2,4778,1.75
cdf_fs,off,2,4779,1.78
cdf_fs,off,2,4780,1.75
cdf_fs,off,2,4781,1.75
cdf_fs,off,2,4782,2.2
cdf_fs,off,2,4783,1.76
cdf_fs,off,2,4784,1.72
cdf_fs,off,2,4785,1.78
cdf_fs,off,2,4786,2.09
cdf_fs,off,2,4787,1.82
cdf_fs,off,2,4788,2.07
cdf_fs,off,2,4789,1.75
cdf_fs,off,2,4790,1.74
cdf_fs,off,2,4791,1.74
cdf_fs,off,2,4792,1.74
cdf_fs,off,2,4793,1.74
cdf_fs,off,2,4794,1.75
cdf_fs,off,2,4795,2.16
cdf_fs,off,2,4796,1.74
cdf_fs,off,2,4797,1.76
cdf_fs,off,2,4798,1.75
cdf_fs,off,2,4799,1.72
cdf_fs,off,2,4800,2.2
cdf_fs,off,2,4801,1.81
cdf_fs,off,2,4802,1.71
cdf_fs,off,2,4803,1.86
cdf_fs,off,2,4804,1.73
cdf_fs,off,2,4805,2.07
cdf_fs,off,2,4806,1.75
cdf_fs,off,2,4807,1.8
cdf_fs,off,2,4808,1.73
cdf_fs,off,2,4809,1.82
cdf_fs,off,2,4810,1.8
cdf_fs,off,2,4811,1.73
cdf_fs,off,2,4812,2.1
cdf_fs,off,2,4813,1.82
cdf_fs,off,2,4814,1.73
cdf_fs,off,2,4815,1.78
cdf_fs,off,2,4816,1.73
cdf_fs,off,2,4817,1.71
cdf_fs,off,2,4818,1.74
cdf_fs,off,2,4819,1.79
cdf_fs,off,2,4820,1.74
cdf_fs,off,2,4821,1.75
cdf_fs,off,2,4822,1.76
cdf_fs,off,2,4823,2.28
cdf_fs,off,2,4824,1.76
cdf_fs,off,2,4825,1.78
cdf_fs,off,2,4826,1.77
cdf_fs,off,2,4827,1.78
cdf_fs,off,2,4828,1.81
cdf_fs,off,2,4829,1.75
cdf_fs,off,2,4830,2.18
cdf_fs,off,2,4831,2.21
cdf_fs,off,2,4832,1.77
cdf_fs,off,2,4833,1.75
cdf_fs,off,2,4834,1.77
cdf_fs,off,2,4835,2.09
cdf_fs,off,2,4836,1.75
cdf_fs,off,2,4837,1.75
cdf_fs,off,2,4838,1.77
cdf_fs,off,2,4839,1.77
cdf_fs,off,2,4840,1.74
cdf_fs,off,2,4841,1.76
cdf_fs,off,2,4842,1.73
cdf_fs,off,2,4843,1.76
cdf_fs,off,2,4844,1.79
cdf_fs,off,2,4845,1.74
cdf_fs,off,2,4846,1.72
cdf_fs,off,2,4847,1.75
cdf_fs,off,2,4848,1.74
cdf_fs,off,2,4849,1.73
cdf_fs,off,2,4850,1.74
cdf_fs,off,2,4851,1.73
cdf_fs,off,2,4852,1.78
cdf_fs,off,2,4853,2.09
cdf_fs,off,2,4854,1.76
cdf_fs,off,2,4855,2.16
cdf_fs,off,2,4856,2.23
cdf_fs,off,2,4857,1.89
cdf_fs,off,2,4858,1.75
cdf_fs,off,2,4859,1.74
cdf_fs,off,2,4860,2.1
cdf_fs,off,2,4861,1.84
cdf_fs,off,2,4862,1.86
cdf_fs,off,2,4863,1.74
cdf_fs,off,2,4864,1.72
cdf_fs,off,2,4865,1.73
cdf_fs,off,2,4866,1.75
cdf_fs,off,2,4867,1.74
cdf_fs,off,2,4868,2.07
cdf_fs,off,2,4869,2.24
cdf_fs,off,2,4870,1.75
cdf_fs,off,2,4871,1.8
cdf_fs,off,2,4872,1.76
cdf_fs,off,2,4873,1.76
cdf_fs,off,2,4874,2.07
cdf_fs,off,2,4875,1.91
cdf_fs,off,2,4876,1.76
cdf_fs,off,2,4877,1.77
cdf_fs,off,2,4878,1.76
cdf_fs,off,2,4879,1.74
cdf_fs,off,2,4880,1.72
cdf_fs,off,2,4881,1.72
cdf_fs,off,2,4882,2.21
cdf_fs,off,2,4883,1.77
cdf_fs,off,2,4884,1.73
cdf_fs,off,2,4885,2.06
cdf_fs,off,2,4886,1.74
cdf_fs,off,2,4887,1.77
cdf_fs,off,2,4888,1.77
cdf_fs,off,2,4889,2.08
cdf_fs,off,2,4890,1.72
cdf_fs,off,2,4891,1.76
cdf_fs,off,2,4892,2.24
cdf_fs,off,2,4893,2.05
cdf_fs,off,2,4894,1.76
cdf_fs,off,2,4895,1.87
cdf_fs,off,2,4896,1.73
cdf_fs,off,2,4897,2.14
cdf_fs,off,2,4898,1.74
cdf_fs,off,2,4899,2.1
cdf_fs,off,2,4900,1.74
cdf_fs,off,2,4901,1.74
cdf_fs,off,2,4902,1.78
cdf_fs,off,2,4903,1.74
cdf_fs,off,2,4904,1.76
cdf_fs,off,2,4905,1.79
cdf_fs,off,2,4906,1.75
cdf_fs,off,2,4907,1.71
cdf_fs,off,2,4908,1.76
cdf_fs,off,2,4909,1.73
cdf_fs,off,2,4910,1.71
cdf_fs,off,2,4911,1.75
cdf_fs,off,2,4912,1.73
cdf_fs,off,2,4913,1.73
cdf_fs,off,2,4914,1.73
cdf_fs,off,2,4915,1.71
cdf_fs,off,2,4916,1.72
cdf_fs,off,2,4917,2.39
cdf_fs,off,2,4918,1.84
cdf_fs,off,2,4919,1.78
cdf_fs,off,2,4920,1.77
cdf_fs,off,2,4921,2.24
cdf_fs,off,2,4922,1.78
cdf_fs,off,2,4923,1.76
cdf_fs,off,2,4924,1.75
cdf_fs,off,2,4925,1.76
cdf_fs,off,2,4926,1.75
cdf_fs,off,2,4927,1.71
cdf_fs,off,2,4928,1.74
cdf_fs,off,2,4929,1.76
cdf_fs,off,2,4930,1.72
cdf_fs,off,2,4931,1.73
cdf_fs,off,2,4932,1.78
cdf_fs,off,2,4933,1.73
cdf_fs,off,2,4934,1.75
cdf_fs,off,2,4935,1.73
cdf_fs,off,2,4936,1.72
cdf_fs,off,2,4937,1.72
cdf_fs,off,2,4938,1.75
cdf_fs,off,2,4939,1.76
cdf_fs,off,2,4940,2.32
cdf_fs,off,2,4941,1.77
cdf_fs,off,2,4942,1.79
cdf_fs,off,2,4943,1.86
cdf_fs,off,2,4944,1.76
cdf_fs,off,2,4945,1.75
cdf_fs,off,2,4946,2.12
cdf_fs,off,2,4947,1.74
cdf_fs,off,2,4948,1.78
cdf_fs,off,2,4949,1.75
cdf_fs,off,2,4950,1.73
cdf_fs,off,2,4951,1.77
cdf_fs,off,2,4952,1.75
cdf_fs,off,2,4953,1.77
cdf_fs,off,2,4954,1.75
cdf_fs,off,2,4955,1.71
cdf_fs,off,2,4956,1.76
cdf_fs,off,2,4957,1.72
cdf_fs,off,2,4958,1.71
cdf_fs,off,2,4959,1.77
cdf_fs,off,2,4960,2.09
cdf_fs,off,2,4961,1.73
cdf_fs,off,2,4962,1.77
cdf_fs,off,2,4963,1.74
cdf_fs,off,2,4964,1.76
cdf_fs,off,2,4965,1.78
cdf_fs,off,2,4966,1.73
cdf_fs,off,2,4967,1.72
cdf_fs,off,2,4968,1.76
cdf_fs,off,2,4969,2.26
cdf_fs,off,2,4970,2.01
cdf_fs,off,2,4971,1.81
cdf_fs,off,2,4972,1.79
cdf_fs,off,2,4973,1.73
cdf_fs,off,2,4974,1.75
cdf_fs,off,2,4975,1.82
cdf_fs,off,2,4976,1.8
cdf_fs,off,2,4977,1.73
cdf_fs,off,2,4978,1.84
cdf_fs,off,2,4979,1.73
cdf_fs,off,2,4980,1.73
cdf_fs,off,2,4981,1.75
cdf_fs,off,2,4982,2.27
cdf_fs,off,2,4983,2.15
cdf_fs,off,2,4984,2.15
cdf_fs,off,2,4985,2.21
cdf_fs,off,2,4986,1.8
cdf_fs,off,2,4987,1.76
cdf_fs,off,2,4988,1.75
cdf_fs,off,2,4989,1.73
cdf_fs,off,2,4990,1.78
cdf_fs,off,2,4991,2.09
cdf_fs,off,2,4992,1.81
cdf_fs,off,2,4993,1.74
cdf_fs,off,2,4994,1.74
cdf_fs,off,2,4995,1.74
cdf_fs,off,2,4996,1.8
cdf_fs,off,2,4997,1.72
cdf_fs,off,2,4998,1.71
cdf_fs,off,2,4999,1.75
cdf_fs,ebpf,2,0,5.79
cdf_fs,ebpf,2,1,5.67
cdf_fs,ebpf,2,2,5.12
cdf_fs,ebpf,2,3,5.3
cdf_fs,ebpf,2,4,5.09
cdf_fs,ebpf,2,5,5.34
cdf_fs,ebpf,2,6,4.05
cdf_fs,ebpf,2,7,6.13
cdf_fs,ebpf,2,8,4.08
cdf_fs,ebpf,2,9,5.32
cdf_fs,ebpf,2,10,5.03
cdf_fs,ebpf,2,11,5.24
cdf_fs,ebpf,2,12,5.07
cdf_fs,ebpf,2,13,5.2
cdf_fs,ebpf,2,14,4.94
cdf_fs,ebpf,2,15,5.56
cdf_fs,ebpf,2,16,4.05
cdf_fs,ebpf,2,17,5.33
cdf_fs,ebpf,2,18,4.32
cdf_fs,ebpf,2,19,5.34
cdf_fs,ebpf,2,20,4.13
cdf_fs,ebpf,2,21,5.16
cdf_fs,ebpf,2,22,5.25
cdf_fs,ebpf,2,23,5.35
cdf_fs,ebpf,2,24,5.12
cdf_fs,ebpf,2,25,5.59
cdf_fs,ebpf,2,26,5.07
cdf_fs,ebpf,2,27,5.5
cdf_fs,ebpf,2,28,3.45
cdf_fs,ebpf,2,29,4.83
cdf_fs,ebpf,2,30,4.98
cdf_fs,ebpf,2,31,5.42
cdf_fs,ebpf,2,32,4.09
cdf_fs,ebpf,2,33,4.83
cdf_fs,ebpf,2,34,3.9
cdf_fs,ebpf,2,35,5.3
cdf_fs,ebpf,2,36,4.91
cdf_fs,ebpf,2,37,5.45
cdf_fs,ebpf,2,38,3.58
cdf_fs,ebpf,2,39,6.24
cdf_fs,ebpf,2,40,5.04
cdf_fs,ebpf,2,41,5.24
cdf_fs,ebpf,2,42,3.95
cdf_fs,ebpf,2,43,5.35
cdf_fs,ebpf,2,44,4.0
cdf_fs,ebpf,2,45,5.16
cdf_fs,ebpf,2,46,4.95
cdf_fs,ebpf,2,47,5.22
cdf_fs,ebpf,2,48,3.45
cdf_fs,ebpf,2,49,5.39
cdf_fs,ebpf,2,50,3.93
cdf_fs,ebpf,2,51,5.24
cdf_fs,ebpf,2,52,3.91
cdf_fs,ebpf,2,53,5.38
cdf_fs,ebpf,2,54,4.98
cdf_fs,ebpf,2,55,5.3
cdf_fs,ebpf,2,56,5.03
cdf_fs,ebpf,2,57,5.22
cdf_fs,ebpf,2,58,5.29
cdf_fs,ebpf,2,59,5.5
cdf_fs,ebpf,2,60,4.21
cdf_fs,ebpf,2,61,5.2
cdf_fs,ebpf,2,62,4.84
cdf_fs,ebpf,2,63,5.31
cdf_fs,ebpf,2,64,4.16
cdf_fs,ebpf,2,65,5.31
cdf_fs,ebpf,2,66,4.96
cdf_fs,ebpf,2,67,5.5
cdf_fs,ebpf,2,68,3.54
cdf_fs,ebpf,2,69,5.41
cdf_fs,ebpf,2,70,4.97
cdf_fs,ebpf,2,71,5.21
cdf_fs,ebpf,2,72,5.01
cdf_fs,ebpf,2,73,5.17
cdf_fs,ebpf,2,74,4.09
cdf_fs,ebpf,2,75,5.42
cdf_fs,ebpf,2,76,5.32
cdf_fs,ebpf,2,77,5.6
cdf_fs,ebpf,2,78,3.97
cdf_fs,ebpf,2,79,5.44
cdf_fs,ebpf,2,80,4.94
cdf_fs,ebpf,2,81,5.18
cdf_fs,ebpf,2,82,3.54
cdf_fs,ebpf,2,83,5.28
cdf_fs,ebpf,2,84,5.11
cdf_fs,ebpf,2,85,5.0
cdf_fs,ebpf,2,86,5.07
cdf_fs,ebpf,2,87,6.07
cdf_fs,ebpf,2,88,9.27
cdf_fs,ebpf,2,89,7.59
cdf_fs,ebpf,2,90,3.45
cdf_fs,ebpf,2,91,5.54
cdf_fs,ebpf,2,92,4.11
cdf_fs,ebpf,2,93,5.53
cdf_fs,ebpf,2,94,3.98
cdf_fs,ebpf,2,95,5.21
cdf_fs,ebpf,2,96,5.1
cdf_fs,ebpf,2,97,5.25
cdf_fs,ebpf,2,98,4.92
cdf_fs,ebpf,2,99,5.75
cdf_fs,ebpf,2,100,3.86
cdf_fs,ebpf,2,101,4.81
cdf_fs,ebpf,2,102,5.01
cdf_fs,ebpf,2,103,5.45
cdf_fs,ebpf,2,104,5.05
cdf_fs,ebpf,2,105,5.22
cdf_fs,ebpf,2,106,4.84
cdf_fs,ebpf,2,107,5.36
cdf_fs,ebpf,2,108,4.98
cdf_fs,ebpf,2,109,5.26
cdf_fs,ebpf,2,110,4.11
cdf_fs,ebpf,2,111,5.27
cdf_fs,ebpf,2,112,4.97
cdf_fs,ebpf,2,113,5.27
cdf_fs,ebpf,2,114,3.94
cdf_fs,ebpf,2,115,5.31
cdf_fs,ebpf,2,116,3.85
cdf_fs,ebpf,2,117,5.13
cdf_fs,ebpf,2,118,5.0
cdf_fs,ebpf,2,119,5.38
cdf_fs,ebpf,2,120,3.51
cdf_fs,ebpf,2,121,5.42
cdf_fs,ebpf,2,122,4.95
cdf_fs,ebpf,2,123,5.4
cdf_fs,ebpf,2,124,5.31
cdf_fs,ebpf,2,125,5.2
cdf_fs,ebpf,2,126,5.03
cdf_fs,ebpf,2,127,5.33
cdf_fs,ebpf,2,128,4.1
cdf_fs,ebpf,2,129,5.48
cdf_fs,ebpf,2,130,5.06
cdf_fs,ebpf,2,131,5.21
cdf_fs,ebpf,2,132,4.94
cdf_fs,ebpf,2,133,5.02
cdf_fs,ebpf,2,134,3.52
cdf_fs,ebpf,2,135,5.5
cdf_fs,ebpf,2,136,3.96
cdf_fs,ebpf,2,137,5.36
cdf_fs,ebpf,2,138,4.95
cdf_fs,ebpf,2,139,5.2
cdf_fs,ebpf,2,140,3.51
cdf_fs,ebpf,2,141,5.34
cdf_fs,ebpf,2,142,5.24
cdf_fs,ebpf,2,143,5.3
cdf_fs,ebpf,2,144,4.83
cdf_fs,ebpf,2,145,5.4
cdf_fs,ebpf,2,146,3.44
cdf_fs,ebpf,2,147,5.34
cdf_fs,ebpf,2,148,3.71
cdf_fs,ebpf,2,149,5.54
cdf_fs,ebpf,2,150,4.85
cdf_fs,ebpf,2,151,5.43
cdf_fs,ebpf,2,152,3.99
cdf_fs,ebpf,2,153,5.5
cdf_fs,ebpf,2,154,4.9
cdf_fs,ebpf,2,155,5.45
cdf_fs,ebpf,2,156,5.17
cdf_fs,ebpf,2,157,5.47
cdf_fs,ebpf,2,158,5.15
cdf_fs,ebpf,2,159,5.35
cdf_fs,ebpf,2,160,4.03
cdf_fs,ebpf,2,161,5.29
cdf_fs,ebpf,2,162,5.01
cdf_fs,ebpf,2,163,5.48
cdf_fs,ebpf,2,164,4.93
cdf_fs,ebpf,2,165,5.31
cdf_fs,ebpf,2,166,5.04
cdf_fs,ebpf,2,167,5.28
cdf_fs,ebpf,2,168,3.6
cdf_fs,ebpf,2,169,5.34
cdf_fs,ebpf,2,170,3.96
cdf_fs,ebpf,2,171,5.42
cdf_fs,ebpf,2,172,5.06
cdf_fs,ebpf,2,173,5.23
cdf_fs,ebpf,2,174,4.95
cdf_fs,ebpf,2,175,5.38
cdf_fs,ebpf,2,176,5.06
cdf_fs,ebpf,2,177,4.84
cdf_fs,ebpf,2,178,4.97
cdf_fs,ebpf,2,179,5.4
cdf_fs,ebpf,2,180,5.16
cdf_fs,ebpf,2,181,4.85
cdf_fs,ebpf,2,182,3.54
cdf_fs,ebpf,2,183,5.24
cdf_fs,ebpf,2,184,5.14
cdf_fs,ebpf,2,185,5.3
cdf_fs,ebpf,2,186,5.0
cdf_fs,ebpf,2,187,5.23
cdf_fs,ebpf,2,188,4.13
cdf_fs,ebpf,2,189,5.23
cdf_fs,ebpf,2,190,5.08
cdf_fs,ebpf,2,191,5.53
cdf_fs,ebpf,2,192,5.02
cdf_fs,ebpf,2,193,5.21
cdf_fs,ebpf,2,194,4.98
cdf_fs,ebpf,2,195,5.28
cdf_fs,ebpf,2,196,4.84
cdf_fs,ebpf,2,197,5.33
cdf_fs,ebpf,2,198,4.91
cdf_fs,ebpf,2,199,5.32
cdf_fs,ebpf,2,200,3.54
cdf_fs,ebpf,2,201,5.82
cdf_fs,ebpf,2,202,5.0
cdf_fs,ebpf,2,203,5.32
cdf_fs,ebpf,2,204,5.02
cdf_fs,ebpf,2,205,4.93
cdf_fs,ebpf,2,206,4.92
cdf_fs,ebpf,2,207,5.17
cdf_fs,ebpf,2,208,5.04
cdf_fs,ebpf,2,209,5.4
cdf_fs,ebpf,2,210,4.98
cdf_fs,ebpf,2,211,5.47
cdf_fs,ebpf,2,212,4.14
cdf_fs,ebpf,2,213,5.2
cdf_fs,ebpf,2,214,5.06
cdf_fs,ebpf,2,215,5.52
cdf_fs,ebpf,2,216,3.73
cdf_fs,ebpf,2,217,5.7
cdf_fs,ebpf,2,218,5.17
cdf_fs,ebpf,2,219,5.22
cdf_fs,ebpf,2,220,4.94
cdf_fs,ebpf,2,221,5.49
cdf_fs,ebpf,2,222,3.98
cdf_fs,ebpf,2,223,5.29
cdf_fs,ebpf,2,224,4.9
cdf_fs,ebpf,2,225,5.31
cdf_fs,ebpf,2,226,3.97
cdf_fs,ebpf,2,227,5.29
cdf_fs,ebpf,2,228,5.2
cdf_fs,ebpf,2,229,5.29
cdf_fs,ebpf,2,230,5.01
cdf_fs,ebpf,2,231,5.21
cdf_fs,ebpf,2,232,5.06
cdf_fs,ebpf,2,233,5.36
cdf_fs,ebpf,2,234,4.92
cdf_fs,ebpf,2,235,5.19
cdf_fs,ebpf,2,236,4.2
cdf_fs,ebpf,2,237,5.27
cdf_fs,ebpf,2,238,4.89
cdf_fs,ebpf,2,239,5.41
cdf_fs,ebpf,2,240,4.85
cdf_fs,ebpf,2,241,5.42
cdf_fs,ebpf,2,242,3.89
cdf_fs,ebpf,2,243,5.61
cdf_fs,ebpf,2,244,4.2
cdf_fs,ebpf,2,245,5.21
cdf_fs,ebpf,2,246,5.01
cdf_fs,ebpf,2,247,5.58
cdf_fs,ebpf,2,248,3.73
cdf_fs,ebpf,2,249,6.01
cdf_fs,ebpf,2,250,3.94
cdf_fs,ebpf,2,251,5.65
cdf_fs,ebpf,2,252,4.17
cdf_fs,ebpf,2,253,5.32
cdf_fs,ebpf,2,254,5.1
cdf_fs,ebpf,2,255,5.41
cdf_fs,ebpf,2,256,5.38
cdf_fs,ebpf,2,257,5.38
cdf_fs,ebpf,2,258,3.61
cdf_fs,ebpf,2,259,5.32
cdf_fs,ebpf,2,260,4.98
cdf_fs,ebpf,2,261,5.3
cdf_fs,ebpf,2,262,3.63
cdf_fs,ebpf,2,263,5.03
cdf_fs,ebpf,2,264,5.02
cdf_fs,ebpf,2,265,5.37
cdf_fs,ebpf,2,266,5.09
cdf_fs,ebpf,2,267,5.34
cdf_fs,ebpf,2,268,5.03
cdf_fs,ebpf,2,269,5.35
cdf_fs,ebpf,2,270,3.95
cdf_fs,ebpf,2,271,5.37
cdf_fs,ebpf,2,272,5.19
cdf_fs,ebpf,2,273,5.45
cdf_fs,ebpf,2,274,5.03
cdf_fs,ebpf,2,275,5.3
cdf_fs,ebpf,2,276,4.1
cdf_fs,ebpf,2,277,5.34
cdf_fs,ebpf,2,278,5.14
cdf_fs,ebpf,2,279,5.23
cdf_fs,ebpf,2,280,5.06
cdf_fs,ebpf,2,281,5.0
cdf_fs,ebpf,2,282,5.39
cdf_fs,ebpf,2,283,22.59
cdf_fs,ebpf,2,284,6.29
cdf_fs,ebpf,2,285,5.49
cdf_fs,ebpf,2,286,5.09
cdf_fs,ebpf,2,287,5.32
cdf_fs,ebpf,2,288,3.89
cdf_fs,ebpf,2,289,5.38
cdf_fs,ebpf,2,290,4.09
cdf_fs,ebpf,2,291,5.39
cdf_fs,ebpf,2,292,5.31
cdf_fs,ebpf,2,293,5.22
cdf_fs,ebpf,2,294,5.07
cdf_fs,ebpf,2,295,5.51
cdf_fs,ebpf,2,296,5.08
cdf_fs,ebpf,2,297,5.54
cdf_fs,ebpf,2,298,5.39
cdf_fs,ebpf,2,299,5.51
cdf_fs,ebpf,2,300,4.03
cdf_fs,ebpf,2,301,5.18
cdf_fs,ebpf,2,302,5.01
cdf_fs,ebpf,2,303,5.2
cdf_fs,ebpf,2,304,3.66
cdf_fs,ebpf,2,305,5.27
cdf_fs,ebpf,2,306,4.88
cdf_fs,ebpf,2,307,5.41
cdf_fs,ebpf,2,308,3.73
cdf_fs,ebpf,2,309,5.31
cdf_fs,ebpf,2,310,5.16
cdf_fs,ebpf,2,311,5.3
cdf_fs,ebpf,2,312,5.21
cdf_fs,ebpf,2,313,4.93
cdf_fs,ebpf,2,314,4.97
cdf_fs,ebpf,2,315,5.46
cdf_fs,ebpf,2,316,4.04
cdf_fs,ebpf,2,317,4.83
cdf_fs,ebpf,2,318,4.98
cdf_fs,ebpf,2,319,5.12
cdf_fs,ebpf,2,320,4.98
cdf_fs,ebpf,2,321,5.01
cdf_fs,ebpf,2,322,4.84
cdf_fs,ebpf,2,323,5.13
cdf_fs,ebpf,2,324,5.1
cdf_fs,ebpf,2,325,5.26
cdf_fs,ebpf,2,326,3.59
cdf_fs,ebpf,2,327,4.94
cdf_fs,ebpf,2,328,5.01
cdf_fs,ebpf,2,329,5.02
cdf_fs,ebpf,2,330,5.05
cdf_fs,ebpf,2,331,5.46
cdf_fs,ebpf,2,332,3.91
cdf_fs,ebpf,2,333,5.74
cdf_fs,ebpf,2,334,5.01
cdf_fs,ebpf,2,335,5.27
cdf_fs,ebpf,2,336,5.01
cdf_fs,ebpf,2,337,5.22
cdf_fs,ebpf,2,338,4.98
cdf_fs,ebpf,2,339,5.33
cdf_fs,ebpf,2,340,3.96
cdf_fs,ebpf,2,341,5.47
cdf_fs,ebpf,2,342,4.12
cdf_fs,ebpf,2,343,5.29
cdf_fs,ebpf,2,344,3.94
cdf_fs,ebpf,2,345,5.26
cdf_fs,ebpf,2,346,4.82
cdf_fs,ebpf,2,347,5.309
cdf_fs,ebpf,2,348,5.02
cdf_fs,ebpf,2,349,5.68
cdf_fs,ebpf,2,350,5.149
cdf_fs,ebpf,2,351,5.2
cdf_fs,ebpf,2,352,3.72
cdf_fs,ebpf,2,353,5.18
cdf_fs,ebpf,2,354,4.98
cdf_fs,ebpf,2,355,5.32
cdf_fs,ebpf,2,356,5.209
cdf_fs,ebpf,2,357,4.94
cdf_fs,ebpf,2,358,3.491
cdf_fs,ebpf,2,359,5.429
cdf_fs,ebpf,2,360,4.951
cdf_fs,ebpf,2,361,5.34
cdf_fs,ebpf,2,362,5.169
cdf_fs,ebpf,2,363,5.48
cdf_fs,ebpf,2,364,5.071
cdf_fs,ebpf,2,365,4.909
cdf_fs,ebpf,2,366,4.811
cdf_fs,ebpf,2,367,4.9
cdf_fs,ebpf,2,368,3.5
cdf_fs,ebpf,2,369,5.32
cdf_fs,ebpf,2,370,4.98
cdf_fs,ebpf,2,371,5.209
cdf_fs,ebpf,2,372,3.56
cdf_fs,ebpf,2,373,5.431
cdf_fs,ebpf,2,374,5.06
cdf_fs,ebpf,2,375,5.3
cdf_fs,ebpf,2,376,5.14
cdf_fs,ebpf,2,377,5.349
cdf_fs,ebpf,2,378,3.811
cdf_fs,ebpf,2,379,5.491
cdf_fs,ebpf,2,380,4.051
cdf_fs,ebpf,2,381,5.34
cdf_fs,ebpf,2,382,4.969
cdf_fs,ebpf,2,383,5.84
cdf_fs,ebpf,2,384,4.88
cdf_fs,ebpf,2,385,5.431
cdf_fs,ebpf,2,386,4.989
cdf_fs,ebpf,2,387,5.18
cdf_fs,ebpf,2,388,5.111
cdf_fs,ebpf,2,389,5.4
cdf_fs,ebpf,2,390,5.009
cdf_fs,ebpf,2,391,5.749
cdf_fs,ebpf,2,392,5.169
cdf_fs,ebpf,2,393,5.431
cdf_fs,ebpf,2,394,4.951
cdf_fs,ebpf,2,395,5.191
cdf_fs,ebpf,2,396,5.0
cdf_fs,ebpf,2,397,5.769
cdf_fs,ebpf,2,398,3.991
cdf_fs,ebpf,2,399,5.291
cdf_fs,ebpf,2,400,5.06
cdf_fs,ebpf,2,401,5.211
cdf_fs,ebpf,2,402,4.92
cdf_fs,ebpf,2,403,5.24
cdf_fs,ebpf,2,404,5.1
cdf_fs,ebpf,2,405,5.349
cdf_fs,ebpf,2,406,5.06
cdf_fs,ebpf,2,407,5.02
cdf_fs,ebpf,2,408,5.049
cdf_fs,ebpf,2,409,5.56
cdf_fs,ebpf,2,410,3.511
cdf_fs,ebpf,2,411,5.36
cdf_fs,ebpf,2,412,3.66
cdf_fs,ebpf,2,413,4.969
cdf_fs,ebpf,2,414,5.231
cdf_fs,ebpf,2,415,3.98
cdf_fs,ebpf,2,416,5.349
cdf_fs,ebpf,2,417,5.16
cdf_fs,ebpf,2,418,5.18
cdf_fs,ebpf,2,419,3.689
cdf_fs,ebpf,2,420,5.511
cdf_fs,ebpf,2,421,3.98
cdf_fs,ebpf,2,422,5.3
cdf_fs,ebpf,2,423,5.109
cdf_fs,ebpf,2,424,5.24
cdf_fs,ebpf,2,425,5.129
cdf_fs,ebpf,2,426,5.031
cdf_fs,ebpf,2,427,4.971
cdf_fs,ebpf,2,428,5.26
cdf_fs,ebpf,2,429,3.529
cdf_fs,ebpf,2,430,5.14
cdf_fs,ebpf,2,431,4.98
cdf_fs,ebpf,2,432,5.309
cdf_fs,ebpf,2,433,5.151
cdf_fs,ebpf,2,434,5.269
cdf_fs,ebpf,2,435,4.971
cdf_fs,ebpf,2,436,4.869
cdf_fs,ebpf,2,437,5.071
cdf_fs,ebpf,2,438,5.529
cdf_fs,ebpf,2,439,3.991
cdf_fs,ebpf,2,440,5.389
cdf_fs,ebpf,2,441,5.351
cdf_fs,ebpf,2,442,5.4
cdf_fs,ebpf,2,443,4.96
cdf_fs,ebpf,2,444,4.851
cdf_fs,ebpf,2,445,4.971
cdf_fs,ebpf,2,446,5.451
cdf_fs,ebpf,2,447,5.109
cdf_fs,ebpf,2,448,5.291
cdf_fs,ebpf,2,449,4.58
cdf_fs,ebpf,2,450,4.849
cdf_fs,ebpf,2,451,5.129
cdf_fs,ebpf,2,452,5.42
cdf_fs,ebpf,2,453,4.92
cdf_fs,ebpf,2,454,5.191
cdf_fs,ebpf,2,455,3.909
cdf_fs,ebpf,2,456,5.36
cdf_fs,ebpf,2,457,4.96
cdf_fs,ebpf,2,458,5.631
cdf_fs,ebpf,2,459,3.66
cdf_fs,ebpf,2,460,5.72
cdf_fs,ebpf,2,461,3.609
cdf_fs,ebpf,2,462,5.24
cdf_fs,ebpf,2,463,5.0
cdf_fs,ebpf,2,464,5.34
cdf_fs,ebpf,2,465,4.02
cdf_fs,ebpf,2,466,4.84
cdf_fs,ebpf,2,467,4.111
cdf_fs,ebpf,2,468,5.5
cdf_fs,ebpf,2,469,4.98
cdf_fs,ebpf,2,470,5.171
cdf_fs,ebpf,2,471,5.24
cdf_fs,ebpf,2,472,5.32
cdf_fs,ebpf,2,473,4.109
cdf_fs,ebpf,2,474,5.32
cdf_fs,ebpf,2,475,8.84
cdf_fs,ebpf,2,476,6.58
cdf_fs,ebpf,2,477,4.011
cdf_fs,ebpf,2,478,4.76
cdf_fs,ebpf,2,479,5.02
cdf_fs,ebpf,2,480,5.371
cdf_fs,ebpf,2,481,6.32
cdf_fs,ebpf,2,482,5.26
cdf_fs,ebpf,2,483,5.44
cdf_fs,ebpf,2,484,5.32
cdf_fs,ebpf,2,485,3.869
cdf_fs,ebpf,2,486,5.451
cdf_fs,ebpf,2,487,5.1
cdf_fs,ebpf,2,488,5.371
cdf_fs,ebpf,2,489,5.0
cdf_fs,ebpf,2,490,5.22
cdf_fs,ebpf,2,491,4.891
cdf_fs,ebpf,2,492,5.271
cdf_fs,ebpf,2,493,5.2
cdf_fs,ebpf,2,494,4.88
cdf_fs,ebpf,2,495,4.6
cdf_fs,ebpf,2,496,5.449
cdf_fs,ebpf,2,497,3.531
cdf_fs,ebpf,2,498,4.729
cdf_fs,ebpf,2,499,4.92
cdf_fs,ebpf,2,500,5.4
cdf_fs,ebpf,2,501,5.18
cdf_fs,ebpf,2,502,5.24
cdf_fs,ebpf,2,503,5.14
cdf_fs,ebpf,2,504,5.18
cdf_fs,ebpf,2,505,3.5
cdf_fs,ebpf,2,506,5.0
cdf_fs,ebpf,2,507,5.169
cdf_fs,ebpf,2,508,5.351
cdf_fs,ebpf,2,509,4.909
cdf_fs,ebpf,2,510,5.36
cdf_fs,ebpf,2,511,3.811
cdf_fs,ebpf,2,512,5.381
cdf_fs,ebpf,2,513,4.07
cdf_fs,ebpf,2,514,5.45
cdf_fs,ebpf,2,515,5.1
cdf_fs,ebpf,2,516,4.96
cdf_fs,ebpf,2,517,4.91
cdf_fs,ebpf,2,518,5.49
cdf_fs,ebpf,2,519,5.35
cdf_fs,ebpf,2,520,5.23
cdf_fs,ebpf,2,521,5.08
cdf_fs,ebpf,2,522,5.23
cdf_fs,ebpf,2,523,3.63
cdf_fs,ebpf,2,524,5.21
cdf_fs,ebpf,2,525,5.01
cdf_fs,ebpf,2,526,5.21
cdf_fs,ebpf,2,527,4.01
cdf_fs,ebpf,2,528,5.26
cdf_fs,ebpf,2,529,5.16
cdf_fs,ebpf,2,530,5.31
cdf_fs,ebpf,2,531,5.22
cdf_fs,ebpf,2,532,5.67
cdf_fs,ebpf,2,533,4.9
cdf_fs,ebpf,2,534,5.35
cdf_fs,ebpf,2,535,4.03
cdf_fs,ebpf,2,536,5.27
cdf_fs,ebpf,2,537,5.07
cdf_fs,ebpf,2,538,5.13
cdf_fs,ebpf,2,539,3.48
cdf_fs,ebpf,2,540,5.24
cdf_fs,ebpf,2,541,4.51
cdf_fs,ebpf,2,542,5.45
cdf_fs,ebpf,2,543,4.95
cdf_fs,ebpf,2,544,5.37
cdf_fs,ebpf,2,545,5.08
cdf_fs,ebpf,2,546,5.4
cdf_fs,ebpf,2,547,4.12
cdf_fs,ebpf,2,548,4.76
cdf_fs,ebpf,2,549,5.14
cdf_fs,ebpf,2,550,5.24
cdf_fs,ebpf,2,551,3.57
cdf_fs,ebpf,2,552,5.22
cdf_fs,ebpf,2,553,3.95
cdf_fs,ebpf,2,554,5.18
cdf_fs,ebpf,2,555,5.24
cdf_fs,ebpf,2,556,5.45
cdf_fs,ebpf,2,557,5.01
cdf_fs,ebpf,2,558,5.17
cdf_fs,ebpf,2,559,4.92
cdf_fs,ebpf,2,560,5.19
cdf_fs,ebpf,2,561,4.03
cdf_fs,ebpf,2,562,5.16
cdf_fs,ebpf,2,563,3.96
cdf_fs,ebpf,2,564,5.0
cdf_fs,ebpf,2,565,3.43
cdf_fs,ebpf,2,566,4.86
cdf_fs,ebpf,2,567,4.91
cdf_fs,ebpf,2,568,5.47
cdf_fs,ebpf,2,569,3.62
cdf_fs,ebpf,2,570,4.82
cdf_fs,ebpf,2,571,4.11
cdf_fs,ebpf,2,572,5.33
cdf_fs,ebpf,2,573,5.27
cdf_fs,ebpf,2,574,5.39
cdf_fs,ebpf,2,575,4.0
cdf_fs,ebpf,2,576,5.41
cdf_fs,ebpf,2,577,5.1
cdf_fs,ebpf,2,578,5.25
cdf_fs,ebpf,2,579,3.65
cdf_fs,ebpf,2,580,5.01
cdf_fs,ebpf,2,581,3.99
cdf_fs,ebpf,2,582,4.84
cdf_fs,ebpf,2,583,5.07
cdf_fs,ebpf,2,584,4.83
cdf_fs,ebpf,2,585,5.22
cdf_fs,ebpf,2,586,4.88
cdf_fs,ebpf,2,587,4.98
cdf_fs,ebpf,2,588,5.35
cdf_fs,ebpf,2,589,4.99
cdf_fs,ebpf,2,590,5.85
cdf_fs,ebpf,2,591,5.13
cdf_fs,ebpf,2,592,5.28
cdf_fs,ebpf,2,593,5.22
cdf_fs,ebpf,2,594,5.31
cdf_fs,ebpf,2,595,5.11
cdf_fs,ebpf,2,596,4.89
cdf_fs,ebpf,2,597,5.15
cdf_fs,ebpf,2,598,4.98
cdf_fs,ebpf,2,599,4.93
cdf_fs,ebpf,2,600,5.3
cdf_fs,ebpf,2,601,5.19
cdf_fs,ebpf,2,602,5.4
cdf_fs,ebpf,2,603,3.75
cdf_fs,ebpf,2,604,5.45
cdf_fs,ebpf,2,605,3.99
cdf_fs,ebpf,2,606,5.05
cdf_fs,ebpf,2,607,3.92
cdf_fs,ebpf,2,608,5.3
cdf_fs,ebpf,2,609,4.83
cdf_fs,ebpf,2,610,5.35
cdf_fs,ebpf,2,611,5.15
cdf_fs,ebpf,2,612,5.38
cdf_fs,ebpf,2,613,3.91
cdf_fs,ebpf,2,614,4.85
cdf_fs,ebpf,2,615,5.21
cdf_fs,ebpf,2,616,5.38
cdf_fs,ebpf,2,617,5.6
cdf_fs,ebpf,2,618,5.36
cdf_fs,ebpf,2,619,4.15
cdf_fs,ebpf,2,620,5.29
cdf_fs,ebpf,2,621,5.18
cdf_fs,ebpf,2,622,5.49
cdf_fs,ebpf,2,623,3.69
cdf_fs,ebpf,2,624,5.26
cdf_fs,ebpf,2,625,4.95
cdf_fs,ebpf,2,626,5.38
cdf_fs,ebpf,2,627,4.88
cdf_fs,ebpf,2,628,5.29
cdf_fs,ebpf,2,629,4.87
cdf_fs,ebpf,2,630,5.37
cdf_fs,ebpf,2,631,5.24
cdf_fs,ebpf,2,632,5.36
cdf_fs,ebpf,2,633,4.15
cdf_fs,ebpf,2,634,4.89
cdf_fs,ebpf,2,635,4.15
cdf_fs,ebpf,2,636,5.4
cdf_fs,ebpf,2,637,4.98
cdf_fs,ebpf,2,638,5.3
cdf_fs,ebpf,2,639,4.87
cdf_fs,ebpf,2,640,5.33
cdf_fs,ebpf,2,641,3.93
cdf_fs,ebpf,2,642,5.26
cdf_fs,ebpf,2,643,4.96
cdf_fs,ebpf,2,644,4.8
cdf_fs,ebpf,2,645,4.91
cdf_fs,ebpf,2,646,5.28
cdf_fs,ebpf,2,647,5.36
cdf_fs,ebpf,2,648,5.28
cdf_fs,ebpf,2,649,5.21
cdf_fs,ebpf,2,650,5.41
cdf_fs,ebpf,2,651,4.93
cdf_fs,ebpf,2,652,5.29
cdf_fs,ebpf,2,653,3.54
cdf_fs,ebpf,2,654,5.08
cdf_fs,ebpf,2,655,4.9
cdf_fs,ebpf,2,656,5.21
cdf_fs,ebpf,2,657,4.83
cdf_fs,ebpf,2,658,5.2
cdf_fs,ebpf,2,659,4.64
cdf_fs,ebpf,2,660,5.58
cdf_fs,ebpf,2,661,4.01
cdf_fs,ebpf,2,662,5.22
cdf_fs,ebpf,2,663,3.54
cdf_fs,ebpf,2,664,5.25
cdf_fs,ebpf,2,665,4.86
cdf_fs,ebpf,2,666,5.16
cdf_fs,ebpf,2,667,3.59
cdf_fs,ebpf,2,668,5.29
cdf_fs,ebpf,2,669,5.0
cdf_fs,ebpf,2,670,5.84
cdf_fs,ebpf,2,671,8.92
cdf_fs,ebpf,2,672,6.62
cdf_fs,ebpf,2,673,3.7
cdf_fs,ebpf,2,674,5.35
cdf_fs,ebpf,2,675,3.72
cdf_fs,ebpf,2,676,4.98
cdf_fs,ebpf,2,677,5.03
cdf_fs,ebpf,2,678,5.53
cdf_fs,ebpf,2,679,5.06
cdf_fs,ebpf,2,680,4.91
cdf_fs,ebpf,2,681,5.0
cdf_fs,ebpf,2,682,5.43
cdf_fs,ebpf,2,683,5.14
cdf_fs,ebpf,2,684,5.46
cdf_fs,ebpf,2,685,3.56
cdf_fs,ebpf,2,686,5.6
cdf_fs,ebpf,2,687,5.03
cdf_fs,ebpf,2,688,5.2
cdf_fs,ebpf,2,689,5.01
cdf_fs,ebpf,2,690,4.98
cdf_fs,ebpf,2,691,4.16
cdf_fs,ebpf,2,692,5.3
cdf_fs,ebpf,2,693,5.29
cdf_fs,ebpf,2,694,5.31
cdf_fs,ebpf,2,695,5.07
cdf_fs,ebpf,2,696,5.33
cdf_fs,ebpf,2,697,5.12
cdf_fs,ebpf,2,698,5.35
cdf_fs,ebpf,2,699,5.13
cdf_fs,ebpf,2,700,5.29
cdf_fs,ebpf,2,701,5.15
cdf_fs,ebpf,2,702,4.91
cdf_fs,ebpf,2,703,5.04
cdf_fs,ebpf,2,704,5.29
cdf_fs,ebpf,2,705,3.54
cdf_fs,ebpf,2,706,5.22
cdf_fs,ebpf,2,707,5.08
cdf_fs,ebpf,2,708,4.86
cdf_fs,ebpf,2,709,4.97
cdf_fs,ebpf,2,710,4.83
cdf_fs,ebpf,2,711,5.09
cdf_fs,ebpf,2,712,5.64
cdf_fs,ebpf,2,713,3.68
cdf_fs,ebpf,2,714,4.93
cdf_fs,ebpf,2,715,3.94
cdf_fs,ebpf,2,716,5.06
cdf_fs,ebpf,2,717,4.94
cdf_fs,ebpf,2,718,5.27
cdf_fs,ebpf,2,719,5.26
cdf_fs,ebpf,2,720,4.96
cdf_fs,ebpf,2,721,5.06
cdf_fs,ebpf,2,722,4.93
cdf_fs,ebpf,2,723,5.04
cdf_fs,ebpf,2,724,5.4
cdf_fs,ebpf,2,725,5.07
cdf_fs,ebpf,2,726,5.37
cdf_fs,ebpf,2,727,3.6
cdf_fs,ebpf,2,728,5.14
cdf_fs,ebpf,2,729,4.94
cdf_fs,ebpf,2,730,5.23
cdf_fs,ebpf,2,731,4.16
cdf_fs,ebpf,2,732,5.15
cdf_fs,ebpf,2,733,4.9
cdf_fs,ebpf,2,734,5.42
cdf_fs,ebpf,2,735,4.82
cdf_fs,ebpf,2,736,5.22
cdf_fs,ebpf,2,737,4.96
cdf_fs,ebpf,2,738,4.74
cdf_fs,ebpf,2,739,4.98
cdf_fs,ebpf,2,740,5.3
cdf_fs,ebpf,2,741,5.05
cdf_fs,ebpf,2,742,5.7
cdf_fs,ebpf,2,743,5.12
cdf_fs,ebpf,2,744,5.28
cdf_fs,ebpf,2,745,5.06
cdf_fs,ebpf,2,746,5.33
cdf_fs,ebpf,2,747,3.51
cdf_fs,ebpf,2,748,5.41
cdf_fs,ebpf,2,749,5.17
cdf_fs,ebpf,2,750,5.39
cdf_fs,ebpf,2,751,3.57
cdf_fs,ebpf,2,752,5.27
cdf_fs,ebpf,2,753,4.97
cdf_fs,ebpf,2,754,5.42
cdf_fs,ebpf,2,755,5.07
cdf_fs,ebpf,2,756,5.01
cdf_fs,ebpf,2,757,5.07
cdf_fs,ebpf,2,758,5.29
cdf_fs,ebpf,2,759,5.23
cdf_fs,ebpf,2,760,5.27
cdf_fs,ebpf,2,761,4.67
cdf_fs,ebpf,2,762,4.98
cdf_fs,ebpf,2,763,4.49
cdf_fs,ebpf,2,764,5.26
cdf_fs,ebpf,2,765,5.14
cdf_fs,ebpf,2,766,4.87
cdf_fs,ebpf,2,767,4.64
cdf_fs,ebpf,2,768,5.2
cdf_fs,ebpf,2,769,4.86
cdf_fs,ebpf,2,770,5.32
cdf_fs,ebpf,2,771,3.7
cdf_fs,ebpf,2,772,4.88
cdf_fs,ebpf,2,773,4.74
cdf_fs,ebpf,2,774,5.31
cdf_fs,ebpf,2,775,4.12
cdf_fs,ebpf,2,776,5.49
cdf_fs,ebpf,2,777,3.87
cdf_fs,ebpf,2,778,5.51
cdf_fs,ebpf,2,779,4.95
cdf_fs,ebpf,2,780,5.24
cdf_fs,ebpf,2,781,5.18
cdf_fs,ebpf,2,782,5.16
cdf_fs,ebpf,2,783,4.93
cdf_fs,ebpf,2,784,5.36
cdf_fs,ebpf,2,785,5.02
cdf_fs,ebpf,2,786,4.92
cdf_fs,ebpf,2,787,4.92
cdf_fs,ebpf,2,788,5.19
cdf_fs,ebpf,2,789,4.71
cdf_fs,ebpf,2,790,5.33
cdf_fs,ebpf,2,791,4.97
cdf_fs,ebpf,2,792,4.91
cdf_fs,ebpf,2,793,5.06
cdf_fs,ebpf,2,794,5.38
cdf_fs,ebpf,2,795,5.12
cdf_fs,ebpf,2,796,4.88
cdf_fs,ebpf,2,797,5.11
cdf_fs,ebpf,2,798,5.41
cdf_fs,ebpf,2,799,5.14
cdf_fs,ebpf,2,800,5.29
cdf_fs,ebpf,2,801,5.06
cdf_fs,ebpf,2,802,4.99
cdf_fs,ebpf,2,803,5.07
cdf_fs,ebpf,2,804,5.34
cdf_fs,ebpf,2,805,3.94
cdf_fs,ebpf,2,806,5.15
cdf_fs,ebpf,2,807,5.4
cdf_fs,ebpf,2,808,4.98
cdf_fs,ebpf,2,809,4.85
cdf_fs,ebpf,2,810,5.44
cdf_fs,ebpf,2,811,5.03
cdf_fs,ebpf,2,812,5.04
cdf_fs,ebpf,2,813,3.84
cdf_fs,ebpf,2,814,5.32
cdf_fs,ebpf,2,815,5.26
cdf_fs,ebpf,2,816,5.37
cdf_fs,ebpf,2,817,3.74
cdf_fs,ebpf,2,818,5.24
cdf_fs,ebpf,2,819,3.6
cdf_fs,ebpf,2,820,5.0
cdf_fs,ebpf,2,821,3.57
cdf_fs,ebpf,2,822,5.23
cdf_fs,ebpf,2,823,4.6
cdf_fs,ebpf,2,824,5.42
cdf_fs,ebpf,2,825,5.08
cdf_fs,ebpf,2,826,4.86
cdf_fs,ebpf,2,827,5.04
cdf_fs,ebpf,2,828,4.86
cdf_fs,ebpf,2,829,5.04
cdf_fs,ebpf,2,830,5.23
cdf_fs,ebpf,2,831,4.94
cdf_fs,ebpf,2,832,5.35
cdf_fs,ebpf,2,833,4.98
cdf_fs,ebpf,2,834,4.88
cdf_fs,ebpf,2,835,3.66
cdf_fs,ebpf,2,836,5.14
cdf_fs,ebpf,2,837,4.93
cdf_fs,ebpf,2,838,5.59
cdf_fs,ebpf,2,839,3.69
cdf_fs,ebpf,2,840,5.22
cdf_fs,ebpf,2,841,4.64
cdf_fs,ebpf,2,842,5.34
cdf_fs,ebpf,2,843,3.48
cdf_fs,ebpf,2,844,5.07
cdf_fs,ebpf,2,845,5.01
cdf_fs,ebpf,2,846,5.26
cdf_fs,ebpf,2,847,3.65
cdf_fs,ebpf,2,848,4.94
cdf_fs,ebpf,2,849,5.23
cdf_fs,ebpf,2,850,4.85
cdf_fs,ebpf,2,851,5.24
cdf_fs,ebpf,2,852,5.59
cdf_fs,ebpf,2,853,3.51
cdf_fs,ebpf,2,854,4.83
cdf_fs,ebpf,2,855,3.8
cdf_fs,ebpf,2,856,5.37
cdf_fs,ebpf,2,857,3.7
cdf_fs,ebpf,2,858,5.32
cdf_fs,ebpf,2,859,4.99
cdf_fs,ebpf,2,860,4.84
cdf_fs,ebpf,2,861,4.96
cdf_fs,ebpf,2,862,4.93
cdf_fs,ebpf,2,863,5.05
cdf_fs,ebpf,2,864,4.85
cdf_fs,ebpf,2,865,5.35
cdf_fs,ebpf,2,866,4.81
cdf_fs,ebpf,2,867,9.34
cdf_fs,ebpf,2,868,7.09
cdf_fs,ebpf,2,869,4.31
cdf_fs,ebpf,2,870,4.96
cdf_fs,ebpf,2,871,5.31
cdf_fs,ebpf,2,872,5.01
cdf_fs,ebpf,2,873,3.65
cdf_fs,ebpf,2,874,5.18
cdf_fs,ebpf,2,875,3.49
cdf_fs,ebpf,2,876,4.79
cdf_fs,ebpf,2,877,5.35
cdf_fs,ebpf,2,878,5.39
cdf_fs,ebpf,2,879,5.01
cdf_fs,ebpf,2,880,4.94
cdf_fs,ebpf,2,881,3.66
cdf_fs,ebpf,2,882,5.03
cdf_fs,ebpf,2,883,5.07
cdf_fs,ebpf,2,884,5.28
cdf_fs,ebpf,2,885,3.71
cdf_fs,ebpf,2,886,5.45
cdf_fs,ebpf,2,887,3.61
cdf_fs,ebpf,2,888,5.24
cdf_fs,ebpf,2,889,5.02
cdf_fs,ebpf,2,890,5.09
cdf_fs,ebpf,2,891,4.01
cdf_fs,ebpf,2,892,4.82
cdf_fs,ebpf,2,893,4.94
cdf_fs,ebpf,2,894,4.82
cdf_fs,ebpf,2,895,4.95
cdf_fs,ebpf,2,896,5.18
cdf_fs,ebpf,2,897,3.75
cdf_fs,ebpf,2,898,5.36
cdf_fs,ebpf,2,899,5.25
cdf_fs,ebpf,2,900,5.49
cdf_fs,ebpf,2,901,5.0
cdf_fs,ebpf,2,902,5.44
cdf_fs,ebpf,2,903,5.1
cdf_fs,ebpf,2,904,5.18
cdf_fs,ebpf,2,905,4.98
cdf_fs,ebpf,2,906,5.36
cdf_fs,ebpf,2,907,4.03
cdf_fs,ebpf,2,908,5.24
cdf_fs,ebpf,2,909,4.98
cdf_fs,ebpf,2,910,4.84
cdf_fs,ebpf,2,911,5.03
cdf_fs,ebpf,2,912,5.25
cdf_fs,ebpf,2,913,5.2
cdf_fs,ebpf,2,914,5.46
cdf_fs,ebpf,2,915,4.01
cdf_fs,ebpf,2,916,5.43
cdf_fs,ebpf,2,917,4.0
cdf_fs,ebpf,2,918,4.78
cdf_fs,ebpf,2,919,4.91
cdf_fs,ebpf,2,920,5.53
cdf_fs,ebpf,2,921,5.31
cdf_fs,ebpf,2,922,5.41
cdf_fs,ebpf,2,923,3.56
cdf_fs,ebpf,2,924,5.54
cdf_fs,ebpf,2,925,3.6
cdf_fs,ebpf,2,926,4.2
cdf_fs,ebpf,2,927,5.55
cdf_fs,ebpf,2,928,5.01
cdf_fs,ebpf,2,929,5.35
cdf_fs,ebpf,2,930,4.9
cdf_fs,ebpf,2,931,5.37
cdf_fs,ebpf,2,932,4.95
cdf_fs,ebpf,2,933,5.21
cdf_fs,ebpf,2,934,3.59
cdf_fs,ebpf,2,935,5.55
cdf_fs,ebpf,2,936,4.89
cdf_fs,ebpf,2,937,5.59
cdf_fs,ebpf,2,938,4.89
cdf_fs,ebpf,2,939,5.41
cdf_fs,ebpf,2,940,4.99
cdf_fs,ebpf,2,941,4.89
cdf_fs,ebpf,2,942,5.11
cdf_fs,ebpf,2,943,5.16
cdf_fs,ebpf,2,944,3.61
cdf_fs,ebpf,2,945,5.31
cdf_fs,ebpf,2,946,5.01
cdf_fs,ebpf,2,947,4.81
cdf_fs,ebpf,2,948,4.76
cdf_fs,ebpf,2,949,4.91
cdf_fs,ebpf,2,950,3.96
cdf_fs,ebpf,2,951,5.3
cdf_fs,ebpf,2,952,3.58
cdf_fs,ebpf,2,953,5.01
cdf_fs,ebpf,2,954,5.13
cdf_fs,ebpf,2,955,5.01
cdf_fs,ebpf,2,956,5.27
cdf_fs,ebpf,2,957,5.44
cdf_fs,ebpf,2,958,3.88
cdf_fs,ebpf,2,959,5.23
cdf_fs,ebpf,2,960,5.12
cdf_fs,ebpf,2,961,5.3
cdf_fs,ebpf,2,962,3.88
cdf_fs,ebpf,2,963,5.35
cdf_fs,ebpf,2,964,3.79
cdf_fs,ebpf,2,965,5.8
cdf_fs,ebpf,2,966,3.64
cdf_fs,ebpf,2,967,4.99
cdf_fs,ebpf,2,968,5.08
cdf_fs,ebpf,2,969,5.02
cdf_fs,ebpf,2,970,5.01
cdf_fs,ebpf,2,971,5.39
cdf_fs,ebpf,2,972,4.94
cdf_fs,ebpf,2,973,5.4
cdf_fs,ebpf,2,974,5.04
cdf_fs,ebpf,2,975,5.69
cdf_fs,ebpf,2,976,5.07
cdf_fs,ebpf,2,977,5.05
cdf_fs,ebpf,2,978,3.95
cdf_fs,ebpf,2,979,5.24
cdf_fs,ebpf,2,980,5.01
cdf_fs,ebpf,2,981,5.44
cdf_fs,ebpf,2,982,5.08
cdf_fs,ebpf,2,983,5.31
cdf_fs,ebpf,2,984,4.95
cdf_fs,ebpf,2,985,5.31
cdf_fs,ebpf,2,986,3.54
cdf_fs,ebpf,2,987,5.27
cdf_fs,ebpf,2,988,4.69
cdf_fs,ebpf,2,989,5.34
cdf_fs,ebpf,2,990,5.09
cdf_fs,ebpf,2,991,5.24
cdf_fs,ebpf,2,992,5.06
cdf_fs,ebpf,2,993,6.47
cdf_fs,ebpf,2,994,3.99
cdf_fs,ebpf,2,995,5.28
cdf_fs,ebpf,2,996,3.65
cdf_fs,ebpf,2,997,5.32
cdf_fs,ebpf,2,998,3.93
cdf_fs,ebpf,2,999,4.95
cdf_fs,ebpf,2,1000,4.07
cdf_fs,ebpf,2,1001,4.82
cdf_fs,ebpf,2,1002,5.14
cdf_fs,ebpf,2,1003,5.21
cdf_fs,ebpf,2,1004,4.98
cdf_fs,ebpf,2,1005,5.39
cdf_fs,ebpf,2,1006,5.3
cdf_fs,ebpf,2,1007,5.06
cdf_fs,ebpf,2,1008,5.06
cdf_fs,ebpf,2,1009,5.21
cdf_fs,ebpf,2,1010,5.16
cdf_fs,ebpf,2,1011,5.4
cdf_fs,ebpf,2,1012,4.08
cdf_fs,ebpf,2,1013,5.6
cdf_fs,ebpf,2,1014,3.62
cdf_fs,ebpf,2,1015,4.95
cdf_fs,ebpf,2,1016,3.59
cdf_fs,ebpf,2,1017,5.05
cdf_fs,ebpf,2,1018,4.33
cdf_fs,ebpf,2,1019,5.87
cdf_fs,ebpf,2,1020,3.67
cdf_fs,ebpf,2,1021,4.91
cdf_fs,ebpf,2,1022,3.93
cdf_fs,ebpf,2,1023,5.02
cdf_fs,ebpf,2,1024,4.72
cdf_fs,ebpf,2,1025,5.04
cdf_fs,ebpf,2,1026,5.12
cdf_fs,ebpf,2,1027,5.24
cdf_fs,ebpf,2,1028,3.86
cdf_fs,ebpf,2,1029,4.98
cdf_fs,ebpf,2,1030,3.75
cdf_fs,ebpf,2,1031,4.9
cdf_fs,ebpf,2,1032,4.09
cdf_fs,ebpf,2,1033,5.24
cdf_fs,ebpf,2,1034,5.05
cdf_fs,ebpf,2,1035,5.3
cdf_fs,ebpf,2,1036,3.88
cdf_fs,ebpf,2,1037,4.95
cdf_fs,ebpf,2,1038,5.19
cdf_fs,ebpf,2,1039,5.21
cdf_fs,ebpf,2,1040,3.78
cdf_fs,ebpf,2,1041,5.44
cdf_fs,ebpf,2,1042,5.17
cdf_fs,ebpf,2,1043,5.26
cdf_fs,ebpf,2,1044,4.89
cdf_fs,ebpf,2,1045,4.85
cdf_fs,ebpf,2,1046,5.07
cdf_fs,ebpf,2,1047,5.51
cdf_fs,ebpf,2,1048,5.02
cdf_fs,ebpf,2,1049,5.23
cdf_fs,ebpf,2,1050,5.15
cdf_fs,ebpf,2,1051,5.42
cdf_fs,ebpf,2,1052,3.64
cdf_fs,ebpf,2,1053,5.39
cdf_fs,ebpf,2,1054,4.1
cdf_fs,ebpf,2,1055,5.33
cdf_fs,ebpf,2,1056,5.04
cdf_fs,ebpf,2,1057,4.95
cdf_fs,ebpf,2,1058,5.16
cdf_fs,ebpf,2,1059,5.08
cdf_fs,ebpf,2,1060,5.04
cdf_fs,ebpf,2,1061,5.22
cdf_fs,ebpf,2,1062,3.94
cdf_fs,ebpf,2,1063,5.33
cdf_fs,ebpf,2,1064,4.9
cdf_fs,ebpf,2,1065,9.46
cdf_fs,ebpf,2,1066,6.27
cdf_fs,ebpf,2,1067,5.07
cdf_fs,ebpf,2,1068,5.67
cdf_fs,ebpf,2,1069,3.95
cdf_fs,ebpf,2,1070,5.33
cdf_fs,ebpf,2,1071,5.14
cdf_fs,ebpf,2,1072,4.9
cdf_fs,ebpf,2,1073,3.98
cdf_fs,ebpf,2,1074,5.35
cdf_fs,ebpf,2,1075,5.01
cdf_fs,ebpf,2,1076,5.07
cdf_fs,ebpf,2,1077,3.53
cdf_fs,ebpf,2,1078,5.02
cdf_fs,ebpf,2,1079,5.08
cdf_fs,ebpf,2,1080,4.88
cdf_fs,ebpf,2,1081,3.58
cdf_fs,ebpf,2,1082,4.97
cdf_fs,ebpf,2,1083,4.08
cdf_fs,ebpf,2,1084,4.81
cdf_fs,ebpf,2,1085,4.94
cdf_fs,ebpf,2,1086,5.49
cdf_fs,ebpf,2,1087,3.78
cdf_fs,ebpf,2,1088,5.32
cdf_fs,ebpf,2,1089,4.05
cdf_fs,ebpf,2,1090,4.81
cdf_fs,ebpf,2,1091,4.67
cdf_fs,ebpf,2,1092,5.05
cdf_fs,ebpf,2,1093,5.02
cdf_fs,ebpf,2,1094,5.42
cdf_fs,ebpf,2,1095,5.21
cdf_fs,ebpf,2,1096,5.0
cdf_fs,ebpf,2,1097,4.06
cdf_fs,ebpf,2,1098,5.27
cdf_fs,ebpf,2,1099,5.05
cdf_fs,ebpf,2,1100,4.86
cdf_fs,ebpf,2,1101,5.07
cdf_fs,ebpf,2,1102,5.33
cdf_fs,ebpf,2,1103,3.61
cdf_fs,ebpf,2,1104,5.34
cdf_fs,ebpf,2,1105,5.28
cdf_fs,ebpf,2,1106,4.89
cdf_fs,ebpf,2,1107,5.14
cdf_fs,ebpf,2,1108,5.44
cdf_fs,ebpf,2,1109,3.61
cdf_fs,ebpf,2,1110,5.42
cdf_fs,ebpf,2,1111,3.76
cdf_fs,ebpf,2,1112,5.37
cdf_fs,ebpf,2,1113,4.95
cdf_fs,ebpf,2,1114,5.28
cdf_fs,ebpf,2,1115,5.09
cdf_fs,ebpf,2,1116,4.91
cdf_fs,ebpf,2,1117,4.96
cdf_fs,ebpf,2,1118,5.41
cdf_fs,ebpf,2,1119,5.01
cdf_fs,ebpf,2,1120,5.29
cdf_fs,ebpf,2,1121,3.79
cdf_fs,ebpf,2,1122,4.93
cdf_fs,ebpf,2,1123,3.64
cdf_fs,ebpf,2,1124,4.99
cdf_fs,ebpf,2,1125,5.11
cdf_fs,ebpf,2,1126,4.92
cdf_fs,ebpf,2,1127,4.83
cdf_fs,ebpf,2,1128,5.03
cdf_fs,ebpf,2,1129,3.63
cdf_fs,ebpf,2,1130,4.88
cdf_fs,ebpf,2,1131,3.55
cdf_fs,ebpf,2,1132,5.22
cdf_fs,ebpf,2,1133,4.89
cdf_fs,ebpf,2,1134,5.47
cdf_fs,ebpf,2,1135,5.25
cdf_fs,ebpf,2,1136,5.28
cdf_fs,ebpf,2,1137,5.03
cdf_fs,ebpf,2,1138,5.32
cdf_fs,ebpf,2,1139,4.93
cdf_fs,ebpf,2,1140,4.83
cdf_fs,ebpf,2,1141,5.13
cdf_fs,ebpf,2,1142,5.38
cdf_fs,ebpf,2,1143,4.92
cdf_fs,ebpf,2,1144,5.26
cdf_fs,ebpf,2,1145,4.7
cdf_fs,ebpf,2,1146,5.41
cdf_fs,ebpf,2,1147,5.11
cdf_fs,ebpf,2,1148,4.91
cdf_fs,ebpf,2,1149,3.93
cdf_fs,ebpf,2,1150,5.19
cdf_fs,ebpf,2,1151,5.14
cdf_fs,ebpf,2,1152,5.19
cdf_fs,ebpf,2,1153,4.65
cdf_fs,ebpf,2,1154,5.75
cdf_fs,ebpf,2,1155,4.09
cdf_fs,ebpf,2,1156,5.08
cdf_fs,ebpf,2,1157,4.95
cdf_fs,ebpf,2,1158,4.92
cdf_fs,ebpf,2,1159,5.14
cdf_fs,ebpf,2,1160,5.29
cdf_fs,ebpf,2,1161,3.59
cdf_fs,ebpf,2,1162,4.78
cdf_fs,ebpf,2,1163,4.61
cdf_fs,ebpf,2,1164,5.33
cdf_fs,ebpf,2,1165,4.1
cdf_fs,ebpf,2,1166,5.27
cdf_fs,ebpf,2,1167,5.08
cdf_fs,ebpf,2,1168,4.9
cdf_fs,ebpf,2,1169,3.63
cdf_fs,ebpf,2,1170,5.21
cdf_fs,ebpf,2,1171,3.69
cdf_fs,ebpf,2,1172,5.3
cdf_fs,ebpf,2,1173,4.03
cdf_fs,ebpf,2,1174,4.85
cdf_fs,ebpf,2,1175,4.81
cdf_fs,ebpf,2,1176,5.32
cdf_fs,ebpf,2,1177,5.16
cdf_fs,ebpf,2,1178,5.47
cdf_fs,ebpf,2,1179,3.51
cdf_fs,ebpf,2,1180,4.84
cdf_fs,ebpf,2,1181,4.77
cdf_fs,ebpf,2,1182,5.62
cdf_fs,ebpf,2,1183,5.1
cdf_fs,ebpf,2,1184,5.82
cdf_fs,ebpf,2,1185,5.02
cdf_fs,ebpf,2,1186,5.39
cdf_fs,ebpf,2,1187,3.61
cdf_fs,ebpf,2,1188,5.4
cdf_fs,ebpf,2,1189,4.71
cdf_fs,ebpf,2,1190,4.15
cdf_fs,ebpf,2,1191,3.7
cdf_fs,ebpf,2,1192,5.48
cdf_fs,ebpf,2,1193,4.15
cdf_fs,ebpf,2,1194,5.47
cdf_fs,ebpf,2,1195,5.11
cdf_fs,ebpf,2,1196,5.07
cdf_fs,ebpf,2,1197,3.58
cdf_fs,ebpf,2,1198,5.5
cdf_fs,ebpf,2,1199,5.03
cdf_fs,ebpf,2,1200,4.88
cdf_fs,ebpf,2,1201,5.08
cdf_fs,ebpf,2,1202,5.83
cdf_fs,ebpf,2,1203,3.77
cdf_fs,ebpf,2,1204,5.25
cdf_fs,ebpf,2,1205,5.17
cdf_fs,ebpf,2,1206,5.35
cdf_fs,ebpf,2,1207,5.06
cdf_fs,ebpf,2,1208,5.41
cdf_fs,ebpf,2,1209,3.83
cdf_fs,ebpf,2,1210,4.97
cdf_fs,ebpf,2,1211,5.19
cdf_fs,ebpf,2,1212,4.74
cdf_fs,ebpf,2,1213,4.43
cdf_fs,ebpf,2,1214,4.92
cdf_fs,ebpf,2,1215,5.01
cdf_fs,ebpf,2,1216,4.99
cdf_fs,ebpf,2,1217,3.56
cdf_fs,ebpf,2,1218,5.36
cdf_fs,ebpf,2,1219,4.89
cdf_fs,ebpf,2,1220,5.33
cdf_fs,ebpf,2,1221,5.18
cdf_fs,ebpf,2,1222,4.81
cdf_fs,ebpf,2,1223,4.25
cdf_fs,ebpf,2,1224,4.86
cdf_fs,ebpf,2,1225,3.62
cdf_fs,ebpf,2,1226,4.96
cdf_fs,ebpf,2,1227,5.17
cdf_fs,ebpf,2,1228,5.3
cdf_fs,ebpf,2,1229,3.96
cdf_fs,ebpf,2,1230,5.05
cdf_fs,ebpf,2,1231,3.7
cdf_fs,ebpf,2,1232,5.47
cdf_fs,ebpf,2,1233,3.6
cdf_fs,ebpf,2,1234,4.8
cdf_fs,ebpf,2,1235,4.55
cdf_fs,ebpf,2,1236,4.97
cdf_fs,ebpf,2,1237,5.23
cdf_fs,ebpf,2,1238,5.32
cdf_fs,ebpf,2,1239,3.56
cdf_fs,ebpf,2,1240,4.93
cdf_fs,ebpf,2,1241,5.18
cdf_fs,ebpf,2,1242,5.18
cdf_fs,ebpf,2,1243,4.88
cdf_fs,ebpf,2,1244,4.9
cdf_fs,ebpf,2,1245,5.24
cdf_fs,ebpf,2,1246,4.81
cdf_fs,ebpf,2,1247,5.04
cdf_fs,ebpf,2,1248,5.43
cdf_fs,ebpf,2,1249,5.33
cdf_fs,ebpf,2,1250,4.9
cdf_fs,ebpf,2,1251,5.15
cdf_fs,ebpf,2,1252,5.42
cdf_fs,ebpf,2,1253,5.16
cdf_fs,ebpf,2,1254,4.95
cdf_fs,ebpf,2,1255,4.1
cdf_fs,ebpf,2,1256,4.77
cdf_fs,ebpf,2,1257,5.131
cdf_fs,ebpf,2,1258,5.089
cdf_fs,ebpf,2,1259,4.971
cdf_fs,ebpf,2,1260,5.36
cdf_fs,ebpf,2,1261,3.76
cdf_fs,ebpf,2,1262,5.26
cdf_fs,ebpf,2,1263,4.151
cdf_fs,ebpf,2,1264,5.0
cdf_fs,ebpf,2,1265,9.091
cdf_fs,ebpf,2,1266,6.671
cdf_fs,ebpf,2,1267,4.14
cdf_fs,ebpf,2,1268,5.211
cdf_fs,ebpf,2,1269,5.451
cdf_fs,ebpf,2,1270,5.369
cdf_fs,ebpf,2,1271,5.1
cdf_fs,ebpf,2,1272,5.24
cdf_fs,ebpf,2,1273,5.091
cdf_fs,ebpf,2,1274,5.391
cdf_fs,ebpf,2,1275,3.64
cdf_fs,ebpf,2,1276,4.88
cdf_fs,ebpf,2,1277,5.029
cdf_fs,ebpf,2,1278,5.611
cdf_fs,ebpf,2,1279,3.92
cdf_fs,ebpf,2,1280,4.891
cdf_fs,ebpf,2,1281,3.651
cdf_fs,ebpf,2,1282,5.129
cdf_fs,ebpf,2,1283,4.52
cdf_fs,ebpf,2,1284,5.56
cdf_fs,ebpf,2,1285,5.229
cdf_fs,ebpf,2,1286,4.84
cdf_fs,ebpf,2,1287,4.96
cdf_fs,ebpf,2,1288,4.911
cdf_fs,ebpf,2,1289,5.191
cdf_fs,ebpf,2,1290,5.089
cdf_fs,ebpf,2,1291,3.911
cdf_fs,ebpf,2,1292,4.92
cdf_fs,ebpf,2,1293,3.651
cdf_fs,ebpf,2,1294,5.311
cdf_fs,ebpf,2,1295,3.66
cdf_fs,ebpf,2,1296,5.289
cdf_fs,ebpf,2,1297,3.969
cdf_fs,ebpf,2,1298,5.209
cdf_fs,ebpf,2,1299,3.671
cdf_fs,ebpf,2,1300,5.131
cdf_fs,ebpf,2,1301,3.651
cdf_fs,ebpf,2,1302,5.309
cdf_fs,ebpf,2,1303,4.7
cdf_fs,ebpf,2,1304,4.869
cdf_fs,ebpf,2,1305,4.071
cdf_fs,ebpf,2,1306,4.929
cdf_fs,ebpf,2,1307,4.051
cdf_fs,ebpf,2,1308,4.949
cdf_fs,ebpf,2,1309,4.091
cdf_fs,ebpf,2,1310,5.409
cdf_fs,ebpf,2,1311,5.111
cdf_fs,ebpf,2,1312,4.9
cdf_fs,ebpf,2,1313,5.12
cdf_fs,ebpf,2,1314,5.18
cdf_fs,ebpf,2,1315,4.98
cdf_fs,ebpf,2,1316,4.969
cdf_fs,ebpf,2,1317,4.071
cdf_fs,ebpf,2,1318,4.909
cdf_fs,ebpf,2,1319,4.68
cdf_fs,ebpf,2,1320,4.871
cdf_fs,ebpf,2,1321,3.671
cdf_fs,ebpf,2,1322,5.329
cdf_fs,ebpf,2,1323,3.769
cdf_fs,ebpf,2,1324,5.691
cdf_fs,ebpf,2,1325,3.66
cdf_fs,ebpf,2,1326,5.311
cdf_fs,ebpf,2,1327,4.951
cdf_fs,ebpf,2,1328,5.24
cdf_fs,ebpf,2,1329,5.171
cdf_fs,ebpf,2,1330,5.4
cdf_fs,ebpf,2,1331,3.72
cdf_fs,ebpf,2,1332,4.931
cdf_fs,ebpf,2,1333,3.8
cdf_fs,ebpf,2,1334,5.111
cdf_fs,ebpf,2,1335,5.56
cdf_fs,ebpf,2,1336,5.04
cdf_fs,ebpf,2,1337,3.54
cdf_fs,ebpf,2,1338,4.94
cdf_fs,ebpf,2,1339,5.04
cdf_fs,ebpf,2,1340,5.349
cdf_fs,ebpf,2,1341,3.64
cdf_fs,ebpf,2,1342,4.84
cdf_fs,ebpf,2,1343,4.171
cdf_fs,ebpf,2,1344,5.311
cdf_fs,ebpf,2,1345,5.689
cdf_fs,ebpf,2,1346,4.731
cdf_fs,ebpf,2,1347,3.66
cdf_fs,ebpf,2,1348,5.051
cdf_fs,ebpf,2,1349,3.82
cdf_fs,ebpf,2,1350,5.46
cdf_fs,ebpf,2,1351,5.029
cdf_fs,ebpf,2,1352,5.611
cdf_fs,ebpf,2,1353,3.769
cdf_fs,ebpf,2,1354,5.331
cdf_fs,ebpf,2,1355,3.68
cdf_fs,ebpf,2,1356,5.36
cdf_fs,ebpf,2,1357,5.04
cdf_fs,ebpf,2,1358,5.5
cdf_fs,ebpf,2,1359,3.52
cdf_fs,ebpf,2,1360,5.269
cdf_fs,ebpf,2,1361,5.18
cdf_fs,ebpf,2,1362,5.269
cdf_fs,ebpf,2,1363,3.74
cdf_fs,ebpf,2,1364,5.091
cdf_fs,ebpf,2,1365,4.62
cdf_fs,ebpf,2,1366,4.971
cdf_fs,ebpf,2,1367,4.56
cdf_fs,ebpf,2,1368,4.971
cdf_fs,ebpf,2,1369,3.78
cdf_fs,ebpf,2,1370,4.94
cdf_fs,ebpf,2,1371,5.06
cdf_fs,ebpf,2,1372,4.84
cdf_fs,ebpf,2,1373,4.611
cdf_fs,ebpf,2,1374,5.249
cdf_fs,ebpf,2,1375,4.949
cdf_fs,ebpf,2,1376,5.38
cdf_fs,ebpf,2,1377,3.629
cdf_fs,ebpf,2,1378,5.331
cdf_fs,ebpf,2,1379,5.12
cdf_fs,ebpf,2,1380,4.9
cdf_fs,ebpf,2,1381,4.729
cdf_fs,ebpf,2,1382,5.391
cdf_fs,ebpf,2,1383,5.04
cdf_fs,ebpf,2,1384,5.431
cdf_fs,ebpf,2,1385,5.04
cdf_fs,ebpf,2,1386,5.0
cdf_fs,ebpf,2,1387,5.02
cdf_fs,ebpf,2,1388,5.629
cdf_fs,ebpf,2,1389,5.211
cdf_fs,ebpf,2,1390,4.809
cdf_fs,ebpf,2,1391,5.069
cdf_fs,ebpf,2,1392,4.711
cdf_fs,ebpf,2,1393,3.591
cdf_fs,ebpf,2,1394,5.04
cdf_fs,ebpf,2,1395,3.709
cdf_fs,ebpf,2,1396,4.931
cdf_fs,ebpf,2,1397,4.02
cdf_fs,ebpf,2,1398,5.631
cdf_fs,ebpf,2,1399,4.82
cdf_fs,ebpf,2,1400,5.549
cdf_fs,ebpf,2,1401,3.711
cdf_fs,ebpf,2,1402,5.44
cdf_fs,ebpf,2,1403,3.711
cdf_fs,ebpf,2,1404,5.451
cdf_fs,ebpf,2,1405,3.64
cdf_fs,ebpf,2,1406,5.489
cdf_fs,ebpf,2,1407,3.871
cdf_fs,ebpf,2,1408,4.88
cdf_fs,ebpf,2,1409,3.771
cdf_fs,ebpf,2,1410,5.409
cdf_fs,ebpf,2,1411,5.071
cdf_fs,ebpf,2,1412,5.08
cdf_fs,ebpf,2,1413,5.26
cdf_fs,ebpf,2,1414,5.169
cdf_fs,ebpf,2,1415,3.56
cdf_fs,ebpf,2,1416,5.449
cdf_fs,ebpf,2,1417,5.02
cdf_fs,ebpf,2,1418,4.98
cdf_fs,ebpf,2,1419,4.18
cdf_fs,ebpf,2,1420,5.051
cdf_fs,ebpf,2,1421,5.16
cdf_fs,ebpf,2,1422,5.071
cdf_fs,ebpf,2,1423,4.891
cdf_fs,ebpf,2,1424,4.96
cdf_fs,ebpf,2,1425,5.229
cdf_fs,ebpf,2,1426,5.02
cdf_fs,ebpf,2,1427,3.509
cdf_fs,ebpf,2,1428,4.931
cdf_fs,ebpf,2,1429,5.029
cdf_fs,ebpf,2,1430,5.049
cdf_fs,ebpf,2,1431,3.8
cdf_fs,ebpf,2,1432,5.029
cdf_fs,ebpf,2,1433,3.78
cdf_fs,ebpf,2,1434,5.42
cdf_fs,ebpf,2,1435,3.66
cdf_fs,ebpf,2,1436,5.26
cdf_fs,ebpf,2,1437,5.06
cdf_fs,ebpf,2,1438,4.869
cdf_fs,ebpf,2,1439,4.98
cdf_fs,ebpf,2,1440,5.211
cdf_fs,ebpf,2,1441,4.76
cdf_fs,ebpf,2,1442,4.889
cdf_fs,ebpf,2,1443,5.331
cdf_fs,ebpf,2,1444,5.511
cdf_fs,ebpf,2,1445,4.989
cdf_fs,ebpf,2,1446,5.429
cdf_fs,ebpf,2,1447,5.18
cdf_fs,ebpf,2,1448,4.969
cdf_fs,ebpf,2,1449,4.171
cdf_fs,ebpf,2,1450,5.14
cdf_fs,ebpf,2,1451,5.22
cdf_fs,ebpf,2,1452,4.931
cdf_fs,ebpf,2,1453,5.069
cdf_fs,ebpf,2,1454,4.891
cdf_fs,ebpf,2,1455,5.051
cdf_fs,ebpf,2,1456,5.4
cdf_fs,ebpf,2,1457,3.7
cdf_fs,ebpf,2,1458,5.54
cdf_fs,ebpf,2,1459,5.029
cdf_fs,ebpf,2,1460,4.949
cdf_fs,ebpf,2,1461,3.791
cdf_fs,ebpf,2,1462,4.991
cdf_fs,ebpf,2,1463,5.029
cdf_fs,ebpf,2,1464,5.449
cdf_fs,ebpf,2,1465,3.629
cdf_fs,ebpf,2,1466,5.38
cdf_fs,ebpf,2,1467,9.08
cdf_fs,ebpf,2,1468,5.489
cdf_fs,ebpf,2,1469,5.051
cdf_fs,ebpf,2,1470,4.989
cdf_fs,ebpf,2,1471,5.389
cdf_fs,ebpf,2,1472,5.309
cdf_fs,ebpf,2,1473,3.67
cdf_fs,ebpf,2,1474,5.32
cdf_fs,ebpf,2,1475,3.85
cdf_fs,ebpf,2,1476,5.41
cdf_fs,ebpf,2,1477,5.16
cdf_fs,ebpf,2,1478,4.99
cdf_fs,ebpf,2,1479,4.96
cdf_fs,ebpf,2,1480,5.41
cdf_fs,ebpf,2,1481,5.13
cdf_fs,ebpf,2,1482,5.82
cdf_fs,ebpf,2,1483,5.11
cdf_fs,ebpf,2,1484,5.29
cdf_fs,ebpf,2,1485,3.83
cdf_fs,ebpf,2,1486,5.29
cdf_fs,ebpf,2,1487,3.69
cdf_fs,ebpf,2,1488,5.5
cdf_fs,ebpf,2,1489,5.05
cdf_fs,ebpf,2,1490,5.32
cdf_fs,ebpf,2,1491,5.21
cdf_fs,ebpf,2,1492,5.42
cdf_fs,ebpf,2,1493,3.7
cdf_fs,ebpf,2,1494,5.43
cdf_fs,ebpf,2,1495,4.98
cdf_fs,ebpf,2,1496,4.89
cdf_fs,ebpf,2,1497,3.53
cdf_fs,ebpf,2,1498,5.55
cdf_fs,ebpf,2,1499,5.26
cdf_fs,ebpf,2,1500,5.02
cdf_fs,ebpf,2,1501,5.15
cdf_fs,ebpf,2,1502,4.96
cdf_fs,ebpf,2,1503,5.3
cdf_fs,ebpf,2,1504,5.08
cdf_fs,ebpf,2,1505,5.73
cdf_fs,ebpf,2,1506,4.87
cdf_fs,ebpf,2,1507,3.62
cdf_fs,ebpf,2,1508,5.46
cdf_fs,ebpf,2,1509,3.69
cdf_fs,ebpf,2,1510,5.32
cdf_fs,ebpf,2,1511,5.16
cdf_fs,ebpf,2,1512,5.33
cdf_fs,ebpf,2,1513,4.11
cdf_fs,ebpf,2,1514,5.25
cdf_fs,ebpf,2,1515,3.58
cdf_fs,ebpf,2,1516,5.12
cdf_fs,ebpf,2,1517,5.11
cdf_fs,ebpf,2,1518,5.39
cdf_fs,ebpf,2,1519,5.0
cdf_fs,ebpf,2,1520,4.98
cdf_fs,ebpf,2,1521,3.99
cdf_fs,ebpf,2,1522,5.45
cdf_fs,ebpf,2,1523,3.63
cdf_fs,ebpf,2,1524,5.13
cdf_fs,ebpf,2,1525,5.12
cdf_fs,ebpf,2,1526,5.37
cdf_fs,ebpf,2,1527,3.61
cdf_fs,ebpf,2,1528,4.86
cdf_fs,ebpf,2,1529,4.91
cdf_fs,ebpf,2,1530,5.4
cdf_fs,ebpf,2,1531,4.07
cdf_fs,ebpf,2,1532,5.38
cdf_fs,ebpf,2,1533,3.68
cdf_fs,ebpf,2,1534,4.85
cdf_fs,ebpf,2,1535,3.58
cdf_fs,ebpf,2,1536,4.94
cdf_fs,ebpf,2,1537,4.83
cdf_fs,ebpf,2,1538,4.94
cdf_fs,ebpf,2,1539,4.15
cdf_fs,ebpf,2,1540,5.33
cdf_fs,ebpf,2,1541,5.11
cdf_fs,ebpf,2,1542,5.47
cdf_fs,ebpf,2,1543,4.1
cdf_fs,ebpf,2,1544,5.3
cdf_fs,ebpf,2,1545,4.04
cdf_fs,ebpf,2,1546,4.8
cdf_fs,ebpf,2,1547,4.11
cdf_fs,ebpf,2,1548,5.04
cdf_fs,ebpf,2,1549,3.6
cdf_fs,ebpf,2,1550,4.84
cdf_fs,ebpf,2,1551,5.17
cdf_fs,ebpf,2,1552,5.36
cdf_fs,ebpf,2,1553,4.35
cdf_fs,ebpf,2,1554,5.01
cdf_fs,ebpf,2,1555,3.96
cdf_fs,ebpf,2,1556,5.19
cdf_fs,ebpf,2,1557,3.68
cdf_fs,ebpf,2,1558,3.61
cdf_fs,ebpf,2,1559,4.7
cdf_fs,ebpf,2,1560,5.47
cdf_fs,ebpf,2,1561,3.6
cdf_fs,ebpf,2,1562,4.85
cdf_fs,ebpf,2,1563,3.67
cdf_fs,ebpf,2,1564,4.85
cdf_fs,ebpf,2,1565,3.62
cdf_fs,ebpf,2,1566,4.87
cdf_fs,ebpf,2,1567,3.79
cdf_fs,ebpf,2,1568,5.49
cdf_fs,ebpf,2,1569,3.58
cdf_fs,ebpf,2,1570,4.51
cdf_fs,ebpf,2,1571,5.34
cdf_fs,ebpf,2,1572,4.0
cdf_fs,ebpf,2,1573,5.0
cdf_fs,ebpf,2,1574,3.89
cdf_fs,ebpf,2,1575,4.78
cdf_fs,ebpf,2,1576,5.06
cdf_fs,ebpf,2,1577,5.39
cdf_fs,ebpf,2,1578,4.05
cdf_fs,ebpf,2,1579,5.21
cdf_fs,ebpf,2,1580,3.68
cdf_fs,ebpf,2,1581,4.91
cdf_fs,ebpf,2,1582,4.2
cdf_fs,ebpf,2,1583,4.83
cdf_fs,ebpf,2,1584,4.04
cdf_fs,ebpf,2,1585,5.84
cdf_fs,ebpf,2,1586,3.8
cdf_fs,ebpf,2,1587,5.01
cdf_fs,ebpf,2,1588,3.59
cdf_fs,ebpf,2,1589,5.21
cdf_fs,ebpf,2,1590,4.16
cdf_fs,ebpf,2,1591,4.99
cdf_fs,ebpf,2,1592,4.87
cdf_fs,ebpf,2,1593,5.42
cdf_fs,ebpf,2,1594,4.08
cdf_fs,ebpf,2,1595,5.23
cdf_fs,ebpf,2,1596,4.11
cdf_fs,ebpf,2,1597,5.28
cdf_fs,ebpf,2,1598,4.05
cdf_fs,ebpf,2,1599,4.91
cdf_fs,ebpf,2,1600,5.44
cdf_fs,ebpf,2,1601,4.92
cdf_fs,ebpf,2,1602,4.12
cdf_fs,ebpf,2,1603,4.97
cdf_fs,ebpf,2,1604,4.61
cdf_fs,ebpf,2,1605,5.3
cdf_fs,ebpf,2,1606,4.97
cdf_fs,ebpf,2,1607,5.08
cdf_fs,ebpf,2,1608,5.14
cdf_fs,ebpf,2,1609,5.5
cdf_fs,ebpf,2,1610,5.06
cdf_fs,ebpf,2,1611,5.42
cdf_fs,ebpf,2,1612,4.1
cdf_fs,ebpf,2,1613,4.83
cdf_fs,ebpf,2,1614,4.14
cdf_fs,ebpf,2,1615,4.86
cdf_fs,ebpf,2,1616,4.98
cdf_fs,ebpf,2,1617,5.45
cdf_fs,ebpf,2,1618,3.93
cdf_fs,ebpf,2,1619,4.52
cdf_fs,ebpf,2,1620,4.98
cdf_fs,ebpf,2,1621,4.06
cdf_fs,ebpf,2,1622,4.86
cdf_fs,ebpf,2,1623,4.87
cdf_fs,ebpf,2,1624,4.85
cdf_fs,ebpf,2,1625,4.0
cdf_fs,ebpf,2,1626,4.9
cdf_fs,ebpf,2,1627,5.2
cdf_fs,ebpf,2,1628,5.49
cdf_fs,ebpf,2,1629,3.76
cdf_fs,ebpf,2,1630,5.33
cdf_fs,ebpf,2,1631,4.15
cdf_fs,ebpf,2,1632,4.83
cdf_fs,ebpf,2,1633,3.77
cdf_fs,ebpf,2,1634,5.57
cdf_fs,ebpf,2,1635,3.98
cdf_fs,ebpf,2,1636,5.07
cdf_fs,ebpf,2,1637,4.24
cdf_fs,ebpf,2,1638,4.58
cdf_fs,ebpf,2,1639,5.05
cdf_fs,ebpf,2,1640,4.28
cdf_fs,ebpf,2,1641,5.38
cdf_fs,ebpf,2,1642,4.11
cdf_fs,ebpf,2,1643,4.84
cdf_fs,ebpf,2,1644,5.12
cdf_fs,ebpf,2,1645,4.84
cdf_fs,ebpf,2,1646,3.59
cdf_fs,ebpf,2,1647,5.08
cdf_fs,ebpf,2,1648,4.3
cdf_fs,ebpf,2,1649,5.51
cdf_fs,ebpf,2,1650,3.97
cdf_fs,ebpf,2,1651,4.95
cdf_fs,ebpf,2,1652,3.7
cdf_fs,ebpf,2,1653,5.4
cdf_fs,ebpf,2,1654,3.87
cdf_fs,ebpf,2,1655,5.34
cdf_fs,ebpf,2,1656,5.21
cdf_fs,ebpf,2,1657,5.2
cdf_fs,ebpf,2,1658,4.17
cdf_fs,ebpf,2,1659,5.09
cdf_fs,ebpf,2,1660,3.74
cdf_fs,ebpf,2,1661,4.47
cdf_fs,ebpf,2,1662,5.07
cdf_fs,ebpf,2,1663,5.13
cdf_fs,ebpf,2,1664,5.45
cdf_fs,ebpf,2,1665,4.01
cdf_fs,ebpf,2,1666,5.77
cdf_fs,ebpf,2,1667,5.07
cdf_fs,ebpf,2,1668,5.15
cdf_fs,ebpf,2,1669,3.76
cdf_fs,ebpf,2,1670,5.15
cdf_fs,ebpf,2,1671,10.46
cdf_fs,ebpf,2,1672,3.72
cdf_fs,ebpf,2,1673,4.63
cdf_fs,ebpf,2,1674,4.98
cdf_fs,ebpf,2,1675,3.54
cdf_fs,ebpf,2,1676,5.64
cdf_fs,ebpf,2,1677,3.85
cdf_fs,ebpf,2,1678,4.89
cdf_fs,ebpf,2,1679,3.74
cdf_fs,ebpf,2,1680,5.34
cdf_fs,ebpf,2,1681,3.63
cdf_fs,ebpf,2,1682,5.15
cdf_fs,ebpf,2,1683,4.5
cdf_fs,ebpf,2,1684,5.25
cdf_fs,ebpf,2,1685,5.06
cdf_fs,ebpf,2,1686,4.88
cdf_fs,ebpf,2,1687,3.84
cdf_fs,ebpf,2,1688,5.09
cdf_fs,ebpf,2,1689,4.18
cdf_fs,ebpf,2,1690,5.2
cdf_fs,ebpf,2,1691,4.66
cdf_fs,ebpf,2,1692,4.87
cdf_fs,ebpf,2,1693,3.61
cdf_fs,ebpf,2,1694,4.88
cdf_fs,ebpf,2,1695,3.74
cdf_fs,ebpf,2,1696,5.51
cdf_fs,ebpf,2,1697,5.31
cdf_fs,ebpf,2,1698,5.56
cdf_fs,ebpf,2,1699,3.54
cdf_fs,ebpf,2,1700,5.85
cdf_fs,ebpf,2,1701,3.65
cdf_fs,ebpf,2,1702,4.99
cdf_fs,ebpf,2,1703,4.07
cdf_fs,ebpf,2,1704,4.92
cdf_fs,ebpf,2,1705,3.97
cdf_fs,ebpf,2,1706,4.9
cdf_fs,ebpf,2,1707,3.63
cdf_fs,ebpf,2,1708,5.5
cdf_fs,ebpf,2,1709,4.16
cdf_fs,ebpf,2,1710,5.03
cdf_fs,ebpf,2,1711,4.21
cdf_fs,ebpf,2,1712,5.56
cdf_fs,ebpf,2,1713,3.79
cdf_fs,ebpf,2,1714,5.46
cdf_fs,ebpf,2,1715,3.81
cdf_fs,ebpf,2,1716,4.83
cdf_fs,ebpf,2,1717,5.25
cdf_fs,ebpf,2,1718,5.52
cdf_fs,ebpf,2,1719,3.67
cdf_fs,ebpf,2,1720,5.4
cdf_fs,ebpf,2,1721,4.12
cdf_fs,ebpf,2,1722,5.47
cdf_fs,ebpf,2,1723,3.67
cdf_fs,ebpf,2,1724,5.23
cdf_fs,ebpf,2,1725,4.29
cdf_fs,ebpf,2,1726,5.42
cdf_fs,ebpf,2,1727,5.21
cdf_fs,ebpf,2,1728,5.54
cdf_fs,ebpf,2,1729,3.68
cdf_fs,ebpf,2,1730,5.28
cdf_fs,ebpf,2,1731,4.06
cdf_fs,ebpf,2,1732,4.79
cdf_fs,ebpf,2,1733,3.87
cdf_fs,ebpf,2,1734,5.37
cdf_fs,ebpf,2,1735,4.04
cdf_fs,ebpf,2,1736,5.34
cdf_fs,ebpf,2,1737,3.54
cdf_fs,ebpf,2,1738,5.44
cdf_fs,ebpf,2,1739,4.25
cdf_fs,ebpf,2,1740,5.35
cdf_fs,ebpf,2,1741,3.66
cdf_fs,ebpf,2,1742,5.39
cdf_fs,ebpf,2,1743,3.52
cdf_fs,ebpf,2,1744,5.36
cdf_fs,ebpf,2,1745,3.75
cdf_fs,ebpf,2,1746,5.06
cdf_fs,ebpf,2,1747,3.8
cdf_fs,ebpf,2,1748,4.82
cdf_fs,ebpf,2,1749,4.93
cdf_fs,ebpf,2,1750,4.81
cdf_fs,ebpf,2,1751,4.08
cdf_fs,ebpf,2,1752,5.07
cdf_fs,ebpf,2,1753,4.07
cdf_fs,ebpf,2,1754,4.94
cdf_fs,ebpf,2,1755,4.28
cdf_fs,ebpf,2,1756,5.33
cdf_fs,ebpf,2,1757,3.88
cdf_fs,ebpf,2,1758,5.04
cdf_fs,ebpf,2,1759,4.14
cdf_fs,ebpf,2,1760,5.27
cdf_fs,ebpf,2,1761,4.02
cdf_fs,ebpf,2,1762,4.88
cdf_fs,ebpf,2,1763,3.55
cdf_fs,ebpf,2,1764,4.93
cdf_fs,ebpf,2,1765,3.55
cdf_fs,ebpf,2,1766,5.36
cdf_fs,ebpf,2,1767,3.81
cdf_fs,ebpf,2,1768,4.8
cdf_fs,ebpf,2,1769,3.64
cdf_fs,ebpf,2,1770,4.84
cdf_fs,ebpf,2,1771,4.56
cdf_fs,ebpf,2,1772,5.4
cdf_fs,ebpf,2,1773,5.3
cdf_fs,ebpf,2,1774,5.47
cdf_fs,ebpf,2,1775,4.05
cdf_fs,ebpf,2,1776,5.19
cdf_fs,ebpf,2,1777,3.69
cdf_fs,ebpf,2,1778,5.24
cdf_fs,ebpf,2,1779,3.62
cdf_fs,ebpf,2,1780,4.85
cdf_fs,ebpf,2,1781,3.67
cdf_fs,ebpf,2,1782,5.53
cdf_fs,ebpf,2,1783,4.24
cdf_fs,ebpf,2,1784,5.37
cdf_fs,ebpf,2,1785,4.64
cdf_fs,ebpf,2,1786,5.32
cdf_fs,ebpf,2,1787,3.97
cdf_fs,ebpf,2,1788,5.45
cdf_fs,ebpf,2,1789,4.74
cdf_fs,ebpf,2,1790,5.13
cdf_fs,ebpf,2,1791,4.24
cdf_fs,ebpf,2,1792,5.25
cdf_fs,ebpf,2,1793,4.09
cdf_fs,ebpf,2,1794,5.27
cdf_fs,ebpf,2,1795,3.83
cdf_fs,ebpf,2,1796,5.51
cdf_fs,ebpf,2,1797,3.63
cdf_fs,ebpf,2,1798,5.05
cdf_fs,ebpf,2,1799,4.28
cdf_fs,ebpf,2,1800,5.53
cdf_fs,ebpf,2,1801,3.86
cdf_fs,ebpf,2,1802,4.79
cdf_fs,ebpf,2,1803,3.96
cdf_fs,ebpf,2,1804,5.28
cdf_fs,ebpf,2,1805,4.02
cdf_fs,ebpf,2,1806,5.15
cdf_fs,ebpf,2,1807,3.77
cdf_fs,ebpf,2,1808,4.93
cdf_fs,ebpf,2,1809,3.67
cdf_fs,ebpf,2,1810,5.34
cdf_fs,ebpf,2,1811,4.17
cdf_fs,ebpf,2,1812,4.47
cdf_fs,ebpf,2,1813,5.01
cdf_fs,ebpf,2,1814,4.11
cdf_fs,ebpf,2,1815,5.21
cdf_fs,ebpf,2,1816,4.06
cdf_fs,ebpf,2,1817,5.0
cdf_fs,ebpf,2,1818,3.59
cdf_fs,ebpf,2,1819,5.35
cdf_fs,ebpf,2,1820,4.24
cdf_fs,ebpf,2,1821,5.43
cdf_fs,ebpf,2,1822,3.67
cdf_fs,ebpf,2,1823,5.33
cdf_fs,ebpf,2,1824,3.64
cdf_fs,ebpf,2,1825,5.08
cdf_fs,ebpf,2,1826,3.56
cdf_fs,ebpf,2,1827,4.84
cdf_fs,ebpf,2,1828,5.02
cdf_fs,ebpf,2,1829,5.4
cdf_fs,ebpf,2,1830,3.52
cdf_fs,ebpf,2,1831,4.9
cdf_fs,ebpf,2,1832,4.33
cdf_fs,ebpf,2,1833,5.93
cdf_fs,ebpf,2,1834,3.73
cdf_fs,ebpf,2,1835,5.29
cdf_fs,ebpf,2,1836,3.6
cdf_fs,ebpf,2,1837,5.41
cdf_fs,ebpf,2,1838,3.94
cdf_fs,ebpf,2,1839,4.99
cdf_fs,ebpf,2,1840,3.64
cdf_fs,ebpf,2,1841,5.44
cdf_fs,ebpf,2,1842,4.18
cdf_fs,ebpf,2,1843,5.34
cdf_fs,ebpf,2,1844,3.74
cdf_fs,ebpf,2,1845,4.92
cdf_fs,ebpf,2,1846,4.02
cdf_fs,ebpf,2,1847,5.12
cdf_fs,ebpf,2,1848,3.8
cdf_fs,ebpf,2,1849,5.36
cdf_fs,ebpf,2,1850,4.68
cdf_fs,ebpf,2,1851,4.4
cdf_fs,ebpf,2,1852,5.57
cdf_fs,ebpf,2,1853,4.21
cdf_fs,ebpf,2,1854,5.4
cdf_fs,ebpf,2,1855,4.08
cdf_fs,ebpf,2,1856,5.0
cdf_fs,ebpf,2,1857,5.1
cdf_fs,ebpf,2,1858,5.39
cdf_fs,ebpf,2,1859,3.78
cdf_fs,ebpf,2,1860,5.15
cdf_fs,ebpf,2,1861,3.67
cdf_fs,ebpf,2,1862,5.31
cdf_fs,ebpf,2,1863,4.26
cdf_fs,ebpf,2,1864,5.23
cdf_fs,ebpf,2,1865,4.94
cdf_fs,ebpf,2,1866,5.61
cdf_fs,ebpf,2,1867,3.53
cdf_fs,ebpf,2,1868,4.53
cdf_fs,ebpf,2,1869,5.08
cdf_fs,ebpf,2,1870,4.15
cdf_fs,ebpf,2,1871,4.94
cdf_fs,ebpf,2,1872,4.06
cdf_fs,ebpf,2,1873,5.31
cdf_fs,ebpf,2,1874,3.58
cdf_fs,ebpf,2,1875,5.37
cdf_fs,ebpf,2,1876,4.83
cdf_fs,ebpf,2,1877,5.04
cdf_fs,ebpf,2,1878,3.56
cdf_fs,ebpf,2,1879,4.71
cdf_fs,ebpf,2,1880,10.05
cdf_fs,ebpf,2,1881,4.82
cdf_fs,ebpf,2,1882,5.33
cdf_fs,ebpf,2,1883,5.03
cdf_fs,ebpf,2,1884,5.18
cdf_fs,ebpf,2,1885,3.8
cdf_fs,ebpf,2,1886,5.28
cdf_fs,ebpf,2,1887,3.68
cdf_fs,ebpf,2,1888,4.99
cdf_fs,ebpf,2,1889,5.0
cdf_fs,ebpf,2,1890,5.35
cdf_fs,ebpf,2,1891,4.13
cdf_fs,ebpf,2,1892,4.99
cdf_fs,ebpf,2,1893,3.83
cdf_fs,ebpf,2,1894,4.97
cdf_fs,ebpf,2,1895,3.68
cdf_fs,ebpf,2,1896,5.23
cdf_fs,ebpf,2,1897,3.61
cdf_fs,ebpf,2,1898,5.25
cdf_fs,ebpf,2,1899,5.11
cdf_fs,ebpf,2,1900,5.39
cdf_fs,ebpf,2,1901,3.77
cdf_fs,ebpf,2,1902,5.57
cdf_fs,ebpf,2,1903,3.89
cdf_fs,ebpf,2,1904,4.78
cdf_fs,ebpf,2,1905,4.99
cdf_fs,ebpf,2,1906,5.58
cdf_fs,ebpf,2,1907,3.7
cdf_fs,ebpf,2,1908,5.33
cdf_fs,ebpf,2,1909,5.18
cdf_fs,ebpf,2,1910,4.85
cdf_fs,ebpf,2,1911,4.95
cdf_fs,ebpf,2,1912,5.39
cdf_fs,ebpf,2,1913,3.82
cdf_fs,ebpf,2,1914,4.55
cdf_fs,ebpf,2,1915,4.85
cdf_fs,ebpf,2,1916,3.66
cdf_fs,ebpf,2,1917,5.4
cdf_fs,ebpf,2,1918,3.74
cdf_fs,ebpf,2,1919,4.91
cdf_fs,ebpf,2,1920,5.26
cdf_fs,ebpf,2,1921,4.2
cdf_fs,ebpf,2,1922,5.31
cdf_fs,ebpf,2,1923,4.0
cdf_fs,ebpf,2,1924,5.34
cdf_fs,ebpf,2,1925,4.15
cdf_fs,ebpf,2,1926,5.02
cdf_fs,ebpf,2,1927,3.66
cdf_fs,ebpf,2,1928,4.96
cdf_fs,ebpf,2,1929,4.09
cdf_fs,ebpf,2,1930,5.4
cdf_fs,ebpf,2,1931,3.72
cdf_fs,ebpf,2,1932,5.08
cdf_fs,ebpf,2,1933,3.67
cdf_fs,ebpf,2,1934,4.86
cdf_fs,ebpf,2,1935,4.14
cdf_fs,ebpf,2,1936,5.21
cdf_fs,ebpf,2,1937,3.68
cdf_fs,ebpf,2,1938,4.85
cdf_fs,ebpf,2,1939,5.46
cdf_fs,ebpf,2,1940,5.68
cdf_fs,ebpf,2,1941,5.17
cdf_fs,ebpf,2,1942,5.47
cdf_fs,ebpf,2,1943,5.12
cdf_fs,ebpf,2,1944,5.07
cdf_fs,ebpf,2,1945,3.82
cdf_fs,ebpf,2,1946,5.32
cdf_fs,ebpf,2,1947,4.61
cdf_fs,ebpf,2,1948,5.23
cdf_fs,ebpf,2,1949,3.74
cdf_fs,ebpf,2,1950,3.65
cdf_fs,ebpf,2,1951,4.31
cdf_fs,ebpf,2,1952,3.53
cdf_fs,ebpf,2,1953,4.16
cdf_fs,ebpf,2,1954,3.4
cdf_fs,ebpf,2,1955,4.12
cdf_fs,ebpf,2,1956,3.66
cdf_fs,ebpf,2,1957,5.32
cdf_fs,ebpf,2,1958,3.55
cdf_fs,ebpf,2,1959,5.3
cdf_fs,ebpf,2,1960,5.13
cdf_fs,ebpf,2,1961,5.42
cdf_fs,ebpf,2,1962,3.74
cdf_fs,ebpf,2,1963,5.32
cdf_fs,ebpf,2,1964,4.97
cdf_fs,ebpf,2,1965,5.23
cdf_fs,ebpf,2,1966,4.96
cdf_fs,ebpf,2,1967,5.28
cdf_fs,ebpf,2,1968,5.04
cdf_fs,ebpf,2,1969,5.74
cdf_fs,ebpf,2,1970,3.68
cdf_fs,ebpf,2,1971,4.92
cdf_fs,ebpf,2,1972,3.64
cdf_fs,ebpf,2,1973,5.07
cdf_fs,ebpf,2,1974,5.36
cdf_fs,ebpf,2,1975,4.88
cdf_fs,ebpf,2,1976,4.91
cdf_fs,ebpf,2,1977,5.39
cdf_fs,ebpf,2,1978,4.95
cdf_fs,ebpf,2,1979,4.88
cdf_fs,ebpf,2,1980,4.98
cdf_fs,ebpf,2,1981,4.98
cdf_fs,ebpf,2,1982,4.51
cdf_fs,ebpf,2,1983,5.44
cdf_fs,ebpf,2,1984,3.73
cdf_fs,ebpf,2,1985,4.86
cdf_fs,ebpf,2,1986,5.06
cdf_fs,ebpf,2,1987,5.22
cdf_fs,ebpf,2,1988,3.92
cdf_fs,ebpf,2,1989,5.33
cdf_fs,ebpf,2,1990,3.6
cdf_fs,ebpf,2,1991,5.15
cdf_fs,ebpf,2,1992,4.37
cdf_fs,ebpf,2,1993,5.31
cdf_fs,ebpf,2,1994,4.14
cdf_fs,ebpf,2,1995,5.12
cdf_fs,ebpf,2,1996,4.02
cdf_fs,ebpf,2,1997,4.89
cdf_fs,ebpf,2,1998,3.7
cdf_fs,ebpf,2,1999,4.99
cdf_fs,ebpf,2,2000,3.58
cdf_fs,ebpf,2,2001,5.42
cdf_fs,ebpf,2,2002,4.1
cdf_fs,ebpf,2,2003,4.91
cdf_fs,ebpf,2,2004,4.83
cdf_fs,ebpf,2,2005,5.35
cdf_fs,ebpf,2,2006,3.75
cdf_fs,ebpf,2,2007,5.04
cdf_fs,ebpf,2,2008,4.19
cdf_fs,ebpf,2,2009,4.79
cdf_fs,ebpf,2,2010,4.15
cdf_fs,ebpf,2,2011,5.38
cdf_fs,ebpf,2,2012,3.64
cdf_fs,ebpf,2,2013,4.99
cdf_fs,ebpf,2,2014,5.13
cdf_fs,ebpf,2,2015,5.47
cdf_fs,ebpf,2,2016,4.74
cdf_fs,ebpf,2,2017,6.61
cdf_fs,ebpf,2,2018,5.16
cdf_fs,ebpf,2,2019,4.96
cdf_fs,ebpf,2,2020,3.66
cdf_fs,ebpf,2,2021,5.12
cdf_fs,ebpf,2,2022,4.1
cdf_fs,ebpf,2,2023,4.92
cdf_fs,ebpf,2,2024,5.09
cdf_fs,ebpf,2,2025,5.3
cdf_fs,ebpf,2,2026,5.42
cdf_fs,ebpf,2,2027,5.08
cdf_fs,ebpf,2,2028,4.01
cdf_fs,ebpf,2,2029,5.05
cdf_fs,ebpf,2,2030,5.08
cdf_fs,ebpf,2,2031,3.69
cdf_fs,ebpf,2,2032,5.41
cdf_fs,ebpf,2,2033,3.63
cdf_fs,ebpf,2,2034,4.71
cdf_fs,ebpf,2,2035,3.91
cdf_fs,ebpf,2,2036,5.3
cdf_fs,ebpf,2,2037,3.76
cdf_fs,ebpf,2,2038,5.4
cdf_fs,ebpf,2,2039,4.03
cdf_fs,ebpf,2,2040,4.77
cdf_fs,ebpf,2,2041,3.66
cdf_fs,ebpf,2,2042,5.25
cdf_fs,ebpf,2,2043,5.04
cdf_fs,ebpf,2,2044,5.42
cdf_fs,ebpf,2,2045,5.05
cdf_fs,ebpf,2,2046,5.17
cdf_fs,ebpf,2,2047,3.61
cdf_fs,ebpf,2,2048,5.38
cdf_fs,ebpf,2,2049,3.69
cdf_fs,ebpf,2,2050,4.88
cdf_fs,ebpf,2,2051,5.37
cdf_fs,ebpf,2,2052,5.48
cdf_fs,ebpf,2,2053,4.06
cdf_fs,ebpf,2,2054,4.47
cdf_fs,ebpf,2,2055,5.41
cdf_fs,ebpf,2,2056,3.68
cdf_fs,ebpf,2,2057,4.57
cdf_fs,ebpf,2,2058,4.98
cdf_fs,ebpf,2,2059,3.62
cdf_fs,ebpf,2,2060,4.93
cdf_fs,ebpf,2,2061,4.18
cdf_fs,ebpf,2,2062,4.79
cdf_fs,ebpf,2,2063,3.55
cdf_fs,ebpf,2,2064,5.02
cdf_fs,ebpf,2,2065,3.92
cdf_fs,ebpf,2,2066,4.96
cdf_fs,ebpf,2,2067,3.63
cdf_fs,ebpf,2,2068,5.23
cdf_fs,ebpf,2,2069,4.04
cdf_fs,ebpf,2,2070,5.55
cdf_fs,ebpf,2,2071,4.08
cdf_fs,ebpf,2,2072,4.94
cdf_fs,ebpf,2,2073,4.33
cdf_fs,ebpf,2,2074,5.43
cdf_fs,ebpf,2,2075,3.68
cdf_fs,ebpf,2,2076,5.39
cdf_fs,ebpf,2,2077,4.16
cdf_fs,ebpf,2,2078,5.48
cdf_fs,ebpf,2,2079,3.73
cdf_fs,ebpf,2,2080,4.92
cdf_fs,ebpf,2,2081,4.19
cdf_fs,ebpf,2,2082,4.94
cdf_fs,ebpf,2,2083,4.97
cdf_fs,ebpf,2,2084,4.89
cdf_fs,ebpf,2,2085,3.67
cdf_fs,ebpf,2,2086,10.01
cdf_fs,ebpf,2,2087,6.09
cdf_fs,ebpf,2,2088,3.68
cdf_fs,ebpf,2,2089,4.54
cdf_fs,ebpf,2,2090,4.9
cdf_fs,ebpf,2,2091,3.81
cdf_fs,ebpf,2,2092,5.41
cdf_fs,ebpf,2,2093,4.14
cdf_fs,ebpf,2,2094,4.98
cdf_fs,ebpf,2,2095,3.64
cdf_fs,ebpf,2,2096,4.8
cdf_fs,ebpf,2,2097,5.12
cdf_fs,ebpf,2,2098,5.48
cdf_fs,ebpf,2,2099,3.65
cdf_fs,ebpf,2,2100,4.87
cdf_fs,ebpf,2,2101,4.87
cdf_fs,ebpf,2,2102,3.78
cdf_fs,ebpf,2,2103,4.9
cdf_fs,ebpf,2,2104,3.96
cdf_fs,ebpf,2,2105,5.07
cdf_fs,ebpf,2,2106,3.59
cdf_fs,ebpf,2,2107,5.33
cdf_fs,ebpf,2,2108,3.63
cdf_fs,ebpf,2,2109,4.96
cdf_fs,ebpf,2,2110,3.77
cdf_fs,ebpf,2,2111,5.16
cdf_fs,ebpf,2,2112,3.59
cdf_fs,ebpf,2,2113,5.02
cdf_fs,ebpf,2,2114,3.56
cdf_fs,ebpf,2,2115,5.02
cdf_fs,ebpf,2,2116,3.87
cdf_fs,ebpf,2,2117,5.48
cdf_fs,ebpf,2,2118,4.71
cdf_fs,ebpf,2,2119,5.41
cdf_fs,ebpf,2,2120,4.09
cdf_fs,ebpf,2,2121,5.3
cdf_fs,ebpf,2,2122,4.89
cdf_fs,ebpf,2,2123,5.12
cdf_fs,ebpf,2,2124,4.1
cdf_fs,ebpf,2,2125,5.42
cdf_fs,ebpf,2,2126,5.05
cdf_fs,ebpf,2,2127,5.25
cdf_fs,ebpf,2,2128,4.22
cdf_fs,ebpf,2,2129,5.5
cdf_fs,ebpf,2,2130,3.76
cdf_fs,ebpf,2,2131,4.98
cdf_fs,ebpf,2,2132,3.89
cdf_fs,ebpf,2,2133,4.86
cdf_fs,ebpf,2,2134,3.84
cdf_fs,ebpf,2,2135,4.88
cdf_fs,ebpf,2,2136,3.77
cdf_fs,ebpf,2,2137,5.42
cdf_fs,ebpf,2,2138,3.69
cdf_fs,ebpf,2,2139,5.12
cdf_fs,ebpf,2,2140,3.85
cdf_fs,ebpf,2,2141,5.57
cdf_fs,ebpf,2,2142,4.61
cdf_fs,ebpf,2,2143,5.23
cdf_fs,ebpf,2,2144,5.11
cdf_fs,ebpf,2,2145,4.92
cdf_fs,ebpf,2,2146,3.8
cdf_fs,ebpf,2,2147,5.33
cdf_fs,ebpf,2,2148,4.12
cdf_fs,ebpf,2,2149,4.93
cdf_fs,ebpf,2,2150,3.59
cdf_fs,ebpf,2,2151,4.78
cdf_fs,ebpf,2,2152,5.11
cdf_fs,ebpf,2,2153,5.32
cdf_fs,ebpf,2,2154,4.1
cdf_fs,ebpf,2,2155,4.84
cdf_fs,ebpf,2,2156,3.69
cdf_fs,ebpf,2,2157,5.39
cdf_fs,ebpf,2,2158,3.63
cdf_fs,ebpf,2,2159,5.45
cdf_fs,ebpf,2,2160,4.13
cdf_fs,ebpf,2,2161,5.38
cdf_fs,ebpf,2,2162,3.58
cdf_fs,ebpf,2,2163,5.42
cdf_fs,ebpf,2,2164,3.7
cdf_fs,ebpf,2,2165,5.05
cdf_fs,ebpf,2,2166,3.8
cdf_fs,ebpf,2,2167,4.56
cdf_fs,ebpf,2,2168,5.1
cdf_fs,ebpf,2,2169,4.09
cdf_fs,ebpf,2,2170,4.94
cdf_fs,ebpf,2,2171,4.97
cdf_fs,ebpf,2,2172,5.39
cdf_fs,ebpf,2,2173,5.13
cdf_fs,ebpf,2,2174,5.54
cdf_fs,ebpf,2,2175,3.55
cdf_fs,ebpf,2,2176,5.23
cdf_fs,ebpf,2,2177,4.75
cdf_fs,ebpf,2,2178,5.13
cdf_fs,ebpf,2,2179,4.14
cdf_fs,ebpf,2,2180,5.17
cdf_fs,ebpf,2,2181,3.59
cdf_fs,ebpf,2,2182,5.26
cdf_fs,ebpf,2,2183,4.17
cdf_fs,ebpf,2,2184,4.8
cdf_fs,ebpf,2,2185,5.43
cdf_fs,ebpf,2,2186,3.57
cdf_fs,ebpf,2,2187,5.44
cdf_fs,ebpf,2,2188,3.67
cdf_fs,ebpf,2,2189,5.37
cdf_fs,ebpf,2,2190,3.73
cdf_fs,ebpf,2,2191,5.38
cdf_fs,ebpf,2,2192,4.09
cdf_fs,ebpf,2,2193,5.36
cdf_fs,ebpf,2,2194,3.74
cdf_fs,ebpf,2,2195,4.92
cdf_fs,ebpf,2,2196,5.57
cdf_fs,ebpf,2,2197,5.09
cdf_fs,ebpf,2,2198,4.84
cdf_fs,ebpf,2,2199,3.69
cdf_fs,ebpf,2,2200,5.27
cdf_fs,ebpf,2,2201,5.14
cdf_fs,ebpf,2,2202,5.2
cdf_fs,ebpf,2,2203,4.07
cdf_fs,ebpf,2,2204,4.84
cdf_fs,ebpf,2,2205,3.8
cdf_fs,ebpf,2,2206,4.9
cdf_fs,ebpf,2,2207,4.27
cdf_fs,ebpf,2,2208,5.12
cdf_fs,ebpf,2,2209,5.2
cdf_fs,ebpf,2,2210,4.92
cdf_fs,ebpf,2,2211,4.16
cdf_fs,ebpf,2,2212,5.47
cdf_fs,ebpf,2,2213,3.86
cdf_fs,ebpf,2,2214,5.01
cdf_fs,ebpf,2,2215,5.4
cdf_fs,ebpf,2,2216,5.39
cdf_fs,ebpf,2,2217,5.06
cdf_fs,ebpf,2,2218,3.68
cdf_fs,ebpf,2,2219,5.09
cdf_fs,ebpf,2,2220,5.37
cdf_fs,ebpf,2,2221,5.09
cdf_fs,ebpf,2,2222,5.31
cdf_fs,ebpf,2,2223,3.79
cdf_fs,ebpf,2,2224,5.71
cdf_fs,ebpf,2,2225,4.92
cdf_fs,ebpf,2,2226,5.4
cdf_fs,ebpf,2,2227,3.79
cdf_fs,ebpf,2,2228,5.07
cdf_fs,ebpf,2,2229,3.83
cdf_fs,ebpf,2,2230,4.96
cdf_fs,ebpf,2,2231,3.59
cdf_fs,ebpf,2,2232,5.45
cdf_fs,ebpf,2,2233,4.26
cdf_fs,ebpf,2,2234,5.91
cdf_fs,ebpf,2,2235,3.58
cdf_fs,ebpf,2,2236,4.87
cdf_fs,ebpf,2,2237,3.73
cdf_fs,ebpf,2,2238,4.88
cdf_fs,ebpf,2,2239,4.25
cdf_fs,ebpf,2,2240,4.84
cdf_fs,ebpf,2,2241,3.59
cdf_fs,ebpf,2,2242,5.44
cdf_fs,ebpf,2,2243,3.67
cdf_fs,ebpf,2,2244,5.02
cdf_fs,ebpf,2,2245,3.7
cdf_fs,ebpf,2,2246,4.94
cdf_fs,ebpf,2,2247,3.69
cdf_fs,ebpf,2,2248,4.931
cdf_fs,ebpf,2,2249,3.5
cdf_fs,ebpf,2,2250,5.04
cdf_fs,ebpf,2,2251,4.991
cdf_fs,ebpf,2,2252,3.589
cdf_fs,ebpf,2,2253,4.84
cdf_fs,ebpf,2,2254,3.54
cdf_fs,ebpf,2,2255,4.88
cdf_fs,ebpf,2,2256,4.671
cdf_fs,ebpf,2,2257,5.371
cdf_fs,ebpf,2,2258,5.209
cdf_fs,ebpf,2,2259,4.92
cdf_fs,ebpf,2,2260,4.969
cdf_fs,ebpf,2,2261,5.051
cdf_fs,ebpf,2,2262,3.591
cdf_fs,ebpf,2,2263,5.0
cdf_fs,ebpf,2,2264,5.009
cdf_fs,ebpf,2,2265,4.989
cdf_fs,ebpf,2,2266,3.989
cdf_fs,ebpf,2,2267,4.491
cdf_fs,ebpf,2,2268,5.46
cdf_fs,ebpf,2,2269,3.769
cdf_fs,ebpf,2,2270,5.2
cdf_fs,ebpf,2,2271,3.689
cdf_fs,ebpf,2,2272,4.931
cdf_fs,ebpf,2,2273,4.24
cdf_fs,ebpf,2,2274,4.96
cdf_fs,ebpf,2,2275,4.749
cdf_fs,ebpf,2,2276,5.391
cdf_fs,ebpf,2,2277,4.191
cdf_fs,ebpf,2,2278,5.329
cdf_fs,ebpf,2,2279,3.94
cdf_fs,ebpf,2,2280,4.849
cdf_fs,ebpf,2,2281,5.2
cdf_fs,ebpf,2,2282,4.48
cdf_fs,ebpf,2,2283,5.42
cdf_fs,ebpf,2,2284,3.611
cdf_fs,ebpf,2,2285,4.829
cdf_fs,ebpf,2,2286,3.591
cdf_fs,ebpf,2,2287,4.6
cdf_fs,ebpf,2,2288,5.3
cdf_fs,ebpf,2,2289,4.049
cdf_fs,ebpf,2,2290,4.94
cdf_fs,ebpf,2,2291,5.351
cdf_fs,ebpf,2,2292,3.76
cdf_fs,ebpf,2,2293,5.46
cdf_fs,ebpf,2,2294,8.08
cdf_fs,ebpf,2,2295,6.56
cdf_fs,ebpf,2,2296,3.729
cdf_fs,ebpf,2,2297,5.049
cdf_fs,ebpf,2,2298,4.089
cdf_fs,ebpf,2,2299,4.911
cdf_fs,ebpf,2,2300,5.08
cdf_fs,ebpf,2,2301,5.2
cdf_fs,ebpf,2,2302,3.669
cdf_fs,ebpf,2,2303,4.9
cdf_fs,ebpf,2,2304,4.12
cdf_fs,ebpf,2,2305,4.96
cdf_fs,ebpf,2,2306,4.2
cdf_fs,ebpf,2,2307,5.38
cdf_fs,ebpf,2,2308,3.771
cdf_fs,ebpf,2,2309,5.32
cdf_fs,ebpf,2,2310,4.271
cdf_fs,ebpf,2,2311,5.309
cdf_fs,ebpf,2,2312,3.64
cdf_fs,ebpf,2,2313,4.629
cdf_fs,ebpf,2,2314,4.92
cdf_fs,ebpf,2,2315,3.82
cdf_fs,ebpf,2,2316,5.58
cdf_fs,ebpf,2,2317,4.1
cdf_fs,ebpf,2,2318,4.98
cdf_fs,ebpf,2,2319,4.86
cdf_fs,ebpf,2,2320,3.769
cdf_fs,ebpf,2,2321,5.46
cdf_fs,ebpf,2,2322,4.14
cdf_fs,ebpf,2,2323,5.269
cdf_fs,ebpf,2,2324,3.48
cdf_fs,ebpf,2,2325,5.289
cdf_fs,ebpf,2,2326,4.86
cdf_fs,ebpf,2,2327,3.511
cdf_fs,ebpf,2,2328,4.88
cdf_fs,ebpf,2,2329,5.78
cdf_fs,ebpf,2,2330,5.0
cdf_fs,ebpf,2,2331,3.551
cdf_fs,ebpf,2,2332,5.24
cdf_fs,ebpf,2,2333,4.169
cdf_fs,ebpf,2,2334,5.26
cdf_fs,ebpf,2,2335,4.22
cdf_fs,ebpf,2,2336,4.849
cdf_fs,ebpf,2,2337,3.651
cdf_fs,ebpf,2,2338,5.2
cdf_fs,ebpf,2,2339,5.009
cdf_fs,ebpf,2,2340,5.44
cdf_fs,ebpf,2,2341,4.38
cdf_fs,ebpf,2,2342,5.351
cdf_fs,ebpf,2,2343,4.069
cdf_fs,ebpf,2,2344,4.509
cdf_fs,ebpf,2,2345,5.109
cdf_fs,ebpf,2,2346,3.951
cdf_fs,ebpf,2,2347,4.92
cdf_fs,ebpf,2,2348,3.989
cdf_fs,ebpf,2,2349,5.071
cdf_fs,ebpf,2,2350,4.269
cdf_fs,ebpf,2,2351,5.449
cdf_fs,ebpf,2,2352,3.809
cdf_fs,ebpf,2,2353,5.331
cdf_fs,ebpf,2,2354,4.16
cdf_fs,ebpf,2,2355,5.369
cdf_fs,ebpf,2,2356,4.191
cdf_fs,ebpf,2,2357,5.311
cdf_fs,ebpf,2,2358,4.12
cdf_fs,ebpf,2,2359,5.409
cdf_fs,ebpf,2,2360,3.791
cdf_fs,ebpf,2,2361,4.84
cdf_fs,ebpf,2,2362,3.829
cdf_fs,ebpf,2,2363,3.651
cdf_fs,ebpf,2,2364,3.551
cdf_fs,ebpf,2,2365,3.571
cdf_fs,ebpf,2,2366,5.011
cdf_fs,ebpf,2,2367,3.811
cdf_fs,ebpf,2,2368,5.129
cdf_fs,ebpf,2,2369,4.14
cdf_fs,ebpf,2,2370,3.769
cdf_fs,ebpf,2,2371,5.569
cdf_fs,ebpf,2,2372,4.1
cdf_fs,ebpf,2,2373,4.92
cdf_fs,ebpf,2,2374,4.9
cdf_fs,ebpf,2,2375,3.551
cdf_fs,ebpf,2,2376,5.2
cdf_fs,ebpf,2,2377,5.151
cdf_fs,ebpf,2,2378,3.46
cdf_fs,ebpf,2,2379,5.349
cdf_fs,ebpf,2,2380,5.48
cdf_fs,ebpf,2,2381,4.051
cdf_fs,ebpf,2,2382,3.651
cdf_fs,ebpf,2,2383,4.991
cdf_fs,ebpf,2,2384,3.7
cdf_fs,ebpf,2,2385,4.44
cdf_fs,ebpf,2,2386,4.851
cdf_fs,ebpf,2,2387,3.86
cdf_fs,ebpf,2,2388,4.489
cdf_fs,ebpf,2,2389,4.431
cdf_fs,ebpf,2,2390,5.54
cdf_fs,ebpf,2,2391,4.209
cdf_fs,ebpf,2,2392,3.931
cdf_fs,ebpf,2,2393,5.44
cdf_fs,ebpf,2,2394,3.76
cdf_fs,ebpf,2,2395,3.5
cdf_fs,ebpf,2,2396,3.62
cdf_fs,ebpf,2,2397,3.62
cdf_fs,ebpf,2,2398,3.92
cdf_fs,ebpf,2,2399,3.72
cdf_fs,ebpf,2,2400,3.86
cdf_fs,ebpf,2,2401,3.591
cdf_fs,ebpf,2,2402,3.469
cdf_fs,ebpf,2,2403,5.46
cdf_fs,ebpf,2,2404,3.571
cdf_fs,ebpf,2,2405,4.06
cdf_fs,ebpf,2,2406,4.851
cdf_fs,ebpf,2,2407,3.82
cdf_fs,ebpf,2,2408,5.029
cdf_fs,ebpf,2,2409,4.98
cdf_fs,ebpf,2,2410,3.629
cdf_fs,ebpf,2,2411,3.54
cdf_fs,ebpf,2,2412,3.5
cdf_fs,ebpf,2,2413,3.591
cdf_fs,ebpf,2,2414,3.72
cdf_fs,ebpf,2,2415,3.549
cdf_fs,ebpf,2,2416,3.66
cdf_fs,ebpf,2,2417,3.571
cdf_fs,ebpf,2,2418,4.14
cdf_fs,ebpf,2,2419,5.0
cdf_fs,ebpf,2,2420,3.631
cdf_fs,ebpf,2,2421,5.08
cdf_fs,ebpf,2,2422,5.329
cdf_fs,ebpf,2,2423,3.72
cdf_fs,ebpf,2,2424,4.449
cdf_fs,ebpf,2,2425,4.591
cdf_fs,ebpf,2,2426,5.13
cdf_fs,ebpf,2,2427,3.57
cdf_fs,ebpf,2,2428,3.72
cdf_fs,ebpf,2,2429,4.11
cdf_fs,ebpf,2,2430,3.61
cdf_fs,ebpf,2,2431,4.88
cdf_fs,ebpf,2,2432,5.34
cdf_fs,ebpf,2,2433,3.98
cdf_fs,ebpf,2,2434,4.04
cdf_fs,ebpf,2,2435,5.29
cdf_fs,ebpf,2,2436,4.21
cdf_fs,ebpf,2,2437,4.52
cdf_fs,ebpf,2,2438,4.92
cdf_fs,ebpf,2,2439,4.37
cdf_fs,ebpf,2,2440,4.49
cdf_fs,ebpf,2,2441,5.6
cdf_fs,ebpf,2,2442,4.54
cdf_fs,ebpf,2,2443,4.11
cdf_fs,ebpf,2,2444,3.66
cdf_fs,ebpf,2,2445,3.72
cdf_fs,ebpf,2,2446,4.9
cdf_fs,ebpf,2,2447,3.76
cdf_fs,ebpf,2,2448,5.0
cdf_fs,ebpf,2,2449,5.03
cdf_fs,ebpf,2,2450,4.05
cdf_fs,ebpf,2,2451,4.64
cdf_fs,ebpf,2,2452,5.3
cdf_fs,ebpf,2,2453,4.03
cdf_fs,ebpf,2,2454,4.73
cdf_fs,ebpf,2,2455,5.57
cdf_fs,ebpf,2,2456,3.6
cdf_fs,ebpf,2,2457,4.64
cdf_fs,ebpf,2,2458,3.63
cdf_fs,ebpf,2,2459,5.04
cdf_fs,ebpf,2,2460,5.76
cdf_fs,ebpf,2,2461,3.71
cdf_fs,ebpf,2,2462,3.64
cdf_fs,ebpf,2,2463,4.64
cdf_fs,ebpf,2,2464,5.57
cdf_fs,ebpf,2,2465,3.71
cdf_fs,ebpf,2,2466,3.59
cdf_fs,ebpf,2,2467,4.55
cdf_fs,ebpf,2,2468,5.44
cdf_fs,ebpf,2,2469,3.86
cdf_fs,ebpf,2,2470,3.54
cdf_fs,ebpf,2,2471,4.42
cdf_fs,ebpf,2,2472,4.95
cdf_fs,ebpf,2,2473,3.86
cdf_fs,ebpf,2,2474,3.84
cdf_fs,ebpf,2,2475,5.12
cdf_fs,ebpf,2,2476,4.6
cdf_fs,ebpf,2,2477,5.29
cdf_fs,ebpf,2,2478,3.59
cdf_fs,ebpf,2,2479,4.04
cdf_fs,ebpf,2,2480,6.0
cdf_fs,ebpf,2,2481,4.09
cdf_fs,ebpf,2,2482,3.59
cdf_fs,ebpf,2,2483,4.59
cdf_fs,ebpf,2,2484,5.44
cdf_fs,ebpf,2,2485,4.16
cdf_fs,ebpf,2,2486,4.99
cdf_fs,ebpf,2,2487,5.4
cdf_fs,ebpf,2,2488,4.18
cdf_fs,ebpf,2,2489,3.49
cdf_fs,ebpf,2,2490,4.92
cdf_fs,ebpf,2,2491,4.87
cdf_fs,ebpf,2,2492,3.69
cdf_fs,ebpf,2,2493,3.76
cdf_fs,ebpf,2,2494,3.6
cdf_fs,ebpf,2,2495,4.94
cdf_fs,ebpf,2,2496,3.53
cdf_fs,ebpf,2,2497,3.66
cdf_fs,ebpf,2,2498,5.78
cdf_fs,ebpf,2,2499,3.6
cdf_fs,ebpf,2,2500,3.66
cdf_fs,ebpf,2,2501,3.69
cdf_fs,ebpf,2,2502,4.93
cdf_fs,ebpf,2,2503,3.57
cdf_fs,ebpf,2,2504,3.62
cdf_fs,ebpf,2,2505,5.17
cdf_fs,ebpf,2,2506,5.29
cdf_fs,ebpf,2,2507,3.59
cdf_fs,ebpf,2,2508,3.58
cdf_fs,ebpf,2,2509,4.9
cdf_fs,ebpf,2,2510,3.7
cdf_fs,ebpf,2,2511,3.75
cdf_fs,ebpf,2,2512,4.85
cdf_fs,ebpf,2,2513,8.61
cdf_fs,ebpf,2,2514,5.7
cdf_fs,ebpf,2,2515,3.69
cdf_fs,ebpf,2,2516,3.57
cdf_fs,ebpf,2,2517,4.75
cdf_fs,ebpf,2,2518,5.17
cdf_fs,ebpf,2,2519,5.09
cdf_fs,ebpf,2,2520,3.96
cdf_fs,ebpf,2,2521,4.72
cdf_fs,ebpf,2,2522,5.38
cdf_fs,ebpf,2,2523,3.95
cdf_fs,ebpf,2,2524,4.91
cdf_fs,ebpf,2,2525,5.03
cdf_fs,ebpf,2,2526,4.89
cdf_fs,ebpf,2,2527,3.63
cdf_fs,ebpf,2,2528,3.63
cdf_fs,ebpf,2,2529,6.2
cdf_fs,ebpf,2,2530,3.9
cdf_fs,ebpf,2,2531,3.85
cdf_fs,ebpf,2,2532,4.86
cdf_fs,ebpf,2,2533,4.57
cdf_fs,ebpf,2,2534,5.77
cdf_fs,ebpf,2,2535,3.6
cdf_fs,ebpf,2,2536,3.55
cdf_fs,ebpf,2,2537,5.09
cdf_fs,ebpf,2,2538,5.1
cdf_fs,ebpf,2,2539,4.12
cdf_fs,ebpf,2,2540,3.94
cdf_fs,ebpf,2,2541,5.64
cdf_fs,ebpf,2,2542,4.08
cdf_fs,ebpf,2,2543,5.02
cdf_fs,ebpf,2,2544,5.03
cdf_fs,ebpf,2,2545,3.76
cdf_fs,ebpf,2,2546,3.54
cdf_fs,ebpf,2,2547,3.96
cdf_fs,ebpf,2,2548,4.66
cdf_fs,ebpf,2,2549,5.29
cdf_fs,ebpf,2,2550,3.51
cdf_fs,ebpf,2,2551,3.47
cdf_fs,ebpf,2,2552,4.97
cdf_fs,ebpf,2,2553,5.42
cdf_fs,ebpf,2,2554,3.8
cdf_fs,ebpf,2,2555,3.6
cdf_fs,ebpf,2,2556,4.53
cdf_fs,ebpf,2,2557,4.88
cdf_fs,ebpf,2,2558,4.94
cdf_fs,ebpf,2,2559,4.17
cdf_fs,ebpf,2,2560,4.92
cdf_fs,ebpf,2,2561,5.64
cdf_fs,ebpf,2,2562,3.75
cdf_fs,ebpf,2,2563,3.64
cdf_fs,ebpf,2,2564,4.93
cdf_fs,ebpf,2,2565,5.02
cdf_fs,ebpf,2,2566,3.83
cdf_fs,ebpf,2,2567,4.52
cdf_fs,ebpf,2,2568,5.44
cdf_fs,ebpf,2,2569,3.66
cdf_fs,ebpf,2,2570,4.55
cdf_fs,ebpf,2,2571,4.87
cdf_fs,ebpf,2,2572,3.82
cdf_fs,ebpf,2,2573,3.68
cdf_fs,ebpf,2,2574,5.15
cdf_fs,ebpf,2,2575,3.62
cdf_fs,ebpf,2,2576,5.03
cdf_fs,ebpf,2,2577,5.07
cdf_fs,ebpf,2,2578,5.34
cdf_fs,ebpf,2,2579,3.83
cdf_fs,ebpf,2,2580,3.55
cdf_fs,ebpf,2,2581,4.38
cdf_fs,ebpf,2,2582,5.15
cdf_fs,ebpf,2,2583,4.0
cdf_fs,ebpf,2,2584,3.55
cdf_fs,ebpf,2,2585,5.4
cdf_fs,ebpf,2,2586,4.15
cdf_fs,ebpf,2,2587,3.42
cdf_fs,ebpf,2,2588,4.46
cdf_fs,ebpf,2,2589,5.4
cdf_fs,ebpf,2,2590,3.59
cdf_fs,ebpf,2,2591,3.61
cdf_fs,ebpf,2,2592,3.72
cdf_fs,ebpf,2,2593,5.34
cdf_fs,ebpf,2,2594,4.86
cdf_fs,ebpf,2,2595,4.11
cdf_fs,ebpf,2,2596,4.57
cdf_fs,ebpf,2,2597,5.38
cdf_fs,ebpf,2,2598,4.07
cdf_fs,ebpf,2,2599,3.73
cdf_fs,ebpf,2,2600,5.16
cdf_fs,ebpf,2,2601,3.64
cdf_fs,ebpf,2,2602,5.12
cdf_fs,ebpf,2,2603,4.91
cdf_fs,ebpf,2,2604,3.68
cdf_fs,ebpf,2,2605,4.57
cdf_fs,ebpf,2,2606,4.97
cdf_fs,ebpf,2,2607,3.64
cdf_fs,ebpf,2,2608,3.73
cdf_fs,ebpf,2,2609,5.27
cdf_fs,ebpf,2,2610,4.98
cdf_fs,ebpf,2,2611,3.79
cdf_fs,ebpf,2,2612,4.04
cdf_fs,ebpf,2,2613,4.88
cdf_fs,ebpf,2,2614,4.1
cdf_fs,ebpf,2,2615,4.61
cdf_fs,ebpf,2,2616,3.56
cdf_fs,ebpf,2,2617,5.05
cdf_fs,ebpf,2,2618,3.58
cdf_fs,ebpf,2,2619,3.58
cdf_fs,ebpf,2,2620,4.75
cdf_fs,ebpf,2,2621,3.74
cdf_fs,ebpf,2,2622,4.06
cdf_fs,ebpf,2,2623,3.69
cdf_fs,ebpf,2,2624,4.5
cdf_fs,ebpf,2,2625,4.83
cdf_fs,ebpf,2,2626,3.76
cdf_fs,ebpf,2,2627,4.79
cdf_fs,ebpf,2,2628,4.9
cdf_fs,ebpf,2,2629,4.08
cdf_fs,ebpf,2,2630,4.62
cdf_fs,ebpf,2,2631,5.36
cdf_fs,ebpf,2,2632,3.64
cdf_fs,ebpf,2,2633,4.54
cdf_fs,ebpf,2,2634,5.58
cdf_fs,ebpf,2,2635,3.66
cdf_fs,ebpf,2,2636,3.72
cdf_fs,ebpf,2,2637,3.64
cdf_fs,ebpf,2,2638,5.02
cdf_fs,ebpf,2,2639,5.47
cdf_fs,ebpf,2,2640,3.65
cdf_fs,ebpf,2,2641,4.33
cdf_fs,ebpf,2,2642,5.42
cdf_fs,ebpf,2,2643,3.69
cdf_fs,ebpf,2,2644,4.54
cdf_fs,ebpf,2,2645,4.6
cdf_fs,ebpf,2,2646,4.98
cdf_fs,ebpf,2,2647,3.91
cdf_fs,ebpf,2,2648,3.64
cdf_fs,ebpf,2,2649,4.56
cdf_fs,ebpf,2,2650,4.83
cdf_fs,ebpf,2,2651,3.69
cdf_fs,ebpf,2,2652,3.7
cdf_fs,ebpf,2,2653,3.45
cdf_fs,ebpf,2,2654,4.97
cdf_fs,ebpf,2,2655,3.67
cdf_fs,ebpf,2,2656,3.65
cdf_fs,ebpf,2,2657,4.53
cdf_fs,ebpf,2,2658,4.92
cdf_fs,ebpf,2,2659,3.58
cdf_fs,ebpf,2,2660,3.57
cdf_fs,ebpf,2,2661,3.51
cdf_fs,ebpf,2,2662,3.63
cdf_fs,ebpf,2,2663,3.66
cdf_fs,ebpf,2,2664,4.45
cdf_fs,ebpf,2,2665,3.77
cdf_fs,ebpf,2,2666,4.28
cdf_fs,ebpf,2,2667,4.17
cdf_fs,ebpf,2,2668,3.76
cdf_fs,ebpf,2,2669,5.91
cdf_fs,ebpf,2,2670,3.92
cdf_fs,ebpf,2,2671,4.4
cdf_fs,ebpf,2,2672,5.02
cdf_fs,ebpf,2,2673,5.07
cdf_fs,ebpf,2,2674,3.5
cdf_fs,ebpf,2,2675,3.52
cdf_fs,ebpf,2,2676,5.14
cdf_fs,ebpf,2,2677,4.92
cdf_fs,ebpf,2,2678,4.19
cdf_fs,ebpf,2,2679,3.88
cdf_fs,ebpf,2,2680,4.62
cdf_fs,ebpf,2,2681,4.89
cdf_fs,ebpf,2,2682,5.37
cdf_fs,ebpf,2,2683,4.02
cdf_fs,ebpf,2,2684,5.29
cdf_fs,ebpf,2,2685,5.26
cdf_fs,ebpf,2,2686,4.0
cdf_fs,ebpf,2,2687,3.58
cdf_fs,ebpf,2,2688,4.03
cdf_fs,ebpf,2,2689,6.81
cdf_fs,ebpf,2,2690,3.55
cdf_fs,ebpf,2,2691,4.25
cdf_fs,ebpf,2,2692,4.68
cdf_fs,ebpf,2,2693,5.1
cdf_fs,ebpf,2,2694,5.51
cdf_fs,ebpf,2,2695,4.19
cdf_fs,ebpf,2,2696,3.85
cdf_fs,ebpf,2,2697,4.63
cdf_fs,ebpf,2,2698,5.17
cdf_fs,ebpf,2,2699,3.51
cdf_fs,ebpf,2,2700,3.6
cdf_fs,ebpf,2,2701,3.67
cdf_fs,ebpf,2,2702,5.47
cdf_fs,ebpf,2,2703,3.71
cdf_fs,ebpf,2,2704,3.6
cdf_fs,ebpf,2,2705,5.28
cdf_fs,ebpf,2,2706,4.0
cdf_fs,ebpf,2,2707,4.6
cdf_fs,ebpf,2,2708,5.48
cdf_fs,ebpf,2,2709,3.64
cdf_fs,ebpf,2,2710,3.62
cdf_fs,ebpf,2,2711,3.63
cdf_fs,ebpf,2,2712,4.5
cdf_fs,ebpf,2,2713,4.79
cdf_fs,ebpf,2,2714,4.18
cdf_fs,ebpf,2,2715,4.55
cdf_fs,ebpf,2,2716,5.43
cdf_fs,ebpf,2,2717,3.62
cdf_fs,ebpf,2,2718,4.03
cdf_fs,ebpf,2,2719,4.54
cdf_fs,ebpf,2,2720,4.98
cdf_fs,ebpf,2,2721,5.0
cdf_fs,ebpf,2,2722,3.72
cdf_fs,ebpf,2,2723,5.14
cdf_fs,ebpf,2,2724,5.27
cdf_fs,ebpf,2,2725,3.7
cdf_fs,ebpf,2,2726,3.86
cdf_fs,ebpf,2,2727,3.85
cdf_fs,ebpf,2,2728,4.71
cdf_fs,ebpf,2,2729,4.89
cdf_fs,ebpf,2,2730,3.5
cdf_fs,ebpf,2,2731,5.13
cdf_fs,ebpf,2,2732,10.59
cdf_fs,ebpf,2,2733,7.06
cdf_fs,ebpf,2,2734,5.25
cdf_fs,ebpf,2,2735,3.98
cdf_fs,ebpf,2,2736,3.65
cdf_fs,ebpf,2,2737,4.53
cdf_fs,ebpf,2,2738,5.59
cdf_fs,ebpf,2,2739,4.18
cdf_fs,ebpf,2,2740,3.49
cdf_fs,ebpf,2,2741,4.86
cdf_fs,ebpf,2,2742,5.84
cdf_fs,ebpf,2,2743,3.52
cdf_fs,ebpf,2,2744,3.97
cdf_fs,ebpf,2,2745,4.68
cdf_fs,ebpf,2,2746,5.28
cdf_fs,ebpf,2,2747,4.07
cdf_fs,ebpf,2,2748,3.77
cdf_fs,ebpf,2,2749,5.03
cdf_fs,ebpf,2,2750,3.77
cdf_fs,ebpf,2,2751,4.87
cdf_fs,ebpf,2,2752,6.29
cdf_fs,ebpf,2,2753,4.15
cdf_fs,ebpf,2,2754,4.05
cdf_fs,ebpf,2,2755,4.47
cdf_fs,ebpf,2,2756,6.3
cdf_fs,ebpf,2,2757,3.89
cdf_fs,ebpf,2,2758,5.14
cdf_fs,ebpf,2,2759,4.98
cdf_fs,ebpf,2,2760,3.6
cdf_fs,ebpf,2,2761,3.54
cdf_fs,ebpf,2,2762,4.86
cdf_fs,ebpf,2,2763,3.75
cdf_fs,ebpf,2,2764,3.57
cdf_fs,ebpf,2,2765,5.13
cdf_fs,ebpf,2,2766,3.59
cdf_fs,ebpf,2,2767,4.91
cdf_fs,ebpf,2,2768,4.78
cdf_fs,ebpf,2,2769,3.76
cdf_fs,ebpf,2,2770,3.9
cdf_fs,ebpf,2,2771,6.34
cdf_fs,ebpf,2,2772,4.03
cdf_fs,ebpf,2,2773,4.71
cdf_fs,ebpf,2,2774,4.89
cdf_fs,ebpf,2,2775,3.71
cdf_fs,ebpf,2,2776,5.02
cdf_fs,ebpf,2,2777,5.17
cdf_fs,ebpf,2,2778,3.56
cdf_fs,ebpf,2,2779,4.67
cdf_fs,ebpf,2,2780,5.35
cdf_fs,ebpf,2,2781,3.92
cdf_fs,ebpf,2,2782,3.68
cdf_fs,ebpf,2,2783,5.61
cdf_fs,ebpf,2,2784,3.99
cdf_fs,ebpf,2,2785,4.22
cdf_fs,ebpf,2,2786,4.1
cdf_fs,ebpf,2,2787,3.63
cdf_fs,ebpf,2,2788,3.89
cdf_fs,ebpf,2,2789,4.7
cdf_fs,ebpf,2,2790,5.3
cdf_fs,ebpf,2,2791,3.73
cdf_fs,ebpf,2,2792,3.68
cdf_fs,ebpf,2,2793,3.52
cdf_fs,ebpf,2,2794,5.11
cdf_fs,ebpf,2,2795,3.79
cdf_fs,ebpf,2,2796,5.46
cdf_fs,ebpf,2,2797,4.14
cdf_fs,ebpf,2,2798,4.58
cdf_fs,ebpf,2,2799,3.59
cdf_fs,ebpf,2,2800,5.05
cdf_fs,ebpf,2,2801,3.64
cdf_fs,ebpf,2,2802,4.51
cdf_fs,ebpf,2,2803,5.57
cdf_fs,ebpf,2,2804,4.72
cdf_fs,ebpf,2,2805,5.28
cdf_fs,ebpf,2,2806,4.32
cdf_fs,ebpf,2,2807,4.84
cdf_fs,ebpf,2,2808,5.31
cdf_fs,ebpf,2,2809,3.73
cdf_fs,ebpf,2,2810,4.86
cdf_fs,ebpf,2,2811,4.88
cdf_fs,ebpf,2,2812,3.64
cdf_fs,ebpf,2,2813,4.98
cdf_fs,ebpf,2,2814,5.05
cdf_fs,ebpf,2,2815,5.34
cdf_fs,ebpf,2,2816,3.78
cdf_fs,ebpf,2,2817,4.47
cdf_fs,ebpf,2,2818,3.61
cdf_fs,ebpf,2,2819,5.35
cdf_fs,ebpf,2,2820,4.5
cdf_fs,ebpf,2,2821,4.7
cdf_fs,ebpf,2,2822,5.73
cdf_fs,ebpf,2,2823,3.45
cdf_fs,ebpf,2,2824,3.88
cdf_fs,ebpf,2,2825,4.93
cdf_fs,ebpf,2,2826,4.96
cdf_fs,ebpf,2,2827,5.44
cdf_fs,ebpf,2,2828,4.0
cdf_fs,ebpf,2,2829,4.0
cdf_fs,ebpf,2,2830,5.39
cdf_fs,ebpf,2,2831,3.77
cdf_fs,ebpf,2,2832,4.56
cdf_fs,ebpf,2,2833,5.52
cdf_fs,ebpf,2,2834,3.72
cdf_fs,ebpf,2,2835,3.44
cdf_fs,ebpf,2,2836,4.54
cdf_fs,ebpf,2,2837,4.96
cdf_fs,ebpf,2,2838,3.67
cdf_fs,ebpf,2,2839,4.49
cdf_fs,ebpf,2,2840,5.01
cdf_fs,ebpf,2,2841,4.28
cdf_fs,ebpf,2,2842,4.44
cdf_fs,ebpf,2,2843,4.8
cdf_fs,ebpf,2,2844,4.19
cdf_fs,ebpf,2,2845,4.09
cdf_fs,ebpf,2,2846,4.46
cdf_fs,ebpf,2,2847,5.03
cdf_fs,ebpf,2,2848,4.27
cdf_fs,ebpf,2,2849,4.73
cdf_fs,ebpf,2,2850,5.23
cdf_fs,ebpf,2,2851,4.07
cdf_fs,ebpf,2,2852,3.94
cdf_fs,ebpf,2,2853,5.05
cdf_fs,ebpf,2,2854,4.56
cdf_fs,ebpf,2,2855,5.09
cdf_fs,ebpf,2,2856,3.71
cdf_fs,ebpf,2,2857,3.7
cdf_fs,ebpf,2,2858,3.57
cdf_fs,ebpf,2,2859,3.63
cdf_fs,ebpf,2,2860,4.81
cdf_fs,ebpf,2,2861,5.44
cdf_fs,ebpf,2,2862,4.06
cdf_fs,ebpf,2,2863,3.58
cdf_fs,ebpf,2,2864,5.39
cdf_fs,ebpf,2,2865,4.18
cdf_fs,ebpf,2,2866,5.28
cdf_fs,ebpf,2,2867,4.97
cdf_fs,ebpf,2,2868,4.21
cdf_fs,ebpf,2,2869,3.63
cdf_fs,ebpf,2,2870,4.4
cdf_fs,ebpf,2,2871,4.62
cdf_fs,ebpf,2,2872,3.62
cdf_fs,ebpf,2,2873,4.1
cdf_fs,ebpf,2,2874,4.03
cdf_fs,ebpf,2,2875,5.74
cdf_fs,ebpf,2,2876,3.54
cdf_fs,ebpf,2,2877,3.54
cdf_fs,ebpf,2,2878,4.88
cdf_fs,ebpf,2,2879,3.72
cdf_fs,ebpf,2,2880,3.66
cdf_fs,ebpf,2,2881,4.8
cdf_fs,ebpf,2,2882,3.58
cdf_fs,ebpf,2,2883,4.05
cdf_fs,ebpf,2,2884,5.11
cdf_fs,ebpf,2,2885,5.34
cdf_fs,ebpf,2,2886,3.72
cdf_fs,ebpf,2,2887,5.21
cdf_fs,ebpf,2,2888,3.59
cdf_fs,ebpf,2,2889,5.49
cdf_fs,ebpf,2,2890,3.47
cdf_fs,ebpf,2,2891,3.59
cdf_fs,ebpf,2,2892,5.39
cdf_fs,ebpf,2,2893,4.25
cdf_fs,ebpf,2,2894,5.15
cdf_fs,ebpf,2,2895,5.69
cdf_fs,ebpf,2,2896,3.81
cdf_fs,ebpf,2,2897,4.9
cdf_fs,ebpf,2,2898,4.51
cdf_fs,ebpf,2,2899,5.02
cdf_fs,ebpf,2,2900,3.55
cdf_fs,ebpf,2,2901,3.58
cdf_fs,ebpf,2,2902,4.99
cdf_fs,ebpf,2,2903,5.22
cdf_fs,ebpf,2,2904,5.37
cdf_fs,ebpf,2,2905,3.58
cdf_fs,ebpf,2,2906,3.65
cdf_fs,ebpf,2,2907,4.42
cdf_fs,ebpf,2,2908,5.06
cdf_fs,ebpf,2,2909,3.71
cdf_fs,ebpf,2,2910,4.51
cdf_fs,ebpf,2,2911,5.12
cdf_fs,ebpf,2,2912,3.79
cdf_fs,ebpf,2,2913,5.22
cdf_fs,ebpf,2,2914,4.88
cdf_fs,ebpf,2,2915,3.82
cdf_fs,ebpf,2,2916,3.77
cdf_fs,ebpf,2,2917,5.21
cdf_fs,ebpf,2,2918,4.47
cdf_fs,ebpf,2,2919,4.88
cdf_fs,ebpf,2,2920,3.62
cdf_fs,ebpf,2,2921,5.28
cdf_fs,ebpf,2,2922,5.34
cdf_fs,ebpf,2,2923,4.1
cdf_fs,ebpf,2,2924,4.05
cdf_fs,ebpf,2,2925,4.98
cdf_fs,ebpf,2,2926,4.19
cdf_fs,ebpf,2,2927,4.65
cdf_fs,ebpf,2,2928,4.64
cdf_fs,ebpf,2,2929,5.25
cdf_fs,ebpf,2,2930,3.91
cdf_fs,ebpf,2,2931,3.69
cdf_fs,ebpf,2,2932,5.32
cdf_fs,ebpf,2,2933,3.76
cdf_fs,ebpf,2,2934,3.54
cdf_fs,ebpf,2,2935,4.84
cdf_fs,ebpf,2,2936,5.38
cdf_fs,ebpf,2,2937,4.3
cdf_fs,ebpf,2,2938,4.01
cdf_fs,ebpf,2,2939,4.97
cdf_fs,ebpf,2,2940,4.18
cdf_fs,ebpf,2,2941,4.56
cdf_fs,ebpf,2,2942,5.53
cdf_fs,ebpf,2,2943,4.2
cdf_fs,ebpf,2,2944,3.6
cdf_fs,ebpf,2,2945,5.41
cdf_fs,ebpf,2,2946,4.22
cdf_fs,ebpf,2,2947,4.59
cdf_fs,ebpf,2,2948,8.84
cdf_fs,ebpf,2,2949,7.43
cdf_fs,ebpf,2,2950,4.08
cdf_fs,ebpf,2,2951,3.77
cdf_fs,ebpf,2,2952,4.94
cdf_fs,ebpf,2,2953,4.25
cdf_fs,ebpf,2,2954,4.62
cdf_fs,ebpf,2,2955,4.81
cdf_fs,ebpf,2,2956,3.77
cdf_fs,ebpf,2,2957,3.88
cdf_fs,ebpf,2,2958,5.02
cdf_fs,ebpf,2,2959,5.0
cdf_fs,ebpf,2,2960,3.73
cdf_fs,ebpf,2,2961,4.6
cdf_fs,ebpf,2,2962,3.77
cdf_fs,ebpf,2,2963,4.98
cdf_fs,ebpf,2,2964,3.78
cdf_fs,ebpf,2,2965,3.72
cdf_fs,ebpf,2,2966,5.25
cdf_fs,ebpf,2,2967,4.26
cdf_fs,ebpf,2,2968,4.67
cdf_fs,ebpf,2,2969,5.23
cdf_fs,ebpf,2,2970,3.61
cdf_fs,ebpf,2,2971,3.51
cdf_fs,ebpf,2,2972,4.07
cdf_fs,ebpf,2,2973,5.27
cdf_fs,ebpf,2,2974,4.2
cdf_fs,ebpf,2,2975,5.17
cdf_fs,ebpf,2,2976,5.08
cdf_fs,ebpf,2,2977,4.03
cdf_fs,ebpf,2,2978,3.7
cdf_fs,ebpf,2,2979,3.89
cdf_fs,ebpf,2,2980,4.92
cdf_fs,ebpf,2,2981,3.64
cdf_fs,ebpf,2,2982,4.13
cdf_fs,ebpf,2,2983,4.68
cdf_fs,ebpf,2,2984,4.72
cdf_fs,ebpf,2,2985,4.19
cdf_fs,ebpf,2,2986,4.62
cdf_fs,ebpf,2,2987,4.85
cdf_fs,ebpf,2,2988,4.02
cdf_fs,ebpf,2,2989,4.97
cdf_fs,ebpf,2,2990,4.88
cdf_fs,ebpf,2,2991,3.59
cdf_fs,ebpf,2,2992,4.12
cdf_fs,ebpf,2,2993,4.43
cdf_fs,ebpf,2,2994,4.89
cdf_fs,ebpf,2,2995,3.62
cdf_fs,ebpf,2,2996,3.61
cdf_fs,ebpf,2,2997,4.87
cdf_fs,ebpf,2,2998,3.72
cdf_fs,ebpf,2,2999,5.21
cdf_fs,ebpf,2,3000,5.17
cdf_fs,ebpf,2,3001,3.76
cdf_fs,ebpf,2,3002,4.82
cdf_fs,ebpf,2,3003,5.02
cdf_fs,ebpf,2,3004,3.72
cdf_fs,ebpf,2,3005,4.53
cdf_fs,ebpf,2,3006,4.93
cdf_fs,ebpf,2,3007,3.74
cdf_fs,ebpf,2,3008,4.05
cdf_fs,ebpf,2,3009,5.06
cdf_fs,ebpf,2,3010,5.47
cdf_fs,ebpf,2,3011,3.88
cdf_fs,ebpf,2,3012,3.59
cdf_fs,ebpf,2,3013,4.4
cdf_fs,ebpf,2,3014,4.56
cdf_fs,ebpf,2,3015,4.85
cdf_fs,ebpf,2,3016,3.82
cdf_fs,ebpf,2,3017,4.73
cdf_fs,ebpf,2,3018,5.13
cdf_fs,ebpf,2,3019,3.66
cdf_fs,ebpf,2,3020,3.74
cdf_fs,ebpf,2,3021,4.89
cdf_fs,ebpf,2,3022,4.31
cdf_fs,ebpf,2,3023,4.12
cdf_fs,ebpf,2,3024,5.47
cdf_fs,ebpf,2,3025,3.6
cdf_fs,ebpf,2,3026,4.54
cdf_fs,ebpf,2,3027,5.06
cdf_fs,ebpf,2,3028,3.82
cdf_fs,ebpf,2,3029,4.93
cdf_fs,ebpf,2,3030,5.34
cdf_fs,ebpf,2,3031,4.07
cdf_fs,ebpf,2,3032,4.51
cdf_fs,ebpf,2,3033,4.98
cdf_fs,ebpf,2,3034,3.74
cdf_fs,ebpf,2,3035,4.56
cdf_fs,ebpf,2,3036,5.49
cdf_fs,ebpf,2,3037,4.06
cdf_fs,ebpf,2,3038,3.99
cdf_fs,ebpf,2,3039,5.44
cdf_fs,ebpf,2,3040,3.69
cdf_fs,ebpf,2,3041,5.62
cdf_fs,ebpf,2,3042,5.38
cdf_fs,ebpf,2,3043,3.59
cdf_fs,ebpf,2,3044,3.96
cdf_fs,ebpf,2,3045,4.97
cdf_fs,ebpf,2,3046,4.61
cdf_fs,ebpf,2,3047,4.63
cdf_fs,ebpf,2,3048,5.04
cdf_fs,ebpf,2,3049,3.66
cdf_fs,ebpf,2,3050,4.05
cdf_fs,ebpf,2,3051,4.78
cdf_fs,ebpf,2,3052,5.32
cdf_fs,ebpf,2,3053,3.76
cdf_fs,ebpf,2,3054,4.71
cdf_fs,ebpf,2,3055,4.44
cdf_fs,ebpf,2,3056,5.05
cdf_fs,ebpf,2,3057,3.74
cdf_fs,ebpf,2,3058,3.66
cdf_fs,ebpf,2,3059,4.59
cdf_fs,ebpf,2,3060,5.39
cdf_fs,ebpf,2,3061,3.76
cdf_fs,ebpf,2,3062,5.23
cdf_fs,ebpf,2,3063,4.99
cdf_fs,ebpf,2,3064,4.07
cdf_fs,ebpf,2,3065,5.22
cdf_fs,ebpf,2,3066,4.94
cdf_fs,ebpf,2,3067,5.73
cdf_fs,ebpf,2,3068,3.76
cdf_fs,ebpf,2,3069,4.1
cdf_fs,ebpf,2,3070,4.68
cdf_fs,ebpf,2,3071,5.01
cdf_fs,ebpf,2,3072,3.86
cdf_fs,ebpf,2,3073,3.7
cdf_fs,ebpf,2,3074,4.97
cdf_fs,ebpf,2,3075,3.76
cdf_fs,ebpf,2,3076,3.51
cdf_fs,ebpf,2,3077,5.1
cdf_fs,ebpf,2,3078,4.32
cdf_fs,ebpf,2,3079,3.58
cdf_fs,ebpf,2,3080,5.34
cdf_fs,ebpf,2,3081,3.64
cdf_fs,ebpf,2,3082,4.62
cdf_fs,ebpf,2,3083,5.3
cdf_fs,ebpf,2,3084,3.74
cdf_fs,ebpf,2,3085,4.76
cdf_fs,ebpf,2,3086,5.45
cdf_fs,ebpf,2,3087,3.63
cdf_fs,ebpf,2,3088,3.57
cdf_fs,ebpf,2,3089,4.67
cdf_fs,ebpf,2,3090,4.97
cdf_fs,ebpf,2,3091,3.73
cdf_fs,ebpf,2,3092,4.55
cdf_fs,ebpf,2,3093,5.07
cdf_fs,ebpf,2,3094,4.25
cdf_fs,ebpf,2,3095,6.54
cdf_fs,ebpf,2,3096,4.25
cdf_fs,ebpf,2,3097,3.57
cdf_fs,ebpf,2,3098,3.59
cdf_fs,ebpf,2,3099,4.89
cdf_fs,ebpf,2,3100,3.7
cdf_fs,ebpf,2,3101,4.09
cdf_fs,ebpf,2,3102,5.49
cdf_fs,ebpf,2,3103,3.69
cdf_fs,ebpf,2,3104,4.12
cdf_fs,ebpf,2,3105,5.54
cdf_fs,ebpf,2,3106,4.09
cdf_fs,ebpf,2,3107,4.58
cdf_fs,ebpf,2,3108,4.75
cdf_fs,ebpf,2,3109,4.39
cdf_fs,ebpf,2,3110,4.61
cdf_fs,ebpf,2,3111,4.79
cdf_fs,ebpf,2,3112,4.83
cdf_fs,ebpf,2,3113,5.05
cdf_fs,ebpf,2,3114,3.83
cdf_fs,ebpf,2,3115,4.72
cdf_fs,ebpf,2,3116,5.03
cdf_fs,ebpf,2,3117,3.67
cdf_fs,ebpf,2,3118,4.58
cdf_fs,ebpf,2,3119,4.47
cdf_fs,ebpf,2,3120,5.11
cdf_fs,ebpf,2,3121,3.66
cdf_fs,ebpf,2,3122,4.04
cdf_fs,ebpf,2,3123,5.6
cdf_fs,ebpf,2,3124,4.16
cdf_fs,ebpf,2,3125,4.68
cdf_fs,ebpf,2,3126,5.0
cdf_fs,ebpf,2,3127,5.43
cdf_fs,ebpf,2,3128,3.97
cdf_fs,ebpf,2,3129,3.78
cdf_fs,ebpf,2,3130,3.69
cdf_fs,ebpf,2,3131,4.53
cdf_fs,ebpf,2,3132,5.46
cdf_fs,ebpf,2,3133,3.68
cdf_fs,ebpf,2,3134,3.91
cdf_fs,ebpf,2,3135,4.5
cdf_fs,ebpf,2,3136,5.48
cdf_fs,ebpf,2,3137,3.63
cdf_fs,ebpf,2,3138,3.43
cdf_fs,ebpf,2,3139,4.53
cdf_fs,ebpf,2,3140,4.61
cdf_fs,ebpf,2,3141,5.28
cdf_fs,ebpf,2,3142,4.11
cdf_fs,ebpf,2,3143,4.61
cdf_fs,ebpf,2,3144,4.48
cdf_fs,ebpf,2,3145,5.12
cdf_fs,ebpf,2,3146,3.73
cdf_fs,ebpf,2,3147,4.63
cdf_fs,ebpf,2,3148,4.54
cdf_fs,ebpf,2,3149,5.01
cdf_fs,ebpf,2,3150,3.75
cdf_fs,ebpf,2,3151,3.69
cdf_fs,ebpf,2,3152,5.26
cdf_fs,ebpf,2,3153,3.61
cdf_fs,ebpf,2,3154,3.67
cdf_fs,ebpf,2,3155,3.66
cdf_fs,ebpf,2,3156,5.22
cdf_fs,ebpf,2,3157,3.75
cdf_fs,ebpf,2,3158,3.73
cdf_fs,ebpf,2,3159,3.7
cdf_fs,ebpf,2,3160,4.07
cdf_fs,ebpf,2,3161,3.56
cdf_fs,ebpf,2,3162,3.54
cdf_fs,ebpf,2,3163,3.74
cdf_fs,ebpf,2,3164,3.78
cdf_fs,ebpf,2,3165,3.66
cdf_fs,ebpf,2,3166,3.75
cdf_fs,ebpf,2,3167,9.06
cdf_fs,ebpf,2,3168,3.66
cdf_fs,ebpf,2,3169,4.11
cdf_fs,ebpf,2,3170,4.15
cdf_fs,ebpf,2,3171,3.88
cdf_fs,ebpf,2,3172,4.02
cdf_fs,ebpf,2,3173,3.55
cdf_fs,ebpf,2,3174,3.73
cdf_fs,ebpf,2,3175,4.55
cdf_fs,ebpf,2,3176,4.44
cdf_fs,ebpf,2,3177,4.67
cdf_fs,ebpf,2,3178,5.01
cdf_fs,ebpf,2,3179,3.66
cdf_fs,ebpf,2,3180,3.53
cdf_fs,ebpf,2,3181,4.77
cdf_fs,ebpf,2,3182,3.76
cdf_fs,ebpf,2,3183,4.56
cdf_fs,ebpf,2,3184,5.11
cdf_fs,ebpf,2,3185,4.24
cdf_fs,ebpf,2,3186,3.74
cdf_fs,ebpf,2,3187,4.69
cdf_fs,ebpf,2,3188,4.79
cdf_fs,ebpf,2,3189,3.61
cdf_fs,ebpf,2,3190,4.02
cdf_fs,ebpf,2,3191,5.46
cdf_fs,ebpf,2,3192,3.67
cdf_fs,ebpf,2,3193,4.03
cdf_fs,ebpf,2,3194,4.48
cdf_fs,ebpf,2,3195,5.18
cdf_fs,ebpf,2,3196,3.6
cdf_fs,ebpf,2,3197,3.98
cdf_fs,ebpf,2,3198,4.44
cdf_fs,ebpf,2,3199,4.75
cdf_fs,ebpf,2,3200,4.57
cdf_fs,ebpf,2,3201,5.4
cdf_fs,ebpf,2,3202,4.06
cdf_fs,ebpf,2,3203,3.62
cdf_fs,ebpf,2,3204,4.49
cdf_fs,ebpf,2,3205,5.43
cdf_fs,ebpf,2,3206,3.83
cdf_fs,ebpf,2,3207,5.25
cdf_fs,ebpf,2,3208,5.07
cdf_fs,ebpf,2,3209,4.18
cdf_fs,ebpf,2,3210,4.02
cdf_fs,ebpf,2,3211,5.23
cdf_fs,ebpf,2,3212,3.67
cdf_fs,ebpf,2,3213,4.25
cdf_fs,ebpf,2,3214,3.96
cdf_fs,ebpf,2,3215,4.71
cdf_fs,ebpf,2,3216,4.52
cdf_fs,ebpf,2,3217,5.22
cdf_fs,ebpf,2,3218,4.12
cdf_fs,ebpf,2,3219,5.04
cdf_fs,ebpf,2,3220,5.03
cdf_fs,ebpf,2,3221,4.16
cdf_fs,ebpf,2,3222,4.97
cdf_fs,ebpf,2,3223,5.3
cdf_fs,ebpf,2,3224,3.6
cdf_fs,ebpf,2,3225,3.64
cdf_fs,ebpf,2,3226,4.73
cdf_fs,ebpf,2,3227,5.49
cdf_fs,ebpf,2,3228,3.64
cdf_fs,ebpf,2,3229,4.07
cdf_fs,ebpf,2,3230,4.73
cdf_fs,ebpf,2,3231,4.53
cdf_fs,ebpf,2,3232,5.09
cdf_fs,ebpf,2,3233,3.73
cdf_fs,ebpf,2,3234,3.63
cdf_fs,ebpf,2,3235,4.73
cdf_fs,ebpf,2,3236,5.28
cdf_fs,ebpf,2,3237,4.15
cdf_fs,ebpf,2,3238,5.03
cdf_fs,ebpf,2,3239,4.59
cdf_fs,ebpf,2,3240,5.54
cdf_fs,ebpf,2,3241,3.69
cdf_fs,ebpf,2,3242,4.01
cdf_fs,ebpf,2,3243,4.69
cdf_fs,ebpf,2,3244,5.13
cdf_fs,ebpf,2,3245,5.59
cdf_fs,ebpf,2,3246,3.58
cdf_fs,ebpf,2,3247,4.92
cdf_fs,ebpf,2,3248,5.15
cdf_fs,ebpf,2,3249,3.68
cdf_fs,ebpf,2,3250,4.35
cdf_fs,ebpf,2,3251,4.49
cdf_fs,ebpf,2,3252,5.5
cdf_fs,ebpf,2,3253,3.84
cdf_fs,ebpf,2,3254,3.93
cdf_fs,ebpf,2,3255,4.92
cdf_fs,ebpf,2,3256,4.39
cdf_fs,ebpf,2,3257,4.42
cdf_fs,ebpf,2,3258,4.92
cdf_fs,ebpf,2,3259,4.12
cdf_fs,ebpf,2,3260,3.73
cdf_fs,ebpf,2,3261,3.96
cdf_fs,ebpf,2,3262,4.65
cdf_fs,ebpf,2,3263,4.94
cdf_fs,ebpf,2,3264,4.28
cdf_fs,ebpf,2,3265,4.46
cdf_fs,ebpf,2,3266,5.08
cdf_fs,ebpf,2,3267,3.8
cdf_fs,ebpf,2,3268,4.52
cdf_fs,ebpf,2,3269,5.25
cdf_fs,ebpf,2,3270,4.36
cdf_fs,ebpf,2,3271,4.99
cdf_fs,ebpf,2,3272,4.98
cdf_fs,ebpf,2,3273,3.67
cdf_fs,ebpf,2,3274,3.77
cdf_fs,ebpf,2,3275,3.83
cdf_fs,ebpf,2,3276,5.39
cdf_fs,ebpf,2,3277,5.27
cdf_fs,ebpf,2,3278,4.01
cdf_fs,ebpf,2,3279,4.51
cdf_fs,ebpf,2,3280,5.18
cdf_fs,ebpf,2,3281,3.89
cdf_fs,ebpf,2,3282,4.94
cdf_fs,ebpf,2,3283,5.77
cdf_fs,ebpf,2,3284,3.78
cdf_fs,ebpf,2,3285,4.85
cdf_fs,ebpf,2,3286,4.94
cdf_fs,ebpf,2,3287,4.25
cdf_fs,ebpf,2,3288,5.01
cdf_fs,ebpf,2,3289,4.71
cdf_fs,ebpf,2,3290,5.07
cdf_fs,ebpf,2,3291,5.57
cdf_fs,ebpf,2,3292,3.71
cdf_fs,ebpf,2,3293,4.06
cdf_fs,ebpf,2,3294,4.55
cdf_fs,ebpf,2,3295,4.88
cdf_fs,ebpf,2,3296,3.72
cdf_fs,ebpf,2,3297,3.55
cdf_fs,ebpf,2,3298,5.34
cdf_fs,ebpf,2,3299,4.0
cdf_fs,ebpf,2,3300,4.33
cdf_fs,ebpf,2,3301,5.08
cdf_fs,ebpf,2,3302,5.85
cdf_fs,ebpf,2,3303,3.63
cdf_fs,ebpf,2,3304,4.0
cdf_fs,ebpf,2,3305,4.63
cdf_fs,ebpf,2,3306,4.52
cdf_fs,ebpf,2,3307,4.99
cdf_fs,ebpf,2,3308,5.0
cdf_fs,ebpf,2,3309,3.58
cdf_fs,ebpf,2,3310,4.21
cdf_fs,ebpf,2,3311,5.01
cdf_fs,ebpf,2,3312,3.6
cdf_fs,ebpf,2,3313,5.22
cdf_fs,ebpf,2,3314,5.38
cdf_fs,ebpf,2,3315,3.66
cdf_fs,ebpf,2,3316,4.64
cdf_fs,ebpf,2,3317,5.3
cdf_fs,ebpf,2,3318,3.78
cdf_fs,ebpf,2,3319,3.99
cdf_fs,ebpf,2,3320,4.54
cdf_fs,ebpf,2,3321,5.08
cdf_fs,ebpf,2,3322,3.78
cdf_fs,ebpf,2,3323,4.78
cdf_fs,ebpf,2,3324,4.52
cdf_fs,ebpf,2,3325,5.07
cdf_fs,ebpf,2,3326,3.58
cdf_fs,ebpf,2,3327,3.53
cdf_fs,ebpf,2,3328,4.55
cdf_fs,ebpf,2,3329,5.06
cdf_fs,ebpf,2,3330,4.2
cdf_fs,ebpf,2,3331,4.62
cdf_fs,ebpf,2,3332,4.9
cdf_fs,ebpf,2,3333,3.59
cdf_fs,ebpf,2,3334,3.48
cdf_fs,ebpf,2,3335,4.69
cdf_fs,ebpf,2,3336,5.01
cdf_fs,ebpf,2,3337,4.39
cdf_fs,ebpf,2,3338,5.12
cdf_fs,ebpf,2,3339,5.44
cdf_fs,ebpf,2,3340,4.19
cdf_fs,ebpf,2,3341,3.79
cdf_fs,ebpf,2,3342,4.9
cdf_fs,ebpf,2,3343,4.9
cdf_fs,ebpf,2,3344,3.67
cdf_fs,ebpf,2,3345,4.97
cdf_fs,ebpf,2,3346,4.93
cdf_fs,ebpf,2,3347,3.64
cdf_fs,ebpf,2,3348,4.22
cdf_fs,ebpf,2,3349,4.56
cdf_fs,ebpf,2,3350,5.5
cdf_fs,ebpf,2,3351,3.74
cdf_fs,ebpf,2,3352,3.61
cdf_fs,ebpf,2,3353,5.47
cdf_fs,ebpf,2,3354,3.66
cdf_fs,ebpf,2,3355,3.77
cdf_fs,ebpf,2,3356,5.32
cdf_fs,ebpf,2,3357,4.29
cdf_fs,ebpf,2,3358,5.58
cdf_fs,ebpf,2,3359,4.05
cdf_fs,ebpf,2,3360,4.53
cdf_fs,ebpf,2,3361,4.97
cdf_fs,ebpf,2,3362,3.55
cdf_fs,ebpf,2,3363,3.59
cdf_fs,ebpf,2,3364,3.71
cdf_fs,ebpf,2,3365,4.89
cdf_fs,ebpf,2,3366,3.73
cdf_fs,ebpf,2,3367,3.79
cdf_fs,ebpf,2,3368,5.53
cdf_fs,ebpf,2,3369,3.64
cdf_fs,ebpf,2,3370,3.85
cdf_fs,ebpf,2,3371,4.56
cdf_fs,ebpf,2,3372,4.89
cdf_fs,ebpf,2,3373,3.61
cdf_fs,ebpf,2,3374,3.73
cdf_fs,ebpf,2,3375,4.2
cdf_fs,ebpf,2,3376,5.04
cdf_fs,ebpf,2,3377,3.68
cdf_fs,ebpf,2,3378,3.95
cdf_fs,ebpf,2,3379,4.46
cdf_fs,ebpf,2,3380,4.95
cdf_fs,ebpf,2,3381,3.8
cdf_fs,ebpf,2,3382,4.63
cdf_fs,ebpf,2,3383,4.45
cdf_fs,ebpf,2,3384,9.01
cdf_fs,ebpf,2,3385,6.06
cdf_fs,ebpf,2,3386,4.19
cdf_fs,ebpf,2,3387,3.81
cdf_fs,ebpf,2,3388,4.55
cdf_fs,ebpf,2,3389,5.2
cdf_fs,ebpf,2,3390,3.8
cdf_fs,ebpf,2,3391,3.73
cdf_fs,ebpf,2,3392,3.76
cdf_fs,ebpf,2,3393,4.61
cdf_fs,ebpf,2,3394,4.97
cdf_fs,ebpf,2,3395,3.6
cdf_fs,ebpf,2,3396,3.49
cdf_fs,ebpf,2,3397,4.51
cdf_fs,ebpf,2,3398,4.51
cdf_fs,ebpf,2,3399,4.88
cdf_fs,ebpf,2,3400,3.63
cdf_fs,ebpf,2,3401,5.32
cdf_fs,ebpf,2,3402,5.0
cdf_fs,ebpf,2,3403,3.54
cdf_fs,ebpf,2,3404,3.82
cdf_fs,ebpf,2,3405,3.69
cdf_fs,ebpf,2,3406,5.5
cdf_fs,ebpf,2,3407,4.02
cdf_fs,ebpf,2,3408,4.25
cdf_fs,ebpf,2,3409,4.68
cdf_fs,ebpf,2,3410,4.88
cdf_fs,ebpf,2,3411,3.82
cdf_fs,ebpf,2,3412,3.71
cdf_fs,ebpf,2,3413,4.95
cdf_fs,ebpf,2,3414,5.08
cdf_fs,ebpf,2,3415,3.56
cdf_fs,ebpf,2,3416,3.73
cdf_fs,ebpf,2,3417,5.16
cdf_fs,ebpf,2,3418,4.84
cdf_fs,ebpf,2,3419,3.69
cdf_fs,ebpf,2,3420,3.59
cdf_fs,ebpf,2,3421,4.99
cdf_fs,ebpf,2,3422,3.64
cdf_fs,ebpf,2,3423,4.14
cdf_fs,ebpf,2,3424,4.6
cdf_fs,ebpf,2,3425,4.91
cdf_fs,ebpf,2,3426,3.73
cdf_fs,ebpf,2,3427,5.071
cdf_fs,ebpf,2,3428,4.9
cdf_fs,ebpf,2,3429,3.711
cdf_fs,ebpf,2,3430,3.689
cdf_fs,ebpf,2,3431,5.02
cdf_fs,ebpf,2,3432,3.629
cdf_fs,ebpf,2,3433,5.311
cdf_fs,ebpf,2,3434,4.949
cdf_fs,ebpf,2,3435,3.58
cdf_fs,ebpf,2,3436,4.929
cdf_fs,ebpf,2,3437,4.62
cdf_fs,ebpf,2,3438,3.78
cdf_fs,ebpf,2,3439,5.191
cdf_fs,ebpf,2,3440,4.28
cdf_fs,ebpf,2,3441,3.669
cdf_fs,ebpf,2,3442,5.049
cdf_fs,ebpf,2,3443,3.78
cdf_fs,ebpf,2,3444,4.631
cdf_fs,ebpf,2,3445,4.82
cdf_fs,ebpf,2,3446,3.529
cdf_fs,ebpf,2,3447,3.669
cdf_fs,ebpf,2,3448,4.88
cdf_fs,ebpf,2,3449,4.08
cdf_fs,ebpf,2,3450,3.56
cdf_fs,ebpf,2,3451,5.529
cdf_fs,ebpf,2,3452,3.66
cdf_fs,ebpf,2,3453,3.491
cdf_fs,ebpf,2,3454,3.669
cdf_fs,ebpf,2,3455,4.56
cdf_fs,ebpf,2,3456,5.28
cdf_fs,ebpf,2,3457,3.609
cdf_fs,ebpf,2,3458,3.531
cdf_fs,ebpf,2,3459,4.891
cdf_fs,ebpf,2,3460,3.62
cdf_fs,ebpf,2,3461,4.98
cdf_fs,ebpf,2,3462,5.2
cdf_fs,ebpf,2,3463,3.58
cdf_fs,ebpf,2,3464,5.08
cdf_fs,ebpf,2,3465,4.94
cdf_fs,ebpf,2,3466,3.66
cdf_fs,ebpf,2,3467,3.74
cdf_fs,ebpf,2,3468,4.66
cdf_fs,ebpf,2,3469,5.289
cdf_fs,ebpf,2,3470,5.071
cdf_fs,ebpf,2,3471,4.849
cdf_fs,ebpf,2,3472,3.7
cdf_fs,ebpf,2,3473,4.769
cdf_fs,ebpf,2,3474,4.651
cdf_fs,ebpf,2,3475,5.289
cdf_fs,ebpf,2,3476,3.769
cdf_fs,ebpf,2,3477,3.591
cdf_fs,ebpf,2,3478,4.54
cdf_fs,ebpf,2,3479,5.111
cdf_fs,ebpf,2,3480,3.631
cdf_fs,ebpf,2,3481,3.9
cdf_fs,ebpf,2,3482,3.569
cdf_fs,ebpf,2,3483,4.511
cdf_fs,ebpf,2,3484,4.94
cdf_fs,ebpf,2,3485,3.76
cdf_fs,ebpf,2,3486,4.12
cdf_fs,ebpf,2,3487,4.571
cdf_fs,ebpf,2,3488,5.04
cdf_fs,ebpf,2,3489,3.989
cdf_fs,ebpf,2,3490,4.04
cdf_fs,ebpf,2,3491,4.591
cdf_fs,ebpf,2,3492,4.709
cdf_fs,ebpf,2,3493,3.7
cdf_fs,ebpf,2,3494,3.58
cdf_fs,ebpf,2,3495,5.12
cdf_fs,ebpf,2,3496,4.591
cdf_fs,ebpf,2,3497,5.0
cdf_fs,ebpf,2,3498,3.789
cdf_fs,ebpf,2,3499,4.511
cdf_fs,ebpf,2,3500,5.66
cdf_fs,ebpf,2,3501,4.229
cdf_fs,ebpf,2,3502,4.691
cdf_fs,ebpf,2,3503,3.64
cdf_fs,ebpf,2,3504,5.42
cdf_fs,ebpf,2,3505,3.691
cdf_fs,ebpf,2,3506,4.489
cdf_fs,ebpf,2,3507,5.291
cdf_fs,ebpf,2,3508,4.08
cdf_fs,ebpf,2,3509,5.071
cdf_fs,ebpf,2,3510,5.409
cdf_fs,ebpf,2,3511,3.64
cdf_fs,ebpf,2,3512,3.48
cdf_fs,ebpf,2,3513,3.789
cdf_fs,ebpf,2,3514,4.44
cdf_fs,ebpf,2,3515,4.94
cdf_fs,ebpf,2,3516,3.831
cdf_fs,ebpf,2,3517,3.869
cdf_fs,ebpf,2,3518,4.909
cdf_fs,ebpf,2,3519,3.651
cdf_fs,ebpf,2,3520,5.1
cdf_fs,ebpf,2,3521,4.889
cdf_fs,ebpf,2,3522,3.691
cdf_fs,ebpf,2,3523,3.78
cdf_fs,ebpf,2,3524,5.071
cdf_fs,ebpf,2,3525,3.82
cdf_fs,ebpf,2,3526,3.449
cdf_fs,ebpf,2,3527,4.589
cdf_fs,ebpf,2,3528,5.249
cdf_fs,ebpf,2,3529,3.969
cdf_fs,ebpf,2,3530,5.02
cdf_fs,ebpf,2,3531,4.761
cdf_fs,ebpf,2,3532,3.64
cdf_fs,ebpf,2,3533,4.57
cdf_fs,ebpf,2,3534,4.5
cdf_fs,ebpf,2,3535,4.97
cdf_fs,ebpf,2,3536,3.65
cdf_fs,ebpf,2,3537,3.59
cdf_fs,ebpf,2,3538,4.05
cdf_fs,ebpf,2,3539,4.92
cdf_fs,ebpf,2,3540,3.84
cdf_fs,ebpf,2,3541,3.9
cdf_fs,ebpf,2,3542,4.41
cdf_fs,ebpf,2,3543,4.62
cdf_fs,ebpf,2,3544,5.04
cdf_fs,ebpf,2,3545,3.58
cdf_fs,ebpf,2,3546,4.16
cdf_fs,ebpf,2,3547,5.28
cdf_fs,ebpf,2,3548,3.57
cdf_fs,ebpf,2,3549,3.57
cdf_fs,ebpf,2,3550,4.55
cdf_fs,ebpf,2,3551,5.0
cdf_fs,ebpf,2,3552,3.8
cdf_fs,ebpf,2,3553,5.65
cdf_fs,ebpf,2,3554,4.97
cdf_fs,ebpf,2,3555,3.61
cdf_fs,ebpf,2,3556,3.99
cdf_fs,ebpf,2,3557,3.68
cdf_fs,ebpf,2,3558,4.61
cdf_fs,ebpf,2,3559,5.59
cdf_fs,ebpf,2,3560,3.68
cdf_fs,ebpf,2,3561,3.6
cdf_fs,ebpf,2,3562,4.97
cdf_fs,ebpf,2,3563,5.04
cdf_fs,ebpf,2,3564,3.51
cdf_fs,ebpf,2,3565,3.74
cdf_fs,ebpf,2,3566,3.84
cdf_fs,ebpf,2,3567,4.91
cdf_fs,ebpf,2,3568,3.66
cdf_fs,ebpf,2,3569,3.68
cdf_fs,ebpf,2,3570,3.8
cdf_fs,ebpf,2,3571,4.67
cdf_fs,ebpf,2,3572,5.11
cdf_fs,ebpf,2,3573,3.68
cdf_fs,ebpf,2,3574,4.74
cdf_fs,ebpf,2,3575,5.66
cdf_fs,ebpf,2,3576,3.54
cdf_fs,ebpf,2,3577,3.72
cdf_fs,ebpf,2,3578,4.51
cdf_fs,ebpf,2,3579,5.05
cdf_fs,ebpf,2,3580,3.66
cdf_fs,ebpf,2,3581,5.16
cdf_fs,ebpf,2,3582,4.86
cdf_fs,ebpf,2,3583,4.08
cdf_fs,ebpf,2,3584,4.7
cdf_fs,ebpf,2,3585,4.98
cdf_fs,ebpf,2,3586,4.79
cdf_fs,ebpf,2,3587,3.68
cdf_fs,ebpf,2,3588,3.64
cdf_fs,ebpf,2,3589,5.46
cdf_fs,ebpf,2,3590,3.75
cdf_fs,ebpf,2,3591,3.68
cdf_fs,ebpf,2,3592,4.41
cdf_fs,ebpf,2,3593,4.89
cdf_fs,ebpf,2,3594,4.13
cdf_fs,ebpf,2,3595,4.42
cdf_fs,ebpf,2,3596,4.85
cdf_fs,ebpf,2,3597,3.64
cdf_fs,ebpf,2,3598,5.19
cdf_fs,ebpf,2,3599,4.95
cdf_fs,ebpf,2,3600,3.79
cdf_fs,ebpf,2,3601,3.66
cdf_fs,ebpf,2,3602,4.1
cdf_fs,ebpf,2,3603,5.73
cdf_fs,ebpf,2,3604,3.48
cdf_fs,ebpf,2,3605,3.75
cdf_fs,ebpf,2,3606,4.39
cdf_fs,ebpf,2,3607,6.59
cdf_fs,ebpf,2,3608,4.21
cdf_fs,ebpf,2,3609,3.8
cdf_fs,ebpf,2,3610,5.75
cdf_fs,ebpf,2,3611,3.56
cdf_fs,ebpf,2,3612,5.14
cdf_fs,ebpf,2,3613,4.97
cdf_fs,ebpf,2,3614,3.82
cdf_fs,ebpf,2,3615,3.7
cdf_fs,ebpf,2,3616,4.58
cdf_fs,ebpf,2,3617,5.02
cdf_fs,ebpf,2,3618,3.45
cdf_fs,ebpf,2,3619,3.99
cdf_fs,ebpf,2,3620,4.47
cdf_fs,ebpf,2,3621,4.9
cdf_fs,ebpf,2,3622,4.1
cdf_fs,ebpf,2,3623,3.61
cdf_fs,ebpf,2,3624,4.4
cdf_fs,ebpf,2,3625,4.95
cdf_fs,ebpf,2,3626,3.63
cdf_fs,ebpf,2,3627,5.0
cdf_fs,ebpf,2,3628,4.85
cdf_fs,ebpf,2,3629,4.26
cdf_fs,ebpf,2,3630,3.5
cdf_fs,ebpf,2,3631,4.49
cdf_fs,ebpf,2,3632,4.86
cdf_fs,ebpf,2,3633,3.85
cdf_fs,ebpf,2,3634,3.47
cdf_fs,ebpf,2,3635,3.76
cdf_fs,ebpf,2,3636,4.58
cdf_fs,ebpf,2,3637,5.43
cdf_fs,ebpf,2,3638,3.92
cdf_fs,ebpf,2,3639,4.15
cdf_fs,ebpf,2,3640,3.46
cdf_fs,ebpf,2,3641,5.35
cdf_fs,ebpf,2,3642,3.6
cdf_fs,ebpf,2,3643,3.59
cdf_fs,ebpf,2,3644,3.54
cdf_fs,ebpf,2,3645,4.63
cdf_fs,ebpf,2,3646,5.14
cdf_fs,ebpf,2,3647,3.62
cdf_fs,ebpf,2,3648,5.11
cdf_fs,ebpf,2,3649,4.87
cdf_fs,ebpf,2,3650,3.56
cdf_fs,ebpf,2,3651,3.75
cdf_fs,ebpf,2,3652,4.99
cdf_fs,ebpf,2,3653,4.25
cdf_fs,ebpf,2,3654,4.41
cdf_fs,ebpf,2,3655,5.46
cdf_fs,ebpf,2,3656,3.6
cdf_fs,ebpf,2,3657,3.72
cdf_fs,ebpf,2,3658,5.12
cdf_fs,ebpf,2,3659,4.27
cdf_fs,ebpf,2,3660,3.81
cdf_fs,ebpf,2,3661,5.19
cdf_fs,ebpf,2,3662,3.84
cdf_fs,ebpf,2,3663,4.7
cdf_fs,ebpf,2,3664,4.87
cdf_fs,ebpf,2,3665,3.77
cdf_fs,ebpf,2,3666,3.6
cdf_fs,ebpf,2,3667,4.81
cdf_fs,ebpf,2,3668,4.98
cdf_fs,ebpf,2,3669,3.62
cdf_fs,ebpf,2,3670,5.04
cdf_fs,ebpf,2,3671,4.48
cdf_fs,ebpf,2,3672,5.21
cdf_fs,ebpf,2,3673,3.71
cdf_fs,ebpf,2,3674,3.81
cdf_fs,ebpf,2,3675,3.68
cdf_fs,ebpf,2,3676,5.42
cdf_fs,ebpf,2,3677,4.22
cdf_fs,ebpf,2,3678,4.57
cdf_fs,ebpf,2,3679,4.82
cdf_fs,ebpf,2,3680,3.92
cdf_fs,ebpf,2,3681,4.89
cdf_fs,ebpf,2,3682,5.08
cdf_fs,ebpf,2,3683,3.75
cdf_fs,ebpf,2,3684,3.5
cdf_fs,ebpf,2,3685,4.06
cdf_fs,ebpf,2,3686,5.85
cdf_fs,ebpf,2,3687,3.67
cdf_fs,ebpf,2,3688,3.74
cdf_fs,ebpf,2,3689,4.09
cdf_fs,ebpf,2,3690,4.63
cdf_fs,ebpf,2,3691,4.99
cdf_fs,ebpf,2,3692,3.99
cdf_fs,ebpf,2,3693,4.05
cdf_fs,ebpf,2,3694,4.56
cdf_fs,ebpf,2,3695,5.0
cdf_fs,ebpf,2,3696,3.61
cdf_fs,ebpf,2,3697,3.63
cdf_fs,ebpf,2,3698,4.98
cdf_fs,ebpf,2,3699,3.7
cdf_fs,ebpf,2,3700,3.52
cdf_fs,ebpf,2,3701,3.7
cdf_fs,ebpf,2,3702,4.93
cdf_fs,ebpf,2,3703,4.11
cdf_fs,ebpf,2,3704,3.71
cdf_fs,ebpf,2,3705,3.67
cdf_fs,ebpf,2,3706,5.21
cdf_fs,ebpf,2,3707,4.23
cdf_fs,ebpf,2,3708,4.59
cdf_fs,ebpf,2,3709,5.03
cdf_fs,ebpf,2,3710,3.6
cdf_fs,ebpf,2,3711,3.71
cdf_fs,ebpf,2,3712,4.49
cdf_fs,ebpf,2,3713,4.96
cdf_fs,ebpf,2,3714,3.8
cdf_fs,ebpf,2,3715,5.02
cdf_fs,ebpf,2,3716,5.0
cdf_fs,ebpf,2,3717,3.85
cdf_fs,ebpf,2,3718,3.94
cdf_fs,ebpf,2,3719,4.59
cdf_fs,ebpf,2,3720,5.23
cdf_fs,ebpf,2,3721,3.89
cdf_fs,ebpf,2,3722,4.79
cdf_fs,ebpf,2,3723,5.81
cdf_fs,ebpf,2,3724,3.76
cdf_fs,ebpf,2,3725,3.57
cdf_fs,ebpf,2,3726,3.59
cdf_fs,ebpf,2,3727,4.71
cdf_fs,ebpf,2,3728,5.11
cdf_fs,ebpf,2,3729,3.81
cdf_fs,ebpf,2,3730,3.54
cdf_fs,ebpf,2,3731,3.63
cdf_fs,ebpf,2,3732,4.95
cdf_fs,ebpf,2,3733,4.3
cdf_fs,ebpf,2,3734,3.67
cdf_fs,ebpf,2,3735,4.76
cdf_fs,ebpf,2,3736,4.97
cdf_fs,ebpf,2,3737,3.65
cdf_fs,ebpf,2,3738,3.72
cdf_fs,ebpf,2,3739,5.41
cdf_fs,ebpf,2,3740,3.81
cdf_fs,ebpf,2,3741,4.62
cdf_fs,ebpf,2,3742,5.45
cdf_fs,ebpf,2,3743,3.47
cdf_fs,ebpf,2,3744,3.85
cdf_fs,ebpf,2,3745,5.1
cdf_fs,ebpf,2,3746,5.11
cdf_fs,ebpf,2,3747,3.59
cdf_fs,ebpf,2,3748,3.63
cdf_fs,ebpf,2,3749,3.57
cdf_fs,ebpf,2,3750,4.79
cdf_fs,ebpf,2,3751,4.95
cdf_fs,ebpf,2,3752,4.19
cdf_fs,ebpf,2,3753,4.35
cdf_fs,ebpf,2,3754,3.45
cdf_fs,ebpf,2,3755,4.85
cdf_fs,ebpf,2,3756,3.73
cdf_fs,ebpf,2,3757,4.5
cdf_fs,ebpf,2,3758,4.61
cdf_fs,ebpf,2,3759,5.56
cdf_fs,ebpf,2,3760,4.06
cdf_fs,ebpf,2,3761,4.63
cdf_fs,ebpf,2,3762,5.07
cdf_fs,ebpf,2,3763,3.86
cdf_fs,ebpf,2,3764,3.59
cdf_fs,ebpf,2,3765,3.47
cdf_fs,ebpf,2,3766,5.46
cdf_fs,ebpf,2,3767,5.09
cdf_fs,ebpf,2,3768,3.64
cdf_fs,ebpf,2,3769,4.15
cdf_fs,ebpf,2,3770,5.1
cdf_fs,ebpf,2,3771,3.81
cdf_fs,ebpf,2,3772,4.39
cdf_fs,ebpf,2,3773,5.52
cdf_fs,ebpf,2,3774,3.75
cdf_fs,ebpf,2,3775,4.56
cdf_fs,ebpf,2,3776,4.88
cdf_fs,ebpf,2,3777,3.91
cdf_fs,ebpf,2,3778,4.35
cdf_fs,ebpf,2,3779,4.58
cdf_fs,ebpf,2,3780,5.46
cdf_fs,ebpf,2,3781,3.67
cdf_fs,ebpf,2,3782,3.66
cdf_fs,ebpf,2,3783,4.97
cdf_fs,ebpf,2,3784,3.76
cdf_fs,ebpf,2,3785,3.48
cdf_fs,ebpf,2,3786,5.38
cdf_fs,ebpf,2,3787,3.76
cdf_fs,ebpf,2,3788,4.64
cdf_fs,ebpf,2,3789,5.03
cdf_fs,ebpf,2,3790,3.61
cdf_fs,ebpf,2,3791,4.71
cdf_fs,ebpf,2,3792,4.97
cdf_fs,ebpf,2,3793,4.34
cdf_fs,ebpf,2,3794,3.69
cdf_fs,ebpf,2,3795,4.2
cdf_fs,ebpf,2,3796,4.65
cdf_fs,ebpf,2,3797,4.71
cdf_fs,ebpf,2,3798,5.05
cdf_fs,ebpf,2,3799,4.05
cdf_fs,ebpf,2,3800,4.57
cdf_fs,ebpf,2,3801,4.43
cdf_fs,ebpf,2,3802,5.55
cdf_fs,ebpf,2,3803,3.72
cdf_fs,ebpf,2,3804,3.87
cdf_fs,ebpf,2,3805,5.31
cdf_fs,ebpf,2,3806,4.02
cdf_fs,ebpf,2,3807,4.5
cdf_fs,ebpf,2,3808,4.67
cdf_fs,ebpf,2,3809,4.87
cdf_fs,ebpf,2,3810,4.06
cdf_fs,ebpf,2,3811,3.64
cdf_fs,ebpf,2,3812,4.95
cdf_fs,ebpf,2,3813,4.92
cdf_fs,ebpf,2,3814,3.72
cdf_fs,ebpf,2,3815,5.0
cdf_fs,ebpf,2,3816,5.7
cdf_fs,ebpf,2,3817,3.65
cdf_fs,ebpf,2,3818,3.81
cdf_fs,ebpf,2,3819,4.54
cdf_fs,ebpf,2,3820,4.83
cdf_fs,ebpf,2,3821,3.62
cdf_fs,ebpf,2,3822,3.55
cdf_fs,ebpf,2,3823,3.47
cdf_fs,ebpf,2,3824,5.87
cdf_fs,ebpf,2,3825,4.12
cdf_fs,ebpf,2,3826,3.67
cdf_fs,ebpf,2,3827,9.57
cdf_fs,ebpf,2,3828,5.78
cdf_fs,ebpf,2,3829,4.69
cdf_fs,ebpf,2,3830,4.93
cdf_fs,ebpf,2,3831,3.72
cdf_fs,ebpf,2,3832,5.28
cdf_fs,ebpf,2,3833,4.95
cdf_fs,ebpf,2,3834,3.78
cdf_fs,ebpf,2,3835,4.67
cdf_fs,ebpf,2,3836,4.87
cdf_fs,ebpf,2,3837,4.64
cdf_fs,ebpf,2,3838,5.0
cdf_fs,ebpf,2,3839,3.99
cdf_fs,ebpf,2,3840,5.11
cdf_fs,ebpf,2,3841,5.0
cdf_fs,ebpf,2,3842,3.71
cdf_fs,ebpf,2,3843,3.79
cdf_fs,ebpf,2,3844,4.7
cdf_fs,ebpf,2,3845,5.04
cdf_fs,ebpf,2,3846,3.59
cdf_fs,ebpf,2,3847,3.63
cdf_fs,ebpf,2,3848,4.74
cdf_fs,ebpf,2,3849,4.37
cdf_fs,ebpf,2,3850,4.69
cdf_fs,ebpf,2,3851,4.8
cdf_fs,ebpf,2,3852,3.56
cdf_fs,ebpf,2,3853,3.59
cdf_fs,ebpf,2,3854,5.03
cdf_fs,ebpf,2,3855,4.94
cdf_fs,ebpf,2,3856,3.85
cdf_fs,ebpf,2,3857,4.53
cdf_fs,ebpf,2,3858,3.57
cdf_fs,ebpf,2,3859,3.66
cdf_fs,ebpf,2,3860,3.69
cdf_fs,ebpf,2,3861,3.75
cdf_fs,ebpf,2,3862,3.58
cdf_fs,ebpf,2,3863,3.76
cdf_fs,ebpf,2,3864,4.14
cdf_fs,ebpf,2,3865,3.77
cdf_fs,ebpf,2,3866,3.69
cdf_fs,ebpf,2,3867,3.85
cdf_fs,ebpf,2,3868,4.66
cdf_fs,ebpf,2,3869,5.0
cdf_fs,ebpf,2,3870,4.1
cdf_fs,ebpf,2,3871,4.97
cdf_fs,ebpf,2,3872,5.14
cdf_fs,ebpf,2,3873,3.59
cdf_fs,ebpf,2,3874,4.04
cdf_fs,ebpf,2,3875,5.34
cdf_fs,ebpf,2,3876,3.8
cdf_fs,ebpf,2,3877,3.55
cdf_fs,ebpf,2,3878,4.32
cdf_fs,ebpf,2,3879,5.02
cdf_fs,ebpf,2,3880,4.26
cdf_fs,ebpf,2,3881,3.54
cdf_fs,ebpf,2,3882,5.03
cdf_fs,ebpf,2,3883,4.92
cdf_fs,ebpf,2,3884,4.1
cdf_fs,ebpf,2,3885,5.07
cdf_fs,ebpf,2,3886,5.03
cdf_fs,ebpf,2,3887,4.31
cdf_fs,ebpf,2,3888,5.04
cdf_fs,ebpf,2,3889,4.84
cdf_fs,ebpf,2,3890,3.62
cdf_fs,ebpf,2,3891,3.53
cdf_fs,ebpf,2,3892,4.49
cdf_fs,ebpf,2,3893,5.03
cdf_fs,ebpf,2,3894,3.87
cdf_fs,ebpf,2,3895,3.65
cdf_fs,ebpf,2,3896,3.64
cdf_fs,ebpf,2,3897,3.77
cdf_fs,ebpf,2,3898,3.73
cdf_fs,ebpf,2,3899,5.49
cdf_fs,ebpf,2,3900,3.77
cdf_fs,ebpf,2,3901,4.81
cdf_fs,ebpf,2,3902,4.45
cdf_fs,ebpf,2,3903,5.31
cdf_fs,ebpf,2,3904,3.73
cdf_fs,ebpf,2,3905,3.52
cdf_fs,ebpf,2,3906,4.4
cdf_fs,ebpf,2,3907,5.05
cdf_fs,ebpf,2,3908,3.82
cdf_fs,ebpf,2,3909,4.02
cdf_fs,ebpf,2,3910,4.92
cdf_fs,ebpf,2,3911,4.07
cdf_fs,ebpf,2,3912,3.72
cdf_fs,ebpf,2,3913,4.6
cdf_fs,ebpf,2,3914,5.32
cdf_fs,ebpf,2,3915,4.06
cdf_fs,ebpf,2,3916,4.54
cdf_fs,ebpf,2,3917,5.49
cdf_fs,ebpf,2,3918,4.41
cdf_fs,ebpf,2,3919,3.67
cdf_fs,ebpf,2,3920,5.56
cdf_fs,ebpf,2,3921,3.56
cdf_fs,ebpf,2,3922,3.76
cdf_fs,ebpf,2,3923,4.7
cdf_fs,ebpf,2,3924,5.09
cdf_fs,ebpf,2,3925,3.74
cdf_fs,ebpf,2,3926,3.75
cdf_fs,ebpf,2,3927,3.59
cdf_fs,ebpf,2,3928,4.05
cdf_fs,ebpf,2,3929,5.4
cdf_fs,ebpf,2,3930,4.07
cdf_fs,ebpf,2,3931,4.57
cdf_fs,ebpf,2,3932,4.55
cdf_fs,ebpf,2,3933,5.49
cdf_fs,ebpf,2,3934,3.56
cdf_fs,ebpf,2,3935,3.68
cdf_fs,ebpf,2,3936,4.8
cdf_fs,ebpf,2,3937,5.47
cdf_fs,ebpf,2,3938,3.67
cdf_fs,ebpf,2,3939,3.46
cdf_fs,ebpf,2,3940,5.28
cdf_fs,ebpf,2,3941,3.6
cdf_fs,ebpf,2,3942,3.92
cdf_fs,ebpf,2,3943,4.48
cdf_fs,ebpf,2,3944,5.13
cdf_fs,ebpf,2,3945,3.76
cdf_fs,ebpf,2,3946,3.76
cdf_fs,ebpf,2,3947,3.68
cdf_fs,ebpf,2,3948,4.88
cdf_fs,ebpf,2,3949,4.24
cdf_fs,ebpf,2,3950,4.63
cdf_fs,ebpf,2,3951,5.13
cdf_fs,ebpf,2,3952,3.77
cdf_fs,ebpf,2,3953,3.66
cdf_fs,ebpf,2,3954,4.62
cdf_fs,ebpf,2,3955,5.51
cdf_fs,ebpf,2,3956,3.71
cdf_fs,ebpf,2,3957,3.63
cdf_fs,ebpf,2,3958,4.4
cdf_fs,ebpf,2,3959,4.82
cdf_fs,ebpf,2,3960,4.26
cdf_fs,ebpf,2,3961,3.55
cdf_fs,ebpf,2,3962,4.78
cdf_fs,ebpf,2,3963,5.36
cdf_fs,ebpf,2,3964,3.57
cdf_fs,ebpf,2,3965,4.53
cdf_fs,ebpf,2,3966,5.0
cdf_fs,ebpf,2,3967,3.58
cdf_fs,ebpf,2,3968,3.73
cdf_fs,ebpf,2,3969,5.09
cdf_fs,ebpf,2,3970,3.85
cdf_fs,ebpf,2,3971,3.58
cdf_fs,ebpf,2,3972,4.71
cdf_fs,ebpf,2,3973,5.08
cdf_fs,ebpf,2,3974,3.82
cdf_fs,ebpf,2,3975,4.46
cdf_fs,ebpf,2,3976,4.74
cdf_fs,ebpf,2,3977,3.62
cdf_fs,ebpf,2,3978,4.76
cdf_fs,ebpf,2,3979,5.43
cdf_fs,ebpf,2,3980,3.77
cdf_fs,ebpf,2,3981,3.37
cdf_fs,ebpf,2,3982,3.5
cdf_fs,ebpf,2,3983,4.69
cdf_fs,ebpf,2,3984,4.88
cdf_fs,ebpf,2,3985,4.31
cdf_fs,ebpf,2,3986,3.61
cdf_fs,ebpf,2,3987,4.53
cdf_fs,ebpf,2,3988,5.04
cdf_fs,ebpf,2,3989,3.68
cdf_fs,ebpf,2,3990,3.68
cdf_fs,ebpf,2,3991,3.57
cdf_fs,ebpf,2,3992,4.47
cdf_fs,ebpf,2,3993,4.54
cdf_fs,ebpf,2,3994,5.0
cdf_fs,ebpf,2,3995,3.71
cdf_fs,ebpf,2,3996,3.88
cdf_fs,ebpf,2,3997,4.22
cdf_fs,ebpf,2,3998,3.61
cdf_fs,ebpf,2,3999,3.58
cdf_fs,ebpf,2,4000,4.07
cdf_fs,ebpf,2,4001,3.52
cdf_fs,ebpf,2,4002,3.61
cdf_fs,ebpf,2,4003,3.99
cdf_fs,ebpf,2,4004,4.21
cdf_fs,ebpf,2,4005,3.66
cdf_fs,ebpf,2,4006,3.62
cdf_fs,ebpf,2,4007,3.61
cdf_fs,ebpf,2,4008,3.93
cdf_fs,ebpf,2,4009,3.62
cdf_fs,ebpf,2,4010,3.73
cdf_fs,ebpf,2,4011,3.49
cdf_fs,ebpf,2,4012,3.47
cdf_fs,ebpf,2,4013,3.47
cdf_fs,ebpf,2,4014,3.61
cdf_fs,ebpf,2,4015,4.06
cdf_fs,ebpf,2,4016,3.81
cdf_fs,ebpf,2,4017,3.46
cdf_fs,ebpf,2,4018,3.67
cdf_fs,ebpf,2,4019,3.69
cdf_fs,ebpf,2,4020,3.66
cdf_fs,ebpf,2,4021,4.0
cdf_fs,ebpf,2,4022,3.62
cdf_fs,ebpf,2,4023,3.75
cdf_fs,ebpf,2,4024,4.18
cdf_fs,ebpf,2,4025,3.49
cdf_fs,ebpf,2,4026,3.75
cdf_fs,ebpf,2,4027,4.03
cdf_fs,ebpf,2,4028,3.73
cdf_fs,ebpf,2,4029,3.56
cdf_fs,ebpf,2,4030,3.6
cdf_fs,ebpf,2,4031,3.82
cdf_fs,ebpf,2,4032,3.62
cdf_fs,ebpf,2,4033,3.62
cdf_fs,ebpf,2,4034,4.08
cdf_fs,ebpf,2,4035,3.77
cdf_fs,ebpf,2,4036,3.78
cdf_fs,ebpf,2,4037,3.88
cdf_fs,ebpf,2,4038,6.44
cdf_fs,ebpf,2,4039,4.86
cdf_fs,ebpf,2,4040,5.46
cdf_fs,ebpf,2,4041,3.67
cdf_fs,ebpf,2,4042,5.01
cdf_fs,ebpf,2,4043,3.9
cdf_fs,ebpf,2,4044,4.62
cdf_fs,ebpf,2,4045,4.94
cdf_fs,ebpf,2,4046,4.72
cdf_fs,ebpf,2,4047,5.4
cdf_fs,ebpf,2,4048,3.65
cdf_fs,ebpf,2,4049,5.15
cdf_fs,ebpf,2,4050,3.77
cdf_fs,ebpf,2,4051,4.98
cdf_fs,ebpf,2,4052,3.75
cdf_fs,ebpf,2,4053,4.88
cdf_fs,ebpf,2,4054,4.73
cdf_fs,ebpf,2,4055,10.66
cdf_fs,ebpf,2,4056,3.55
cdf_fs,ebpf,2,4057,4.83
cdf_fs,ebpf,2,4058,3.72
cdf_fs,ebpf,2,4059,5.07
cdf_fs,ebpf,2,4060,4.92
cdf_fs,ebpf,2,4061,4.83
cdf_fs,ebpf,2,4062,3.73
cdf_fs,ebpf,2,4063,4.79
cdf_fs,ebpf,2,4064,5.2
cdf_fs,ebpf,2,4065,6.13
cdf_fs,ebpf,2,4066,3.96
cdf_fs,ebpf,2,4067,4.94
cdf_fs,ebpf,2,4068,3.54
cdf_fs,ebpf,2,4069,3.69
cdf_fs,ebpf,2,4070,4.66
cdf_fs,ebpf,2,4071,4.97
cdf_fs,ebpf,2,4072,4.28
cdf_fs,ebpf,2,4073,3.7
cdf_fs,ebpf,2,4074,3.7
cdf_fs,ebpf,2,4075,5.19
cdf_fs,ebpf,2,4076,3.88
cdf_fs,ebpf,2,4077,3.58
cdf_fs,ebpf,2,4078,4.99
cdf_fs,ebpf,2,4079,3.79
cdf_fs,ebpf,2,4080,4.65
cdf_fs,ebpf,2,4081,5.13
cdf_fs,ebpf,2,4082,3.72
cdf_fs,ebpf,2,4083,3.55
cdf_fs,ebpf,2,4084,5.82
cdf_fs,ebpf,2,4085,3.91
cdf_fs,ebpf,2,4086,4.13
cdf_fs,ebpf,2,4087,5.14
cdf_fs,ebpf,2,4088,4.92
cdf_fs,ebpf,2,4089,3.57
cdf_fs,ebpf,2,4090,3.68
cdf_fs,ebpf,2,4091,5.01
cdf_fs,ebpf,2,4092,3.59
cdf_fs,ebpf,2,4093,3.62
cdf_fs,ebpf,2,4094,5.09
cdf_fs,ebpf,2,4095,3.77
cdf_fs,ebpf,2,4096,5.23
cdf_fs,ebpf,2,4097,4.99
cdf_fs,ebpf,2,4098,3.74
cdf_fs,ebpf,2,4099,3.62
cdf_fs,ebpf,2,4100,3.6
cdf_fs,ebpf,2,4101,4.23
cdf_fs,ebpf,2,4102,3.7
cdf_fs,ebpf,2,4103,5.05
cdf_fs,ebpf,2,4104,3.62
cdf_fs,ebpf,2,4105,4.85
cdf_fs,ebpf,2,4106,4.94
cdf_fs,ebpf,2,4107,3.58
cdf_fs,ebpf,2,4108,3.6
cdf_fs,ebpf,2,4109,5.04
cdf_fs,ebpf,2,4110,3.63
cdf_fs,ebpf,2,4111,4.65
cdf_fs,ebpf,2,4112,4.58
cdf_fs,ebpf,2,4113,5.0
cdf_fs,ebpf,2,4114,3.88
cdf_fs,ebpf,2,4115,3.7
cdf_fs,ebpf,2,4116,3.54
cdf_fs,ebpf,2,4117,4.51
cdf_fs,ebpf,2,4118,4.94
cdf_fs,ebpf,2,4119,4.1
cdf_fs,ebpf,2,4120,3.66
cdf_fs,ebpf,2,4121,5.43
cdf_fs,ebpf,2,4122,3.79
cdf_fs,ebpf,2,4123,4.6
cdf_fs,ebpf,2,4124,5.35
cdf_fs,ebpf,2,4125,3.63
cdf_fs,ebpf,2,4126,4.58
cdf_fs,ebpf,2,4127,5.52
cdf_fs,ebpf,2,4128,3.9
cdf_fs,ebpf,2,4129,4.13
cdf_fs,ebpf,2,4130,5.16
cdf_fs,ebpf,2,4131,3.66
cdf_fs,ebpf,2,4132,3.8
cdf_fs,ebpf,2,4133,3.62
cdf_fs,ebpf,2,4134,4.35
cdf_fs,ebpf,2,4135,5.01
cdf_fs,ebpf,2,4136,3.82
cdf_fs,ebpf,2,4137,4.7
cdf_fs,ebpf,2,4138,4.88
cdf_fs,ebpf,2,4139,3.79
cdf_fs,ebpf,2,4140,3.79
cdf_fs,ebpf,2,4141,4.51
cdf_fs,ebpf,2,4142,4.95
cdf_fs,ebpf,2,4143,3.7
cdf_fs,ebpf,2,4144,4.62
cdf_fs,ebpf,2,4145,5.65
cdf_fs,ebpf,2,4146,3.77
cdf_fs,ebpf,2,4147,4.23
cdf_fs,ebpf,2,4148,5.36
cdf_fs,ebpf,2,4149,5.16
cdf_fs,ebpf,2,4150,3.61
cdf_fs,ebpf,2,4151,3.54
cdf_fs,ebpf,2,4152,3.55
cdf_fs,ebpf,2,4153,3.71
cdf_fs,ebpf,2,4154,3.57
cdf_fs,ebpf,2,4155,3.8
cdf_fs,ebpf,2,4156,3.57
cdf_fs,ebpf,2,4157,3.83
cdf_fs,ebpf,2,4158,4.28
cdf_fs,ebpf,2,4159,3.71
cdf_fs,ebpf,2,4160,3.54
cdf_fs,ebpf,2,4161,3.65
cdf_fs,ebpf,2,4162,3.55
cdf_fs,ebpf,2,4163,3.85
cdf_fs,ebpf,2,4164,3.92
cdf_fs,ebpf,2,4165,3.61
cdf_fs,ebpf,2,4166,3.68
cdf_fs,ebpf,2,4167,3.64
cdf_fs,ebpf,2,4168,3.69
cdf_fs,ebpf,2,4169,3.58
cdf_fs,ebpf,2,4170,3.49
cdf_fs,ebpf,2,4171,3.68
cdf_fs,ebpf,2,4172,3.58
cdf_fs,ebpf,2,4173,3.64
cdf_fs,ebpf,2,4174,3.62
cdf_fs,ebpf,2,4175,3.57
cdf_fs,ebpf,2,4176,3.6
cdf_fs,ebpf,2,4177,4.23
cdf_fs,ebpf,2,4178,3.65
cdf_fs,ebpf,2,4179,3.74
cdf_fs,ebpf,2,4180,4.52
cdf_fs,ebpf,2,4181,4.44
cdf_fs,ebpf,2,4182,4.93
cdf_fs,ebpf,2,4183,3.62
cdf_fs,ebpf,2,4184,3.65
cdf_fs,ebpf,2,4185,4.96
cdf_fs,ebpf,2,4186,3.6
cdf_fs,ebpf,2,4187,4.71
cdf_fs,ebpf,2,4188,4.55
cdf_fs,ebpf,2,4189,4.64
cdf_fs,ebpf,2,4190,5.57
cdf_fs,ebpf,2,4191,3.72
cdf_fs,ebpf,2,4192,4.06
cdf_fs,ebpf,2,4193,4.58
cdf_fs,ebpf,2,4194,5.06
cdf_fs,ebpf,2,4195,3.71
cdf_fs,ebpf,2,4196,4.05
cdf_fs,ebpf,2,4197,4.54
cdf_fs,ebpf,2,4198,4.65
cdf_fs,ebpf,2,4199,5.59
cdf_fs,ebpf,2,4200,3.58
cdf_fs,ebpf,2,4201,3.7
cdf_fs,ebpf,2,4202,4.52
cdf_fs,ebpf,2,4203,5.07
cdf_fs,ebpf,2,4204,3.62
cdf_fs,ebpf,2,4205,3.51
cdf_fs,ebpf,2,4206,3.77
cdf_fs,ebpf,2,4207,5.25
cdf_fs,ebpf,2,4208,3.56
cdf_fs,ebpf,2,4209,3.55
cdf_fs,ebpf,2,4210,4.8
cdf_fs,ebpf,2,4211,3.68
cdf_fs,ebpf,2,4212,3.42
cdf_fs,ebpf,2,4213,4.96
cdf_fs,ebpf,2,4214,4.2
cdf_fs,ebpf,2,4215,4.06
cdf_fs,ebpf,2,4216,4.57
cdf_fs,ebpf,2,4217,5.38
cdf_fs,ebpf,2,4218,3.85
cdf_fs,ebpf,2,4219,3.71
cdf_fs,ebpf,2,4220,3.56
cdf_fs,ebpf,2,4221,4.78
cdf_fs,ebpf,2,4222,3.65
cdf_fs,ebpf,2,4223,4.68
cdf_fs,ebpf,2,4224,5.09
cdf_fs,ebpf,2,4225,3.64
cdf_fs,ebpf,2,4226,5.22
cdf_fs,ebpf,2,4227,4.99
cdf_fs,ebpf,2,4228,3.6
cdf_fs,ebpf,2,4229,3.66
cdf_fs,ebpf,2,4230,4.39
cdf_fs,ebpf,2,4231,5.19
cdf_fs,ebpf,2,4232,4.91
cdf_fs,ebpf,2,4233,3.66
cdf_fs,ebpf,2,4234,4.07
cdf_fs,ebpf,2,4235,3.62
cdf_fs,ebpf,2,4236,4.95
cdf_fs,ebpf,2,4237,3.55
cdf_fs,ebpf,2,4238,4.02
cdf_fs,ebpf,2,4239,4.98
cdf_fs,ebpf,2,4240,5.22
cdf_fs,ebpf,2,4241,3.72
cdf_fs,ebpf,2,4242,3.71
cdf_fs,ebpf,2,4243,5.32
cdf_fs,ebpf,2,4244,3.71
cdf_fs,ebpf,2,4245,5.02
cdf_fs,ebpf,2,4246,5.43
cdf_fs,ebpf,2,4247,3.72
cdf_fs,ebpf,2,4248,3.46
cdf_fs,ebpf,2,4249,3.9
cdf_fs,ebpf,2,4250,5.88
cdf_fs,ebpf,2,4251,3.81
cdf_fs,ebpf,2,4252,3.81
cdf_fs,ebpf,2,4253,4.36
cdf_fs,ebpf,2,4254,5.04
cdf_fs,ebpf,2,4255,3.46
cdf_fs,ebpf,2,4256,3.72
cdf_fs,ebpf,2,4257,4.68
cdf_fs,ebpf,2,4258,4.81
cdf_fs,ebpf,2,4259,3.57
cdf_fs,ebpf,2,4260,5.09
cdf_fs,ebpf,2,4261,4.93
cdf_fs,ebpf,2,4262,3.56
cdf_fs,ebpf,2,4263,4.1
cdf_fs,ebpf,2,4264,3.79
cdf_fs,ebpf,2,4265,4.53
cdf_fs,ebpf,2,4266,4.71
cdf_fs,ebpf,2,4267,4.87
cdf_fs,ebpf,2,4268,3.79
cdf_fs,ebpf,2,4269,5.07
cdf_fs,ebpf,2,4270,4.94
cdf_fs,ebpf,2,4271,3.73
cdf_fs,ebpf,2,4272,3.64
cdf_fs,ebpf,2,4273,4.09
cdf_fs,ebpf,2,4274,5.06
cdf_fs,ebpf,2,4275,3.75
cdf_fs,ebpf,2,4276,3.61
cdf_fs,ebpf,2,4277,4.54
cdf_fs,ebpf,2,4278,4.95
cdf_fs,ebpf,2,4279,3.69
cdf_fs,ebpf,2,4280,4.64
cdf_fs,ebpf,2,4281,9.41
cdf_fs,ebpf,2,4282,7.15
cdf_fs,ebpf,2,4283,3.68
cdf_fs,ebpf,2,4284,3.64
cdf_fs,ebpf,2,4285,4.46
cdf_fs,ebpf,2,4286,5.0
cdf_fs,ebpf,2,4287,3.89
cdf_fs,ebpf,2,4288,3.49
cdf_fs,ebpf,2,4289,5.29
cdf_fs,ebpf,2,4290,3.83
cdf_fs,ebpf,2,4291,3.63
cdf_fs,ebpf,2,4292,4.42
cdf_fs,ebpf,2,4293,5.07
cdf_fs,ebpf,2,4294,4.15
cdf_fs,ebpf,2,4295,4.93
cdf_fs,ebpf,2,4296,4.99
cdf_fs,ebpf,2,4297,5.38
cdf_fs,ebpf,2,4298,3.67
cdf_fs,ebpf,2,4299,3.57
cdf_fs,ebpf,2,4300,4.78
cdf_fs,ebpf,2,4301,4.96
cdf_fs,ebpf,2,4302,3.77
cdf_fs,ebpf,2,4303,3.54
cdf_fs,ebpf,2,4304,4.35
cdf_fs,ebpf,2,4305,5.21
cdf_fs,ebpf,2,4306,3.65
cdf_fs,ebpf,2,4307,3.55
cdf_fs,ebpf,2,4308,3.69
cdf_fs,ebpf,2,4309,4.36
cdf_fs,ebpf,2,4310,5.0
cdf_fs,ebpf,2,4311,3.67
cdf_fs,ebpf,2,4312,3.71
cdf_fs,ebpf,2,4313,17.48
cdf_fs,ebpf,2,4314,3.74
cdf_fs,ebpf,2,4315,5.0
cdf_fs,ebpf,2,4316,4.98
cdf_fs,ebpf,2,4317,4.16
cdf_fs,ebpf,2,4318,4.68
cdf_fs,ebpf,2,4319,4.98
cdf_fs,ebpf,2,4320,4.07
cdf_fs,ebpf,2,4321,3.85
cdf_fs,ebpf,2,4322,5.51
cdf_fs,ebpf,2,4323,3.77
cdf_fs,ebpf,2,4324,3.92
cdf_fs,ebpf,2,4325,4.59
cdf_fs,ebpf,2,4326,5.26
cdf_fs,ebpf,2,4327,3.51
cdf_fs,ebpf,2,4328,4.03
cdf_fs,ebpf,2,4329,4.16
cdf_fs,ebpf,2,4330,4.44
cdf_fs,ebpf,2,4331,4.7
cdf_fs,ebpf,2,4332,5.54
cdf_fs,ebpf,2,4333,3.81
cdf_fs,ebpf,2,4334,3.57
cdf_fs,ebpf,2,4335,4.55
cdf_fs,ebpf,2,4336,5.49
cdf_fs,ebpf,2,4337,3.7
cdf_fs,ebpf,2,4338,4.51
cdf_fs,ebpf,2,4339,4.88
cdf_fs,ebpf,2,4340,3.89
cdf_fs,ebpf,2,4341,4.53
cdf_fs,ebpf,2,4342,5.06
cdf_fs,ebpf,2,4343,3.75
cdf_fs,ebpf,2,4344,3.5
cdf_fs,ebpf,2,4345,4.94
cdf_fs,ebpf,2,4346,3.57
cdf_fs,ebpf,2,4347,3.61
cdf_fs,ebpf,2,4348,4.49
cdf_fs,ebpf,2,4349,5.08
cdf_fs,ebpf,2,4350,5.07
cdf_fs,ebpf,2,4351,3.58
cdf_fs,ebpf,2,4352,3.49
cdf_fs,ebpf,2,4353,5.0
cdf_fs,ebpf,2,4354,3.61
cdf_fs,ebpf,2,4355,4.79
cdf_fs,ebpf,2,4356,4.71
cdf_fs,ebpf,2,4357,5.08
cdf_fs,ebpf,2,4358,3.61
cdf_fs,ebpf,2,4359,3.57
cdf_fs,ebpf,2,4360,4.36
cdf_fs,ebpf,2,4361,4.49
cdf_fs,ebpf,2,4362,4.94
cdf_fs,ebpf,2,4363,3.66
cdf_fs,ebpf,2,4364,3.7
cdf_fs,ebpf,2,4365,4.58
cdf_fs,ebpf,2,4366,4.99
cdf_fs,ebpf,2,4367,4.22
cdf_fs,ebpf,2,4368,3.55
cdf_fs,ebpf,2,4369,4.84
cdf_fs,ebpf,2,4370,3.89
cdf_fs,ebpf,2,4371,4.68
cdf_fs,ebpf,2,4372,5.55
cdf_fs,ebpf,2,4373,3.84
cdf_fs,ebpf,2,4374,4.25
cdf_fs,ebpf,2,4375,5.51
cdf_fs,ebpf,2,4376,4.18
cdf_fs,ebpf,2,4377,3.5
cdf_fs,ebpf,2,4378,4.95
cdf_fs,ebpf,2,4379,3.64
cdf_fs,ebpf,2,4380,3.57
cdf_fs,ebpf,2,4381,5.01
cdf_fs,ebpf,2,4382,5.49
cdf_fs,ebpf,2,4383,3.68
cdf_fs,ebpf,2,4384,4.35
cdf_fs,ebpf,2,4385,4.48
cdf_fs,ebpf,2,4386,4.9
cdf_fs,ebpf,2,4387,3.68
cdf_fs,ebpf,2,4388,5.01
cdf_fs,ebpf,2,4389,4.85
cdf_fs,ebpf,2,4390,3.85
cdf_fs,ebpf,2,4391,4.62
cdf_fs,ebpf,2,4392,5.1
cdf_fs,ebpf,2,4393,4.06
cdf_fs,ebpf,2,4394,4.09
cdf_fs,ebpf,2,4395,3.48
cdf_fs,ebpf,2,4396,5.43
cdf_fs,ebpf,2,4397,3.9
cdf_fs,ebpf,2,4398,5.42
cdf_fs,ebpf,2,4399,3.65
cdf_fs,ebpf,2,4400,4.61
cdf_fs,ebpf,2,4401,4.96
cdf_fs,ebpf,2,4402,4.09
cdf_fs,ebpf,2,4403,4.6
cdf_fs,ebpf,2,4404,4.92
cdf_fs,ebpf,2,4405,3.71
cdf_fs,ebpf,2,4406,4.32
cdf_fs,ebpf,2,4407,5.28
cdf_fs,ebpf,2,4408,3.56
cdf_fs,ebpf,2,4409,3.66
cdf_fs,ebpf,2,4410,3.64
cdf_fs,ebpf,2,4411,4.69
cdf_fs,ebpf,2,4412,4.93
cdf_fs,ebpf,2,4413,3.63
cdf_fs,ebpf,2,4414,4.62
cdf_fs,ebpf,2,4415,4.83
cdf_fs,ebpf,2,4416,3.79
cdf_fs,ebpf,2,4417,4.99
cdf_fs,ebpf,2,4418,4.92
cdf_fs,ebpf,2,4419,3.67
cdf_fs,ebpf,2,4420,4.59
cdf_fs,ebpf,2,4421,4.78
cdf_fs,ebpf,2,4422,3.69
cdf_fs,ebpf,2,4423,4.22
cdf_fs,ebpf,2,4424,4.67
cdf_fs,ebpf,2,4425,5.62
cdf_fs,ebpf,2,4426,3.57
cdf_fs,ebpf,2,4427,3.99
cdf_fs,ebpf,2,4428,3.61
cdf_fs,ebpf,2,4429,5.33
cdf_fs,ebpf,2,4430,4.13
cdf_fs,ebpf,2,4431,4.44
cdf_fs,ebpf,2,4432,4.5
cdf_fs,ebpf,2,4433,5.04
cdf_fs,ebpf,2,4434,3.8
cdf_fs,ebpf,2,4435,3.64
cdf_fs,ebpf,2,4436,4.96
cdf_fs,ebpf,2,4437,3.7
cdf_fs,ebpf,2,4438,3.78
cdf_fs,ebpf,2,4439,4.61
cdf_fs,ebpf,2,4440,4.92
cdf_fs,ebpf,2,4441,3.72
cdf_fs,ebpf,2,4442,3.45
cdf_fs,ebpf,2,4443,4.77
cdf_fs,ebpf,2,4444,5.25
cdf_fs,ebpf,2,4445,3.85
cdf_fs,ebpf,2,4446,4.58
cdf_fs,ebpf,2,4447,4.99
cdf_fs,ebpf,2,4448,3.68
cdf_fs,ebpf,2,4449,4.65
cdf_fs,ebpf,2,4450,4.97
cdf_fs,ebpf,2,4451,3.51
cdf_fs,ebpf,2,4452,3.62
cdf_fs,ebpf,2,4453,4.71
cdf_fs,ebpf,2,4454,5.46
cdf_fs,ebpf,2,4455,3.61
cdf_fs,ebpf,2,4456,3.66
cdf_fs,ebpf,2,4457,4.57
cdf_fs,ebpf,2,4458,5.59
cdf_fs,ebpf,2,4459,4.18
cdf_fs,ebpf,2,4460,3.71
cdf_fs,ebpf,2,4461,4.42
cdf_fs,ebpf,2,4462,4.74
cdf_fs,ebpf,2,4463,3.52
cdf_fs,ebpf,2,4464,3.65
cdf_fs,ebpf,2,4465,4.6
cdf_fs,ebpf,2,4466,4.58
cdf_fs,ebpf,2,4467,4.84
cdf_fs,ebpf,2,4468,3.71
cdf_fs,ebpf,2,4469,5.07
cdf_fs,ebpf,2,4470,4.75
cdf_fs,ebpf,2,4471,3.55
cdf_fs,ebpf,2,4472,4.89
cdf_fs,ebpf,2,4473,5.02
cdf_fs,ebpf,2,4474,3.75
cdf_fs,ebpf,2,4475,4.5
cdf_fs,ebpf,2,4476,4.9
cdf_fs,ebpf,2,4477,3.98
cdf_fs,ebpf,2,4478,4.66
cdf_fs,ebpf,2,4479,4.95
cdf_fs,ebpf,2,4480,3.55
cdf_fs,ebpf,2,4481,4.48
cdf_fs,ebpf,2,4482,5.2
cdf_fs,ebpf,2,4483,3.6
cdf_fs,ebpf,2,4484,4.58
cdf_fs,ebpf,2,4485,5.19
cdf_fs,ebpf,2,4486,4.23
cdf_fs,ebpf,2,4487,4.41
cdf_fs,ebpf,2,4488,5.07
cdf_fs,ebpf,2,4489,3.5
cdf_fs,ebpf,2,4490,4.6
cdf_fs,ebpf,2,4491,4.41
cdf_fs,ebpf,2,4492,4.49
cdf_fs,ebpf,2,4493,5.17
cdf_fs,ebpf,2,4494,5.16
cdf_fs,ebpf,2,4495,4.1
cdf_fs,ebpf,2,4496,3.7
cdf_fs,ebpf,2,4497,3.61
cdf_fs,ebpf,2,4498,4.82
cdf_fs,ebpf,2,4499,5.01
cdf_fs,ebpf,2,4500,6.66
cdf_fs,ebpf,2,4501,3.82
cdf_fs,ebpf,2,4502,3.691
cdf_fs,ebpf,2,4503,7.18
cdf_fs,ebpf,2,4504,3.809
cdf_fs,ebpf,2,4505,3.549
cdf_fs,ebpf,2,4506,4.6
cdf_fs,ebpf,2,4507,5.08
cdf_fs,ebpf,2,4508,3.569
cdf_fs,ebpf,2,4509,4.071
cdf_fs,ebpf,2,4510,4.92
cdf_fs,ebpf,2,4511,5.32
cdf_fs,ebpf,2,4512,3.849
cdf_fs,ebpf,2,4513,3.48
cdf_fs,ebpf,2,4514,4.5
cdf_fs,ebpf,2,4515,4.92
cdf_fs,ebpf,2,4516,4.4
cdf_fs,ebpf,2,4517,4.48
cdf_fs,ebpf,2,4518,5.291
cdf_fs,ebpf,2,4519,3.711
cdf_fs,ebpf,2,4520,3.751
cdf_fs,ebpf,2,4521,5.051
cdf_fs,ebpf,2,4522,3.689
cdf_fs,ebpf,2,4523,5.18
cdf_fs,ebpf,2,4524,3.689
cdf_fs,ebpf,2,4525,4.931
cdf_fs,ebpf,2,4526,5.82
cdf_fs,ebpf,2,4527,3.849
cdf_fs,ebpf,2,4528,4.52
cdf_fs,ebpf,2,4529,5.12
cdf_fs,ebpf,2,4530,4.2
cdf_fs,ebpf,2,4531,4.629
cdf_fs,ebpf,2,4532,4.891
cdf_fs,ebpf,2,4533,4.2
cdf_fs,ebpf,2,4534,4.569
cdf_fs,ebpf,2,4535,5.64
cdf_fs,ebpf,2,4536,3.64
cdf_fs,ebpf,2,4537,4.98
cdf_fs,ebpf,2,4538,5.289
cdf_fs,ebpf,2,4539,4.02
cdf_fs,ebpf,2,4540,4.151
cdf_fs,ebpf,2,4541,5.04
cdf_fs,ebpf,2,4542,3.62
cdf_fs,ebpf,2,4543,3.62
cdf_fs,ebpf,2,4544,5.44
cdf_fs,ebpf,2,4545,3.56
cdf_fs,ebpf,2,4546,3.691
cdf_fs,ebpf,2,4547,4.789
cdf_fs,ebpf,2,4548,5.06
cdf_fs,ebpf,2,4549,3.691
cdf_fs,ebpf,2,4550,3.569
cdf_fs,ebpf,2,4551,6.26
cdf_fs,ebpf,2,4552,3.689
cdf_fs,ebpf,2,4553,3.54
cdf_fs,ebpf,2,4554,3.56
cdf_fs,ebpf,2,4555,4.071
cdf_fs,ebpf,2,4556,5.291
cdf_fs,ebpf,2,4557,3.64
cdf_fs,ebpf,2,4558,3.549
cdf_fs,ebpf,2,4559,4.58
cdf_fs,ebpf,2,4560,4.449
cdf_fs,ebpf,2,4561,5.0
cdf_fs,ebpf,2,4562,3.689
cdf_fs,ebpf,2,4563,3.609
cdf_fs,ebpf,2,4564,4.611
cdf_fs,ebpf,2,4565,5.109
cdf_fs,ebpf,2,4566,3.68
cdf_fs,ebpf,2,4567,3.689
cdf_fs,ebpf,2,4568,3.74
cdf_fs,ebpf,2,4569,4.969
cdf_fs,ebpf,2,4570,3.769
cdf_fs,ebpf,2,4571,4.471
cdf_fs,ebpf,2,4572,4.62
cdf_fs,ebpf,2,4573,5.16
cdf_fs,ebpf,2,4574,3.549
cdf_fs,ebpf,2,4575,5.251
cdf_fs,ebpf,2,4576,4.76
cdf_fs,ebpf,2,4577,5.951
cdf_fs,ebpf,2,4578,4.449
cdf_fs,ebpf,2,4579,3.631
cdf_fs,ebpf,2,4580,4.4
cdf_fs,ebpf,2,4581,5.011
cdf_fs,ebpf,2,4582,3.7
cdf_fs,ebpf,2,4583,3.589
cdf_fs,ebpf,2,4584,4.649
cdf_fs,ebpf,2,4585,5.011
cdf_fs,ebpf,2,4586,3.86
cdf_fs,ebpf,2,4587,3.7
cdf_fs,ebpf,2,4588,4.36
cdf_fs,ebpf,2,4589,4.829
cdf_fs,ebpf,2,4590,5.071
cdf_fs,ebpf,2,4591,3.58
cdf_fs,ebpf,2,4592,4.6
cdf_fs,ebpf,2,4593,5.36
cdf_fs,ebpf,2,4594,4.031
cdf_fs,ebpf,2,4595,4.7
cdf_fs,ebpf,2,4596,5.08
cdf_fs,ebpf,2,4597,3.491
cdf_fs,ebpf,2,4598,3.469
cdf_fs,ebpf,2,4599,3.471
cdf_fs,ebpf,2,4600,5.02
cdf_fs,ebpf,2,4601,5.389
cdf_fs,ebpf,2,4602,3.791
cdf_fs,ebpf,2,4603,5.091
cdf_fs,ebpf,2,4604,4.989
cdf_fs,ebpf,2,4605,3.671
cdf_fs,ebpf,2,4606,3.55
cdf_fs,ebpf,2,4607,4.94
cdf_fs,ebpf,2,4608,4.38
cdf_fs,ebpf,2,4609,5.85
cdf_fs,ebpf,2,4610,4.26
cdf_fs,ebpf,2,4611,5.14
cdf_fs,ebpf,2,4612,3.56
cdf_fs,ebpf,2,4613,3.73
cdf_fs,ebpf,2,4614,4.89
cdf_fs,ebpf,2,4615,3.77
cdf_fs,ebpf,2,4616,4.91
cdf_fs,ebpf,2,4617,4.95
cdf_fs,ebpf,2,4618,3.41
cdf_fs,ebpf,2,4619,4.76
cdf_fs,ebpf,2,4620,5.39
cdf_fs,ebpf,2,4621,3.7
cdf_fs,ebpf,2,4622,4.06
cdf_fs,ebpf,2,4623,4.48
cdf_fs,ebpf,2,4624,5.46
cdf_fs,ebpf,2,4625,4.06
cdf_fs,ebpf,2,4626,3.65
cdf_fs,ebpf,2,4627,4.62
cdf_fs,ebpf,2,4628,5.03
cdf_fs,ebpf,2,4629,3.64
cdf_fs,ebpf,2,4630,5.05
cdf_fs,ebpf,2,4631,5.35
cdf_fs,ebpf,2,4632,3.72
cdf_fs,ebpf,2,4633,4.72
cdf_fs,ebpf,2,4634,5.46
cdf_fs,ebpf,2,4635,4.16
cdf_fs,ebpf,2,4636,3.81
cdf_fs,ebpf,2,4637,4.93
cdf_fs,ebpf,2,4638,3.78
cdf_fs,ebpf,2,4639,4.68
cdf_fs,ebpf,2,4640,4.93
cdf_fs,ebpf,2,4641,3.62
cdf_fs,ebpf,2,4642,3.63
cdf_fs,ebpf,2,4643,5.09
cdf_fs,ebpf,2,4644,4.9
cdf_fs,ebpf,2,4645,4.6
cdf_fs,ebpf,2,4646,4.93
cdf_fs,ebpf,2,4647,4.1
cdf_fs,ebpf,2,4648,4.64
cdf_fs,ebpf,2,4649,4.99
cdf_fs,ebpf,2,4650,3.66
cdf_fs,ebpf,2,4651,4.87
cdf_fs,ebpf,2,4652,4.98
cdf_fs,ebpf,2,4653,3.58
cdf_fs,ebpf,2,4654,4.81
cdf_fs,ebpf,2,4655,4.61
cdf_fs,ebpf,2,4656,5.25
cdf_fs,ebpf,2,4657,5.81
cdf_fs,ebpf,2,4658,3.88
cdf_fs,ebpf,2,4659,3.53
cdf_fs,ebpf,2,4660,4.55
cdf_fs,ebpf,2,4661,4.93
cdf_fs,ebpf,2,4662,3.67
cdf_fs,ebpf,2,4663,3.73
cdf_fs,ebpf,2,4664,4.23
cdf_fs,ebpf,2,4665,4.84
cdf_fs,ebpf,2,4666,3.61
cdf_fs,ebpf,2,4667,3.63
cdf_fs,ebpf,2,4668,5.3
cdf_fs,ebpf,2,4669,3.76
cdf_fs,ebpf,2,4670,3.72
cdf_fs,ebpf,2,4671,3.73
cdf_fs,ebpf,2,4672,4.7
cdf_fs,ebpf,2,4673,4.91
cdf_fs,ebpf,2,4674,3.7
cdf_fs,ebpf,2,4675,3.67
cdf_fs,ebpf,2,4676,4.54
cdf_fs,ebpf,2,4677,4.82
cdf_fs,ebpf,2,4678,3.55
cdf_fs,ebpf,2,4679,4.75
cdf_fs,ebpf,2,4680,5.39
cdf_fs,ebpf,2,4681,3.69
cdf_fs,ebpf,2,4682,4.75
cdf_fs,ebpf,2,4683,5.82
cdf_fs,ebpf,2,4684,3.62
cdf_fs,ebpf,2,4685,3.68
cdf_fs,ebpf,2,4686,3.54
cdf_fs,ebpf,2,4687,3.48
cdf_fs,ebpf,2,4688,5.01
cdf_fs,ebpf,2,4689,4.09
cdf_fs,ebpf,2,4690,4.55
cdf_fs,ebpf,2,4691,4.64
cdf_fs,ebpf,2,4692,4.95
cdf_fs,ebpf,2,4693,3.85
cdf_fs,ebpf,2,4694,4.56
cdf_fs,ebpf,2,4695,4.97
cdf_fs,ebpf,2,4696,3.77
cdf_fs,ebpf,2,4697,3.83
cdf_fs,ebpf,2,4698,5.29
cdf_fs,ebpf,2,4699,4.14
cdf_fs,ebpf,2,4700,3.64
cdf_fs,ebpf,2,4701,4.47
cdf_fs,ebpf,2,4702,4.92
cdf_fs,ebpf,2,4703,3.75
cdf_fs,ebpf,2,4704,4.54
cdf_fs,ebpf,2,4705,4.83
cdf_fs,ebpf,2,4706,3.72
cdf_fs,ebpf,2,4707,3.57
cdf_fs,ebpf,2,4708,5.03
cdf_fs,ebpf,2,4709,3.64
cdf_fs,ebpf,2,4710,4.68
cdf_fs,ebpf,2,4711,4.8
cdf_fs,ebpf,2,4712,3.72
cdf_fs,ebpf,2,4713,4.51
cdf_fs,ebpf,2,4714,3.77
cdf_fs,ebpf,2,4715,5.25
cdf_fs,ebpf,2,4716,3.46
cdf_fs,ebpf,2,4717,4.49
cdf_fs,ebpf,2,4718,4.53
cdf_fs,ebpf,2,4719,10.67
cdf_fs,ebpf,2,4720,4.28
cdf_fs,ebpf,2,4721,3.6
cdf_fs,ebpf,2,4722,4.42
cdf_fs,ebpf,2,4723,4.92
cdf_fs,ebpf,2,4724,3.99
cdf_fs,ebpf,2,4725,4.6
cdf_fs,ebpf,2,4726,4.72
cdf_fs,ebpf,2,4727,4.92
cdf_fs,ebpf,2,4728,3.65
cdf_fs,ebpf,2,4729,3.65
cdf_fs,ebpf,2,4730,4.64
cdf_fs,ebpf,2,4731,5.02
cdf_fs,ebpf,2,4732,3.6
cdf_fs,ebpf,2,4733,4.62
cdf_fs,ebpf,2,4734,4.93
cdf_fs,ebpf,2,4735,3.69
cdf_fs,ebpf,2,4736,3.7
cdf_fs,ebpf,2,4737,4.53
cdf_fs,ebpf,2,4738,5.65
cdf_fs,ebpf,2,4739,3.61
cdf_fs,ebpf,2,4740,3.46
cdf_fs,ebpf,2,4741,4.94
cdf_fs,ebpf,2,4742,3.63
cdf_fs,ebpf,2,4743,3.59
cdf_fs,ebpf,2,4744,5.01
cdf_fs,ebpf,2,4745,5.35
cdf_fs,ebpf,2,4746,3.62
cdf_fs,ebpf,2,4747,3.69
cdf_fs,ebpf,2,4748,4.78
cdf_fs,ebpf,2,4749,4.57
cdf_fs,ebpf,2,4750,4.98
cdf_fs,ebpf,2,4751,3.65
cdf_fs,ebpf,2,4752,3.56
cdf_fs,ebpf,2,4753,4.89
cdf_fs,ebpf,2,4754,5.39
cdf_fs,ebpf,2,4755,3.83
cdf_fs,ebpf,2,4756,3.76
cdf_fs,ebpf,2,4757,3.68
cdf_fs,ebpf,2,4758,4.95
cdf_fs,ebpf,2,4759,3.65
cdf_fs,ebpf,2,4760,3.58
cdf_fs,ebpf,2,4761,4.91
cdf_fs,ebpf,2,4762,3.69
cdf_fs,ebpf,2,4763,4.58
cdf_fs,ebpf,2,4764,5.36
cdf_fs,ebpf,2,4765,4.23
cdf_fs,ebpf,2,4766,4.53
cdf_fs,ebpf,2,4767,4.97
cdf_fs,ebpf,2,4768,4.04
cdf_fs,ebpf,2,4769,4.08
cdf_fs,ebpf,2,4770,5.02
cdf_fs,ebpf,2,4771,3.63
cdf_fs,ebpf,2,4772,4.27
cdf_fs,ebpf,2,4773,4.51
cdf_fs,ebpf,2,4774,5.03
cdf_fs,ebpf,2,4775,4.23
cdf_fs,ebpf,2,4776,3.53
cdf_fs,ebpf,2,4777,4.8
cdf_fs,ebpf,2,4778,3.77
cdf_fs,ebpf,2,4779,4.63
cdf_fs,ebpf,2,4780,5.12
cdf_fs,ebpf,2,4781,3.77
cdf_fs,ebpf,2,4782,5.29
cdf_fs,ebpf,2,4783,4.78
cdf_fs,ebpf,2,4784,5.02
cdf_fs,ebpf,2,4785,3.65
cdf_fs,ebpf,2,4786,4.16
cdf_fs,ebpf,2,4787,3.61
cdf_fs,ebpf,2,4788,5.36
cdf_fs,ebpf,2,4789,3.75
cdf_fs,ebpf,2,4790,4.64
cdf_fs,ebpf,2,4791,5.05
cdf_fs,ebpf,2,4792,3.61
cdf_fs,ebpf,2,4793,4.69
cdf_fs,ebpf,2,4794,4.88
cdf_fs,ebpf,2,4795,4.14
cdf_fs,ebpf,2,4796,4.97
cdf_fs,ebpf,2,4797,5.11
cdf_fs,ebpf,2,4798,3.76
cdf_fs,ebpf,2,4799,3.79
cdf_fs,ebpf,2,4800,5.51
cdf_fs,ebpf,2,4801,3.82
cdf_fs,ebpf,2,4802,3.83
cdf_fs,ebpf,2,4803,4.58
cdf_fs,ebpf,2,4804,5.08
cdf_fs,ebpf,2,4805,3.98
cdf_fs,ebpf,2,4806,3.57
cdf_fs,ebpf,2,4807,4.44
cdf_fs,ebpf,2,4808,4.93
cdf_fs,ebpf,2,4809,3.63
cdf_fs,ebpf,2,4810,4.58
cdf_fs,ebpf,2,4811,4.97
cdf_fs,ebpf,2,4812,4.3
cdf_fs,ebpf,2,4813,4.45
cdf_fs,ebpf,2,4814,4.92
cdf_fs,ebpf,2,4815,3.72
cdf_fs,ebpf,2,4816,3.47
cdf_fs,ebpf,2,4817,4.66
cdf_fs,ebpf,2,4818,3.8
cdf_fs,ebpf,2,4819,5.35
cdf_fs,ebpf,2,4820,3.59
cdf_fs,ebpf,2,4821,3.58
cdf_fs,ebpf,2,4822,4.55
cdf_fs,ebpf,2,4823,5.34
cdf_fs,ebpf,2,4824,3.61
cdf_fs,ebpf,2,4825,3.56
cdf_fs,ebpf,2,4826,4.78
cdf_fs,ebpf,2,4827,5.17
cdf_fs,ebpf,2,4828,3.65
cdf_fs,ebpf,2,4829,3.59
cdf_fs,ebpf,2,4830,5.54
cdf_fs,ebpf,2,4831,4.33
cdf_fs,ebpf,2,4832,3.82
cdf_fs,ebpf,2,4833,5.05
cdf_fs,ebpf,2,4834,3.56
cdf_fs,ebpf,2,4835,3.99
cdf_fs,ebpf,2,4836,4.72
cdf_fs,ebpf,2,4837,4.6
cdf_fs,ebpf,2,4838,5.0
cdf_fs,ebpf,2,4839,3.51
cdf_fs,ebpf,2,4840,3.67
cdf_fs,ebpf,2,4841,3.59
cdf_fs,ebpf,2,4842,4.99
cdf_fs,ebpf,2,4843,3.79
cdf_fs,ebpf,2,4844,3.89
cdf_fs,ebpf,2,4845,4.67
cdf_fs,ebpf,2,4846,5.02
cdf_fs,ebpf,2,4847,3.62
cdf_fs,ebpf,2,4848,4.67
cdf_fs,ebpf,2,4849,4.94
cdf_fs,ebpf,2,4850,3.69
cdf_fs,ebpf,2,4851,3.75
cdf_fs,ebpf,2,4852,4.56
cdf_fs,ebpf,2,4853,5.52
cdf_fs,ebpf,2,4854,3.9
cdf_fs,ebpf,2,4855,5.13
cdf_fs,ebpf,2,4856,5.38
cdf_fs,ebpf,2,4857,3.82
cdf_fs,ebpf,2,4858,4.81
cdf_fs,ebpf,2,4859,4.7
cdf_fs,ebpf,2,4860,5.41
cdf_fs,ebpf,2,4861,3.63
cdf_fs,ebpf,2,4862,4.73
cdf_fs,ebpf,2,4863,4.82
cdf_fs,ebpf,2,4864,3.74
cdf_fs,ebpf,2,4865,4.69
cdf_fs,ebpf,2,4866,4.93
cdf_fs,ebpf,2,4867,3.68
cdf_fs,ebpf,2,4868,4.98
cdf_fs,ebpf,2,4869,5.48
cdf_fs,ebpf,2,4870,4.3
cdf_fs,ebpf,2,4871,3.68
cdf_fs,ebpf,2,4872,4.82
cdf_fs,ebpf,2,4873,3.71
cdf_fs,ebpf,2,4874,3.64
cdf_fs,ebpf,2,4875,4.63
cdf_fs,ebpf,2,4876,5.12
cdf_fs,ebpf,2,4877,3.66
cdf_fs,ebpf,2,4878,4.48
cdf_fs,ebpf,2,4879,5.1
cdf_fs,ebpf,2,4880,3.76
cdf_fs,ebpf,2,4881,4.75
cdf_fs,ebpf,2,4882,5.51
cdf_fs,ebpf,2,4883,3.99
cdf_fs,ebpf,2,4884,3.81
cdf_fs,ebpf,2,4885,5.07
cdf_fs,ebpf,2,4886,4.86
cdf_fs,ebpf,2,4887,3.5
cdf_fs,ebpf,2,4888,3.62
cdf_fs,ebpf,2,4889,5.24
cdf_fs,ebpf,2,4890,5.0
cdf_fs,ebpf,2,4891,3.7
cdf_fs,ebpf,2,4892,5.05
cdf_fs,ebpf,2,4893,5.52
cdf_fs,ebpf,2,4894,3.58
cdf_fs,ebpf,2,4895,3.62
cdf_fs,ebpf,2,4896,4.49
cdf_fs,ebpf,2,4897,5.07
cdf_fs,ebpf,2,4898,5.11
cdf_fs,ebpf,2,4899,4.04
cdf_fs,ebpf,2,4900,3.53
cdf_fs,ebpf,2,4901,4.45
cdf_fs,ebpf,2,4902,4.98
cdf_fs,ebpf,2,4903,3.64
cdf_fs,ebpf,2,4904,3.79
cdf_fs,ebpf,2,4905,3.79
cdf_fs,ebpf,2,4906,4.7
cdf_fs,ebpf,2,4907,5.01
cdf_fs,ebpf,2,4908,3.71
cdf_fs,ebpf,2,4909,3.76
cdf_fs,ebpf,2,4910,5.05
cdf_fs,ebpf,2,4911,3.81
cdf_fs,ebpf,2,4912,4.7
cdf_fs,ebpf,2,4913,4.78
cdf_fs,ebpf,2,4914,3.79
cdf_fs,ebpf,2,4915,4.51
cdf_fs,ebpf,2,4916,3.63
cdf_fs,ebpf,2,4917,5.39
cdf_fs,ebpf,2,4918,3.83
cdf_fs,ebpf,2,4919,3.75
cdf_fs,ebpf,2,4920,3.69
cdf_fs,ebpf,2,4921,4.18
cdf_fs,ebpf,2,4922,3.71
cdf_fs,ebpf,2,4923,3.62
cdf_fs,ebpf,2,4924,3.58
cdf_fs,ebpf,2,4925,3.84
cdf_fs,ebpf,2,4926,4.99
cdf_fs,ebpf,2,4927,3.56
cdf_fs,ebpf,2,4928,4.66
cdf_fs,ebpf,2,4929,5.14
cdf_fs,ebpf,2,4930,3.6
cdf_fs,ebpf,2,4931,3.64
cdf_fs,ebpf,2,4932,3.69
cdf_fs,ebpf,2,4933,4.94
cdf_fs,ebpf,2,4934,3.76
cdf_fs,ebpf,2,4935,4.57
cdf_fs,ebpf,2,4936,4.74
cdf_fs,ebpf,2,4937,5.24
cdf_fs,ebpf,2,4938,3.65
cdf_fs,ebpf,2,4939,3.58
cdf_fs,ebpf,2,4940,5.36
cdf_fs,ebpf,2,4941,7.95
cdf_fs,ebpf,2,4942,5.9
cdf_fs,ebpf,2,4943,3.8
cdf_fs,ebpf,2,4944,3.63
cdf_fs,ebpf,2,4945,4.4
cdf_fs,ebpf,2,4946,5.36
cdf_fs,ebpf,2,4947,3.81
cdf_fs,ebpf,2,4948,3.54
cdf_fs,ebpf,2,4949,3.7
cdf_fs,ebpf,2,4950,4.75
cdf_fs,ebpf,2,4951,4.7
cdf_fs,ebpf,2,4952,3.7
cdf_fs,ebpf,2,4953,3.74
cdf_fs,ebpf,2,4954,4.66
cdf_fs,ebpf,2,4955,4.73
cdf_fs,ebpf,2,4956,3.71
cdf_fs,ebpf,2,4957,4.8
cdf_fs,ebpf,2,4958,5.23
cdf_fs,ebpf,2,4959,3.61
cdf_fs,ebpf,2,4960,4.19
cdf_fs,ebpf,2,4961,3.48
cdf_fs,ebpf,2,4962,4.49
cdf_fs,ebpf,2,4963,5.06
cdf_fs,ebpf,2,4964,3.5
cdf_fs,ebpf,2,4965,3.71
cdf_fs,ebpf,2,4966,4.75
cdf_fs,ebpf,2,4967,6.0
cdf_fs,ebpf,2,4968,3.74
cdf_fs,ebpf,2,4969,3.71
cdf_fs,ebpf,2,4970,4.47
cdf_fs,ebpf,2,4971,5.15
cdf_fs,ebpf,2,4972,3.71
cdf_fs,ebpf,2,4973,3.62
cdf_fs,ebpf,2,4974,4.46
cdf_fs,ebpf,2,4975,5.03
cdf_fs,ebpf,2,4976,3.65
cdf_fs,ebpf,2,4977,3.6
cdf_fs,ebpf,2,4978,3.8
cdf_fs,ebpf,2,4979,4.6
cdf_fs,ebpf,2,4980,5.0
cdf_fs,ebpf,2,4981,3.79
cdf_fs,ebpf,2,4982,4.5
cdf_fs,ebpf,2,4983,5.36
cdf_fs,ebpf,2,4984,4.07
cdf_fs,ebpf,2,4985,4.94
cdf_fs,ebpf,2,4986,4.97
cdf_fs,ebpf,2,4987,3.68
cdf_fs,ebpf,2,4988,3.94
cdf_fs,ebpf,2,4989,4.54
cdf_fs,ebpf,2,4990,4.91
cdf_fs,ebpf,2,4991,4.27
cdf_fs,ebpf,2,4992,3.63
cdf_fs,ebpf,2,4993,4.99
cdf_fs,ebpf,2,4994,3.81
cdf_fs,ebpf,2,4995,4.55
cdf_fs,ebpf,2,4996,5.08
cdf_fs,ebpf,2,4997,3.75
cdf_fs,ebpf,2,4998,4.57
cdf_fs,ebpf,2,4999,4.89
