exp,cond,trial,i,latency_us
cdf_db,off,0,0,205.32
cdf_db,off,0,1,222.67
cdf_db,off,0,2,215.9
cdf_db,off,0,3,211.41
cdf_db,off,0,4,209.6
cdf_db,off,0,5,219.32
cdf_db,off,0,6,209.98
cdf_db,off,0,7,233.8
cdf_db,off,0,8,218.31
cdf_db,off,0,9,222.47
cdf_db,off,0,10,209.82
cdf_db,off,0,11,215.94
cdf_db,off,0,12,204.62
cdf_db,off,0,13,212.52
cdf_db,off,0,14,206.92
cdf_db,off,0,15,259.21
cdf_db,off,0,16,210.05
cdf_db,off,0,17,200.23
cdf_db,off,0,18,210.75
cdf_db,off,0,19,205.33
cdf_db,off,0,20,212.01
cdf_db,off,0,21,201.33
cdf_db,off,0,22,210.12
cdf_db,off,0,23,215.46
cdf_db,off,0,24,199.7
cdf_db,off,0,25,322.55
cdf_db,off,0,26,212.63
cdf_db,off,0,27,216.77
cdf_db,off,0,28,215.97
cdf_db,off,0,29,202.41
cdf_db,off,0,30,222.65
cdf_db,off,0,31,210.5
cdf_db,off,0,32,216.44
cdf_db,off,0,33,199.241
cdf_db,off,0,34,205.18
cdf_db,off,0,35,203.26
cdf_db,off,0,36,206.62
cdf_db,off,0,37,212.17
cdf_db,off,0,38,208.1
cdf_db,off,0,39,199.38
cdf_db,off,0,40,201.26
cdf_db,off,0,41,217.53
cdf_db,off,0,42,216.51
cdf_db,off,0,43,207.94
cdf_db,off,0,44,202.66
cdf_db,off,0,45,199.31
cdf_db,off,0,46,214.84
cdf_db,off,0,47,202.98
cdf_db,off,0,48,199.32
cdf_db,off,0,49,204.15
cdf_db,off,0,50,213.27
cdf_db,off,0,51,223.42
cdf_db,off,0,52,210.79
cdf_db,off,0,53,200.62
cdf_db,off,0,54,201.95
cdf_db,off,0,55,208.79
cdf_db,off,0,56,210.84
cdf_db,off,0,57,206.85
cdf_db,off,0,58,209.591
cdf_db,off,0,59,206.409
cdf_db,off,0,60,206.871
cdf_db,off,0,61,211.02
cdf_db,off,0,62,200.631
cdf_db,off,0,63,206.85
cdf_db,off,0,64,207.33
cdf_db,off,0,65,205.78
cdf_db,off,0,66,202.07
cdf_db,off,0,67,208.4
cdf_db,off,0,68,268.63
cdf_db,off,0,69,218.99
cdf_db,off,0,70,223.15
cdf_db,off,0,71,212.07
cdf_db,off,0,72,217.83
cdf_db,off,0,73,212.65
cdf_db,off,0,74,214.13
cdf_db,off,0,75,207.87
cdf_db,off,0,76,197.41
cdf_db,off,0,77,204.68
cdf_db,off,0,78,212.41
cdf_db,off,0,79,203.92
cdf_db,off,0,80,213.03
cdf_db,off,0,81,203.58
cdf_db,off,0,82,203.931
cdf_db,off,0,83,232.62
cdf_db,off,0,84,224.89
cdf_db,off,0,85,200.49
cdf_db,off,0,86,203.34
cdf_db,off,0,87,213.44
cdf_db,off,0,88,202.19
cdf_db,off,0,89,215.67
cdf_db,off,0,90,205.61
cdf_db,off,0,91,214.28
cdf_db,off,0,92,201.78
cdf_db,off,0,93,220.2
cdf_db,off,0,94,208.34
cdf_db,off,0,95,208.55
cdf_db,off,0,96,212.19
cdf_db,off,0,97,207.13
cdf_db,off,0,98,207.39
cdf_db,off,0,99,211.32
cdf_db,off,0,100,208.73
cdf_db,off,0,101,213.84
cdf_db,off,0,102,215.921
cdf_db,off,0,103,223.8
cdf_db,off,0,104,209.671
cdf_db,off,0,105,203.451
cdf_db,off,0,106,205.58
cdf_db,off,0,107,201.83
cdf_db,off,0,108,217.46
cdf_db,off,0,109,200.25
cdf_db,off,0,110,203.98
cdf_db,off,0,111,274.72
cdf_db,off,0,112,288.04
cdf_db,off,0,113,222.49
cdf_db,off,0,114,227.22
cdf_db,off,0,115,211.05
cdf_db,off,0,116,213.78
cdf_db,off,0,117,199.67
cdf_db,off,0,118,211.25
cdf_db,off,0,119,212.62
cdf_db,off,0,120,207.46
cdf_db,off,0,121,224.68
cdf_db,off,0,122,218.88
cdf_db,off,0,123,213.26
cdf_db,off,0,124,215.42
cdf_db,off,0,125,220.511
cdf_db,off,0,126,219.109
cdf_db,off,0,127,206.431
cdf_db,off,0,128,217.22
cdf_db,off,0,129,216.23
cdf_db,off,0,130,212.02
cdf_db,off,0,131,210.96
cdf_db,off,0,132,203.67
cdf_db,off,0,133,199.24
cdf_db,off,0,134,207.05
cdf_db,off,0,135,422.54
cdf_db,off,0,136,211.34
cdf_db,off,0,137,202.28
cdf_db,off,0,138,199.38
cdf_db,off,0,139,213.69
cdf_db,off,0,140,218.7
cdf_db,off,0,141,196.96
cdf_db,off,0,142,203.91
cdf_db,off,0,143,210.93
cdf_db,off,0,144,212.18
cdf_db,off,0,145,202.76
cdf_db,off,0,146,204.84
cdf_db,off,0,147,208.369
cdf_db,off,0,148,209.29
cdf_db,off,0,149,212.87
cdf_db,off,0,150,214.66
cdf_db,off,0,151,221.52
cdf_db,off,0,152,205.84
cdf_db,off,0,153,211.38
cdf_db,off,0,154,215.62
cdf_db,off,0,155,196.61
cdf_db,off,0,156,198.49
cdf_db,off,0,157,197.18
cdf_db,off,0,158,205.32
cdf_db,off,0,159,199.26
cdf_db,off,0,160,199.48
cdf_db,off,0,161,198.6
cdf_db,off,0,162,209.41
cdf_db,off,0,163,200.15
cdf_db,off,0,164,206.97
cdf_db,off,0,165,209.92
cdf_db,off,0,166,211.83
cdf_db,off,0,167,202.86
cdf_db,off,0,168,222.74
cdf_db,off,0,169,209.39
cdf_db,off,0,170,217.47
cdf_db,off,0,171,209.75
cdf_db,off,0,172,210.791
cdf_db,off,0,173,227.3
cdf_db,off,0,174,199.58
cdf_db,off,0,175,198.84
cdf_db,off,0,176,208.41
cdf_db,off,0,177,240.21
cdf_db,off,0,178,201.58
cdf_db,off,0,179,215.5
cdf_db,off,0,180,201.18
cdf_db,off,0,181,200.15
cdf_db,off,0,182,205.3
cdf_db,off,0,183,206.0
cdf_db,off,0,184,206.61
cdf_db,off,0,185,211.66
cdf_db,off,0,186,196.59
cdf_db,off,0,187,209.23
cdf_db,off,0,188,203.97
cdf_db,off,0,189,199.36
cdf_db,off,0,190,203.11
cdf_db,off,0,191,193.73
cdf_db,off,0,192,222.36
cdf_db,off,0,193,200.54
cdf_db,off,0,194,200.97
cdf_db,off,0,195,202.369
cdf_db,off,0,196,204.589
cdf_db,off,0,197,208.58
cdf_db,off,0,198,197.07
cdf_db,off,0,199,211.08
cdf_db,off,0,200,199.42
cdf_db,off,0,201,205.86
cdf_db,off,0,202,217.24
cdf_db,off,0,203,196.35
cdf_db,off,0,204,198.3
cdf_db,off,0,205,203.73
cdf_db,off,0,206,213.58
cdf_db,off,0,207,221.43
cdf_db,off,0,208,240.71
cdf_db,off,0,209,195.37
cdf_db,off,0,210,209.18
cdf_db,off,0,211,211.9
cdf_db,off,0,212,314.74
cdf_db,off,0,213,205.58
cdf_db,off,0,214,1512.261
cdf_db,off,0,215,650.33
cdf_db,off,0,216,424.55
cdf_db,off,0,217,221.49
cdf_db,off,0,218,257.18
cdf_db,off,0,219,287.65
cdf_db,off,0,220,210.74
cdf_db,off,0,221,224.28
cdf_db,off,0,222,216.96
cdf_db,off,0,223,202.95
cdf_db,off,0,224,211.99
cdf_db,off,0,225,221.44
cdf_db,off,0,226,205.12
cdf_db,off,0,227,203.73
cdf_db,off,0,228,212.581
cdf_db,off,0,229,221.051
cdf_db,off,0,230,203.071
cdf_db,off,0,231,210.711
cdf_db,off,0,232,208.14
cdf_db,off,0,233,203.56
cdf_db,off,0,234,379.5
cdf_db,off,0,235,339.36
cdf_db,off,0,236,259.67
cdf_db,off,0,237,238.7
cdf_db,off,0,238,259.43
cdf_db,off,0,239,215.85
cdf_db,off,0,240,226.53
cdf_db,off,0,241,216.79
cdf_db,off,0,242,213.2
cdf_db,off,0,243,205.14
cdf_db,off,0,244,211.64
cdf_db,off,0,245,215.23
cdf_db,off,0,246,235.74
cdf_db,off,0,247,239.07
cdf_db,off,0,248,210.29
cdf_db,off,0,249,205.131
cdf_db,off,0,250,209.049
cdf_db,off,0,251,204.86
cdf_db,off,0,252,202.34
cdf_db,off,0,253,199.31
cdf_db,off,0,254,196.29
cdf_db,off,0,255,202.43
cdf_db,off,0,256,211.77
cdf_db,off,0,257,254.95
cdf_db,off,0,258,200.13
cdf_db,off,0,259,209.6
cdf_db,off,0,260,225.6
cdf_db,off,0,261,201.63
cdf_db,off,0,262,203.89
cdf_db,off,0,263,205.79
cdf_db,off,0,264,200.61
cdf_db,off,0,265,218.43
cdf_db,off,0,266,200.26
cdf_db,off,0,267,210.23
cdf_db,off,0,268,196.59
cdf_db,off,0,269,203.26
cdf_db,off,0,270,209.95
cdf_db,off,0,271,203.71
cdf_db,off,0,272,210.6
cdf_db,off,0,273,200.2
cdf_db,off,0,274,204.95
cdf_db,off,0,275,203.049
cdf_db,off,0,276,201.811
cdf_db,off,0,277,203.291
cdf_db,off,0,278,201.35
cdf_db,off,0,279,218.56
cdf_db,off,0,280,284.89
cdf_db,off,0,281,200.96
cdf_db,off,0,282,210.39
cdf_db,off,0,283,248.05
cdf_db,off,0,284,226.62
cdf_db,off,0,285,203.02
cdf_db,off,0,286,207.45
cdf_db,off,0,287,200.24
cdf_db,off,0,288,209.16
cdf_db,off,0,289,210.18
cdf_db,off,0,290,199.68
cdf_db,off,0,291,210.59
cdf_db,off,0,292,205.71
cdf_db,off,0,293,210.17
cdf_db,off,0,294,200.73
cdf_db,off,0,295,206.73
cdf_db,off,0,296,227.84
cdf_db,off,0,297,210.609
cdf_db,off,0,298,227.68
cdf_db,off,0,299,209.451
cdf_db,off,0,300,204.84
cdf_db,off,0,301,200.85
cdf_db,off,0,302,230.51
cdf_db,off,0,303,201.02
cdf_db,off,0,304,209.46
cdf_db,off,0,305,259.17
cdf_db,off,0,306,262.99
cdf_db,off,0,307,212.08
cdf_db,off,0,308,200.27
cdf_db,off,0,309,215.42
cdf_db,off,0,310,202.63
cdf_db,off,0,311,213.12
cdf_db,off,0,312,203.18
cdf_db,off,0,313,206.55
cdf_db,off,0,314,200.93
cdf_db,off,0,315,198.26
cdf_db,off,0,316,209.67
cdf_db,off,0,317,201.15
cdf_db,off,0,318,198.92
cdf_db,off,0,319,197.3
cdf_db,off,0,320,196.48
cdf_db,off,0,321,208.349
cdf_db,off,0,322,208.12
cdf_db,off,0,323,211.3
cdf_db,off,0,324,203.15
cdf_db,off,0,325,200.36
cdf_db,off,0,326,209.74
cdf_db,off,0,327,203.83
cdf_db,off,0,328,221.81
cdf_db,off,0,329,211.8
cdf_db,off,0,330,207.52
cdf_db,off,0,331,220.81
cdf_db,off,0,332,201.55
cdf_db,off,0,333,202.37
cdf_db,off,0,334,198.26
cdf_db,off,0,335,213.57
cdf_db,off,0,336,210.09
cdf_db,off,0,337,209.44
cdf_db,off,0,338,200.78
cdf_db,off,0,339,197.0
cdf_db,off,0,340,207.041
cdf_db,off,0,341,205.28
cdf_db,off,0,342,199.131
cdf_db,off,0,343,199.511
cdf_db,off,0,344,205.469
cdf_db,off,0,345,201.311
cdf_db,off,0,346,208.12
cdf_db,off,0,347,210.25
cdf_db,off,0,348,214.2
cdf_db,off,0,349,202.95
cdf_db,off,0,350,217.2
cdf_db,off,0,351,220.68
cdf_db,off,0,352,202.05
cdf_db,off,0,353,198.31
cdf_db,off,0,354,199.66
cdf_db,off,0,355,203.54
cdf_db,off,0,356,239.08
cdf_db,off,0,357,202.18
cdf_db,off,0,358,212.84
cdf_db,off,0,359,199.35
cdf_db,off,0,360,218.95
cdf_db,off,0,361,210.82
cdf_db,off,0,362,202.89
cdf_db,off,0,363,200.99
cdf_db,off,0,364,214.38
cdf_db,off,0,365,208.46
cdf_db,off,0,366,209.66
cdf_db,off,0,367,201.32
cdf_db,off,0,368,197.421
cdf_db,off,0,369,204.93
cdf_db,off,0,370,209.15
cdf_db,off,0,371,210.66
cdf_db,off,0,372,206.87
cdf_db,off,0,373,204.37
cdf_db,off,0,374,202.58
cdf_db,off,0,375,210.29
cdf_db,off,0,376,202.63
cdf_db,off,0,377,199.08
cdf_db,off,0,378,200.54
cdf_db,off,0,379,209.88
cdf_db,off,0,380,205.4
cdf_db,off,0,381,209.34
cdf_db,off,0,382,197.89
cdf_db,off,0,383,211.43
cdf_db,off,0,384,223.62
cdf_db,off,0,385,391.85
cdf_db,off,0,386,160.38
cdf_db,off,0,387,140.15
cdf_db,off,0,388,142.74
cdf_db,off,0,389,195.8
cdf_db,off,0,390,140.32
cdf_db,off,0,391,137.631
cdf_db,off,0,392,150.791
cdf_db,off,0,393,135.591
cdf_db,off,0,394,164.54
cdf_db,off,0,395,134.73
cdf_db,off,0,396,180.41
cdf_db,off,0,397,145.87
cdf_db,off,0,398,134.28
cdf_db,off,0,399,160.45
cdf_db,off,0,400,159.92
cdf_db,off,0,401,136.94
cdf_db,off,0,402,204.87
cdf_db,off,0,403,149.69
cdf_db,off,0,404,137.63
cdf_db,off,0,405,133.55
cdf_db,off,0,406,133.21
cdf_db,off,0,407,130.93
cdf_db,off,0,408,134.6
cdf_db,off,0,409,203.31
cdf_db,off,0,410,131.84
cdf_db,off,0,411,139.65
cdf_db,off,0,412,142.14
cdf_db,off,0,413,141.84
cdf_db,off,0,414,133.57
cdf_db,off,0,415,149.8
cdf_db,off,0,416,189.04
cdf_db,off,0,417,131.75
cdf_db,off,0,418,142.4
cdf_db,off,0,419,140.79
cdf_db,off,0,420,135.81
cdf_db,off,0,421,139.78
cdf_db,off,0,422,213.851
cdf_db,off,0,423,131.56
cdf_db,off,0,424,132.3
cdf_db,off,0,425,141.61
cdf_db,off,0,426,129.72
cdf_db,off,0,427,136.37
cdf_db,off,0,428,129.79
cdf_db,off,0,429,183.8
cdf_db,off,0,430,134.57
cdf_db,off,0,431,131.76
cdf_db,off,0,432,129.54
cdf_db,off,0,433,133.55
cdf_db,off,0,434,130.05
cdf_db,off,0,435,142.66
cdf_db,off,0,436,186.3
cdf_db,off,0,437,131.52
cdf_db,off,0,438,139.26
cdf_db,off,0,439,131.9
cdf_db,off,0,440,130.98
cdf_db,off,0,441,132.24
cdf_db,off,0,442,146.25
cdf_db,off,0,443,202.87
cdf_db,off,0,444,143.34
cdf_db,off,0,445,133.25
cdf_db,off,0,446,136.24
cdf_db,off,0,447,130.89
cdf_db,off,0,448,142.62
cdf_db,off,0,449,139.59
cdf_db,off,0,450,196.71
cdf_db,off,0,451,135.22
cdf_db,off,0,452,131.44
cdf_db,off,0,453,129.081
cdf_db,off,0,454,132.66
cdf_db,off,0,455,132.1
cdf_db,off,0,456,140.26
cdf_db,off,0,457,192.491
cdf_db,off,0,458,132.209
cdf_db,off,0,459,132.409
cdf_db,off,0,460,131.38
cdf_db,off,0,461,129.93
cdf_db,off,0,462,137.36
cdf_db,off,0,463,169.87
cdf_db,off,0,464,181.77
cdf_db,off,0,465,131.28
cdf_db,off,0,466,136.03
cdf_db,off,0,467,129.41
cdf_db,off,0,468,129.79
cdf_db,off,0,469,132.06
cdf_db,off,0,470,132.24
cdf_db,off,0,471,201.73
cdf_db,off,0,472,142.61
cdf_db,off,0,473,142.61
cdf_db,off,0,474,140.12
cdf_db,off,0,475,146.44
cdf_db,off,0,476,135.44
cdf_db,off,0,477,155.09
cdf_db,off,0,478,195.08
cdf_db,off,0,479,133.62
cdf_db,off,0,480,136.02
cdf_db,off,0,481,132.23
cdf_db,off,0,482,134.62
cdf_db,off,0,483,166.17
cdf_db,off,0,484,193.621
cdf_db,off,0,485,140.64
cdf_db,off,0,486,138.6
cdf_db,off,0,487,138.869
cdf_db,off,0,488,145.351
cdf_db,off,0,489,135.349
cdf_db,off,0,490,132.769
cdf_db,off,0,491,200.751
cdf_db,off,0,492,136.53
cdf_db,off,0,493,176.07
cdf_db,off,0,494,132.41
cdf_db,off,0,495,132.31
cdf_db,off,0,496,137.09
cdf_db,off,0,497,137.47
cdf_db,off,0,498,208.16
cdf_db,off,0,499,146.2
cdf_db,off,0,500,141.77
cdf_db,off,0,501,177.82
cdf_db,off,0,502,144.33
cdf_db,off,0,503,132.35
cdf_db,off,0,504,194.81
cdf_db,off,0,505,132.38
cdf_db,off,0,506,130.22
cdf_db,off,0,507,139.56
cdf_db,off,0,508,130.17
cdf_db,off,0,509,139.41
cdf_db,off,0,510,147.8
cdf_db,off,0,511,189.03
cdf_db,off,0,512,132.88
cdf_db,off,0,513,133.63
cdf_db,off,0,514,135.4
cdf_db,off,0,515,140.01
cdf_db,off,0,516,134.19
cdf_db,off,0,517,138.3
cdf_db,off,0,518,185.62
cdf_db,off,0,519,131.77
cdf_db,off,0,520,129.84
cdf_db,off,0,521,130.52
cdf_db,off,0,522,140.229
cdf_db,off,0,523,128.649
cdf_db,off,0,524,134.961
cdf_db,off,0,525,182.16
cdf_db,off,0,526,138.59
cdf_db,off,0,527,130.81
cdf_db,off,0,528,140.15
cdf_db,off,0,529,134.78
cdf_db,off,0,530,132.9
cdf_db,off,0,531,133.93
cdf_db,off,0,532,186.51
cdf_db,off,0,533,130.63
cdf_db,off,0,534,128.07
cdf_db,off,0,535,128.86
cdf_db,off,0,536,130.23
cdf_db,off,0,537,127.7
cdf_db,off,0,538,131.3
cdf_db,off,0,539,189.02
cdf_db,off,0,540,130.94
cdf_db,off,0,541,129.96
cdf_db,off,0,542,132.41
cdf_db,off,0,543,143.05
cdf_db,off,0,544,130.42
cdf_db,off,0,545,131.2
cdf_db,off,0,546,200.31
cdf_db,off,0,547,133.08
cdf_db,off,0,548,134.13
cdf_db,off,0,549,136.64
cdf_db,off,0,550,165.09
cdf_db,off,0,551,137.94
cdf_db,off,0,552,146.14
cdf_db,off,0,553,208.17
cdf_db,off,0,554,142.02
cdf_db,off,0,555,139.091
cdf_db,off,0,556,138.329
cdf_db,off,0,557,140.85
cdf_db,off,0,558,135.58
cdf_db,off,0,559,148.81
cdf_db,off,0,560,191.37
cdf_db,off,0,561,148.69
cdf_db,off,0,562,136.19
cdf_db,off,0,563,132.33
cdf_db,off,0,564,145.32
cdf_db,off,0,565,132.56
cdf_db,off,0,566,197.13
cdf_db,off,0,567,138.14
cdf_db,off,0,568,142.39
cdf_db,off,0,569,133.43
cdf_db,off,0,570,141.44
cdf_db,off,0,571,146.36
cdf_db,off,0,572,140.38
cdf_db,off,0,573,182.87
cdf_db,off,0,574,132.26
cdf_db,off,0,575,131.61
cdf_db,off,0,576,139.45
cdf_db,off,0,577,132.49
cdf_db,off,0,578,130.89
cdf_db,off,0,579,129.4
cdf_db,off,0,580,184.79
cdf_db,off,0,581,130.16
cdf_db,off,0,582,137.8
cdf_db,off,0,583,138.84
cdf_db,off,0,584,132.79
cdf_db,off,0,585,129.34
cdf_db,off,0,586,132.46
cdf_db,off,0,587,184.921
cdf_db,off,0,588,129.44
cdf_db,off,0,589,143.011
cdf_db,off,0,590,131.311
cdf_db,off,0,591,128.111
cdf_db,off,0,592,130.57
cdf_db,off,0,593,132.35
cdf_db,off,0,594,188.4
cdf_db,off,0,595,137.85
cdf_db,off,0,596,131.61
cdf_db,off,0,597,129.54
cdf_db,off,0,598,142.49
cdf_db,off,0,599,143.38
cdf_db,off,0,600,127.89
cdf_db,off,0,601,194.69
cdf_db,off,0,602,158.99
cdf_db,off,0,603,129.77
cdf_db,off,0,604,134.45
cdf_db,off,0,605,131.09
cdf_db,off,0,606,143.87
cdf_db,off,0,607,133.25
cdf_db,off,0,608,182.55
cdf_db,off,0,609,133.95
cdf_db,off,0,610,131.66
cdf_db,off,0,611,132.53
cdf_db,off,0,612,136.3
cdf_db,off,0,613,134.45
cdf_db,off,0,614,130.9
cdf_db,off,0,615,188.2
cdf_db,off,0,616,133.26
cdf_db,off,0,617,130.3
cdf_db,off,0,618,132.51
cdf_db,off,0,619,233.61
cdf_db,off,0,620,130.31
cdf_db,off,0,621,203.7
cdf_db,off,0,622,135.469
cdf_db,off,0,623,139.24
cdf_db,off,0,624,130.34
cdf_db,off,0,625,153.04
cdf_db,off,0,626,137.8
cdf_db,off,0,627,135.641
cdf_db,off,0,628,195.68
cdf_db,off,0,629,141.88
cdf_db,off,0,630,136.3
cdf_db,off,0,631,165.93
cdf_db,off,0,632,137.97
cdf_db,off,0,633,134.76
cdf_db,off,0,634,144.96
cdf_db,off,0,635,205.77
cdf_db,off,0,636,134.78
cdf_db,off,0,637,134.16
cdf_db,off,0,638,132.78
cdf_db,off,0,639,129.04
cdf_db,off,0,640,138.04
cdf_db,off,0,641,131.64
cdf_db,off,0,642,186.91
cdf_db,off,0,643,141.76
cdf_db,off,0,644,133.04
cdf_db,off,0,645,133.72
cdf_db,off,0,646,141.15
cdf_db,off,0,647,133.19
cdf_db,off,0,648,152.27
cdf_db,off,0,649,177.02
cdf_db,off,0,650,132.51
cdf_db,off,0,651,132.821
cdf_db,off,0,652,131.94
cdf_db,off,0,653,154.011
cdf_db,off,0,654,131.929
cdf_db,off,0,655,188.16
cdf_db,off,0,656,130.9
cdf_db,off,0,657,130.1
cdf_db,off,0,658,135.8
cdf_db,off,0,659,129.591
cdf_db,off,0,660,130.74
cdf_db,off,0,661,133.33
cdf_db,off,0,662,132.18
cdf_db,off,0,663,175.7
cdf_db,off,0,664,156.99
cdf_db,off,0,665,139.31
cdf_db,off,0,666,132.72
cdf_db,off,0,667,129.73
cdf_db,off,0,668,134.2
cdf_db,off,0,669,217.86
cdf_db,off,0,670,133.63
cdf_db,off,0,671,131.63
cdf_db,off,0,672,175.52
cdf_db,off,0,673,131.15
cdf_db,off,0,674,130.56
cdf_db,off,0,675,132.82
cdf_db,off,0,676,188.64
cdf_db,off,0,677,130.06
cdf_db,off,0,678,130.73
cdf_db,off,0,679,130.68
cdf_db,off,0,680,129.12
cdf_db,off,0,681,129.35
cdf_db,off,0,682,130.54
cdf_db,off,0,683,183.37
cdf_db,off,0,684,129.76
cdf_db,off,0,685,133.21
cdf_db,off,0,686,131.36
cdf_db,off,0,687,129.931
cdf_db,off,0,688,128.929
cdf_db,off,0,689,132.889
cdf_db,off,0,690,140.949
cdf_db,off,0,691,181.48
cdf_db,off,0,692,143.81
cdf_db,off,0,693,146.24
cdf_db,off,0,694,130.63
cdf_db,off,0,695,133.58
cdf_db,off,0,696,133.85
cdf_db,off,0,697,197.97
cdf_db,off,0,698,131.97
cdf_db,off,0,699,133.26
cdf_db,off,0,700,128.68
cdf_db,off,0,701,129.87
cdf_db,off,0,702,130.64
cdf_db,off,0,703,132.91
cdf_db,off,0,704,184.96
cdf_db,off,0,705,137.01
cdf_db,off,0,706,132.24
cdf_db,off,0,707,128.83
cdf_db,off,0,708,129.49
cdf_db,off,0,709,131.09
cdf_db,off,0,710,132.6
cdf_db,off,0,711,133.19
cdf_db,off,0,712,178.62
cdf_db,off,0,713,131.3
cdf_db,off,0,714,128.74
cdf_db,off,0,715,786.07
cdf_db,off,0,716,284.31
cdf_db,off,0,717,167.0
cdf_db,off,0,718,163.74
cdf_db,off,0,719,165.77
cdf_db,off,0,720,184.83
cdf_db,off,0,721,168.37
cdf_db,off,0,722,139.87
cdf_db,off,0,723,137.64
cdf_db,off,0,724,135.42
cdf_db,off,0,725,139.04
cdf_db,off,0,726,194.33
cdf_db,off,0,727,138.86
cdf_db,off,0,728,134.38
cdf_db,off,0,729,134.32
cdf_db,off,0,730,135.27
cdf_db,off,0,731,133.56
cdf_db,off,0,732,136.61
cdf_db,off,0,733,192.0
cdf_db,off,0,734,142.75
cdf_db,off,0,735,134.09
cdf_db,off,0,736,138.07
cdf_db,off,0,737,139.13
cdf_db,off,0,738,146.63
cdf_db,off,0,739,143.27
cdf_db,off,0,740,189.16
cdf_db,off,0,741,137.38
cdf_db,off,0,742,142.22
cdf_db,off,0,743,132.72
cdf_db,off,0,744,137.17
cdf_db,off,0,745,131.64
cdf_db,off,0,746,138.42
cdf_db,off,0,747,180.15
cdf_db,off,0,748,133.35
cdf_db,off,0,749,133.89
cdf_db,off,0,750,136.71
cdf_db,off,0,751,131.58
cdf_db,off,0,752,132.971
cdf_db,off,0,753,141.869
cdf_db,off,0,754,204.331
cdf_db,off,0,755,147.441
cdf_db,off,0,756,141.26
cdf_db,off,0,757,147.16
cdf_db,off,0,758,137.68
cdf_db,off,0,759,137.7
cdf_db,off,0,760,190.3
cdf_db,off,0,761,135.54
cdf_db,off,0,762,132.22
cdf_db,off,0,763,136.02
cdf_db,off,0,764,137.16
cdf_db,off,0,765,165.18
cdf_db,off,0,766,138.46
cdf_db,off,0,767,209.54
cdf_db,off,0,768,141.23
cdf_db,off,0,769,138.62
cdf_db,off,0,770,135.64
cdf_db,off,0,771,135.79
cdf_db,off,0,772,136.66
cdf_db,off,0,773,141.22
cdf_db,off,0,774,181.52
cdf_db,off,0,775,150.16
cdf_db,off,0,776,147.15
cdf_db,off,0,777,137.97
cdf_db,off,0,778,136.1
cdf_db,off,0,779,133.65
cdf_db,off,0,780,156.38
cdf_db,off,0,781,180.38
cdf_db,off,0,782,139.149
cdf_db,off,0,783,133.589
cdf_db,off,0,784,161.34
cdf_db,off,0,785,134.431
cdf_db,off,0,786,131.46
cdf_db,off,0,787,193.71
cdf_db,off,0,788,140.07
cdf_db,off,0,789,133.62
cdf_db,off,0,790,131.6
cdf_db,off,0,791,132.63
cdf_db,off,0,792,132.33
cdf_db,off,0,793,132.02
cdf_db,off,0,794,185.71
cdf_db,off,0,795,137.77
cdf_db,off,0,796,133.37
cdf_db,off,0,797,133.41
cdf_db,off,0,798,133.43
cdf_db,off,0,799,133.23
cdf_db,off,0,800,135.37
cdf_db,off,0,801,186.23
cdf_db,off,0,802,133.33
cdf_db,off,0,803,132.37
cdf_db,off,0,804,134.42
cdf_db,off,0,805,135.95
cdf_db,off,0,806,131.75
cdf_db,off,0,807,133.46
cdf_db,off,0,808,187.3
cdf_db,off,0,809,132.97
cdf_db,off,0,810,134.58
cdf_db,off,0,811,133.88
cdf_db,off,0,812,134.87
cdf_db,off,0,813,130.81
cdf_db,off,0,814,133.361
cdf_db,off,0,815,224.809
cdf_db,off,0,816,133.32
cdf_db,off,0,817,132.891
cdf_db,off,0,818,140.069
cdf_db,off,0,819,131.28
cdf_db,off,0,820,130.791
cdf_db,off,0,821,152.53
cdf_db,off,0,822,185.32
cdf_db,off,0,823,142.19
cdf_db,off,0,824,132.61
cdf_db,off,0,825,134.74
cdf_db,off,0,826,135.91
cdf_db,off,0,827,140.2
cdf_db,off,0,828,139.99
cdf_db,off,0,829,191.97
cdf_db,off,0,830,136.41
cdf_db,off,0,831,161.91
cdf_db,off,0,832,142.43
cdf_db,off,0,833,136.55
cdf_db,off,0,834,133.62
cdf_db,off,0,835,133.68
cdf_db,off,0,836,175.85
cdf_db,off,0,837,131.52
cdf_db,off,0,838,156.06
cdf_db,off,0,839,175.49
cdf_db,off,0,840,135.18
cdf_db,off,0,841,131.22
cdf_db,off,0,842,219.31
cdf_db,off,0,843,177.95
cdf_db,off,0,844,173.24
cdf_db,off,0,845,147.18
cdf_db,off,0,846,131.81
cdf_db,off,0,847,134.0
cdf_db,off,0,848,185.891
cdf_db,off,0,849,135.34
cdf_db,off,0,850,353.971
cdf_db,off,0,851,159.93
cdf_db,off,0,852,136.39
cdf_db,off,0,853,220.04
cdf_db,off,0,854,134.25
cdf_db,off,0,855,138.0
cdf_db,off,0,856,149.02
cdf_db,off,0,857,136.92
cdf_db,off,0,858,141.66
cdf_db,off,0,859,135.39
cdf_db,off,0,860,193.05
cdf_db,off,0,861,136.68
cdf_db,off,0,862,133.54
cdf_db,off,0,863,134.31
cdf_db,off,0,864,133.63
cdf_db,off,0,865,141.19
cdf_db,off,0,866,146.39
cdf_db,off,0,867,186.27
cdf_db,off,0,868,146.26
cdf_db,off,0,869,135.43
cdf_db,off,0,870,133.23
cdf_db,off,0,871,132.95
cdf_db,off,0,872,133.24
cdf_db,off,0,873,138.5
cdf_db,off,0,874,184.42
cdf_db,off,0,875,132.63
cdf_db,off,0,876,130.76
cdf_db,off,0,877,132.36
cdf_db,off,0,878,132.331
cdf_db,off,0,879,131.131
cdf_db,off,0,880,146.701
cdf_db,off,0,881,200.43
cdf_db,off,0,882,141.13
cdf_db,off,0,883,144.14
cdf_db,off,0,884,147.33
cdf_db,off,0,885,135.26
cdf_db,off,0,886,133.88
cdf_db,off,0,887,164.25
cdf_db,off,0,888,177.67
cdf_db,off,0,889,147.61
cdf_db,off,0,890,138.07
cdf_db,off,0,891,145.01
cdf_db,off,0,892,135.51
cdf_db,off,0,893,159.2
cdf_db,off,0,894,197.08
cdf_db,off,0,895,138.16
cdf_db,off,0,896,138.65
cdf_db,off,0,897,140.51
cdf_db,off,0,898,151.69
cdf_db,off,0,899,137.98
cdf_db,off,0,900,153.54
cdf_db,off,0,901,183.64
cdf_db,off,0,902,142.41
cdf_db,off,0,903,144.17
cdf_db,off,0,904,136.31
cdf_db,off,0,905,136.78
cdf_db,off,0,906,135.37
cdf_db,off,0,907,195.31
cdf_db,off,0,908,143.26
cdf_db,off,0,909,133.77
cdf_db,off,0,910,137.29
cdf_db,off,0,911,145.56
cdf_db,off,0,912,146.641
cdf_db,off,0,913,138.651
cdf_db,off,0,914,205.02
cdf_db,off,0,915,138.3
cdf_db,off,0,916,139.891
cdf_db,off,0,917,134.58
cdf_db,off,0,918,131.87
cdf_db,off,0,919,134.35
cdf_db,off,0,920,139.88
cdf_db,off,0,921,185.04
cdf_db,off,0,922,130.53
cdf_db,off,0,923,133.65
cdf_db,off,0,924,131.1
cdf_db,off,0,925,136.1
cdf_db,off,0,926,132.66
cdf_db,off,0,927,129.85
cdf_db,off,0,928,186.77
cdf_db,off,0,929,130.74
cdf_db,off,0,930,131.78
cdf_db,off,0,931,140.72
cdf_db,off,0,932,132.45
cdf_db,off,0,933,142.25
cdf_db,off,0,934,135.6
cdf_db,off,0,935,197.41
cdf_db,off,0,936,133.17
cdf_db,off,0,937,141.38
cdf_db,off,0,938,132.36
cdf_db,off,0,939,133.94
cdf_db,off,0,940,130.01
cdf_db,off,0,941,134.68
cdf_db,off,0,942,179.43
cdf_db,off,0,943,131.5
cdf_db,off,0,944,134.071
cdf_db,off,0,945,131.3
cdf_db,off,0,946,131.16
cdf_db,off,0,947,131.189
cdf_db,off,0,948,130.36
cdf_db,off,0,949,185.52
cdf_db,off,0,950,136.88
cdf_db,off,0,951,129.21
cdf_db,off,0,952,130.78
cdf_db,off,0,953,131.88
cdf_db,off,0,954,129.27
cdf_db,off,0,955,155.8
cdf_db,off,0,956,189.54
cdf_db,off,0,957,136.97
cdf_db,off,0,958,135.85
cdf_db,off,0,959,135.86
cdf_db,off,0,960,130.48
cdf_db,off,0,961,130.5
cdf_db,off,0,962,131.47
cdf_db,off,0,963,185.51
cdf_db,off,0,964,130.67
cdf_db,off,0,965,133.52
cdf_db,off,0,966,133.99
cdf_db,off,0,967,130.63
cdf_db,off,0,968,132.14
cdf_db,off,0,969,134.07
cdf_db,off,0,970,185.96
cdf_db,off,0,971,133.75
cdf_db,off,0,972,131.18
cdf_db,off,0,973,132.79
cdf_db,off,0,974,132.89
cdf_db,off,0,975,129.75
cdf_db,off,0,976,130.45
cdf_db,off,0,977,188.23
cdf_db,off,0,978,131.629
cdf_db,off,0,979,130.251
cdf_db,off,0,980,132.511
cdf_db,off,0,981,133.369
cdf_db,off,0,982,135.929
cdf_db,off,0,983,134.151
cdf_db,off,0,984,152.48
cdf_db,off,0,985,193.31
cdf_db,off,0,986,158.5
cdf_db,off,0,987,135.76
cdf_db,off,0,988,136.13
cdf_db,off,0,989,131.35
cdf_db,off,0,990,132.67
cdf_db,off,0,991,187.54
cdf_db,off,0,992,131.78
cdf_db,off,0,993,131.81
cdf_db,off,0,994,132.46
cdf_db,off,0,995,132.22
cdf_db,off,0,996,130.28
cdf_db,off,0,997,131.89
cdf_db,off,0,998,184.92
cdf_db,off,0,999,133.15
cdf_db,off,0,1000,134.75
cdf_db,off,0,1001,133.12
cdf_db,off,0,1002,130.69
cdf_db,off,0,1003,134.81
cdf_db,off,0,1004,133.65
cdf_db,off,0,1005,185.03
cdf_db,off,0,1006,134.27
cdf_db,off,0,1007,134.01
cdf_db,off,0,1008,131.62
cdf_db,off,0,1009,131.52
cdf_db,off,0,1010,139.6
cdf_db,off,0,1011,134.221
cdf_db,off,0,1012,189.531
cdf_db,off,0,1013,134.1
cdf_db,off,0,1014,134.289
cdf_db,off,0,1015,134.611
cdf_db,off,0,1016,131.409
cdf_db,off,0,1017,132.78
cdf_db,off,0,1018,131.5
cdf_db,off,0,1019,140.5
cdf_db,off,0,1020,175.45
cdf_db,off,0,1021,132.04
cdf_db,off,0,1022,132.35
cdf_db,off,0,1023,155.95
cdf_db,off,0,1024,132.79
cdf_db,off,0,1025,134.67
cdf_db,off,0,1026,191.96
cdf_db,off,0,1027,135.43
cdf_db,off,0,1028,133.69
cdf_db,off,0,1029,131.04
cdf_db,off,0,1030,131.96
cdf_db,off,0,1031,135.47
cdf_db,off,0,1032,153.83
cdf_db,off,0,1033,200.53
cdf_db,off,0,1034,172.87
cdf_db,off,0,1035,213.89
cdf_db,off,0,1036,169.69
cdf_db,off,0,1037,202.72
cdf_db,off,0,1038,222.95
cdf_db,off,0,1039,206.0
cdf_db,off,0,1040,163.24
cdf_db,off,0,1041,207.121
cdf_db,off,0,1042,165.189
cdf_db,off,0,1043,233.189
cdf_db,off,0,1044,216.861
cdf_db,off,0,1045,199.56
cdf_db,off,0,1046,163.59
cdf_db,off,0,1047,203.18
cdf_db,off,0,1048,177.93
cdf_db,off,0,1049,274.7
cdf_db,off,0,1050,160.22
cdf_db,off,0,1051,195.97
cdf_db,off,0,1052,163.3
cdf_db,off,0,1053,201.09
cdf_db,off,0,1054,230.24
cdf_db,off,0,1055,196.76
cdf_db,off,0,1056,156.89
cdf_db,off,0,1057,224.55
cdf_db,off,0,1058,260.57
cdf_db,off,0,1059,197.74
cdf_db,off,0,1060,158.04
cdf_db,off,0,1061,212.29
cdf_db,off,0,1062,157.79
cdf_db,off,0,1063,271.89
cdf_db,off,0,1064,157.09
cdf_db,off,0,1065,215.56
cdf_db,off,0,1066,183.06
cdf_db,off,0,1067,221.14
cdf_db,off,0,1068,252.061
cdf_db,off,0,1069,197.74
cdf_db,off,0,1070,158.361
cdf_db,off,0,1071,193.09
cdf_db,off,0,1072,158.66
cdf_db,off,0,1073,252.61
cdf_db,off,0,1074,155.95
cdf_db,off,0,1075,194.18
cdf_db,off,0,1076,154.14
cdf_db,off,0,1077,206.65
cdf_db,off,0,1078,159.91
cdf_db,off,0,1079,239.26
cdf_db,off,0,1080,162.69
cdf_db,off,0,1081,196.6
cdf_db,off,0,1082,156.83
cdf_db,off,0,1083,197.46
cdf_db,off,0,1084,202.73
cdf_db,off,0,1085,195.44
cdf_db,off,0,1086,154.84
cdf_db,off,0,1087,192.39
cdf_db,off,0,1088,155.8
cdf_db,off,0,1089,203.63
cdf_db,off,0,1090,201.72
cdf_db,off,0,1091,195.77
cdf_db,off,0,1092,177.501
cdf_db,off,0,1093,191.7
cdf_db,off,0,1094,162.049
cdf_db,off,0,1095,242.669
cdf_db,off,0,1096,155.07
cdf_db,off,0,1097,195.99
cdf_db,off,0,1098,156.84
cdf_db,off,0,1099,197.96
cdf_db,off,0,1100,202.58
cdf_db,off,0,1101,196.91
cdf_db,off,0,1102,154.85
cdf_db,off,0,1103,195.36
cdf_db,off,0,1104,159.9
cdf_db,off,0,1105,269.33
cdf_db,off,0,1106,156.52
cdf_db,off,0,1107,197.48
cdf_db,off,0,1108,156.73
cdf_db,off,0,1109,220.57
cdf_db,off,0,1110,214.95
cdf_db,off,0,1111,195.99
cdf_db,off,0,1112,152.14
cdf_db,off,0,1113,196.62
cdf_db,off,0,1114,163.03
cdf_db,off,0,1115,204.38
cdf_db,off,0,1116,207.611
cdf_db,off,0,1117,194.391
cdf_db,off,0,1118,155.66
cdf_db,off,0,1119,191.66
cdf_db,off,0,1120,153.7
cdf_db,off,0,1121,243.901
cdf_db,off,0,1122,188.66
cdf_db,off,0,1123,193.28
cdf_db,off,0,1124,152.93
cdf_db,off,0,1125,201.64
cdf_db,off,0,1126,231.71
cdf_db,off,0,1127,192.85
cdf_db,off,0,1128,153.33
cdf_db,off,0,1129,194.35
cdf_db,off,0,1130,169.38
cdf_db,off,0,1131,204.57
cdf_db,off,0,1132,247.1
cdf_db,off,0,1133,191.62
cdf_db,off,0,1134,160.84
cdf_db,off,0,1135,190.57
cdf_db,off,0,1136,161.33
cdf_db,off,0,1137,299.87
cdf_db,off,0,1138,163.33
cdf_db,off,0,1139,221.42
cdf_db,off,0,1140,157.04
cdf_db,off,0,1141,206.361
cdf_db,off,0,1142,213.94
cdf_db,off,0,1143,192.389
cdf_db,off,0,1144,154.271
cdf_db,off,0,1145,211.22
cdf_db,off,0,1146,171.951
cdf_db,off,0,1147,238.04
cdf_db,off,0,1148,153.82
cdf_db,off,0,1149,191.15
cdf_db,off,0,1150,187.72
cdf_db,off,0,1151,200.38
cdf_db,off,0,1152,199.31
cdf_db,off,0,1153,219.29
cdf_db,off,0,1154,159.36
cdf_db,off,0,1155,217.8
cdf_db,off,0,1156,164.9
cdf_db,off,0,1157,291.52
cdf_db,off,0,1158,184.48
cdf_db,off,0,1159,225.87
cdf_db,off,0,1160,182.89
cdf_db,off,0,1161,229.53
cdf_db,off,0,1162,249.46
cdf_db,off,0,1163,200.71
cdf_db,off,0,1164,155.58
cdf_db,off,0,1165,203.131
cdf_db,off,0,1166,224.94
cdf_db,off,0,1167,198.969
cdf_db,off,0,1168,154.629
cdf_db,off,0,1169,209.901
cdf_db,off,0,1170,157.66
cdf_db,off,0,1171,193.53
cdf_db,off,0,1172,199.57
cdf_db,off,0,1173,191.16
cdf_db,off,0,1174,154.4
cdf_db,off,0,1175,190.67
cdf_db,off,0,1176,155.67
cdf_db,off,0,1177,253.39
cdf_db,off,0,1178,155.44
cdf_db,off,0,1179,191.89
cdf_db,off,0,1180,154.04
cdf_db,off,0,1181,188.34
cdf_db,off,0,1182,216.86
cdf_db,off,0,1183,191.61
cdf_db,off,0,1184,153.51
cdf_db,off,0,1185,197.38
cdf_db,off,0,1186,189.58
cdf_db,off,0,1187,201.89
cdf_db,off,0,1188,204.8
cdf_db,off,0,1189,195.42
cdf_db,off,0,1190,158.38
cdf_db,off,0,1191,193.89
cdf_db,off,0,1192,159.78
cdf_db,off,0,1193,243.491
cdf_db,off,0,1194,163.031
cdf_db,off,0,1195,194.171
cdf_db,off,0,1196,156.001
cdf_db,off,0,1197,190.22
cdf_db,off,0,1198,219.06
cdf_db,off,0,1199,195.02
cdf_db,off,0,1200,158.78
cdf_db,off,0,1201,197.27
cdf_db,off,0,1202,164.94
cdf_db,off,0,1203,209.53
cdf_db,off,0,1204,248.52
cdf_db,off,0,1205,191.83
cdf_db,off,0,1206,154.9
cdf_db,off,0,1207,189.7
cdf_db,off,0,1208,161.23
cdf_db,off,0,1209,244.6
cdf_db,off,0,1210,163.93
cdf_db,off,0,1211,160.15
cdf_db,off,0,1212,145.87
cdf_db,off,0,1213,190.34
cdf_db,off,0,1214,205.18
cdf_db,off,0,1215,191.61
cdf_db,off,0,1216,153.12
cdf_db,off,0,1217,193.44
cdf_db,off,0,1218,177.4
cdf_db,off,0,1219,194.631
cdf_db,off,0,1220,195.829
cdf_db,off,0,1221,192.581
cdf_db,off,0,1222,155.34
cdf_db,off,0,1223,196.51
cdf_db,off,0,1224,154.76
cdf_db,off,0,1225,472.62
cdf_db,off,0,1226,353.36
cdf_db,off,0,1227,200.1
cdf_db,off,0,1228,226.84
cdf_db,off,0,1229,152.89
cdf_db,off,0,1230,182.28
cdf_db,off,0,1231,197.34
cdf_db,off,0,1232,158.19
cdf_db,off,0,1233,247.78
cdf_db,off,0,1234,163.16
cdf_db,off,0,1235,191.95
cdf_db,off,0,1236,176.95
cdf_db,off,0,1237,192.87
cdf_db,off,0,1238,165.46
cdf_db,off,0,1239,241.5
cdf_db,off,0,1240,155.41
cdf_db,off,0,1241,196.321
cdf_db,off,0,1242,197.06
cdf_db,off,0,1243,200.62
cdf_db,off,0,1244,205.011
cdf_db,off,0,1245,192.269
cdf_db,off,0,1246,184.169
cdf_db,off,0,1247,191.351
cdf_db,off,0,1248,161.87
cdf_db,off,0,1249,268.84
cdf_db,off,0,1250,157.81
cdf_db,off,0,1251,212.56
cdf_db,off,0,1252,155.62
cdf_db,off,0,1253,228.98
cdf_db,off,0,1254,257.99
cdf_db,off,0,1255,233.34
cdf_db,off,0,1256,154.41
cdf_db,off,0,1257,194.94
cdf_db,off,0,1258,163.0
cdf_db,off,0,1259,241.6
cdf_db,off,0,1260,156.43
cdf_db,off,0,1261,191.56
cdf_db,off,0,1262,173.75
cdf_db,off,0,1263,198.51
cdf_db,off,0,1264,205.44
cdf_db,off,0,1265,192.911
cdf_db,off,0,1266,157.86
cdf_db,off,0,1267,189.269
cdf_db,off,0,1268,156.06
cdf_db,off,0,1269,244.389
cdf_db,off,0,1270,159.28
cdf_db,off,0,1271,189.41
cdf_db,off,0,1272,154.32
cdf_db,off,0,1273,189.92
cdf_db,off,0,1274,161.19
cdf_db,off,0,1275,241.48
cdf_db,off,0,1276,167.57
cdf_db,off,0,1277,194.2
cdf_db,off,0,1278,154.32
cdf_db,off,0,1279,218.93
cdf_db,off,0,1280,470.33
cdf_db,off,0,1281,217.23
cdf_db,off,0,1282,158.41
cdf_db,off,0,1283,201.31
cdf_db,off,0,1284,211.95
cdf_db,off,0,1285,198.18
cdf_db,off,0,1286,160.56
cdf_db,off,0,1287,194.42
cdf_db,off,0,1288,164.98
cdf_db,off,0,1289,245.6
cdf_db,off,0,1290,157.83
cdf_db,off,0,1291,193.151
cdf_db,off,0,1292,156.209
cdf_db,off,0,1293,193.641
cdf_db,off,0,1294,210.18
cdf_db,off,0,1295,195.24
cdf_db,off,0,1296,155.29
cdf_db,off,0,1297,191.67
cdf_db,off,0,1298,177.85
cdf_db,off,0,1299,200.32
cdf_db,off,0,1300,202.34
cdf_db,off,0,1301,192.36
cdf_db,off,0,1302,155.7
cdf_db,off,0,1303,192.14
cdf_db,off,0,1304,160.96
cdf_db,off,0,1305,242.96
cdf_db,off,0,1306,154.29
cdf_db,off,0,1307,195.34
cdf_db,off,0,1308,160.81
cdf_db,off,0,1309,196.51
cdf_db,off,0,1310,211.26
cdf_db,off,0,1311,220.05
cdf_db,off,0,1312,156.58
cdf_db,off,0,1313,192.25
cdf_db,off,0,1314,154.0
cdf_db,off,0,1315,200.8
cdf_db,off,0,1316,195.801
cdf_db,off,0,1317,190.509
cdf_db,off,0,1318,159.009
cdf_db,off,0,1319,190.24
cdf_db,off,0,1320,159.71
cdf_db,off,0,1321,241.16
cdf_db,off,0,1322,176.54
cdf_db,off,0,1323,193.02
cdf_db,off,0,1324,152.93
cdf_db,off,0,1325,188.21
cdf_db,off,0,1326,207.66
cdf_db,off,0,1327,191.37
cdf_db,off,0,1328,158.4
cdf_db,off,0,1329,213.42
cdf_db,off,0,1330,155.54
cdf_db,off,0,1331,192.13
cdf_db,off,0,1332,201.32
cdf_db,off,0,1333,191.81
cdf_db,off,0,1334,154.72
cdf_db,off,0,1335,189.25
cdf_db,off,0,1336,153.32
cdf_db,off,0,1337,244.34
cdf_db,off,0,1338,156.86
cdf_db,off,0,1339,187.69
cdf_db,off,0,1340,178.36
cdf_db,off,0,1341,193.77
cdf_db,off,0,1342,208.65
cdf_db,off,0,1343,197.089
cdf_db,off,0,1344,154.36
cdf_db,off,0,1345,190.71
cdf_db,off,0,1346,157.69
cdf_db,off,0,1347,197.07
cdf_db,off,0,1348,203.82
cdf_db,off,0,1349,206.14
cdf_db,off,0,1350,152.36
cdf_db,off,0,1351,192.38
cdf_db,off,0,1352,153.44
cdf_db,off,0,1353,258.46
cdf_db,off,0,1354,156.04
cdf_db,off,0,1355,190.13
cdf_db,off,0,1356,155.25
cdf_db,off,0,1357,193.89
cdf_db,off,0,1358,218.36
cdf_db,off,0,1359,195.73
cdf_db,off,0,1360,156.04
cdf_db,off,0,1361,194.3
cdf_db,off,0,1362,159.48
cdf_db,off,0,1363,201.82
cdf_db,off,0,1364,211.11
cdf_db,off,0,1365,154.99
cdf_db,off,0,1366,216.17
cdf_db,off,0,1367,154.78
cdf_db,off,0,1368,201.471
cdf_db,off,0,1369,205.9
cdf_db,off,0,1370,195.309
cdf_db,off,0,1371,155.769
cdf_db,off,0,1372,189.64
cdf_db,off,0,1373,155.691
cdf_db,off,0,1374,248.991
cdf_db,off,0,1375,155.97
cdf_db,off,0,1376,192.8
cdf_db,off,0,1377,154.99
cdf_db,off,0,1378,189.23
cdf_db,off,0,1379,160.94
cdf_db,off,0,1380,245.55
cdf_db,off,0,1381,155.49
cdf_db,off,0,1382,192.55
cdf_db,off,0,1383,153.0
cdf_db,off,0,1384,189.3
cdf_db,off,0,1385,235.42
cdf_db,off,0,1386,190.21
cdf_db,off,0,1387,155.96
cdf_db,off,0,1388,192.2
cdf_db,off,0,1389,155.02
cdf_db,off,0,1390,200.64
cdf_db,off,0,1391,201.38
cdf_db,off,0,1392,199.061
cdf_db,off,0,1393,154.629
cdf_db,off,0,1394,192.48
cdf_db,off,0,1395,162.46
cdf_db,off,0,1396,249.04
cdf_db,off,0,1397,163.2
cdf_db,off,0,1398,192.501
cdf_db,off,0,1399,176.8
cdf_db,off,0,1400,191.16
cdf_db,off,0,1401,202.12
cdf_db,off,0,1402,196.94
cdf_db,off,0,1403,153.15
cdf_db,off,0,1404,192.01
cdf_db,off,0,1405,154.0
cdf_db,off,0,1406,200.64
cdf_db,off,0,1407,200.31
cdf_db,off,0,1408,194.46
cdf_db,off,0,1409,154.31
cdf_db,off,0,1410,211.83
cdf_db,off,0,1411,159.13
cdf_db,off,0,1412,241.19
cdf_db,off,0,1413,156.25
cdf_db,off,0,1414,188.24
cdf_db,off,0,1415,154.08
cdf_db,off,0,1416,191.99
cdf_db,off,0,1417,216.61
cdf_db,off,0,1418,213.67
cdf_db,off,0,1419,154.0
cdf_db,off,0,1420,195.71
cdf_db,off,0,1421,155.66
cdf_db,off,0,1422,213.821
cdf_db,off,0,1423,216.72
cdf_db,off,0,1424,218.59
cdf_db,off,0,1425,153.12
cdf_db,off,0,1426,192.81
cdf_db,off,0,1427,156.04
cdf_db,off,0,1428,256.65
cdf_db,off,0,1429,153.94
cdf_db,off,0,1430,191.61
cdf_db,off,0,1431,151.43
cdf_db,off,0,1432,221.83
cdf_db,off,0,1433,202.35
cdf_db,off,0,1434,194.77
cdf_db,off,0,1435,185.66
cdf_db,off,0,1436,217.49
cdf_db,off,0,1437,207.38
cdf_db,off,0,1438,239.02
cdf_db,off,0,1439,152.91
cdf_db,off,0,1440,190.66
cdf_db,off,0,1441,157.05
cdf_db,off,0,1442,199.04
cdf_db,off,0,1443,203.05
cdf_db,off,0,1444,194.34
cdf_db,off,0,1445,154.6
cdf_db,off,0,1446,194.011
cdf_db,off,0,1447,168.521
cdf_db,off,0,1448,248.38
cdf_db,off,0,1449,155.05
cdf_db,off,0,1450,194.23
cdf_db,off,0,1451,154.73
cdf_db,off,0,1452,192.89
cdf_db,off,0,1453,158.32
cdf_db,off,0,1454,236.51
cdf_db,off,0,1455,152.23
cdf_db,off,0,1456,192.44
cdf_db,off,0,1457,154.5
cdf_db,off,0,1458,188.04
cdf_db,off,0,1459,205.89
cdf_db,off,0,1460,192.38
cdf_db,off,0,1461,174.68
cdf_db,off,0,1462,189.58
cdf_db,off,0,1463,155.01
cdf_db,off,0,1464,194.6
cdf_db,off,0,1465,197.23
cdf_db,off,0,1466,191.19
cdf_db,off,0,1467,150.67
cdf_db,off,0,1468,186.62
cdf_db,off,0,1469,153.18
cdf_db,off,0,1470,246.6
cdf_db,off,0,1471,153.67
cdf_db,off,0,1472,189.629
cdf_db,off,0,1473,157.18
cdf_db,off,0,1474,193.28
cdf_db,off,0,1475,164.38
cdf_db,off,0,1476,237.98
cdf_db,off,0,1477,156.06
cdf_db,off,0,1478,196.05
cdf_db,off,0,1479,156.28
cdf_db,off,0,1480,220.91
cdf_db,off,0,1481,204.15
cdf_db,off,0,1482,195.11
cdf_db,off,0,1483,158.41
cdf_db,off,0,1484,192.13
cdf_db,off,0,1485,156.43
cdf_db,off,0,1486,257.53
cdf_db,off,0,1487,158.33
cdf_db,off,0,1488,192.77
cdf_db,off,0,1489,155.87
cdf_db,off,0,1490,194.23
cdf_db,off,0,1491,217.7
cdf_db,off,0,1492,197.51
cdf_db,off,0,1493,149.95
cdf_db,off,0,1494,190.65
cdf_db,off,0,1495,173.73
cdf_db,off,0,1496,205.89
cdf_db,off,0,1497,226.66
cdf_db,off,0,1498,193.74
cdf_db,off,0,1499,156.171
cdf_db,off,0,1500,192.4
cdf_db,off,0,1501,153.329
cdf_db,off,0,1502,246.721
cdf_db,off,0,1503,153.56
cdf_db,off,0,1504,194.67
cdf_db,off,0,1505,153.62
cdf_db,off,0,1506,222.32
cdf_db,off,0,1507,210.48
cdf_db,off,0,1508,195.69
cdf_db,off,0,1509,156.92
cdf_db,off,0,1510,190.91
cdf_db,off,0,1511,153.05
cdf_db,off,0,1512,192.1
cdf_db,off,0,1513,199.3
cdf_db,off,0,1514,191.91
cdf_db,off,0,1515,153.1
cdf_db,off,0,1516,187.89
cdf_db,off,0,1517,152.82
cdf_db,off,0,1518,248.06
cdf_db,off,0,1519,155.42
cdf_db,off,0,1520,199.82
cdf_db,off,0,1521,158.1
cdf_db,off,0,1522,189.771
cdf_db,off,0,1523,210.129
cdf_db,off,0,1524,194.409
cdf_db,off,0,1525,155.051
cdf_db,off,0,1526,188.62
cdf_db,off,0,1527,154.481
cdf_db,off,0,1528,197.47
cdf_db,off,0,1529,202.07
cdf_db,off,0,1530,192.19
cdf_db,off,0,1531,151.15
cdf_db,off,0,1532,190.55
cdf_db,off,0,1533,179.71
cdf_db,off,0,1534,253.75
cdf_db,off,0,1535,155.33
cdf_db,off,0,1536,196.9
cdf_db,off,0,1537,154.66
cdf_db,off,0,1538,192.72
cdf_db,off,0,1539,161.88
cdf_db,off,0,1540,246.41
cdf_db,off,0,1541,155.22
cdf_db,off,0,1542,146.91
cdf_db,off,0,1543,148.64
cdf_db,off,0,1544,190.32
cdf_db,off,0,1545,222.53
cdf_db,off,0,1546,196.27
cdf_db,off,0,1547,155.04
cdf_db,off,0,1548,188.48
cdf_db,off,0,1549,154.64
cdf_db,off,0,1550,190.149
cdf_db,off,0,1551,202.349
cdf_db,off,0,1552,194.161
cdf_db,off,0,1553,162.02
cdf_db,off,0,1554,218.66
cdf_db,off,0,1555,164.05
cdf_db,off,0,1556,242.47
cdf_db,off,0,1557,153.84
cdf_db,off,0,1558,191.86
cdf_db,off,0,1559,153.22
cdf_db,off,0,1560,190.32
cdf_db,off,0,1561,209.71
cdf_db,off,0,1562,195.17
cdf_db,off,0,1563,156.97
cdf_db,off,0,1564,190.46
cdf_db,off,0,1565,154.41
cdf_db,off,0,1566,210.13
cdf_db,off,0,1567,201.22
cdf_db,off,0,1568,209.26
cdf_db,off,0,1569,153.61
cdf_db,off,0,1570,213.6
cdf_db,off,0,1571,159.09
cdf_db,off,0,1572,261.99
cdf_db,off,0,1573,156.72
cdf_db,off,0,1574,190.871
cdf_db,off,0,1575,157.149
cdf_db,off,0,1576,191.3
cdf_db,off,0,1577,203.92
cdf_db,off,0,1578,193.59
cdf_db,off,0,1579,153.94
cdf_db,off,0,1580,196.78
cdf_db,off,0,1581,179.8
cdf_db,off,0,1582,244.88
cdf_db,off,0,1583,156.26
cdf_db,off,0,1584,192.22
cdf_db,off,0,1585,157.14
cdf_db,off,0,1586,192.55
cdf_db,off,0,1587,158.58
cdf_db,off,0,1588,234.94
cdf_db,off,0,1589,154.61
cdf_db,off,0,1590,213.31
cdf_db,off,0,1591,156.17
cdf_db,off,0,1592,200.36
cdf_db,off,0,1593,208.66
cdf_db,off,0,1594,192.23
cdf_db,off,0,1595,154.76
cdf_db,off,0,1596,192.5
cdf_db,off,0,1597,182.52
cdf_db,off,0,1598,212.77
cdf_db,off,0,1599,197.51
cdf_db,off,0,1600,160.16
cdf_db,off,0,1601,201.82
cdf_db,off,0,1602,187.861
cdf_db,off,0,1603,202.71
cdf_db,off,0,1604,207.68
cdf_db,off,0,1605,216.99
cdf_db,off,0,1606,155.68
cdf_db,off,0,1607,192.82
cdf_db,off,0,1608,207.28
cdf_db,off,0,1609,244.2
cdf_db,off,0,1610,179.64
cdf_db,off,0,1611,213.51
cdf_db,off,0,1612,201.09
cdf_db,off,0,1613,248.07
cdf_db,off,0,1614,156.85
cdf_db,off,0,1615,189.71
cdf_db,off,0,1616,156.17
cdf_db,off,0,1617,190.54
cdf_db,off,0,1618,161.71
cdf_db,off,0,1619,240.28
cdf_db,off,0,1620,161.93
cdf_db,off,0,1621,190.36
cdf_db,off,0,1622,157.44
cdf_db,off,0,1623,208.52
cdf_db,off,0,1624,209.2
cdf_db,off,0,1625,193.15
cdf_db,off,0,1626,152.48
cdf_db,off,0,1627,197.84
cdf_db,off,0,1628,155.089
cdf_db,off,0,1629,248.28
cdf_db,off,0,1630,154.551
cdf_db,off,0,1631,190.48
cdf_db,off,0,1632,176.24
cdf_db,off,0,1633,192.83
cdf_db,off,0,1634,158.6
cdf_db,off,0,1635,233.82
cdf_db,off,0,1636,187.56
cdf_db,off,0,1637,191.45
cdf_db,off,0,1638,152.7
cdf_db,off,0,1639,197.61
cdf_db,off,0,1640,200.46
cdf_db,off,0,1641,205.98
cdf_db,off,0,1642,153.4
cdf_db,off,0,1643,190.15
cdf_db,off,0,1644,154.04
cdf_db,off,0,1645,265.51
cdf_db,off,0,1646,156.59
cdf_db,off,0,1647,204.86
cdf_db,off,0,1648,158.98
cdf_db,off,0,1649,192.82
cdf_db,off,0,1650,164.9
cdf_db,off,0,1651,237.911
cdf_db,off,0,1652,167.651
cdf_db,off,0,1653,192.9
cdf_db,off,0,1654,157.589
cdf_db,off,0,1655,196.58
cdf_db,off,0,1656,207.951
cdf_db,off,0,1657,190.95
cdf_db,off,0,1658,155.27
cdf_db,off,0,1659,190.37
cdf_db,off,0,1660,176.02
cdf_db,off,0,1661,204.31
cdf_db,off,0,1662,147.23
cdf_db,off,0,1663,189.51
cdf_db,off,0,1664,159.4
cdf_db,off,0,1665,189.21
cdf_db,off,0,1666,160.97
cdf_db,off,0,1667,240.92
cdf_db,off,0,1668,153.53
cdf_db,off,0,1669,193.24
cdf_db,off,0,1670,155.51
cdf_db,off,0,1671,215.94
cdf_db,off,0,1672,207.03
cdf_db,off,0,1673,193.62
cdf_db,off,0,1674,154.46
cdf_db,off,0,1675,191.69
cdf_db,off,0,1676,155.361
cdf_db,off,0,1677,194.04
cdf_db,off,0,1678,198.029
cdf_db,off,0,1679,194.671
cdf_db,off,0,1680,154.231
cdf_db,off,0,1681,194.6
cdf_db,off,0,1682,153.89
cdf_db,off,0,1683,250.6
cdf_db,off,0,1684,153.39
cdf_db,off,0,1685,190.76
cdf_db,off,0,1686,153.92
cdf_db,off,0,1687,191.15
cdf_db,off,0,1688,206.1
cdf_db,off,0,1689,192.71
cdf_db,off,0,1690,150.73
cdf_db,off,0,1691,187.33
cdf_db,off,0,1692,151.95
cdf_db,off,0,1693,195.28
cdf_db,off,0,1694,200.62
cdf_db,off,0,1695,190.41
cdf_db,off,0,1696,154.09
cdf_db,off,0,1697,188.06
cdf_db,off,0,1698,159.15
cdf_db,off,0,1699,273.41
cdf_db,off,0,1700,156.38
cdf_db,off,0,1701,191.45
cdf_db,off,0,1702,156.35
cdf_db,off,0,1703,191.029
cdf_db,off,0,1704,159.031
cdf_db,off,0,1705,234.181
cdf_db,off,0,1706,150.97
cdf_db,off,0,1707,187.55
cdf_db,off,0,1708,153.64
cdf_db,off,0,1709,189.59
cdf_db,off,0,1710,212.73
cdf_db,off,0,1711,190.92
cdf_db,off,0,1712,154.48
cdf_db,off,0,1713,204.25
cdf_db,off,0,1714,156.36
cdf_db,off,0,1715,209.94
cdf_db,off,0,1716,217.58
cdf_db,off,0,1717,192.89
cdf_db,off,0,1718,154.27
cdf_db,off,0,1719,191.06
cdf_db,off,0,1720,160.67
cdf_db,off,0,1721,266.48
cdf_db,off,0,1722,155.28
cdf_db,off,0,1723,192.14
cdf_db,off,0,1724,374.86
cdf_db,off,0,1725,261.67
cdf_db,off,0,1726,158.1
cdf_db,off,0,1727,192.29
cdf_db,off,0,1728,164.09
cdf_db,off,0,1729,201.15
cdf_db,off,0,1730,204.331
cdf_db,off,0,1731,197.109
cdf_db,off,0,1732,156.281
cdf_db,off,0,1733,191.82
cdf_db,off,0,1734,154.99
cdf_db,off,0,1735,248.54
cdf_db,off,0,1736,154.28
cdf_db,off,0,1737,195.29
cdf_db,off,0,1738,177.86
cdf_db,off,0,1739,197.28
cdf_db,off,0,1740,484.42
cdf_db,off,0,1741,288.74
cdf_db,off,0,1742,179.63
cdf_db,off,0,1743,224.57
cdf_db,off,0,1744,265.28
cdf_db,off,0,1745,167.46
cdf_db,off,0,1746,197.29
cdf_db,off,0,1747,167.98
cdf_db,off,0,1748,217.41
cdf_db,off,0,1749,245.44
cdf_db,off,0,1750,203.79
cdf_db,off,0,1751,162.411
cdf_db,off,0,1752,200.66
cdf_db,off,0,1753,223.12
cdf_db,off,0,1754,196.571
cdf_db,off,0,1755,156.65
cdf_db,off,0,1756,192.01
cdf_db,off,0,1757,164.01
cdf_db,off,0,1758,224.36
cdf_db,off,0,1759,207.63
cdf_db,off,0,1760,192.83
cdf_db,off,0,1761,159.06
cdf_db,off,0,1762,204.94
cdf_db,off,0,1763,162.46
cdf_db,off,0,1764,244.13
cdf_db,off,0,1765,178.98
cdf_db,off,0,1766,189.95
cdf_db,off,0,1767,154.24
cdf_db,off,0,1768,188.21
cdf_db,off,0,1769,208.88
cdf_db,off,0,1770,189.69
cdf_db,off,0,1771,177.22
cdf_db,off,0,1772,192.75
cdf_db,off,0,1773,179.97
cdf_db,off,0,1774,273.17
cdf_db,off,0,1775,159.62
cdf_db,off,0,1776,176.049
cdf_db,off,0,1777,142.929
cdf_db,off,0,1778,194.32
cdf_db,off,0,1779,184.66
cdf_db,off,0,1780,260.241
cdf_db,off,0,1781,199.78
cdf_db,off,0,1782,193.49
cdf_db,off,0,1783,156.57
cdf_db,off,0,1784,197.1
cdf_db,off,0,1785,203.02
cdf_db,off,0,1786,206.09
cdf_db,off,0,1787,155.49
cdf_db,off,0,1788,190.89
cdf_db,off,0,1789,153.57
cdf_db,off,0,1790,268.35
cdf_db,off,0,1791,155.33
cdf_db,off,0,1792,189.19
cdf_db,off,0,1793,157.24
cdf_db,off,0,1794,190.41
cdf_db,off,0,1795,211.15
cdf_db,off,0,1796,192.44
cdf_db,off,0,1797,153.24
cdf_db,off,0,1798,188.18
cdf_db,off,0,1799,153.13
cdf_db,off,0,1800,195.69
cdf_db,off,0,1801,201.711
cdf_db,off,0,1802,195.62
cdf_db,off,0,1803,157.4
cdf_db,off,0,1804,193.22
cdf_db,off,0,1805,162.611
cdf_db,off,0,1806,247.76
cdf_db,off,0,1807,162.72
cdf_db,off,0,1808,191.4
cdf_db,off,0,1809,153.53
cdf_db,off,0,1810,192.1
cdf_db,off,0,1811,211.37
cdf_db,off,0,1812,191.93
cdf_db,off,0,1813,153.57
cdf_db,off,0,1814,190.73
cdf_db,off,0,1815,156.69
cdf_db,off,0,1816,197.68
cdf_db,off,0,1817,216.61
cdf_db,off,0,1818,190.52
cdf_db,off,0,1819,155.47
cdf_db,off,0,1820,190.96
cdf_db,off,0,1821,154.72
cdf_db,off,0,1822,260.99
cdf_db,off,0,1823,158.55
cdf_db,off,0,1824,192.77
cdf_db,off,0,1825,155.58
cdf_db,off,0,1826,190.01
cdf_db,off,0,1827,162.48
cdf_db,off,0,1828,236.32
cdf_db,off,0,1829,187.191
cdf_db,off,0,1830,188.8
cdf_db,off,0,1831,153.64
cdf_db,off,0,1832,194.26
cdf_db,off,0,1833,206.27
cdf_db,off,0,1834,192.0
cdf_db,off,0,1835,152.23
cdf_db,off,0,1836,187.12
cdf_db,off,0,1837,154.58
cdf_db,off,0,1838,251.53
cdf_db,off,0,1839,159.73
cdf_db,off,0,1840,148.42
cdf_db,off,0,1841,188.39
cdf_db,off,0,1842,153.49
cdf_db,off,0,1843,195.46
cdf_db,off,0,1844,202.66
cdf_db,off,0,1845,190.49
cdf_db,off,0,1846,153.53
cdf_db,off,0,1847,187.43
cdf_db,off,0,1848,152.47
cdf_db,off,0,1849,243.29
cdf_db,off,0,1850,157.47
cdf_db,off,0,1851,188.43
cdf_db,off,0,1852,153.64
cdf_db,off,0,1853,190.46
cdf_db,off,0,1854,160.46
cdf_db,off,0,1855,243.291
cdf_db,off,0,1856,156.94
cdf_db,off,0,1857,188.831
cdf_db,off,0,1858,157.06
cdf_db,off,0,1859,202.96
cdf_db,off,0,1860,250.71
cdf_db,off,0,1861,193.33
cdf_db,off,0,1862,154.59
cdf_db,off,0,1863,189.91
cdf_db,off,0,1864,154.48
cdf_db,off,0,1865,248.5
cdf_db,off,0,1866,158.28
cdf_db,off,0,1867,190.99
cdf_db,off,0,1868,154.21
cdf_db,off,0,1869,190.29
cdf_db,off,0,1870,159.77
cdf_db,off,0,1871,240.59
cdf_db,off,0,1872,155.04
cdf_db,off,0,1873,189.79
cdf_db,off,0,1874,155.74
cdf_db,off,0,1875,189.96
cdf_db,off,0,1876,209.84
cdf_db,off,0,1877,192.93
cdf_db,off,0,1878,157.94
cdf_db,off,0,1879,190.22
cdf_db,off,0,1880,156.6
cdf_db,off,0,1881,208.4
cdf_db,off,0,1882,203.48
cdf_db,off,0,1883,214.391
cdf_db,off,0,1884,153.89
cdf_db,off,0,1885,192.24
cdf_db,off,0,1886,162.5
cdf_db,off,0,1887,240.35
cdf_db,off,0,1888,157.5
cdf_db,off,0,1889,191.56
cdf_db,off,0,1890,154.35
cdf_db,off,0,1891,189.64
cdf_db,off,0,1892,208.19
cdf_db,off,0,1893,193.36
cdf_db,off,0,1894,154.45
cdf_db,off,0,1895,188.46
cdf_db,off,0,1896,157.35
cdf_db,off,0,1897,196.41
cdf_db,off,0,1898,205.26
cdf_db,off,0,1899,212.06
cdf_db,off,0,1900,154.23
cdf_db,off,0,1901,188.39
cdf_db,off,0,1902,163.67
cdf_db,off,0,1903,239.39
cdf_db,off,0,1904,155.37
cdf_db,off,0,1905,194.41
cdf_db,off,0,1906,156.68
cdf_db,off,0,1907,189.56
cdf_db,off,0,1908,211.849
cdf_db,off,0,1909,195.031
cdf_db,off,0,1910,150.3
cdf_db,off,0,1911,190.58
cdf_db,off,0,1912,179.5
cdf_db,off,0,1913,198.56
cdf_db,off,0,1914,202.09
cdf_db,off,0,1915,189.13
cdf_db,off,0,1916,152.23
cdf_db,off,0,1917,189.17
cdf_db,off,0,1918,158.45
cdf_db,off,0,1919,245.7
cdf_db,off,0,1920,155.45
cdf_db,off,0,1921,216.8
cdf_db,off,0,1922,153.83
cdf_db,off,0,1923,190.33
cdf_db,off,0,1924,210.96
cdf_db,off,0,1925,191.86
cdf_db,off,0,1926,157.35
cdf_db,off,0,1927,190.27
cdf_db,off,0,1928,178.93
cdf_db,off,0,1929,205.99
cdf_db,off,0,1930,214.541
cdf_db,off,0,1931,190.571
cdf_db,off,0,1932,173.991
cdf_db,off,0,1933,191.68
cdf_db,off,0,1934,187.72
cdf_db,off,0,1935,268.76
cdf_db,off,0,1936,164.06
cdf_db,off,0,1937,196.52
cdf_db,off,0,1938,185.74
cdf_db,off,0,1939,200.8
cdf_db,off,0,1940,220.2
cdf_db,off,0,1941,213.89
cdf_db,off,0,1942,160.19
cdf_db,off,0,1943,217.16
cdf_db,off,0,1944,186.92
cdf_db,off,0,1945,285.49
cdf_db,off,0,1946,156.84
cdf_db,off,0,1947,192.67
cdf_db,off,0,1948,156.25
cdf_db,off,0,1949,199.29
cdf_db,off,0,1950,217.88
cdf_db,off,0,1951,147.65
cdf_db,off,0,1952,190.8
cdf_db,off,0,1953,154.11
cdf_db,off,0,1954,189.011
cdf_db,off,0,1955,207.56
cdf_db,off,0,1956,190.22
cdf_db,off,0,1957,152.569
cdf_db,off,0,1958,187.109
cdf_db,off,0,1959,152.94
cdf_db,off,0,1960,193.61
cdf_db,off,0,1961,200.33
cdf_db,off,0,1962,192.69
cdf_db,off,0,1963,153.09
cdf_db,off,0,1964,188.09
cdf_db,off,0,1965,153.29
cdf_db,off,0,1966,242.99
cdf_db,off,0,1967,154.77
cdf_db,off,0,1968,190.46
cdf_db,off,0,1969,154.16
cdf_db,off,0,1970,188.02
cdf_db,off,0,1971,159.29
cdf_db,off,0,1972,237.73
cdf_db,off,0,1973,152.71
cdf_db,off,0,1974,190.63
cdf_db,off,0,1975,155.53
cdf_db,off,0,1976,190.04
cdf_db,off,0,1977,204.72
cdf_db,off,0,1978,193.0
cdf_db,off,0,1979,154.19
cdf_db,off,0,1980,188.6
cdf_db,off,0,1981,153.04
cdf_db,off,0,1982,199.44
cdf_db,off,0,1983,207.401
cdf_db,off,0,1984,146.9
cdf_db,off,0,1985,190.229
cdf_db,off,0,1986,156.12
cdf_db,off,0,1987,191.34
cdf_db,off,0,1988,215.75
cdf_db,off,0,1989,193.3
cdf_db,off,0,1990,173.74
cdf_db,off,0,1991,145.32
cdf_db,off,0,1992,146.92
cdf_db,off,0,1993,221.21
cdf_db,off,0,1994,201.36
cdf_db,off,0,1995,195.87
cdf_db,off,0,1996,159.43
cdf_db,off,0,1997,191.42
cdf_db,off,0,1998,154.23
cdf_db,off,0,1999,250.61
cdf_db,off,0,2000,159.28
cdf_db,off,0,2001,189.4
cdf_db,off,0,2002,167.18
cdf_db,off,0,2003,190.67
cdf_db,off,0,2004,208.73
cdf_db,off,0,2005,208.1
cdf_db,off,0,2006,153.26
cdf_db,off,0,2007,192.23
cdf_db,off,0,2008,153.71
cdf_db,off,0,2009,197.79
cdf_db,off,0,2010,227.271
cdf_db,off,0,2011,144.86
cdf_db,off,0,2012,188.511
cdf_db,off,0,2013,153.5
cdf_db,off,0,2014,189.94
cdf_db,off,0,2015,206.76
cdf_db,off,0,2016,190.48
cdf_db,off,0,2017,154.59
cdf_db,off,0,2018,189.85
cdf_db,off,0,2019,157.5
cdf_db,off,0,2020,199.62
cdf_db,off,0,2021,199.57
cdf_db,off,0,2022,190.65
cdf_db,off,0,2023,179.46
cdf_db,off,0,2024,193.09
cdf_db,off,0,2025,158.73
cdf_db,off,0,2026,238.86
cdf_db,off,0,2027,154.09
cdf_db,off,0,2028,189.94
cdf_db,off,0,2029,152.57
cdf_db,off,0,2030,194.03
cdf_db,off,0,2031,211.05
cdf_db,off,0,2032,193.71
cdf_db,off,0,2033,153.98
cdf_db,off,0,2034,190.58
cdf_db,off,0,2035,155.911
cdf_db,off,0,2036,194.129
cdf_db,off,0,2037,201.511
cdf_db,off,0,2038,191.889
cdf_db,off,0,2039,159.32
cdf_db,off,0,2040,192.1
cdf_db,off,0,2041,156.39
cdf_db,off,0,2042,257.69
cdf_db,off,0,2043,158.92
cdf_db,off,0,2044,190.03
cdf_db,off,0,2045,157.24
cdf_db,off,0,2046,216.02
cdf_db,off,0,2047,215.97
cdf_db,off,0,2048,193.11
cdf_db,off,0,2049,152.27
cdf_db,off,0,2050,191.17
cdf_db,off,0,2051,158.45
cdf_db,off,0,2052,205.49
cdf_db,off,0,2053,202.25
cdf_db,off,0,2054,189.71
cdf_db,off,0,2055,155.32
cdf_db,off,0,2056,190.11
cdf_db,off,0,2057,155.53
cdf_db,off,0,2058,257.34
cdf_db,off,0,2059,156.991
cdf_db,off,0,2060,188.089
cdf_db,off,0,2061,154.591
cdf_db,off,0,2062,188.12
cdf_db,off,0,2063,232.271
cdf_db,off,0,2064,189.98
cdf_db,off,0,2065,154.431
cdf_db,off,0,2066,188.661
cdf_db,off,0,2067,158.16
cdf_db,off,0,2068,195.21
cdf_db,off,0,2069,199.81
cdf_db,off,0,2070,194.5
cdf_db,off,0,2071,154.7
cdf_db,off,0,2072,192.54
cdf_db,off,0,2073,158.47
cdf_db,off,0,2074,244.27
cdf_db,off,0,2075,156.93
cdf_db,off,0,2076,215.09
cdf_db,off,0,2077,153.31
cdf_db,off,0,2078,208.36
cdf_db,off,0,2079,229.41
cdf_db,off,0,2080,193.23
cdf_db,off,0,2081,155.98
cdf_db,off,0,2082,188.69
cdf_db,off,0,2083,156.96
cdf_db,off,0,2084,194.67
cdf_db,off,0,2085,231.95
cdf_db,off,0,2086,190.64
cdf_db,off,0,2087,156.111
cdf_db,off,0,2088,189.04
cdf_db,off,0,2089,158.469
cdf_db,off,0,2090,244.47
cdf_db,off,0,2091,154.77
cdf_db,off,0,2092,211.23
cdf_db,off,0,2093,153.61
cdf_db,off,0,2094,186.22
cdf_db,off,0,2095,213.75
cdf_db,off,0,2096,189.78
cdf_db,off,0,2097,150.98
cdf_db,off,0,2098,210.69
cdf_db,off,0,2099,155.25
cdf_db,off,0,2100,196.23
cdf_db,off,0,2101,198.76
cdf_db,off,0,2102,214.05
cdf_db,off,0,2103,157.73
cdf_db,off,0,2104,190.65
cdf_db,off,0,2105,183.41
cdf_db,off,0,2106,243.52
cdf_db,off,0,2107,176.99
cdf_db,off,0,2108,192.65
cdf_db,off,0,2109,180.9
cdf_db,off,0,2110,196.04
cdf_db,off,0,2111,202.47
cdf_db,off,0,2112,189.051
cdf_db,off,0,2113,155.809
cdf_db,off,0,2114,191.9
cdf_db,off,0,2115,154.761
cdf_db,off,0,2116,213.49
cdf_db,off,0,2117,200.55
cdf_db,off,0,2118,189.11
cdf_db,off,0,2119,154.1
cdf_db,off,0,2120,189.34
cdf_db,off,0,2121,166.22
cdf_db,off,0,2122,239.79
cdf_db,off,0,2123,153.51
cdf_db,off,0,2124,189.21
cdf_db,off,0,2125,153.56
cdf_db,off,0,2126,188.19
cdf_db,off,0,2127,208.36
cdf_db,off,0,2128,191.21
cdf_db,off,0,2129,154.03
cdf_db,off,0,2130,190.38
cdf_db,off,0,2131,150.92
cdf_db,off,0,2132,194.96
cdf_db,off,0,2133,222.08
cdf_db,off,0,2134,190.67
cdf_db,off,0,2135,154.9
cdf_db,off,0,2136,191.34
cdf_db,off,0,2137,152.62
cdf_db,off,0,2138,240.2
cdf_db,off,0,2139,151.12
cdf_db,off,0,2140,189.949
cdf_db,off,0,2141,153.87
cdf_db,off,0,2142,195.53
cdf_db,off,0,2143,159.31
cdf_db,off,0,2144,236.7
cdf_db,off,0,2145,153.05
cdf_db,off,0,2146,193.46
cdf_db,off,0,2147,153.57
cdf_db,off,0,2148,198.89
cdf_db,off,0,2149,199.34
cdf_db,off,0,2150,191.22
cdf_db,off,0,2151,189.16
cdf_db,off,0,2152,191.24
cdf_db,off,0,2153,156.88
cdf_db,off,0,2154,262.03
cdf_db,off,0,2155,165.17
cdf_db,off,0,2156,193.62
cdf_db,off,0,2157,154.44
cdf_db,off,0,2158,193.04
cdf_db,off,0,2159,166.5
cdf_db,off,0,2160,235.82
cdf_db,off,0,2161,158.72
cdf_db,off,0,2162,193.22
cdf_db,off,0,2163,155.68
cdf_db,off,0,2164,202.15
cdf_db,off,0,2165,473.831
cdf_db,off,0,2166,212.32
cdf_db,off,0,2167,158.66
cdf_db,off,0,2168,197.871
cdf_db,off,0,2169,206.54
cdf_db,off,0,2170,193.03
cdf_db,off,0,2171,155.44
cdf_db,off,0,2172,191.66
cdf_db,off,0,2173,155.43
cdf_db,off,0,2174,274.22
cdf_db,off,0,2175,153.5
cdf_db,off,0,2176,188.14
cdf_db,off,0,2177,158.08
cdf_db,off,0,2178,190.69
cdf_db,off,0,2179,210.44
cdf_db,off,0,2180,193.67
cdf_db,off,0,2181,151.52
cdf_db,off,0,2182,212.4
cdf_db,off,0,2183,155.56
cdf_db,off,0,2184,192.52
cdf_db,off,0,2185,199.15
cdf_db,off,0,2186,189.76
cdf_db,off,0,2187,170.23
cdf_db,off,0,2188,214.36
cdf_db,off,0,2189,159.2
cdf_db,off,0,2190,239.74
cdf_db,off,0,2191,156.049
cdf_db,off,0,2192,190.36
cdf_db,off,0,2193,177.12
cdf_db,off,0,2194,189.96
cdf_db,off,0,2195,206.4
cdf_db,off,0,2196,216.46
cdf_db,off,0,2197,156.45
cdf_db,off,0,2198,197.04
cdf_db,off,0,2199,181.56
cdf_db,off,0,2200,254.31
cdf_db,off,0,2201,177.33
cdf_db,off,0,2202,236.49
cdf_db,off,0,2203,156.67
cdf_db,off,0,2204,190.37
cdf_db,off,0,2205,215.39
cdf_db,off,0,2206,191.39
cdf_db,off,0,2207,155.74
cdf_db,off,0,2208,149.2
cdf_db,off,0,2209,187.03
cdf_db,off,0,2210,158.9
cdf_db,off,0,2211,239.07
cdf_db,off,0,2212,153.33
cdf_db,off,0,2213,187.6
cdf_db,off,0,2214,153.85
cdf_db,off,0,2215,189.471
cdf_db,off,0,2216,207.44
cdf_db,off,0,2217,190.491
cdf_db,off,0,2218,154.141
cdf_db,off,0,2219,186.96
cdf_db,off,0,2220,440.45
cdf_db,off,0,2221,615.8
cdf_db,off,0,2222,283.28
cdf_db,off,0,2223,223.22
cdf_db,off,0,2224,220.54
cdf_db,off,0,2225,186.29
cdf_db,off,0,2226,184.97
cdf_db,off,0,2227,169.36
cdf_db,off,0,2228,213.38
cdf_db,off,0,2229,144.81
cdf_db,off,0,2230,146.79
cdf_db,off,0,2231,142.5
cdf_db,off,0,2232,140.7
cdf_db,off,0,2233,138.07
cdf_db,off,0,2234,201.81
cdf_db,off,0,2235,142.58
cdf_db,off,0,2236,137.42
cdf_db,off,0,2237,142.44
cdf_db,off,0,2238,137.329
cdf_db,off,0,2239,138.951
cdf_db,off,0,2240,144.061
cdf_db,off,0,2241,184.68
cdf_db,off,0,2242,149.63
cdf_db,off,0,2243,136.42
cdf_db,off,0,2244,159.38
cdf_db,off,0,2245,135.77
cdf_db,off,0,2246,137.68
cdf_db,off,0,2247,136.6
cdf_db,off,0,2248,181.16
cdf_db,off,0,2249,138.69
cdf_db,off,0,2250,140.5
cdf_db,off,0,2251,136.69
cdf_db,off,0,2252,135.63
cdf_db,off,0,2253,140.54
cdf_db,off,0,2254,194.99
cdf_db,off,0,2255,145.63
cdf_db,off,0,2256,141.69
cdf_db,off,0,2257,141.13
cdf_db,off,0,2258,160.51
cdf_db,off,0,2259,137.47
cdf_db,off,0,2260,136.46
cdf_db,off,0,2261,190.9
cdf_db,off,0,2262,134.9
cdf_db,off,0,2263,138.05
cdf_db,off,0,2264,136.39
cdf_db,off,0,2265,144.19
cdf_db,off,0,2266,137.7
cdf_db,off,0,2267,142.35
cdf_db,off,0,2268,205.99
cdf_db,off,0,2269,140.011
cdf_db,off,0,2270,136.36
cdf_db,off,0,2271,134.629
cdf_db,off,0,2272,134.66
cdf_db,off,0,2273,154.25
cdf_db,off,0,2274,193.41
cdf_db,off,0,2275,136.7
cdf_db,off,0,2276,137.68
cdf_db,off,0,2277,135.39
cdf_db,off,0,2278,133.26
cdf_db,off,0,2279,135.35
cdf_db,off,0,2280,135.74
cdf_db,off,0,2281,190.04
cdf_db,off,0,2282,163.38
cdf_db,off,0,2283,136.64
cdf_db,off,0,2284,144.14
cdf_db,off,0,2285,149.44
cdf_db,off,0,2286,137.12
cdf_db,off,0,2287,167.78
cdf_db,off,0,2288,182.29
cdf_db,off,0,2289,135.25
cdf_db,off,0,2290,134.14
cdf_db,off,0,2291,130.37
cdf_db,off,0,2292,142.71
cdf_db,off,0,2293,147.11
cdf_db,off,0,2294,139.66
cdf_db,off,0,2295,180.07
cdf_db,off,0,2296,134.33
cdf_db,off,0,2297,147.67
cdf_db,off,0,2298,134.51
cdf_db,off,0,2299,135.55
cdf_db,off,0,2300,132.07
cdf_db,off,0,2301,138.04
cdf_db,off,0,2302,197.77
cdf_db,off,0,2303,133.471
cdf_db,off,0,2304,135.02
cdf_db,off,0,2305,134.091
cdf_db,off,0,2306,130.86
cdf_db,off,0,2307,148.991
cdf_db,off,0,2308,217.949
cdf_db,off,0,2309,137.541
cdf_db,off,0,2310,134.46
cdf_db,off,0,2311,131.45
cdf_db,off,0,2312,132.21
cdf_db,off,0,2313,133.78
cdf_db,off,0,2314,142.07
cdf_db,off,0,2315,190.27
cdf_db,off,0,2316,141.15
cdf_db,off,0,2317,134.97
cdf_db,off,0,2318,133.58
cdf_db,off,0,2319,163.29
cdf_db,off,0,2320,134.3
cdf_db,off,0,2321,137.17
cdf_db,off,0,2322,182.06
cdf_db,off,0,2323,134.79
cdf_db,off,0,2324,132.76
cdf_db,off,0,2325,134.93
cdf_db,off,0,2326,138.4
cdf_db,off,0,2327,136.05
cdf_db,off,0,2328,180.9
cdf_db,off,0,2329,180.32
cdf_db,off,0,2330,133.56
cdf_db,off,0,2331,147.23
cdf_db,off,0,2332,136.3
cdf_db,off,0,2333,134.37
cdf_db,off,0,2334,134.2
cdf_db,off,0,2335,144.981
cdf_db,off,0,2336,179.289
cdf_db,off,0,2337,134.5
cdf_db,off,0,2338,138.14
cdf_db,off,0,2339,134.149
cdf_db,off,0,2340,136.151
cdf_db,off,0,2341,135.2
cdf_db,off,0,2342,197.06
cdf_db,off,0,2343,175.47
cdf_db,off,0,2344,138.95
cdf_db,off,0,2345,150.74
cdf_db,off,0,2346,134.66
cdf_db,off,0,2347,137.42
cdf_db,off,0,2348,141.68
cdf_db,off,0,2349,184.23
cdf_db,off,0,2350,147.7
cdf_db,off,0,2351,149.22
cdf_db,off,0,2352,137.49
cdf_db,off,0,2353,134.27
cdf_db,off,0,2354,164.89
cdf_db,off,0,2355,189.11
cdf_db,off,0,2356,138.21
cdf_db,off,0,2357,136.16
cdf_db,off,0,2358,139.05
cdf_db,off,0,2359,135.8
cdf_db,off,0,2360,136.73
cdf_db,off,0,2361,133.11
cdf_db,off,0,2362,211.85
cdf_db,off,0,2363,137.9
cdf_db,off,0,2364,135.87
cdf_db,off,0,2365,133.91
cdf_db,off,0,2366,132.37
cdf_db,off,0,2367,133.051
cdf_db,off,0,2368,156.451
cdf_db,off,0,2369,180.191
cdf_db,off,0,2370,150.26
cdf_db,off,0,2371,134.58
cdf_db,off,0,2372,148.34
cdf_db,off,0,2373,158.71
cdf_db,off,0,2374,132.8
cdf_db,off,0,2375,148.16
cdf_db,off,0,2376,202.06
cdf_db,off,0,2377,163.64
cdf_db,off,0,2378,134.68
cdf_db,off,0,2379,135.47
cdf_db,off,0,2380,157.46
cdf_db,off,0,2381,170.68
cdf_db,off,0,2382,232.53
cdf_db,off,0,2383,136.43
cdf_db,off,0,2384,136.61
cdf_db,off,0,2385,132.74
cdf_db,off,0,2386,132.4
cdf_db,off,0,2387,131.93
cdf_db,off,0,2388,372.96
cdf_db,off,0,2389,145.42
cdf_db,off,0,2390,161.14
cdf_db,off,0,2391,140.48
cdf_db,off,0,2392,134.6
cdf_db,off,0,2393,156.43
cdf_db,off,0,2394,184.61
cdf_db,off,0,2395,135.49
cdf_db,off,0,2396,149.91
cdf_db,off,0,2397,147.781
cdf_db,off,0,2398,136.18
cdf_db,off,0,2399,154.009
cdf_db,off,0,2400,194.48
cdf_db,off,0,2401,135.751
cdf_db,off,0,2402,152.22
cdf_db,off,0,2403,143.74
cdf_db,off,0,2404,140.13
cdf_db,off,0,2405,151.31
cdf_db,off,0,2406,148.51
cdf_db,off,0,2407,223.07
cdf_db,off,0,2408,136.48
cdf_db,off,0,2409,136.75
cdf_db,off,0,2410,138.59
cdf_db,off,0,2411,137.08
cdf_db,off,0,2412,139.53
cdf_db,off,0,2413,192.66
cdf_db,off,0,2414,136.03
cdf_db,off,0,2415,136.57
cdf_db,off,0,2416,138.27
cdf_db,off,0,2417,135.6
cdf_db,off,0,2418,135.97
cdf_db,off,0,2419,132.08
cdf_db,off,0,2420,195.82
cdf_db,off,0,2421,135.4
cdf_db,off,0,2422,143.89
cdf_db,off,0,2423,133.71
cdf_db,off,0,2424,142.06
cdf_db,off,0,2425,134.36
cdf_db,off,0,2426,136.2
cdf_db,off,0,2427,191.0
cdf_db,off,0,2428,132.66
cdf_db,off,0,2429,134.29
cdf_db,off,0,2430,133.03
cdf_db,off,0,2431,130.669
cdf_db,off,0,2432,131.331
cdf_db,off,0,2433,133.29
cdf_db,off,0,2434,193.08
cdf_db,off,0,2435,133.7
cdf_db,off,0,2436,133.27
cdf_db,off,0,2437,130.52
cdf_db,off,0,2438,132.63
cdf_db,off,0,2439,131.06
cdf_db,off,0,2440,132.33
cdf_db,off,0,2441,187.71
cdf_db,off,0,2442,131.15
cdf_db,off,0,2443,149.02
cdf_db,off,0,2444,134.1
cdf_db,off,0,2445,136.94
cdf_db,off,0,2446,129.51
cdf_db,off,0,2447,129.39
cdf_db,off,0,2448,214.01
cdf_db,off,0,2449,136.48
cdf_db,off,0,2450,133.15
cdf_db,off,0,2451,131.96
cdf_db,off,0,2452,132.53
cdf_db,off,0,2453,131.44
cdf_db,off,0,2454,163.9
cdf_db,off,0,2455,181.59
cdf_db,off,0,2456,133.09
cdf_db,off,0,2457,134.21
cdf_db,off,0,2458,132.73
cdf_db,off,0,2459,132.37
cdf_db,off,0,2460,134.41
cdf_db,off,0,2461,128.73
cdf_db,off,0,2462,188.7
cdf_db,off,0,2463,134.98
cdf_db,off,0,2464,131.57
cdf_db,off,0,2465,135.83
cdf_db,off,0,2466,132.511
cdf_db,off,0,2467,130.329
cdf_db,off,0,2468,134.08
cdf_db,off,0,2469,185.2
cdf_db,off,0,2470,134.411
cdf_db,off,0,2471,135.16
cdf_db,off,0,2472,133.19
cdf_db,off,0,2473,135.0
cdf_db,off,0,2474,132.74
cdf_db,off,0,2475,137.61
cdf_db,off,0,2476,195.51
cdf_db,off,0,2477,135.29
cdf_db,off,0,2478,136.17
cdf_db,off,0,2479,137.17
cdf_db,off,0,2480,160.23
cdf_db,off,0,2481,135.21
cdf_db,off,0,2482,139.07
cdf_db,off,0,2483,193.92
cdf_db,off,0,2484,136.51
cdf_db,off,0,2485,136.12
cdf_db,off,0,2486,130.0
cdf_db,off,0,2487,141.42
cdf_db,off,0,2488,134.39
cdf_db,off,0,2489,138.09
cdf_db,off,0,2490,185.51
cdf_db,off,0,2491,138.98
cdf_db,off,0,2492,142.0
cdf_db,off,0,2493,143.5
cdf_db,off,0,2494,135.12
cdf_db,off,0,2495,135.87
cdf_db,off,0,2496,136.85
cdf_db,off,0,2497,179.531
cdf_db,off,0,2498,132.6
cdf_db,off,0,2499,134.689
cdf_db,off,0,2500,157.22
cdf_db,off,0,2501,134.391
cdf_db,off,0,2502,130.989
cdf_db,off,0,2503,140.509
cdf_db,off,0,2504,179.501
cdf_db,off,0,2505,129.54
cdf_db,off,0,2506,133.54
cdf_db,off,0,2507,131.74
cdf_db,off,0,2508,129.78
cdf_db,off,0,2509,135.22
cdf_db,off,0,2510,133.39
cdf_db,off,0,2511,176.23
cdf_db,off,0,2512,143.98
cdf_db,off,0,2513,132.32
cdf_db,off,0,2514,154.4
cdf_db,off,0,2515,132.13
cdf_db,off,0,2516,145.1
cdf_db,off,0,2517,206.52
cdf_db,off,0,2518,132.54
cdf_db,off,0,2519,133.38
cdf_db,off,0,2520,136.32
cdf_db,off,0,2521,131.44
cdf_db,off,0,2522,131.53
cdf_db,off,0,2523,130.1
cdf_db,off,0,2524,202.38
cdf_db,off,0,2525,154.58
cdf_db,off,0,2526,131.18
cdf_db,off,0,2527,135.53
cdf_db,off,0,2528,131.25
cdf_db,off,0,2529,132.17
cdf_db,off,0,2530,133.34
cdf_db,off,0,2531,187.271
cdf_db,off,0,2532,135.14
cdf_db,off,0,2533,158.22
cdf_db,off,0,2534,131.92
cdf_db,off,0,2535,132.389
cdf_db,off,0,2536,136.1
cdf_db,off,0,2537,131.94
cdf_db,off,0,2538,184.45
cdf_db,off,0,2539,155.76
cdf_db,off,0,2540,138.03
cdf_db,off,0,2541,136.43
cdf_db,off,0,2542,132.89
cdf_db,off,0,2543,131.88
cdf_db,off,0,2544,167.64
cdf_db,off,0,2545,178.09
cdf_db,off,0,2546,132.01
cdf_db,off,0,2547,139.44
cdf_db,off,0,2548,157.98
cdf_db,off,0,2549,131.97
cdf_db,off,0,2550,137.59
cdf_db,off,0,2551,171.57
cdf_db,off,0,2552,239.55
cdf_db,off,0,2553,135.46
cdf_db,off,0,2554,139.06
cdf_db,off,0,2555,138.53
cdf_db,off,0,2556,133.72
cdf_db,off,0,2557,153.86
cdf_db,off,0,2558,190.33
cdf_db,off,0,2559,134.13
cdf_db,off,0,2560,133.46
cdf_db,off,0,2561,135.15
cdf_db,off,0,2562,136.801
cdf_db,off,0,2563,139.031
cdf_db,off,0,2564,140.851
cdf_db,off,0,2565,181.38
cdf_db,off,0,2566,132.831
cdf_db,off,0,2567,133.781
cdf_db,off,0,2568,134.54
cdf_db,off,0,2569,131.88
cdf_db,off,0,2570,130.65
cdf_db,off,0,2571,135.31
cdf_db,off,0,2572,181.33
cdf_db,off,0,2573,133.63
cdf_db,off,0,2574,131.8
cdf_db,off,0,2575,131.58
cdf_db,off,0,2576,134.56
cdf_db,off,0,2577,131.03
cdf_db,off,0,2578,139.2
cdf_db,off,0,2579,182.13
cdf_db,off,0,2580,130.37
cdf_db,off,0,2581,131.37
cdf_db,off,0,2582,131.24
cdf_db,off,0,2583,130.53
cdf_db,off,0,2584,129.83
cdf_db,off,0,2585,130.44
cdf_db,off,0,2586,185.13
cdf_db,off,0,2587,133.32
cdf_db,off,0,2588,133.99
cdf_db,off,0,2589,146.12
cdf_db,off,0,2590,134.57
cdf_db,off,0,2591,136.56
cdf_db,off,0,2592,134.88
cdf_db,off,0,2593,204.18
cdf_db,off,0,2594,132.27
cdf_db,off,0,2595,134.57
cdf_db,off,0,2596,131.38
cdf_db,off,0,2597,132.78
cdf_db,off,0,2598,129.77
cdf_db,off,0,2599,132.03
cdf_db,off,0,2600,212.5
cdf_db,off,0,2601,132.511
cdf_db,off,0,2602,134.68
cdf_db,off,0,2603,134.24
cdf_db,off,0,2604,372.391
cdf_db,off,0,2605,214.61
cdf_db,off,0,2606,145.35
cdf_db,off,0,2607,139.48
cdf_db,off,0,2608,135.73
cdf_db,off,0,2609,137.41
cdf_db,off,0,2610,136.8
cdf_db,off,0,2611,141.15
cdf_db,off,0,2612,182.61
cdf_db,off,0,2613,138.27
cdf_db,off,0,2614,134.62
cdf_db,off,0,2615,130.76
cdf_db,off,0,2616,131.4
cdf_db,off,0,2617,134.39
cdf_db,off,0,2618,137.74
cdf_db,off,0,2619,177.35
cdf_db,off,0,2620,131.83
cdf_db,off,0,2621,134.2
cdf_db,off,0,2622,131.63
cdf_db,off,0,2623,131.56
cdf_db,off,0,2624,128.06
cdf_db,off,0,2625,137.65
cdf_db,off,0,2626,178.19
cdf_db,off,0,2627,134.37
cdf_db,off,0,2628,130.67
cdf_db,off,0,2629,132.41
cdf_db,off,0,2630,130.39
cdf_db,off,0,2631,161.9
cdf_db,off,0,2632,140.86
cdf_db,off,0,2633,180.929
cdf_db,off,0,2634,135.991
cdf_db,off,0,2635,134.43
cdf_db,off,0,2636,132.72
cdf_db,off,0,2637,131.24
cdf_db,off,0,2638,129.42
cdf_db,off,0,2639,141.2
cdf_db,off,0,2640,182.93
cdf_db,off,0,2641,130.32
cdf_db,off,0,2642,133.16
cdf_db,off,0,2643,129.95
cdf_db,off,0,2644,130.81
cdf_db,off,0,2645,133.54
cdf_db,off,0,2646,130.56
cdf_db,off,0,2647,186.83
cdf_db,off,0,2648,131.72
cdf_db,off,0,2649,129.52
cdf_db,off,0,2650,133.78
cdf_db,off,0,2651,131.82
cdf_db,off,0,2652,129.28
cdf_db,off,0,2653,131.55
cdf_db,off,0,2654,207.76
cdf_db,off,0,2655,131.86
cdf_db,off,0,2656,132.32
cdf_db,off,0,2657,133.03
cdf_db,off,0,2658,132.0
cdf_db,off,0,2659,133.47
cdf_db,off,0,2660,132.26
cdf_db,off,0,2661,186.48
cdf_db,off,0,2662,145.85
cdf_db,off,0,2663,131.33
cdf_db,off,0,2664,134.721
cdf_db,off,0,2665,137.349
cdf_db,off,0,2666,129.771
cdf_db,off,0,2667,129.64
cdf_db,off,0,2668,206.391
cdf_db,off,0,2669,133.58
cdf_db,off,0,2670,158.45
cdf_db,off,0,2671,138.46
cdf_db,off,0,2672,135.88
cdf_db,off,0,2673,136.15
cdf_db,off,0,2674,139.12
cdf_db,off,0,2675,185.61
cdf_db,off,0,2676,137.55
cdf_db,off,0,2677,139.26
cdf_db,off,0,2678,137.56
cdf_db,off,0,2679,133.59
cdf_db,off,0,2680,134.44
cdf_db,off,0,2681,142.44
cdf_db,off,0,2682,176.07
cdf_db,off,0,2683,160.68
cdf_db,off,0,2684,140.32
cdf_db,off,0,2685,145.24
cdf_db,off,0,2686,153.49
cdf_db,off,0,2687,132.21
cdf_db,off,0,2688,197.94
cdf_db,off,0,2689,139.86
cdf_db,off,0,2690,137.48
cdf_db,off,0,2691,132.97
cdf_db,off,0,2692,133.0
cdf_db,off,0,2693,154.46
cdf_db,off,0,2694,132.47
cdf_db,off,0,2695,185.97
cdf_db,off,0,2696,133.349
cdf_db,off,0,2697,132.44
cdf_db,off,0,2698,133.709
cdf_db,off,0,2699,131.56
cdf_db,off,0,2700,154.06
cdf_db,off,0,2701,135.16
cdf_db,off,0,2702,186.2
cdf_db,off,0,2703,230.97
cdf_db,off,0,2704,217.43
cdf_db,off,0,2705,245.57
cdf_db,off,0,2706,311.94
cdf_db,off,0,2707,145.25
cdf_db,off,0,2708,153.88
cdf_db,off,0,2709,172.48
cdf_db,off,0,2710,153.86
cdf_db,off,0,2711,154.57
cdf_db,off,0,2712,224.12
cdf_db,off,0,2713,137.13
cdf_db,off,0,2714,147.72
cdf_db,off,0,2715,173.3
cdf_db,off,0,2716,160.4
cdf_db,off,0,2717,246.76
cdf_db,off,0,2718,186.59
cdf_db,off,0,2719,133.81
cdf_db,off,0,2720,151.62
cdf_db,off,0,2721,140.59
cdf_db,off,0,2722,132.62
cdf_db,off,0,2723,146.39
cdf_db,off,0,2724,203.02
cdf_db,off,0,2725,132.471
cdf_db,off,0,2726,145.98
cdf_db,off,0,2727,139.58
cdf_db,off,0,2728,154.509
cdf_db,off,0,2729,141.381
cdf_db,off,0,2730,142.01
cdf_db,off,0,2731,197.6
cdf_db,off,0,2732,139.0
cdf_db,off,0,2733,148.81
cdf_db,off,0,2734,137.47
cdf_db,off,0,2735,150.59
cdf_db,off,0,2736,144.43
cdf_db,off,0,2737,206.91
cdf_db,off,0,2738,137.28
cdf_db,off,0,2739,146.7
cdf_db,off,0,2740,142.38
cdf_db,off,0,2741,135.01
cdf_db,off,0,2742,165.05
cdf_db,off,0,2743,149.81
cdf_db,off,0,2744,188.21
cdf_db,off,0,2745,147.03
cdf_db,off,0,2746,154.79
cdf_db,off,0,2747,146.6
cdf_db,off,0,2748,135.42
cdf_db,off,0,2749,147.96
cdf_db,off,0,2750,192.12
cdf_db,off,0,2751,137.83
cdf_db,off,0,2752,148.82
cdf_db,off,0,2753,144.73
cdf_db,off,0,2754,133.49
cdf_db,off,0,2755,131.48
cdf_db,off,0,2756,149.72
cdf_db,off,0,2757,199.83
cdf_db,off,0,2758,137.621
cdf_db,off,0,2759,147.1
cdf_db,off,0,2760,142.32
cdf_db,off,0,2761,136.18
cdf_db,off,0,2762,147.73
cdf_db,off,0,2763,143.05
cdf_db,off,0,2764,178.55
cdf_db,off,0,2765,182.66
cdf_db,off,0,2766,142.06
cdf_db,off,0,2767,136.36
cdf_db,off,0,2768,146.26
cdf_db,off,0,2769,144.44
cdf_db,off,0,2770,187.24
cdf_db,off,0,2771,145.33
cdf_db,off,0,2772,143.33
cdf_db,off,0,2773,135.16
cdf_db,off,0,2774,144.56
cdf_db,off,0,2775,138.55
cdf_db,off,0,2776,139.8
cdf_db,off,0,2777,199.21
cdf_db,off,0,2778,141.35
cdf_db,off,0,2779,147.4
cdf_db,off,0,2780,146.27
cdf_db,off,0,2781,137.15
cdf_db,off,0,2782,146.6
cdf_db,off,0,2783,198.83
cdf_db,off,0,2784,135.42
cdf_db,off,0,2785,148.65
cdf_db,off,0,2786,147.44
cdf_db,off,0,2787,133.08
cdf_db,off,0,2788,144.76
cdf_db,off,0,2789,144.6
cdf_db,off,0,2790,182.31
cdf_db,off,0,2791,147.06
cdf_db,off,0,2792,142.251
cdf_db,off,0,2793,132.001
cdf_db,off,0,2794,154.94
cdf_db,off,0,2795,172.48
cdf_db,off,0,2796,186.57
cdf_db,off,0,2797,148.1
cdf_db,off,0,2798,142.95
cdf_db,off,0,2799,137.07
cdf_db,off,0,2800,146.95
cdf_db,off,0,2801,142.3
cdf_db,off,0,2802,133.25
cdf_db,off,0,2803,196.54
cdf_db,off,0,2804,142.29
cdf_db,off,0,2805,136.22
cdf_db,off,0,2806,149.69
cdf_db,off,0,2807,140.34
cdf_db,off,0,2808,170.7
cdf_db,off,0,2809,143.8
cdf_db,off,0,2810,199.27
cdf_db,off,0,2811,152.4
cdf_db,off,0,2812,145.97
cdf_db,off,0,2813,136.45
cdf_db,off,0,2814,154.03
cdf_db,off,0,2815,139.27
cdf_db,off,0,2816,210.23
cdf_db,off,0,2817,152.07
cdf_db,off,0,2818,168.39
cdf_db,off,0,2819,137.47
cdf_db,off,0,2820,146.72
cdf_db,off,0,2821,140.62
cdf_db,off,0,2822,191.611
cdf_db,off,0,2823,149.0
cdf_db,off,0,2824,140.481
cdf_db,off,0,2825,143.36
cdf_db,off,0,2826,140.14
cdf_db,off,0,2827,147.59
cdf_db,off,0,2828,144.33
cdf_db,off,0,2829,198.47
cdf_db,off,0,2830,143.75
cdf_db,off,0,2831,138.44
cdf_db,off,0,2832,147.41
cdf_db,off,0,2833,139.61
cdf_db,off,0,2834,137.02
cdf_db,off,0,2835,230.39
cdf_db,off,0,2836,140.05
cdf_db,off,0,2837,149.58
cdf_db,off,0,2838,139.59
cdf_db,off,0,2839,145.83
cdf_db,off,0,2840,145.49
cdf_db,off,0,2841,155.77
cdf_db,off,0,2842,190.28
cdf_db,off,0,2843,132.04
cdf_db,off,0,2844,147.61
cdf_db,off,0,2845,139.35
cdf_db,off,0,2846,135.4
cdf_db,off,0,2847,149.59
cdf_db,off,0,2848,220.9
cdf_db,off,0,2849,133.48
cdf_db,off,0,2850,283.941
cdf_db,off,0,2851,263.771
cdf_db,off,0,2852,178.111
cdf_db,off,0,2853,234.8
cdf_db,off,0,2854,167.829
cdf_db,off,0,2855,149.99
cdf_db,off,0,2856,153.64
cdf_db,off,0,2857,151.08
cdf_db,off,0,2858,181.56
cdf_db,off,0,2859,188.77
cdf_db,off,0,2860,156.43
cdf_db,off,0,2861,137.74
cdf_db,off,0,2862,143.59
cdf_db,off,0,2863,138.4
cdf_db,off,0,2864,168.26
cdf_db,off,0,2865,198.44
cdf_db,off,0,2866,134.75
cdf_db,off,0,2867,144.62
cdf_db,off,0,2868,134.64
cdf_db,off,0,2869,155.06
cdf_db,off,0,2870,147.94
cdf_db,off,0,2871,134.4
cdf_db,off,0,2872,190.11
cdf_db,off,0,2873,164.04
cdf_db,off,0,2874,130.09
cdf_db,off,0,2875,153.34
cdf_db,off,0,2876,156.25
cdf_db,off,0,2877,144.12
cdf_db,off,0,2878,185.38
cdf_db,off,0,2879,163.32
cdf_db,off,0,2880,163.589
cdf_db,off,0,2881,192.949
cdf_db,off,0,2882,142.7
cdf_db,off,0,2883,138.809
cdf_db,off,0,2884,320.671
cdf_db,off,0,2885,137.66
cdf_db,off,0,2886,140.82
cdf_db,off,0,2887,132.29
cdf_db,off,0,2888,141.54
cdf_db,off,0,2889,135.94
cdf_db,off,0,2890,191.12
cdf_db,off,0,2891,134.32
cdf_db,off,0,2892,148.47
cdf_db,off,0,2893,139.4
cdf_db,off,0,2894,144.1
cdf_db,off,0,2895,132.09
cdf_db,off,0,2896,144.16
cdf_db,off,0,2897,178.15
cdf_db,off,0,2898,144.82
cdf_db,off,0,2899,146.81
cdf_db,off,0,2900,138.25
cdf_db,off,0,2901,134.17
cdf_db,off,0,2902,137.64
cdf_db,off,0,2903,148.77
cdf_db,off,0,2904,174.16
cdf_db,off,0,2905,147.21
cdf_db,off,0,2906,140.69
cdf_db,off,0,2907,134.03
cdf_db,off,0,2908,141.66
cdf_db,off,0,2909,139.65
cdf_db,off,0,2910,184.03
cdf_db,off,0,2911,142.39
cdf_db,off,0,2912,131.72
cdf_db,off,0,2913,139.2
cdf_db,off,0,2914,137.88
cdf_db,off,0,2915,129.82
cdf_db,off,0,2916,138.5
cdf_db,off,0,2917,189.75
cdf_db,off,0,2918,136.55
cdf_db,off,0,2919,138.23
cdf_db,off,0,2920,147.23
cdf_db,off,0,2921,132.56
cdf_db,off,0,2922,146.31
cdf_db,off,0,2923,133.03
cdf_db,off,0,2924,194.51
cdf_db,off,0,2925,139.56
cdf_db,off,0,2926,129.15
cdf_db,off,0,2927,156.72
cdf_db,off,0,2928,161.25
cdf_db,off,0,2929,127.53
cdf_db,off,0,2930,147.97
cdf_db,off,0,2931,183.61
cdf_db,off,0,2932,132.94
cdf_db,off,0,2933,139.72
cdf_db,off,0,2934,131.69
cdf_db,off,0,2935,126.12
cdf_db,off,0,2936,149.12
cdf_db,off,0,2937,136.11
cdf_db,off,0,2938,183.05
cdf_db,off,0,2939,137.27
cdf_db,off,0,2940,137.84
cdf_db,off,0,2941,134.76
cdf_db,off,0,2942,135.22
cdf_db,off,0,2943,136.49
cdf_db,off,0,2944,131.13
cdf_db,off,0,2945,180.851
cdf_db,off,0,2946,133.56
cdf_db,off,0,2947,134.8
cdf_db,off,0,2948,135.751
cdf_db,off,0,2949,135.51
cdf_db,off,0,2950,136.46
cdf_db,off,0,2951,143.2
cdf_db,off,0,2952,184.29
cdf_db,off,0,2953,140.63
cdf_db,off,0,2954,155.1
cdf_db,off,0,2955,137.09
cdf_db,off,0,2956,139.8
cdf_db,off,0,2957,132.68
cdf_db,off,0,2958,248.9
cdf_db,off,0,2959,142.6
cdf_db,off,0,2960,133.92
cdf_db,off,0,2961,145.16
cdf_db,off,0,2962,148.71
cdf_db,off,0,2963,140.92
cdf_db,off,0,2964,151.65
cdf_db,off,0,2965,185.07
cdf_db,off,0,2966,146.04
cdf_db,off,0,2967,137.85
cdf_db,off,0,2968,140.37
cdf_db,off,0,2969,139.31
cdf_db,off,0,2970,138.51
cdf_db,off,0,2971,190.69
cdf_db,off,0,2972,133.55
cdf_db,off,0,2973,143.78
cdf_db,off,0,2974,136.73
cdf_db,off,0,2975,140.76
cdf_db,off,0,2976,138.33
cdf_db,off,0,2977,136.36
cdf_db,off,0,2978,198.65
cdf_db,off,0,2979,132.151
cdf_db,off,0,2980,166.089
cdf_db,off,0,2981,139.091
cdf_db,off,0,2982,136.67
cdf_db,off,0,2983,136.7
cdf_db,off,0,2984,136.55
cdf_db,off,0,2985,180.37
cdf_db,off,0,2986,150.08
cdf_db,off,0,2987,131.75
cdf_db,off,0,2988,140.08
cdf_db,off,0,2989,138.6
cdf_db,off,0,2990,128.73
cdf_db,off,0,2991,150.48
cdf_db,off,0,2992,186.32
cdf_db,off,0,2993,128.12
cdf_db,off,0,2994,140.95
cdf_db,off,0,2995,127.7
cdf_db,off,0,2996,136.58
cdf_db,off,0,2997,131.89
cdf_db,off,0,2998,170.37
cdf_db,off,0,2999,182.76
cdf_db,off,0,3000,130.17
cdf_db,off,0,3001,140.32
cdf_db,off,0,3002,129.01
cdf_db,off,0,3003,135.38
cdf_db,off,0,3004,130.46
cdf_db,off,0,3005,151.64
cdf_db,off,0,3006,187.9
cdf_db,off,0,3007,130.24
cdf_db,off,0,3008,139.28
cdf_db,off,0,3009,140.05
cdf_db,off,0,3010,155.111
cdf_db,off,0,3011,139.62
cdf_db,off,0,3012,187.111
cdf_db,off,0,3013,139.6
cdf_db,off,0,3014,136.689
cdf_db,off,0,3015,129.82
cdf_db,off,0,3016,137.02
cdf_db,off,0,3017,128.521
cdf_db,off,0,3018,137.2
cdf_db,off,0,3019,183.27
cdf_db,off,0,3020,160.8
cdf_db,off,0,3021,141.82
cdf_db,off,0,3022,134.91
cdf_db,off,0,3023,137.81
cdf_db,off,0,3024,129.33
cdf_db,off,0,3025,144.88
cdf_db,off,0,3026,183.88
cdf_db,off,0,3027,145.06
cdf_db,off,0,3028,162.94
cdf_db,off,0,3029,135.54
cdf_db,off,0,3030,134.54
cdf_db,off,0,3031,139.55
cdf_db,off,0,3032,154.46
cdf_db,off,0,3033,206.56
cdf_db,off,0,3034,165.61
cdf_db,off,0,3035,137.32
cdf_db,off,0,3036,140.07
cdf_db,off,0,3037,134.85
cdf_db,off,0,3038,159.65
cdf_db,off,0,3039,183.26
cdf_db,off,0,3040,138.47
cdf_db,off,0,3041,158.68
cdf_db,off,0,3042,135.38
cdf_db,off,0,3043,134.75
cdf_db,off,0,3044,130.04
cdf_db,off,0,3045,146.229
cdf_db,off,0,3046,189.069
cdf_db,off,0,3047,134.22
cdf_db,off,0,3048,150.98
cdf_db,off,0,3049,353.66
cdf_db,off,0,3050,176.69
cdf_db,off,0,3051,183.96
cdf_db,off,0,3052,144.59
cdf_db,off,0,3053,149.05
cdf_db,off,0,3054,133.63
cdf_db,off,0,3055,141.55
cdf_db,off,0,3056,140.07
cdf_db,off,0,3057,187.33
cdf_db,off,0,3058,142.81
cdf_db,off,0,3059,137.63
cdf_db,off,0,3060,141.28
cdf_db,off,0,3061,129.67
cdf_db,off,0,3062,135.91
cdf_db,off,0,3063,129.53
cdf_db,off,0,3064,189.04
cdf_db,off,0,3065,130.31
cdf_db,off,0,3066,164.87
cdf_db,off,0,3067,135.47
cdf_db,off,0,3068,139.02
cdf_db,off,0,3069,133.54
cdf_db,off,0,3070,136.54
cdf_db,off,0,3071,182.07
cdf_db,off,0,3072,139.38
cdf_db,off,0,3073,131.99
cdf_db,off,0,3074,138.11
cdf_db,off,0,3075,128.66
cdf_db,off,0,3076,137.089
cdf_db,off,0,3077,137.22
cdf_db,off,0,3078,183.24
cdf_db,off,0,3079,138.24
cdf_db,off,0,3080,130.67
cdf_db,off,0,3081,137.14
cdf_db,off,0,3082,130.33
cdf_db,off,0,3083,133.07
cdf_db,off,0,3084,133.17
cdf_db,off,0,3085,223.83
cdf_db,off,0,3086,142.85
cdf_db,off,0,3087,133.94
cdf_db,off,0,3088,138.34
cdf_db,off,0,3089,135.31
cdf_db,off,0,3090,135.26
cdf_db,off,0,3091,136.15
cdf_db,off,0,3092,181.39
cdf_db,off,0,3093,136.73
cdf_db,off,0,3094,134.84
cdf_db,off,0,3095,135.48
cdf_db,off,0,3096,135.46
cdf_db,off,0,3097,134.57
cdf_db,off,0,3098,135.99
cdf_db,off,0,3099,240.32
cdf_db,off,0,3100,151.38
cdf_db,off,0,3101,148.94
cdf_db,off,0,3102,144.8
cdf_db,off,0,3103,212.29
cdf_db,off,0,3104,269.15
cdf_db,off,0,3105,205.94
cdf_db,off,0,3106,166.6
cdf_db,off,0,3107,196.62
cdf_db,off,0,3108,162.831
cdf_db,off,0,3109,279.91
cdf_db,off,0,3110,160.08
cdf_db,off,0,3111,195.76
cdf_db,off,0,3112,179.26
cdf_db,off,0,3113,195.3
cdf_db,off,0,3114,212.94
cdf_db,off,0,3115,195.6
cdf_db,off,0,3116,159.46
cdf_db,off,0,3117,214.94
cdf_db,off,0,3118,157.67
cdf_db,off,0,3119,192.13
cdf_db,off,0,3120,199.8
cdf_db,off,0,3121,191.83
cdf_db,off,0,3122,155.34
cdf_db,off,0,3123,211.67
cdf_db,off,0,3124,165.88
cdf_db,off,0,3125,238.38
cdf_db,off,0,3126,155.45
cdf_db,off,0,3127,212.59
cdf_db,off,0,3128,157.51
cdf_db,off,0,3129,191.41
cdf_db,off,0,3130,231.13
cdf_db,off,0,3131,190.96
cdf_db,off,0,3132,158.889
cdf_db,off,0,3133,213.669
cdf_db,off,0,3134,179.151
cdf_db,off,0,3135,293.02
cdf_db,off,0,3136,157.71
cdf_db,off,0,3137,189.91
cdf_db,off,0,3138,156.8
cdf_db,off,0,3139,186.04
cdf_db,off,0,3140,208.02
cdf_db,off,0,3141,189.93
cdf_db,off,0,3142,155.44
cdf_db,off,0,3143,189.2
cdf_db,off,0,3144,154.67
cdf_db,off,0,3145,195.08
cdf_db,off,0,3146,201.34
cdf_db,off,0,3147,189.49
cdf_db,off,0,3148,157.18
cdf_db,off,0,3149,188.52
cdf_db,off,0,3150,155.63
cdf_db,off,0,3151,241.48
cdf_db,off,0,3152,154.7
cdf_db,off,0,3153,189.65
cdf_db,off,0,3154,157.66
cdf_db,off,0,3155,186.55
cdf_db,off,0,3156,157.53
cdf_db,off,0,3157,231.111
cdf_db,off,0,3158,157.609
cdf_db,off,0,3159,189.711
cdf_db,off,0,3160,183.84
cdf_db,off,0,3161,185.211
cdf_db,off,0,3162,211.321
cdf_db,off,0,3163,189.35
cdf_db,off,0,3164,157.45
cdf_db,off,0,3165,190.64
cdf_db,off,0,3166,154.37
cdf_db,off,0,3167,189.36
cdf_db,off,0,3168,196.71
cdf_db,off,0,3169,187.35
cdf_db,off,0,3170,151.98
cdf_db,off,0,3171,183.06
cdf_db,off,0,3172,152.7
cdf_db,off,0,3173,255.34
cdf_db,off,0,3174,152.13
cdf_db,off,0,3175,186.53
cdf_db,off,0,3176,153.95
cdf_db,off,0,3177,192.78
cdf_db,off,0,3178,253.41
cdf_db,off,0,3179,192.83
cdf_db,off,0,3180,156.03
cdf_db,off,0,3181,188.41
cdf_db,off,0,3182,158.381
cdf_db,off,0,3183,194.349
cdf_db,off,0,3184,198.651
cdf_db,off,0,3185,148.24
cdf_db,off,0,3186,185.36
cdf_db,off,0,3187,156.441
cdf_db,off,0,3188,189.64
cdf_db,off,0,3189,209.94
cdf_db,off,0,3190,187.0
cdf_db,off,0,3191,156.29
cdf_db,off,0,3192,208.93
cdf_db,off,0,3193,158.91
cdf_db,off,0,3194,192.5
cdf_db,off,0,3195,201.53
cdf_db,off,0,3196,143.35
cdf_db,off,0,3197,185.58
cdf_db,off,0,3198,151.73
cdf_db,off,0,3199,184.28
cdf_db,off,0,3200,206.75
cdf_db,off,0,3201,189.76
cdf_db,off,0,3202,154.89
cdf_db,off,0,3203,191.19
cdf_db,off,0,3204,160.11
cdf_db,off,0,3205,195.57
cdf_db,off,0,3206,198.54
cdf_db,off,0,3207,188.91
cdf_db,off,0,3208,155.25
cdf_db,off,0,3209,188.281
cdf_db,off,0,3210,154.98
cdf_db,off,0,3211,264.551
cdf_db,off,0,3212,155.71
cdf_db,off,0,3213,185.27
cdf_db,off,0,3214,156.17
cdf_db,off,0,3215,186.8
cdf_db,off,0,3216,162.58
cdf_db,off,0,3217,232.49
cdf_db,off,0,3218,153.12
cdf_db,off,0,3219,189.62
cdf_db,off,0,3220,154.23
cdf_db,off,0,3221,190.25
cdf_db,off,0,3222,207.45
cdf_db,off,0,3223,188.66
cdf_db,off,0,3224,155.76
cdf_db,off,0,3225,187.07
cdf_db,off,0,3226,151.81
cdf_db,off,0,3227,196.39
cdf_db,off,0,3228,199.24
cdf_db,off,0,3229,190.42
cdf_db,off,0,3230,155.73
cdf_db,off,0,3231,191.86
cdf_db,off,0,3232,156.41
cdf_db,off,0,3233,240.35
cdf_db,off,0,3234,150.91
cdf_db,off,0,3235,187.81
cdf_db,off,0,3236,152.229
cdf_db,off,0,3237,187.52
cdf_db,off,0,3238,183.051
cdf_db,off,0,3239,227.75
cdf_db,off,0,3240,152.87
cdf_db,off,0,3241,364.56
cdf_db,off,0,3242,746.25
cdf_db,off,0,3243,256.59
cdf_db,off,0,3244,171.3
cdf_db,off,0,3245,229.04
cdf_db,off,0,3246,194.57
cdf_db,off,0,3247,150.19
cdf_db,off,0,3248,162.1
cdf_db,off,0,3249,144.36
cdf_db,off,0,3250,148.29
cdf_db,off,0,3251,208.89
cdf_db,off,0,3252,138.92
cdf_db,off,0,3253,142.22
cdf_db,off,0,3254,143.16
cdf_db,off,0,3255,140.24
cdf_db,off,0,3256,140.56
cdf_db,off,0,3257,203.37
cdf_db,off,0,3258,169.78
cdf_db,off,0,3259,142.64
cdf_db,off,0,3260,143.79
cdf_db,off,0,3261,139.71
cdf_db,off,0,3262,138.611
cdf_db,off,0,3263,145.231
cdf_db,off,0,3264,184.131
cdf_db,off,0,3265,134.43
cdf_db,off,0,3266,137.86
cdf_db,off,0,3267,131.03
cdf_db,off,0,3268,132.02
cdf_db,off,0,3269,131.99
cdf_db,off,0,3270,136.93
cdf_db,off,0,3271,183.48
cdf_db,off,0,3272,132.61
cdf_db,off,0,3273,160.99
cdf_db,off,0,3274,150.81
cdf_db,off,0,3275,137.99
cdf_db,off,0,3276,144.87
cdf_db,off,0,3277,189.25
cdf_db,off,0,3278,143.18
cdf_db,off,0,3279,135.58
cdf_db,off,0,3280,134.65
cdf_db,off,0,3281,140.97
cdf_db,off,0,3282,141.06
cdf_db,off,0,3283,136.44
cdf_db,off,0,3284,214.39
cdf_db,off,0,3285,141.97
cdf_db,off,0,3286,149.07
cdf_db,off,0,3287,134.7
cdf_db,off,0,3288,140.7
cdf_db,off,0,3289,135.4
cdf_db,off,0,3290,149.29
cdf_db,off,0,3291,178.57
cdf_db,off,0,3292,142.58
cdf_db,off,0,3293,158.68
cdf_db,off,0,3294,138.14
cdf_db,off,0,3295,147.42
cdf_db,off,0,3296,134.64
cdf_db,off,0,3297,214.341
cdf_db,off,0,3298,135.33
cdf_db,off,0,3299,141.39
cdf_db,off,0,3300,167.12
cdf_db,off,0,3301,138.58
cdf_db,off,0,3302,134.03
cdf_db,off,0,3303,146.41
cdf_db,off,0,3304,213.18
cdf_db,off,0,3305,147.37
cdf_db,off,0,3306,147.38
cdf_db,off,0,3307,163.01
cdf_db,off,0,3308,140.56
cdf_db,off,0,3309,168.32
cdf_db,off,0,3310,188.71
cdf_db,off,0,3311,171.51
cdf_db,off,0,3312,157.34
cdf_db,off,0,3313,190.48
cdf_db,off,0,3314,142.54
cdf_db,off,0,3315,145.73
cdf_db,off,0,3316,188.76
cdf_db,off,0,3317,141.55
cdf_db,off,0,3318,136.82
cdf_db,off,0,3319,155.84
cdf_db,off,0,3320,147.06
cdf_db,off,0,3321,132.651
cdf_db,off,0,3322,154.609
cdf_db,off,0,3323,202.12
cdf_db,off,0,3324,133.869
cdf_db,off,0,3325,146.689
cdf_db,off,0,3326,145.72
cdf_db,off,0,3327,150.36
cdf_db,off,0,3328,156.381
cdf_db,off,0,3329,184.81
cdf_db,off,0,3330,142.06
cdf_db,off,0,3331,137.19
cdf_db,off,0,3332,140.55
cdf_db,off,0,3333,131.76
cdf_db,off,0,3334,141.82
cdf_db,off,0,3335,140.65
cdf_db,off,0,3336,184.09
cdf_db,off,0,3337,138.8
cdf_db,off,0,3338,166.15
cdf_db,off,0,3339,136.99
cdf_db,off,0,3340,142.52
cdf_db,off,0,3341,134.98
cdf_db,off,0,3342,200.41
cdf_db,off,0,3343,148.31
cdf_db,off,0,3344,149.21
cdf_db,off,0,3345,138.81
cdf_db,off,0,3346,135.0
cdf_db,off,0,3347,143.11
cdf_db,off,0,3348,139.25
cdf_db,off,0,3349,190.08
cdf_db,off,0,3350,141.17
cdf_db,off,0,3351,130.87
cdf_db,off,0,3352,139.63
cdf_db,off,0,3353,148.75
cdf_db,off,0,3354,129.951
cdf_db,off,0,3355,147.709
cdf_db,off,0,3356,186.849
cdf_db,off,0,3357,135.8
cdf_db,off,0,3358,142.311
cdf_db,off,0,3359,148.41
cdf_db,off,0,3360,133.67
cdf_db,off,0,3361,142.46
cdf_db,off,0,3362,141.69
cdf_db,off,0,3363,184.11
cdf_db,off,0,3364,140.77
cdf_db,off,0,3365,134.25
cdf_db,off,0,3366,143.43
cdf_db,off,0,3367,140.86
cdf_db,off,0,3368,133.01
cdf_db,off,0,3369,206.78
cdf_db,off,0,3370,139.31
cdf_db,off,0,3371,140.85
cdf_db,off,0,3372,132.19
cdf_db,off,0,3373,162.22
cdf_db,off,0,3374,138.92
cdf_db,off,0,3375,145.3
cdf_db,off,0,3376,192.05
cdf_db,off,0,3377,140.22
cdf_db,off,0,3378,131.19
cdf_db,off,0,3379,141.14
cdf_db,off,0,3380,147.1
cdf_db,off,0,3381,140.33
cdf_db,off,0,3382,133.85
cdf_db,off,0,3383,181.75
cdf_db,off,0,3384,138.75
cdf_db,off,0,3385,141.47
cdf_db,off,0,3386,141.711
cdf_db,off,0,3387,132.009
cdf_db,off,0,3388,136.14
cdf_db,off,0,3389,141.331
cdf_db,off,0,3390,182.01
cdf_db,off,0,3391,141.63
cdf_db,off,0,3392,147.45
cdf_db,off,0,3393,148.22
cdf_db,off,0,3394,141.05
cdf_db,off,0,3395,134.96
cdf_db,off,0,3396,211.66
cdf_db,off,0,3397,142.48
cdf_db,off,0,3398,145.45
cdf_db,off,0,3399,136.69
cdf_db,off,0,3400,138.56
cdf_db,off,0,3401,156.86
cdf_db,off,0,3402,149.58
cdf_db,off,0,3403,187.32
cdf_db,off,0,3404,132.81
cdf_db,off,0,3405,144.5
cdf_db,off,0,3406,136.71
cdf_db,off,0,3407,140.1
cdf_db,off,0,3408,132.3
cdf_db,off,0,3409,147.12
cdf_db,off,0,3410,185.4
cdf_db,off,0,3411,130.47
cdf_db,off,0,3412,140.38
cdf_db,off,0,3413,130.09
cdf_db,off,0,3414,135.98
cdf_db,off,0,3415,138.9
cdf_db,off,0,3416,196.52
cdf_db,off,0,3417,151.73
cdf_db,off,0,3418,133.83
cdf_db,off,0,3419,142.35
cdf_db,off,0,3420,134.96
cdf_db,off,0,3421,147.65
cdf_db,off,0,3422,134.25
cdf_db,off,0,3423,212.64
cdf_db,off,0,3424,137.16
cdf_db,off,0,3425,141.86
cdf_db,off,0,3426,137.81
cdf_db,off,0,3427,134.34
cdf_db,off,0,3428,140.66
cdf_db,off,0,3429,142.0
cdf_db,off,0,3430,191.33
cdf_db,off,0,3431,140.53
cdf_db,off,0,3432,139.07
cdf_db,off,0,3433,142.9
cdf_db,off,0,3434,131.59
cdf_db,off,0,3435,138.75
cdf_db,off,0,3436,134.61
cdf_db,off,0,3437,182.77
cdf_db,off,0,3438,139.76
cdf_db,off,0,3439,164.13
cdf_db,off,0,3440,153.27
cdf_db,off,0,3441,140.38
cdf_db,off,0,3442,134.75
cdf_db,off,0,3443,194.88
cdf_db,off,0,3444,140.04
cdf_db,off,0,3445,143.84
cdf_db,off,0,3446,132.38
cdf_db,off,0,3447,142.78
cdf_db,off,0,3448,131.41
cdf_db,off,0,3449,161.54
cdf_db,off,0,3450,188.23
cdf_db,off,0,3451,154.71
cdf_db,off,0,3452,152.17
cdf_db,off,0,3453,137.429
cdf_db,off,0,3454,136.66
cdf_db,off,0,3455,131.789
cdf_db,off,0,3456,191.831
cdf_db,off,0,3457,139.401
cdf_db,off,0,3458,131.32
cdf_db,off,0,3459,139.73
cdf_db,off,0,3460,160.97
cdf_db,off,0,3461,134.72
cdf_db,off,0,3462,140.28
cdf_db,off,0,3463,188.42
cdf_db,off,0,3464,136.79
cdf_db,off,0,3465,154.93
cdf_db,off,0,3466,134.97
cdf_db,off,0,3467,175.96
cdf_db,off,0,3468,144.68
cdf_db,off,0,3469,135.05
cdf_db,off,0,3470,201.52
cdf_db,off,0,3471,142.71
cdf_db,off,0,3472,142.09
cdf_db,off,0,3473,163.12
cdf_db,off,0,3474,136.69
cdf_db,off,0,3475,144.43
cdf_db,off,0,3476,219.52
cdf_db,off,0,3477,142.26
cdf_db,off,0,3478,167.97
cdf_db,off,0,3479,144.42
cdf_db,off,0,3480,136.52
cdf_db,off,0,3481,168.58
cdf_db,off,0,3482,240.04
cdf_db,off,0,3483,418.291
cdf_db,off,0,3484,170.16
cdf_db,off,0,3485,143.349
cdf_db,off,0,3486,201.34
cdf_db,off,0,3487,148.87
cdf_db,off,0,3488,146.78
cdf_db,off,0,3489,140.98
cdf_db,off,0,3490,144.93
cdf_db,off,0,3491,143.3
cdf_db,off,0,3492,140.34
cdf_db,off,0,3493,191.25
cdf_db,off,0,3494,139.29
cdf_db,off,0,3495,141.1
cdf_db,off,0,3496,138.79
cdf_db,off,0,3497,132.42
cdf_db,off,0,3498,137.21
cdf_db,off,0,3499,159.08
cdf_db,off,0,3500,183.36
cdf_db,off,0,3501,145.64
cdf_db,off,0,3502,136.93
cdf_db,off,0,3503,151.63
cdf_db,off,0,3504,151.52
cdf_db,off,0,3505,140.35
cdf_db,off,0,3506,199.24
cdf_db,off,0,3507,134.84
cdf_db,off,0,3508,140.51
cdf_db,off,0,3509,129.18
cdf_db,off,0,3510,130.85
cdf_db,off,0,3511,145.37
cdf_db,off,0,3512,130.349
cdf_db,off,0,3513,188.58
cdf_db,off,0,3514,139.269
cdf_db,off,0,3515,136.04
cdf_db,off,0,3516,149.871
cdf_db,off,0,3517,138.96
cdf_db,off,0,3518,134.441
cdf_db,off,0,3519,154.59
cdf_db,off,0,3520,180.56
cdf_db,off,0,3521,142.32
cdf_db,off,0,3522,134.59
cdf_db,off,0,3523,138.43
cdf_db,off,0,3524,130.65
cdf_db,off,0,3525,137.45
cdf_db,off,0,3526,137.92
cdf_db,off,0,3527,182.89
cdf_db,off,0,3528,139.31
cdf_db,off,0,3529,134.51
cdf_db,off,0,3530,140.58
cdf_db,off,0,3531,160.99
cdf_db,off,0,3532,133.76
cdf_db,off,0,3533,150.91
cdf_db,off,0,3534,195.11
cdf_db,off,0,3535,131.83
cdf_db,off,0,3536,145.07
cdf_db,off,0,3537,138.51
cdf_db,off,0,3538,143.91
cdf_db,off,0,3539,140.35
cdf_db,off,0,3540,207.18
cdf_db,off,0,3541,148.47
cdf_db,off,0,3542,140.91
cdf_db,off,0,3543,132.76
cdf_db,off,0,3544,149.16
cdf_db,off,0,3545,139.12
cdf_db,off,0,3546,140.69
cdf_db,off,0,3547,192.36
cdf_db,off,0,3548,138.911
cdf_db,off,0,3549,138.091
cdf_db,off,0,3550,138.74
cdf_db,off,0,3551,137.75
cdf_db,off,0,3552,137.56
cdf_db,off,0,3553,213.98
cdf_db,off,0,3554,138.75
cdf_db,off,0,3555,147.62
cdf_db,off,0,3556,135.7
cdf_db,off,0,3557,138.89
cdf_db,off,0,3558,137.29
cdf_db,off,0,3559,132.23
cdf_db,off,0,3560,207.27
cdf_db,off,0,3561,153.9
cdf_db,off,0,3562,162.49
cdf_db,off,0,3563,142.42
cdf_db,off,0,3564,136.53
cdf_db,off,0,3565,139.57
cdf_db,off,0,3566,150.59
cdf_db,off,0,3567,180.67
cdf_db,off,0,3568,155.82
cdf_db,off,0,3569,131.2
cdf_db,off,0,3570,140.87
cdf_db,off,0,3571,133.96
cdf_db,off,0,3572,141.22
cdf_db,off,0,3573,194.63
cdf_db,off,0,3574,144.6
cdf_db,off,0,3575,137.75
cdf_db,off,0,3576,132.63
cdf_db,off,0,3577,130.5
cdf_db,off,0,3578,140.23
cdf_db,off,0,3579,131.73
cdf_db,off,0,3580,182.371
cdf_db,off,0,3581,145.349
cdf_db,off,0,3582,131.56
cdf_db,off,0,3583,134.461
cdf_db,off,0,3584,128.92
cdf_db,off,0,3585,166.26
cdf_db,off,0,3586,137.51
cdf_db,off,0,3587,180.86
cdf_db,off,0,3588,132.89
cdf_db,off,0,3589,132.76
cdf_db,off,0,3590,134.0
cdf_db,off,0,3591,141.82
cdf_db,off,0,3592,131.49
cdf_db,off,0,3593,138.82
cdf_db,off,0,3594,222.13
cdf_db,off,0,3595,130.13
cdf_db,off,0,3596,133.59
cdf_db,off,0,3597,135.91
cdf_db,off,0,3598,132.49
cdf_db,off,0,3599,131.52
cdf_db,off,0,3600,142.85
cdf_db,off,0,3601,207.93
cdf_db,off,0,3602,132.78
cdf_db,off,0,3603,134.63
cdf_db,off,0,3604,136.64
cdf_db,off,0,3605,134.31
cdf_db,off,0,3606,133.38
cdf_db,off,0,3607,134.16
cdf_db,off,0,3608,174.9
cdf_db,off,0,3609,130.98
cdf_db,off,0,3610,131.52
cdf_db,off,0,3611,144.55
cdf_db,off,0,3612,133.911
cdf_db,off,0,3613,129.94
cdf_db,off,0,3614,159.54
cdf_db,off,0,3615,201.051
cdf_db,off,0,3616,134.53
cdf_db,off,0,3617,135.48
cdf_db,off,0,3618,135.21
cdf_db,off,0,3619,137.05
cdf_db,off,0,3620,134.18
cdf_db,off,0,3621,200.15
cdf_db,off,0,3622,133.68
cdf_db,off,0,3623,165.18
cdf_db,off,0,3624,135.19
cdf_db,off,0,3625,131.64
cdf_db,off,0,3626,136.4
cdf_db,off,0,3627,134.8
cdf_db,off,0,3628,190.41
cdf_db,off,0,3629,134.85
cdf_db,off,0,3630,156.0
cdf_db,off,0,3631,137.36
cdf_db,off,0,3632,135.77
cdf_db,off,0,3633,133.38
cdf_db,off,0,3634,139.01
cdf_db,off,0,3635,180.29
cdf_db,off,0,3636,154.81
cdf_db,off,0,3637,131.19
cdf_db,off,0,3638,134.65
cdf_db,off,0,3639,133.94
cdf_db,off,0,3640,154.89
cdf_db,off,0,3641,140.85
cdf_db,off,0,3642,172.87
cdf_db,off,0,3643,153.82
cdf_db,off,0,3644,133.491
cdf_db,off,0,3645,157.569
cdf_db,off,0,3646,152.5
cdf_db,off,0,3647,186.38
cdf_db,off,0,3648,186.389
cdf_db,off,0,3649,135.589
cdf_db,off,0,3650,134.449
cdf_db,off,0,3651,131.731
cdf_db,off,0,3652,130.9
cdf_db,off,0,3653,133.62
cdf_db,off,0,3654,137.42
cdf_db,off,0,3655,182.88
cdf_db,off,0,3656,133.49
cdf_db,off,0,3657,133.21
cdf_db,off,0,3658,133.76
cdf_db,off,0,3659,130.34
cdf_db,off,0,3660,134.1
cdf_db,off,0,3661,136.96
cdf_db,off,0,3662,191.99
cdf_db,off,0,3663,133.9
cdf_db,off,0,3664,133.16
cdf_db,off,0,3665,135.37
cdf_db,off,0,3666,132.79
cdf_db,off,0,3667,147.43
cdf_db,off,0,3668,140.65
cdf_db,off,0,3669,180.35
cdf_db,off,0,3670,132.68
cdf_db,off,0,3671,133.82
cdf_db,off,0,3672,131.2
cdf_db,off,0,3673,130.28
cdf_db,off,0,3674,133.55
cdf_db,off,0,3675,131.511
cdf_db,off,0,3676,189.24
cdf_db,off,0,3677,131.749
cdf_db,off,0,3678,132.569
cdf_db,off,0,3679,135.091
cdf_db,off,0,3680,132.711
cdf_db,off,0,3681,130.78
cdf_db,off,0,3682,131.42
cdf_db,off,0,3683,198.94
cdf_db,off,0,3684,132.89
cdf_db,off,0,3685,132.74
cdf_db,off,0,3686,137.83
cdf_db,off,0,3687,129.58
cdf_db,off,0,3688,135.66
cdf_db,off,0,3689,137.21
cdf_db,off,0,3690,203.47
cdf_db,off,0,3691,140.79
cdf_db,off,0,3692,138.56
cdf_db,off,0,3693,134.23
cdf_db,off,0,3694,132.43
cdf_db,off,0,3695,163.31
cdf_db,off,0,3696,141.83
cdf_db,off,0,3697,180.08
cdf_db,off,0,3698,134.21
cdf_db,off,0,3699,129.33
cdf_db,off,0,3700,136.0
cdf_db,off,0,3701,133.64
cdf_db,off,0,3702,128.42
cdf_db,off,0,3703,133.26
cdf_db,off,0,3704,188.83
cdf_db,off,0,3705,135.3
cdf_db,off,0,3706,135.03
cdf_db,off,0,3707,133.46
cdf_db,off,0,3708,131.11
cdf_db,off,0,3709,131.76
cdf_db,off,0,3710,139.35
cdf_db,off,0,3711,182.26
cdf_db,off,0,3712,134.37
cdf_db,off,0,3713,132.631
cdf_db,off,0,3714,133.58
cdf_db,off,0,3715,133.44
cdf_db,off,0,3716,131.611
cdf_db,off,0,3717,137.44
cdf_db,off,0,3718,176.61
cdf_db,off,0,3719,129.88
cdf_db,off,0,3720,131.35
cdf_db,off,0,3721,132.29
cdf_db,off,0,3722,131.07
cdf_db,off,0,3723,129.3
cdf_db,off,0,3724,145.22
cdf_db,off,0,3725,212.55
cdf_db,off,0,3726,140.17
cdf_db,off,0,3727,138.85
cdf_db,off,0,3728,133.98
cdf_db,off,0,3729,137.24
cdf_db,off,0,3730,140.74
cdf_db,off,0,3731,142.5
cdf_db,off,0,3732,180.94
cdf_db,off,0,3733,142.93
cdf_db,off,0,3734,131.96
cdf_db,off,0,3735,140.13
cdf_db,off,0,3736,134.04
cdf_db,off,0,3737,139.42
cdf_db,off,0,3738,134.84
cdf_db,off,0,3739,183.19
cdf_db,off,0,3740,140.81
cdf_db,off,0,3741,133.39
cdf_db,off,0,3742,139.82
cdf_db,off,0,3743,134.86
cdf_db,off,0,3744,134.36
cdf_db,off,0,3745,133.15
cdf_db,off,0,3746,184.141
cdf_db,off,0,3747,143.1
cdf_db,off,0,3748,160.56
cdf_db,off,0,3749,147.751
cdf_db,off,0,3750,136.31
cdf_db,off,0,3751,139.18
cdf_db,off,0,3752,197.22
cdf_db,off,0,3753,139.76
cdf_db,off,0,3754,143.08
cdf_db,off,0,3755,137.67
cdf_db,off,0,3756,141.04
cdf_db,off,0,3757,140.95
cdf_db,off,0,3758,139.85
cdf_db,off,0,3759,196.51
cdf_db,off,0,3760,140.2
cdf_db,off,0,3761,137.72
cdf_db,off,0,3762,134.27
cdf_db,off,0,3763,139.28
cdf_db,off,0,3764,992.25
cdf_db,off,0,3765,231.52
cdf_db,off,0,3766,288.53
cdf_db,off,0,3767,166.67
cdf_db,off,0,3768,194.07
cdf_db,off,0,3769,155.49
cdf_db,off,0,3770,192.67
cdf_db,off,0,3771,209.631
cdf_db,off,0,3772,191.48
cdf_db,off,0,3773,155.5
cdf_db,off,0,3774,192.38
cdf_db,off,0,3775,156.44
cdf_db,off,0,3776,204.38
cdf_db,off,0,3777,223.87
cdf_db,off,0,3778,193.54
cdf_db,off,0,3779,180.2
cdf_db,off,0,3780,190.68
cdf_db,off,0,3781,161.84
cdf_db,off,0,3782,230.62
cdf_db,off,0,3783,156.34
cdf_db,off,0,3784,190.57
cdf_db,off,0,3785,158.8
cdf_db,off,0,3786,196.07
cdf_db,off,0,3787,231.23
cdf_db,off,0,3788,193.93
cdf_db,off,0,3789,153.9
cdf_db,off,0,3790,188.55
cdf_db,off,0,3791,157.25
cdf_db,off,0,3792,244.19
cdf_db,off,0,3793,158.31
cdf_db,off,0,3794,216.24
cdf_db,off,0,3795,157.711
cdf_db,off,0,3796,192.711
cdf_db,off,0,3797,154.531
cdf_db,off,0,3798,234.94
cdf_db,off,0,3799,156.151
cdf_db,off,0,3800,212.151
cdf_db,off,0,3801,156.3
cdf_db,off,0,3802,199.16
cdf_db,off,0,3803,207.58
cdf_db,off,0,3804,217.71
cdf_db,off,0,3805,158.96
cdf_db,off,0,3806,196.65
cdf_db,off,0,3807,214.46
cdf_db,off,0,3808,202.93
cdf_db,off,0,3809,217.07
cdf_db,off,0,3810,178.3
cdf_db,off,0,3811,232.51
cdf_db,off,0,3812,166.15
cdf_db,off,0,3813,201.37
cdf_db,off,0,3814,196.04
cdf_db,off,0,3815,162.88
cdf_db,off,0,3816,191.45
cdf_db,off,0,3817,159.81
cdf_db,off,0,3818,241.22
cdf_db,off,0,3819,159.04
cdf_db,off,0,3820,190.08
cdf_db,off,0,3821,153.66
cdf_db,off,0,3822,190.751
cdf_db,off,0,3823,165.971
cdf_db,off,0,3824,236.589
cdf_db,off,0,3825,156.41
cdf_db,off,0,3826,188.84
cdf_db,off,0,3827,159.16
cdf_db,off,0,3828,187.46
cdf_db,off,0,3829,226.76
cdf_db,off,0,3830,188.53
cdf_db,off,0,3831,156.44
cdf_db,off,0,3832,187.6
cdf_db,off,0,3833,158.27
cdf_db,off,0,3834,257.78
cdf_db,off,0,3835,155.86
cdf_db,off,0,3836,193.41
cdf_db,off,0,3837,154.82
cdf_db,off,0,3838,190.43
cdf_db,off,0,3839,161.13
cdf_db,off,0,3840,242.94
cdf_db,off,0,3841,155.58
cdf_db,off,0,3842,189.68
cdf_db,off,0,3843,154.35
cdf_db,off,0,3844,185.68
cdf_db,off,0,3845,211.97
cdf_db,off,0,3846,189.48
cdf_db,off,0,3847,155.851
cdf_db,off,0,3848,188.011
cdf_db,off,0,3849,155.691
cdf_db,off,0,3850,199.42
cdf_db,off,0,3851,200.78
cdf_db,off,0,3852,204.58
cdf_db,off,0,3853,158.52
cdf_db,off,0,3854,189.32
cdf_db,off,0,3855,153.22
cdf_db,off,0,3856,239.45
cdf_db,off,0,3857,154.66
cdf_db,off,0,3858,193.51
cdf_db,off,0,3859,180.45
cdf_db,off,0,3860,195.03
cdf_db,off,0,3861,208.93
cdf_db,off,0,3862,190.42
cdf_db,off,0,3863,153.5
cdf_db,off,0,3864,187.31
cdf_db,off,0,3865,154.17
cdf_db,off,0,3866,192.11
cdf_db,off,0,3867,201.71
cdf_db,off,0,3868,188.39
cdf_db,off,0,3869,155.92
cdf_db,off,0,3870,185.52
cdf_db,off,0,3871,156.86
cdf_db,off,0,3872,242.05
cdf_db,off,0,3873,158.46
cdf_db,off,0,3874,190.64
cdf_db,off,0,3875,151.64
cdf_db,off,0,3876,187.99
cdf_db,off,0,3877,156.73
cdf_db,off,0,3878,236.62
cdf_db,off,0,3879,154.34
cdf_db,off,0,3880,186.77
cdf_db,off,0,3881,151.75
cdf_db,off,0,3882,185.72
cdf_db,off,0,3883,209.02
cdf_db,off,0,3884,192.43
cdf_db,off,0,3885,154.26
cdf_db,off,0,3886,184.81
cdf_db,off,0,3887,153.98
cdf_db,off,0,3888,194.77
cdf_db,off,0,3889,227.25
cdf_db,off,0,3890,188.95
cdf_db,off,0,3891,156.04
cdf_db,off,0,3892,192.3
cdf_db,off,0,3893,156.88
cdf_db,off,0,3894,241.24
cdf_db,off,0,3895,153.67
cdf_db,off,0,3896,190.65
cdf_db,off,0,3897,153.4
cdf_db,off,0,3898,187.23
cdf_db,off,0,3899,154.98
cdf_db,off,0,3900,231.361
cdf_db,off,0,3901,152.54
cdf_db,off,0,3902,203.461
cdf_db,off,0,3903,158.39
cdf_db,off,0,3904,194.98
cdf_db,off,0,3905,219.48
cdf_db,off,0,3906,192.21
cdf_db,off,0,3907,153.56
cdf_db,off,0,3908,186.43
cdf_db,off,0,3909,153.33
cdf_db,off,0,3910,246.89
cdf_db,off,0,3911,177.19
cdf_db,off,0,3912,189.53
cdf_db,off,0,3913,155.62
cdf_db,off,0,3914,189.32
cdf_db,off,0,3915,162.08
cdf_db,off,0,3916,236.24
cdf_db,off,0,3917,155.16
cdf_db,off,0,3918,188.81
cdf_db,off,0,3919,155.67
cdf_db,off,0,3920,186.3
cdf_db,off,0,3921,206.71
cdf_db,off,0,3922,191.3
cdf_db,off,0,3923,153.02
cdf_db,off,0,3924,187.54
cdf_db,off,0,3925,154.7
cdf_db,off,0,3926,193.91
cdf_db,off,0,3927,198.531
cdf_db,off,0,3928,191.631
cdf_db,off,0,3929,186.92
cdf_db,off,0,3930,192.009
cdf_db,off,0,3931,162.151
cdf_db,off,0,3932,237.75
cdf_db,off,0,3933,157.72
cdf_db,off,0,3934,404.03
cdf_db,off,0,3935,185.34
cdf_db,off,0,3936,247.76
cdf_db,off,0,3937,158.82
cdf_db,off,0,3938,192.9
cdf_db,off,0,3939,158.66
cdf_db,off,0,3940,188.28
cdf_db,off,0,3941,234.11
cdf_db,off,0,3942,195.84
cdf_db,off,0,3943,154.09
cdf_db,off,0,3944,185.86
cdf_db,off,0,3945,156.57
cdf_db,off,0,3946,196.0
cdf_db,off,0,3947,205.61
cdf_db,off,0,3948,147.49
cdf_db,off,0,3949,189.74
cdf_db,off,0,3950,154.38
cdf_db,off,0,3951,217.349
cdf_db,off,0,3952,209.9
cdf_db,off,0,3953,190.66
cdf_db,off,0,3954,162.78
cdf_db,off,0,3955,185.731
cdf_db,off,0,3956,151.63
cdf_db,off,0,3957,190.77
cdf_db,off,0,3958,221.42
cdf_db,off,0,3959,185.74
cdf_db,off,0,3960,154.39
cdf_db,off,0,3961,187.72
cdf_db,off,0,3962,164.0
cdf_db,off,0,3963,241.4
cdf_db,off,0,3964,154.0
cdf_db,off,0,3965,188.7
cdf_db,off,0,3966,153.8
cdf_db,off,0,3967,186.87
cdf_db,off,0,3968,214.85
cdf_db,off,0,3969,215.56
cdf_db,off,0,3970,154.73
cdf_db,off,0,3971,187.99
cdf_db,off,0,3972,156.52
cdf_db,off,0,3973,218.88
cdf_db,off,0,3974,202.18
cdf_db,off,0,3975,202.95
cdf_db,off,0,3976,181.61
cdf_db,off,0,3977,211.811
cdf_db,off,0,3978,278.98
cdf_db,off,0,3979,191.8
cdf_db,off,0,3980,162.17
cdf_db,off,0,3981,189.75
cdf_db,off,0,3982,161.7
cdf_db,off,0,3983,192.05
cdf_db,off,0,3984,212.42
cdf_db,off,0,3985,192.03
cdf_db,off,0,3986,154.94
cdf_db,off,0,3987,190.49
cdf_db,off,0,3988,156.53
cdf_db,off,0,3989,252.98
cdf_db,off,0,3990,162.44
cdf_db,off,0,3991,192.77
cdf_db,off,0,3992,163.74
cdf_db,off,0,3993,187.92
cdf_db,off,0,3994,209.4
cdf_db,off,0,3995,189.7
cdf_db,off,0,3996,155.99
cdf_db,off,0,3997,190.1
cdf_db,off,0,3998,155.03
cdf_db,off,0,3999,193.27
cdf_db,off,0,4000,200.23
cdf_db,off,0,4001,186.951
cdf_db,off,0,4002,154.86
cdf_db,off,0,4003,209.891
cdf_db,off,0,4004,155.071
cdf_db,off,0,4005,242.6
cdf_db,off,0,4006,153.26
cdf_db,off,0,4007,188.0
cdf_db,off,0,4008,151.73
cdf_db,off,0,4009,184.52
cdf_db,off,0,4010,160.07
cdf_db,off,0,4011,233.55
cdf_db,off,0,4012,152.92
cdf_db,off,0,4013,187.31
cdf_db,off,0,4014,154.12
cdf_db,off,0,4015,188.52
cdf_db,off,0,4016,208.35
cdf_db,off,0,4017,187.56
cdf_db,off,0,4018,153.48
cdf_db,off,0,4019,184.73
cdf_db,off,0,4020,156.32
cdf_db,off,0,4021,198.23
cdf_db,off,0,4022,231.08
cdf_db,off,0,4023,147.32
cdf_db,off,0,4024,188.5
cdf_db,off,0,4025,155.71
cdf_db,off,0,4026,188.69
cdf_db,off,0,4027,209.56
cdf_db,off,0,4028,191.72
cdf_db,off,0,4029,153.86
cdf_db,off,0,4030,189.661
cdf_db,off,0,4031,152.089
cdf_db,off,0,4032,191.16
cdf_db,off,0,4033,198.731
cdf_db,off,0,4034,189.91
cdf_db,off,0,4035,155.59
cdf_db,off,0,4036,209.78
cdf_db,off,0,4037,178.85
cdf_db,off,0,4038,247.45
cdf_db,off,0,4039,158.23
cdf_db,off,0,4040,190.97
cdf_db,off,0,4041,156.81
cdf_db,off,0,4042,185.42
cdf_db,off,0,4043,216.18
cdf_db,off,0,4044,191.14
cdf_db,off,0,4045,151.22
cdf_db,off,0,4046,208.06
cdf_db,off,0,4047,155.65
cdf_db,off,0,4048,210.02
cdf_db,off,0,4049,220.03
cdf_db,off,0,4050,190.8
cdf_db,off,0,4051,155.37
cdf_db,off,0,4052,191.37
cdf_db,off,0,4053,160.79
cdf_db,off,0,4054,260.24
cdf_db,off,0,4055,155.68
cdf_db,off,0,4056,188.04
cdf_db,off,0,4057,163.609
cdf_db,off,0,4058,188.34
cdf_db,off,0,4059,206.741
cdf_db,off,0,4060,212.26
cdf_db,off,0,4061,154.4
cdf_db,off,0,4062,189.45
cdf_db,off,0,4063,156.22
cdf_db,off,0,4064,265.17
cdf_db,off,0,4065,152.95
cdf_db,off,0,4066,191.73
cdf_db,off,0,4067,176.61
cdf_db,off,0,4068,187.3
cdf_db,off,0,4069,162.57
cdf_db,off,0,4070,264.39
cdf_db,off,0,4071,199.88
cdf_db,off,0,4072,188.99
cdf_db,off,0,4073,156.04
cdf_db,off,0,4074,195.88
cdf_db,off,0,4075,202.57
cdf_db,off,0,4076,190.71
cdf_db,off,0,4077,154.39
cdf_db,off,0,4078,185.8
cdf_db,off,0,4079,153.06
cdf_db,off,0,4080,248.709
cdf_db,off,0,4081,153.4
cdf_db,off,0,4082,186.96
cdf_db,off,0,4083,156.731
cdf_db,off,0,4084,187.189
cdf_db,off,0,4085,158.811
cdf_db,off,0,4086,233.39
cdf_db,off,0,4087,154.78
cdf_db,off,0,4088,196.65
cdf_db,off,0,4089,155.99
cdf_db,off,0,4090,199.7
cdf_db,off,0,4091,211.02
cdf_db,off,0,4092,189.33
cdf_db,off,0,4093,157.51
cdf_db,off,0,4094,193.71
cdf_db,off,0,4095,160.44
cdf_db,off,0,4096,281.82
cdf_db,off,0,4097,160.5
cdf_db,off,0,4098,194.63
cdf_db,off,0,4099,155.81
cdf_db,off,0,4100,190.37
cdf_db,off,0,4101,154.67
cdf_db,off,0,4102,263.06
cdf_db,off,0,4103,157.95
cdf_db,off,0,4104,192.88
cdf_db,off,0,4105,156.34
cdf_db,off,0,4106,196.391
cdf_db,off,0,4107,200.209
cdf_db,off,0,4108,187.84
cdf_db,off,0,4109,154.13
cdf_db,off,0,4110,184.71
cdf_db,off,0,4111,153.68
cdf_db,off,0,4112,249.32
cdf_db,off,0,4113,151.75
cdf_db,off,0,4114,190.11
cdf_db,off,0,4115,182.69
cdf_db,off,0,4116,188.95
cdf_db,off,0,4117,160.98
cdf_db,off,0,4118,233.28
cdf_db,off,0,4119,154.96
cdf_db,off,0,4120,187.94
cdf_db,off,0,4121,167.78
cdf_db,off,0,4122,189.05
cdf_db,off,0,4123,225.56
cdf_db,off,0,4124,189.68
cdf_db,off,0,4125,156.26
cdf_db,off,0,4126,189.61
cdf_db,off,0,4127,156.46
cdf_db,off,0,4128,197.22
cdf_db,off,0,4129,196.87
cdf_db,off,0,4130,189.88
cdf_db,off,0,4131,154.43
cdf_db,off,0,4132,190.78
cdf_db,off,0,4133,161.271
cdf_db,off,0,4134,233.68
cdf_db,off,0,4135,154.25
cdf_db,off,0,4136,188.27
cdf_db,off,0,4137,155.29
cdf_db,off,0,4138,185.76
cdf_db,off,0,4139,217.29
cdf_db,off,0,4140,176.3
cdf_db,off,0,4141,190.98
cdf_db,off,0,4142,156.37
cdf_db,off,0,4143,188.72
cdf_db,off,0,4144,159.89
cdf_db,off,0,4145,235.5
cdf_db,off,0,4146,155.14
cdf_db,off,0,4147,191.25
cdf_db,off,0,4148,157.31
cdf_db,off,0,4149,186.87
cdf_db,off,0,4150,205.03
cdf_db,off,0,4151,190.14
cdf_db,off,0,4152,154.2
cdf_db,off,0,4153,186.46
cdf_db,off,0,4154,154.43
cdf_db,off,0,4155,198.52
cdf_db,off,0,4156,203.82
cdf_db,off,0,4157,142.19
cdf_db,off,0,4158,188.72
cdf_db,off,0,4159,151.83
cdf_db,off,0,4160,183.84
cdf_db,off,0,4161,214.009
cdf_db,off,0,4162,188.349
cdf_db,off,0,4163,152.971
cdf_db,off,0,4164,188.01
cdf_db,off,0,4165,153.79
cdf_db,off,0,4166,194.28
cdf_db,off,0,4167,221.35
cdf_db,off,0,4168,188.71
cdf_db,off,0,4169,153.56
cdf_db,off,0,4170,186.49
cdf_db,off,0,4171,154.99
cdf_db,off,0,4172,240.41
cdf_db,off,0,4173,156.68
cdf_db,off,0,4174,187.43
cdf_db,off,0,4175,154.73
cdf_db,off,0,4176,186.0
cdf_db,off,0,4177,157.26
cdf_db,off,0,4178,233.74
cdf_db,off,0,4179,153.93
cdf_db,off,0,4180,185.45
cdf_db,off,0,4181,157.35
cdf_db,off,0,4182,188.42
cdf_db,off,0,4183,211.12
cdf_db,off,0,4184,190.04
cdf_db,off,0,4185,154.14
cdf_db,off,0,4186,189.651
cdf_db,off,0,4187,157.389
cdf_db,off,0,4188,219.02
cdf_db,off,0,4189,197.18
cdf_db,off,0,4190,188.27
cdf_db,off,0,4191,153.29
cdf_db,off,0,4192,184.87
cdf_db,off,0,4193,154.42
cdf_db,off,0,4194,251.25
cdf_db,off,0,4195,160.93
cdf_db,off,0,4196,191.81
cdf_db,off,0,4197,155.32
cdf_db,off,0,4198,192.0
cdf_db,off,0,4199,168.66
cdf_db,off,0,4200,251.56
cdf_db,off,0,4201,162.67
cdf_db,off,0,4202,190.32
cdf_db,off,0,4203,159.06
cdf_db,off,0,4204,220.02
cdf_db,off,0,4205,199.5
cdf_db,off,0,4206,189.8
cdf_db,off,0,4207,156.19
cdf_db,off,0,4208,190.89
cdf_db,off,0,4209,155.06
cdf_db,off,0,4210,240.69
cdf_db,off,0,4211,157.22
cdf_db,off,0,4212,189.62
cdf_db,off,0,4213,154.989
cdf_db,off,0,4214,187.12
cdf_db,off,0,4215,160.28
cdf_db,off,0,4216,253.76
cdf_db,off,0,4217,153.81
cdf_db,off,0,4218,186.04
cdf_db,off,0,4219,155.23
cdf_db,off,0,4220,194.85
cdf_db,off,0,4221,196.78
cdf_db,off,0,4222,204.23
cdf_db,off,0,4223,152.09
cdf_db,off,0,4224,184.58
cdf_db,off,0,4225,176.86
cdf_db,off,0,4226,242.36
cdf_db,off,0,4227,153.72
cdf_db,off,0,4228,195.91
cdf_db,off,0,4229,151.35
cdf_db,off,0,4230,188.0
cdf_db,off,0,4231,180.79
cdf_db,off,0,4232,229.07
cdf_db,off,0,4233,151.92
cdf_db,off,0,4234,187.87
cdf_db,off,0,4235,152.99
cdf_db,off,0,4236,213.491
cdf_db,off,0,4237,201.22
cdf_db,off,0,4238,187.071
cdf_db,off,0,4239,155.3
cdf_db,off,0,4240,211.631
cdf_db,off,0,4241,155.401
cdf_db,off,0,4242,241.0
cdf_db,off,0,4243,177.19
cdf_db,off,0,4244,186.91
cdf_db,off,0,4245,200.02
cdf_db,off,0,4246,187.85
cdf_db,off,0,4247,164.64
cdf_db,off,0,4248,230.26
cdf_db,off,0,4249,155.65
cdf_db,off,0,4250,187.09
cdf_db,off,0,4251,158.08
cdf_db,off,0,4252,196.7
cdf_db,off,0,4253,202.08
cdf_db,off,0,4254,192.63
cdf_db,off,0,4255,155.87
cdf_db,off,0,4256,186.89
cdf_db,off,0,4257,156.07
cdf_db,off,0,4258,243.07
cdf_db,off,0,4259,156.82
cdf_db,off,0,4260,186.78
cdf_db,off,0,4261,152.92
cdf_db,off,0,4262,186.571
cdf_db,off,0,4263,159.98
cdf_db,off,0,4264,232.269
cdf_db,off,0,4265,153.621
cdf_db,off,0,4266,185.46
cdf_db,off,0,4267,163.24
cdf_db,off,0,4268,189.15
cdf_db,off,0,4269,224.54
cdf_db,off,0,4270,189.97
cdf_db,off,0,4271,154.86
cdf_db,off,0,4272,185.36
cdf_db,off,0,4273,155.77
cdf_db,off,0,4274,194.37
cdf_db,off,0,4275,197.37
cdf_db,off,0,4276,189.42
cdf_db,off,0,4277,154.92
cdf_db,off,0,4278,187.94
cdf_db,off,0,4279,152.87
cdf_db,off,0,4280,240.49
cdf_db,off,0,4281,152.81
cdf_db,off,0,4282,189.89
cdf_db,off,0,4283,156.39
cdf_db,off,0,4284,184.73
cdf_db,off,0,4285,157.65
cdf_db,off,0,4286,520.79
cdf_db,off,0,4287,191.27
cdf_db,off,0,4288,169.45
cdf_db,off,0,4289,165.0
cdf_db,off,0,4290,187.52
cdf_db,off,0,4291,160.909
cdf_db,off,0,4292,138.21
cdf_db,off,0,4293,136.38
cdf_db,off,0,4294,135.06
cdf_db,off,0,4295,140.4
cdf_db,off,0,4296,183.89
cdf_db,off,0,4297,167.01
cdf_db,off,0,4298,134.39
cdf_db,off,0,4299,136.54
cdf_db,off,0,4300,138.78
cdf_db,off,0,4301,131.51
cdf_db,off,0,4302,136.93
cdf_db,off,0,4303,182.38
cdf_db,off,0,4304,130.49
cdf_db,off,0,4305,135.52
cdf_db,off,0,4306,136.88
cdf_db,off,0,4307,131.04
cdf_db,off,0,4308,131.75
cdf_db,off,0,4309,142.71
cdf_db,off,0,4310,181.09
cdf_db,off,0,4311,138.86
cdf_db,off,0,4312,139.86
cdf_db,off,0,4313,138.24
cdf_db,off,0,4314,139.37
cdf_db,off,0,4315,135.72
cdf_db,off,0,4316,137.61
cdf_db,off,0,4317,173.2
cdf_db,off,0,4318,132.84
cdf_db,off,0,4319,136.54
cdf_db,off,0,4320,130.13
cdf_db,off,0,4321,136.38
cdf_db,off,0,4322,129.111
cdf_db,off,0,4323,141.271
cdf_db,off,0,4324,196.729
cdf_db,off,0,4325,138.231
cdf_db,off,0,4326,136.741
cdf_db,off,0,4327,154.25
cdf_db,off,0,4328,133.5
cdf_db,off,0,4329,132.9
cdf_db,off,0,4330,137.23
cdf_db,off,0,4331,182.05
cdf_db,off,0,4332,131.89
cdf_db,off,0,4333,139.09
cdf_db,off,0,4334,138.76
cdf_db,off,0,4335,133.34
cdf_db,off,0,4336,129.21
cdf_db,off,0,4337,143.04
cdf_db,off,0,4338,177.64
cdf_db,off,0,4339,135.77
cdf_db,off,0,4340,156.06
cdf_db,off,0,4341,133.39
cdf_db,off,0,4342,139.89
cdf_db,off,0,4343,130.92
cdf_db,off,0,4344,133.04
cdf_db,off,0,4345,193.57
cdf_db,off,0,4346,132.91
cdf_db,off,0,4347,136.64
cdf_db,off,0,4348,135.79
cdf_db,off,0,4349,157.48
cdf_db,off,0,4350,133.37
cdf_db,off,0,4351,185.7
cdf_db,off,0,4352,142.24
cdf_db,off,0,4353,134.94
cdf_db,off,0,4354,138.7
cdf_db,off,0,4355,129.06
cdf_db,off,0,4356,139.38
cdf_db,off,0,4357,129.551
cdf_db,off,0,4358,178.951
cdf_db,off,0,4359,135.311
cdf_db,off,0,4360,138.25
cdf_db,off,0,4361,131.86
cdf_db,off,0,4362,138.74
cdf_db,off,0,4363,132.98
cdf_db,off,0,4364,137.36
cdf_db,off,0,4365,209.58
cdf_db,off,0,4366,138.11
cdf_db,off,0,4367,133.85
cdf_db,off,0,4368,136.33
cdf_db,off,0,4369,131.66
cdf_db,off,0,4370,134.58
cdf_db,off,0,4371,134.59
cdf_db,off,0,4372,188.52
cdf_db,off,0,4373,134.5
cdf_db,off,0,4374,136.09
cdf_db,off,0,4375,133.26
cdf_db,off,0,4376,137.02
cdf_db,off,0,4377,360.33
cdf_db,off,0,4378,229.29
cdf_db,off,0,4379,133.73
cdf_db,off,0,4380,142.25
cdf_db,off,0,4381,139.21
cdf_db,off,0,4382,130.83
cdf_db,off,0,4383,133.56
cdf_db,off,0,4384,195.14
cdf_db,off,0,4385,131.811
cdf_db,off,0,4386,135.909
cdf_db,off,0,4387,160.76
cdf_db,off,0,4388,132.169
cdf_db,off,0,4389,140.309
cdf_db,off,0,4390,144.8
cdf_db,off,0,4391,174.161
cdf_db,off,0,4392,132.69
cdf_db,off,0,4393,165.59
cdf_db,off,0,4394,130.0
cdf_db,off,0,4395,135.0
cdf_db,off,0,4396,126.72
cdf_db,off,0,4397,137.04
cdf_db,off,0,4398,208.52
cdf_db,off,0,4399,136.38
cdf_db,off,0,4400,143.32
cdf_db,off,0,4401,135.74
cdf_db,off,0,4402,180.33
cdf_db,off,0,4403,133.11
cdf_db,off,0,4404,182.39
cdf_db,off,0,4405,159.66
cdf_db,off,0,4406,138.85
cdf_db,off,0,4407,148.11
cdf_db,off,0,4408,163.6
cdf_db,off,0,4409,154.74
cdf_db,off,0,4410,232.78
cdf_db,off,0,4411,141.34
cdf_db,off,0,4412,135.66
cdf_db,off,0,4413,146.78
cdf_db,off,0,4414,140.6
cdf_db,off,0,4415,133.95
cdf_db,off,0,4416,138.67
cdf_db,off,0,4417,207.06
cdf_db,off,0,4418,132.75
cdf_db,off,0,4419,138.15
cdf_db,off,0,4420,132.111
cdf_db,off,0,4421,136.6
cdf_db,off,0,4422,143.931
cdf_db,off,0,4423,143.32
cdf_db,off,0,4424,181.87
cdf_db,off,0,4425,140.79
cdf_db,off,0,4426,146.0
cdf_db,off,0,4427,135.61
cdf_db,off,0,4428,135.04
cdf_db,off,0,4429,130.81
cdf_db,off,0,4430,142.23
cdf_db,off,0,4431,176.86
cdf_db,off,0,4432,132.59
cdf_db,off,0,4433,147.29
cdf_db,off,0,4434,130.53
cdf_db,off,0,4435,130.61
cdf_db,off,0,4436,136.6
cdf_db,off,0,4437,135.03
cdf_db,off,0,4438,178.31
cdf_db,off,0,4439,129.34
cdf_db,off,0,4440,134.4
cdf_db,off,0,4441,141.8
cdf_db,off,0,4442,131.25
cdf_db,off,0,4443,130.57
cdf_db,off,0,4444,140.39
cdf_db,off,0,4445,179.7
cdf_db,off,0,4446,136.4
cdf_db,off,0,4447,131.27
cdf_db,off,0,4448,130.27
cdf_db,off,0,4449,134.84
cdf_db,off,0,4450,130.01
cdf_db,off,0,4451,142.52
cdf_db,off,0,4452,184.731
cdf_db,off,0,4453,141.429
cdf_db,off,0,4454,128.86
cdf_db,off,0,4455,131.74
cdf_db,off,0,4456,146.161
cdf_db,off,0,4457,143.19
cdf_db,off,0,4458,163.49
cdf_db,off,0,4459,176.73
cdf_db,off,0,4460,136.64
cdf_db,off,0,4461,144.58
cdf_db,off,0,4462,133.0
cdf_db,off,0,4463,141.75
cdf_db,off,0,4464,141.83
cdf_db,off,0,4465,190.99
cdf_db,off,0,4466,139.55
cdf_db,off,0,4467,136.87
cdf_db,off,0,4468,136.1
cdf_db,off,0,4469,135.33
cdf_db,off,0,4470,133.22
cdf_db,off,0,4471,127.93
cdf_db,off,0,4472,196.01
cdf_db,off,0,4473,140.53
cdf_db,off,0,4474,130.64
cdf_db,off,0,4475,132.36
cdf_db,off,0,4476,134.92
cdf_db,off,0,4477,128.56
cdf_db,off,0,4478,132.36
cdf_db,off,0,4479,184.89
cdf_db,off,0,4480,133.97
cdf_db,off,0,4481,136.49
cdf_db,off,0,4482,140.63
cdf_db,off,0,4483,141.47
cdf_db,off,0,4484,137.39
cdf_db,off,0,4485,135.52
cdf_db,off,0,4486,212.02
cdf_db,off,0,4487,130.849
cdf_db,off,0,4488,160.24
cdf_db,off,0,4489,137.29
cdf_db,off,0,4490,134.95
cdf_db,off,0,4491,130.59
cdf_db,off,0,4492,135.81
cdf_db,off,0,4493,201.73
cdf_db,off,0,4494,139.56
cdf_db,off,0,4495,129.95
cdf_db,off,0,4496,131.48
cdf_db,off,0,4497,136.99
cdf_db,off,0,4498,131.58
cdf_db,off,0,4499,135.3
cdf_db,off,0,4500,172.22
cdf_db,off,0,4501,132.03
cdf_db,off,0,4502,130.15
cdf_db,off,0,4503,127.3
cdf_db,off,0,4504,136.78
cdf_db,off,0,4505,129.7
cdf_db,off,0,4506,136.49
cdf_db,off,0,4507,182.71
cdf_db,off,0,4508,147.63
cdf_db,off,0,4509,130.66
cdf_db,off,0,4510,156.76
cdf_db,off,0,4511,151.09
cdf_db,off,0,4512,130.98
cdf_db,off,0,4513,140.53
cdf_db,off,0,4514,176.65
cdf_db,off,0,4515,140.13
cdf_db,off,0,4516,134.56
cdf_db,off,0,4517,128.36
cdf_db,off,0,4518,137.911
cdf_db,off,0,4519,132.091
cdf_db,off,0,4520,136.28
cdf_db,off,0,4521,183.349
cdf_db,off,0,4522,130.38
cdf_db,off,0,4523,130.689
cdf_db,off,0,4524,136.611
cdf_db,off,0,4525,134.14
cdf_db,off,0,4526,133.6
cdf_db,off,0,4527,162.36
cdf_db,off,0,4528,174.8
cdf_db,off,0,4529,148.84
cdf_db,off,0,4530,135.83
cdf_db,off,0,4531,131.31
cdf_db,off,0,4532,141.93
cdf_db,off,0,4533,128.5
cdf_db,off,0,4534,141.73
cdf_db,off,0,4535,177.59
cdf_db,off,0,4536,137.3
cdf_db,off,0,4537,141.43
cdf_db,off,0,4538,132.43
cdf_db,off,0,4539,135.55
cdf_db,off,0,4540,158.96
cdf_db,off,0,4541,135.31
cdf_db,off,0,4542,193.54
cdf_db,off,0,4543,133.21
cdf_db,off,0,4544,132.93
cdf_db,off,0,4545,143.21
cdf_db,off,0,4546,132.36
cdf_db,off,0,4547,131.99
cdf_db,off,0,4548,199.71
cdf_db,off,0,4549,137.05
cdf_db,off,0,4550,156.28
cdf_db,off,0,4551,141.089
cdf_db,off,0,4552,130.649
cdf_db,off,0,4553,149.091
cdf_db,off,0,4554,138.129
cdf_db,off,0,4555,190.58
cdf_db,off,0,4556,133.809
cdf_db,off,0,4557,165.201
cdf_db,off,0,4558,141.27
cdf_db,off,0,4559,166.01
cdf_db,off,0,4560,131.32
cdf_db,off,0,4561,130.46
cdf_db,off,0,4562,236.79
cdf_db,off,0,4563,132.24
cdf_db,off,0,4564,128.17
cdf_db,off,0,4565,152.07
cdf_db,off,0,4566,154.31
cdf_db,off,0,4567,129.06
cdf_db,off,0,4568,189.15
cdf_db,off,0,4569,154.04
cdf_db,off,0,4570,128.21
cdf_db,off,0,4571,136.32
cdf_db,off,0,4572,153.52
cdf_db,off,0,4573,158.64
cdf_db,off,0,4574,237.36
cdf_db,off,0,4575,139.65
cdf_db,off,0,4576,136.63
cdf_db,off,0,4577,135.38
cdf_db,off,0,4578,130.61
cdf_db,off,0,4579,136.24
cdf_db,off,0,4580,136.84
cdf_db,off,0,4581,198.43
cdf_db,off,0,4582,134.95
cdf_db,off,0,4583,126.09
cdf_db,off,0,4584,130.661
cdf_db,off,0,4585,129.94
cdf_db,off,0,4586,128.1
cdf_db,off,0,4587,137.051
cdf_db,off,0,4588,189.65
cdf_db,off,0,4589,136.08
cdf_db,off,0,4590,135.59
cdf_db,off,0,4591,136.73
cdf_db,off,0,4592,147.04
cdf_db,off,0,4593,137.34
cdf_db,off,0,4594,129.32
cdf_db,off,0,4595,207.25
cdf_db,off,0,4596,138.27
cdf_db,off,0,4597,129.76
cdf_db,off,0,4598,147.77
cdf_db,off,0,4599,134.22
cdf_db,off,0,4600,128.57
cdf_db,off,0,4601,142.33
cdf_db,off,0,4602,178.92
cdf_db,off,0,4603,130.64
cdf_db,off,0,4604,136.04
cdf_db,off,0,4605,128.89
cdf_db,off,0,4606,134.93
cdf_db,off,0,4607,128.19
cdf_db,off,0,4608,137.32
cdf_db,off,0,4609,196.08
cdf_db,off,0,4610,130.75
cdf_db,off,0,4611,137.37
cdf_db,off,0,4612,133.69
cdf_db,off,0,4613,131.55
cdf_db,off,0,4614,138.83
cdf_db,off,0,4615,132.82
cdf_db,off,0,4616,202.43
cdf_db,off,0,4617,136.82
cdf_db,off,0,4618,128.729
cdf_db,off,0,4619,135.0
cdf_db,off,0,4620,129.051
cdf_db,off,0,4621,156.711
cdf_db,off,0,4622,139.06
cdf_db,off,0,4623,192.8
cdf_db,off,0,4624,136.8
cdf_db,off,0,4625,137.08
cdf_db,off,0,4626,142.15
cdf_db,off,0,4627,131.95
cdf_db,off,0,4628,129.9
cdf_db,off,0,4629,140.22
cdf_db,off,0,4630,178.9
cdf_db,off,0,4631,137.38
cdf_db,off,0,4632,151.09
cdf_db,off,0,4633,128.42
cdf_db,off,0,4634,133.4
cdf_db,off,0,4635,134.96
cdf_db,off,0,4636,143.49
cdf_db,off,0,4637,193.15
cdf_db,off,0,4638,128.92
cdf_db,off,0,4639,138.2
cdf_db,off,0,4640,128.65
cdf_db,off,0,4641,136.24
cdf_db,off,0,4642,133.18
cdf_db,off,0,4643,133.99
cdf_db,off,0,4644,179.59
cdf_db,off,0,4645,134.05
cdf_db,off,0,4646,136.55
cdf_db,off,0,4647,133.7
cdf_db,off,0,4648,133.63
cdf_db,off,0,4649,138.19
cdf_db,off,0,4650,136.72
cdf_db,off,0,4651,203.841
cdf_db,off,0,4652,133.809
cdf_db,off,0,4653,137.36
cdf_db,off,0,4654,136.161
cdf_db,off,0,4655,134.19
cdf_db,off,0,4656,131.41
cdf_db,off,0,4657,136.55
cdf_db,off,0,4658,172.32
cdf_db,off,0,4659,128.89
cdf_db,off,0,4660,135.12
cdf_db,off,0,4661,132.04
cdf_db,off,0,4662,135.92
cdf_db,off,0,4663,128.89
cdf_db,off,0,4664,138.76
cdf_db,off,0,4665,178.03
cdf_db,off,0,4666,140.23
cdf_db,off,0,4667,135.26
cdf_db,off,0,4668,134.1
cdf_db,off,0,4669,134.78
cdf_db,off,0,4670,128.9
cdf_db,off,0,4671,136.93
cdf_db,off,0,4672,177.36
cdf_db,off,0,4673,166.27
cdf_db,off,0,4674,143.23
cdf_db,off,0,4675,134.63
cdf_db,off,0,4676,131.96
cdf_db,off,0,4677,133.0
cdf_db,off,0,4678,137.9
cdf_db,off,0,4679,174.4
cdf_db,off,0,4680,135.89
cdf_db,off,0,4681,132.54
cdf_db,off,0,4682,134.37
cdf_db,off,0,4683,128.91
cdf_db,off,0,4684,130.36
cdf_db,off,0,4685,140.911
cdf_db,off,0,4686,178.96
cdf_db,off,0,4687,126.74
cdf_db,off,0,4688,135.92
cdf_db,off,0,4689,125.84
cdf_db,off,0,4690,159.74
cdf_db,off,0,4691,133.12
cdf_db,off,0,4692,141.171
cdf_db,off,0,4693,176.62
cdf_db,off,0,4694,129.95
cdf_db,off,0,4695,137.87
cdf_db,off,0,4696,129.62
cdf_db,off,0,4697,135.08
cdf_db,off,0,4698,132.14
cdf_db,off,0,4699,135.77
cdf_db,off,0,4700,188.85
cdf_db,off,0,4701,130.41
cdf_db,off,0,4702,160.52
cdf_db,off,0,4703,150.48
cdf_db,off,0,4704,130.26
cdf_db,off,0,4705,153.03
cdf_db,off,0,4706,210.45
cdf_db,off,0,4707,126.69
cdf_db,off,0,4708,150.2
cdf_db,off,0,4709,131.98
cdf_db,off,0,4710,138.34
cdf_db,off,0,4711,132.05
cdf_db,off,0,4712,162.29
cdf_db,off,0,4713,195.63
cdf_db,off,0,4714,130.55
cdf_db,off,0,4715,140.34
cdf_db,off,0,4716,135.471
cdf_db,off,0,4717,133.831
cdf_db,off,0,4718,127.52
cdf_db,off,0,4719,134.62
cdf_db,off,0,4720,203.12
cdf_db,off,0,4721,141.651
cdf_db,off,0,4722,137.28
cdf_db,off,0,4723,134.96
cdf_db,off,0,4724,134.87
cdf_db,off,0,4725,163.06
cdf_db,off,0,4726,139.67
cdf_db,off,0,4727,174.79
cdf_db,off,0,4728,139.43
cdf_db,off,0,4729,151.73
cdf_db,off,0,4730,136.7
cdf_db,off,0,4731,135.44
cdf_db,off,0,4732,134.24
cdf_db,off,0,4733,143.07
cdf_db,off,0,4734,208.26
cdf_db,off,0,4735,130.0
cdf_db,off,0,4736,135.2
cdf_db,off,0,4737,139.49
cdf_db,off,0,4738,130.57
cdf_db,off,0,4739,130.25
cdf_db,off,0,4740,194.04
cdf_db,off,0,4741,136.47
cdf_db,off,0,4742,132.17
cdf_db,off,0,4743,143.2
cdf_db,off,0,4744,134.83
cdf_db,off,0,4745,136.73
cdf_db,off,0,4746,135.22
cdf_db,off,0,4747,186.52
cdf_db,off,0,4748,139.2
cdf_db,off,0,4749,128.19
cdf_db,off,0,4750,134.4
cdf_db,off,0,4751,134.55
cdf_db,off,0,4752,131.571
cdf_db,off,0,4753,133.86
cdf_db,off,0,4754,182.971
cdf_db,off,0,4755,135.831
cdf_db,off,0,4756,131.2
cdf_db,off,0,4757,132.29
cdf_db,off,0,4758,131.35
cdf_db,off,0,4759,167.14
cdf_db,off,0,4760,135.0
cdf_db,off,0,4761,179.4
cdf_db,off,0,4762,133.53
cdf_db,off,0,4763,136.12
cdf_db,off,0,4764,133.43
cdf_db,off,0,4765,135.8
cdf_db,off,0,4766,131.99
cdf_db,off,0,4767,134.36
cdf_db,off,0,4768,269.15
cdf_db,off,0,4769,132.69
cdf_db,off,0,4770,132.22
cdf_db,off,0,4771,133.63
cdf_db,off,0,4772,133.97
cdf_db,off,0,4773,134.46
cdf_db,off,0,4774,138.82
cdf_db,off,0,4775,177.12
cdf_db,off,0,4776,142.63
cdf_db,off,0,4777,148.77
cdf_db,off,0,4778,165.64
cdf_db,off,0,4779,134.92
cdf_db,off,0,4780,132.68
cdf_db,off,0,4781,202.17
cdf_db,off,0,4782,138.03
cdf_db,off,0,4783,137.0
cdf_db,off,0,4784,128.74
cdf_db,off,0,4785,137.6
cdf_db,off,0,4786,129.4
cdf_db,off,0,4787,134.731
cdf_db,off,0,4788,187.91
cdf_db,off,0,4789,127.46
cdf_db,off,0,4790,135.77
cdf_db,off,0,4791,154.21
cdf_db,off,0,4792,128.14
cdf_db,off,0,4793,128.54
cdf_db,off,0,4794,134.02
cdf_db,off,0,4795,182.97
cdf_db,off,0,4796,136.47
cdf_db,off,0,4797,130.03
cdf_db,off,0,4798,130.21
cdf_db,off,0,4799,519.0
cdf_db,off,0,4800,240.59
cdf_db,off,0,4801,165.45
cdf_db,off,0,4802,170.76
cdf_db,off,0,4803,160.44
cdf_db,off,0,4804,142.14
cdf_db,off,0,4805,265.05
cdf_db,off,0,4806,169.18
cdf_db,off,0,4807,197.19
cdf_db,off,0,4808,160.14
cdf_db,off,0,4809,196.61
cdf_db,off,0,4810,246.32
cdf_db,off,0,4811,197.991
cdf_db,off,0,4812,161.369
cdf_db,off,0,4813,190.28
cdf_db,off,0,4814,159.78
cdf_db,off,0,4815,151.63
cdf_db,off,0,4816,475.9
cdf_db,off,0,4817,180.89
cdf_db,off,0,4818,193.85
cdf_db,off,0,4819,169.26
cdf_db,off,0,4820,257.74
cdf_db,off,0,4821,156.23
cdf_db,off,0,4822,192.12
cdf_db,off,0,4823,183.69
cdf_db,off,0,4824,197.44
cdf_db,off,0,4825,201.6
cdf_db,off,0,4826,171.04
cdf_db,off,0,4827,210.01
cdf_db,off,0,4828,191.18
cdf_db,off,0,4829,193.01
cdf_db,off,0,4830,201.74
cdf_db,off,0,4831,187.47
cdf_db,off,0,4832,152.86
cdf_db,off,0,4833,185.54
cdf_db,off,0,4834,163.54
cdf_db,off,0,4835,243.621
cdf_db,off,0,4836,154.38
cdf_db,off,0,4837,188.44
cdf_db,off,0,4838,154.211
cdf_db,off,0,4839,190.38
cdf_db,off,0,4840,162.2
cdf_db,off,0,4841,234.301
cdf_db,off,0,4842,168.57
cdf_db,off,0,4843,186.62
cdf_db,off,0,4844,153.01
cdf_db,off,0,4845,187.82
cdf_db,off,0,4846,213.36
cdf_db,off,0,4847,186.93
cdf_db,off,0,4848,151.21
cdf_db,off,0,4849,186.65
cdf_db,off,0,4850,160.58
cdf_db,off,0,4851,210.59
cdf_db,off,0,4852,210.83
cdf_db,off,0,4853,208.64
cdf_db,off,0,4854,158.95
cdf_db,off,0,4855,187.11
cdf_db,off,0,4856,158.5
cdf_db,off,0,4857,234.77
cdf_db,off,0,4858,159.42
cdf_db,off,0,4859,185.48
cdf_db,off,0,4860,149.45
cdf_db,off,0,4861,188.0
cdf_db,off,0,4862,213.031
cdf_db,off,0,4863,195.42
cdf_db,off,0,4864,154.76
cdf_db,off,0,4865,196.351
cdf_db,off,0,4866,162.549
cdf_db,off,0,4867,193.301
cdf_db,off,0,4868,202.27
cdf_db,off,0,4869,188.86
cdf_db,off,0,4870,164.06
cdf_db,off,0,4871,212.93
cdf_db,off,0,4872,154.71
cdf_db,off,0,4873,236.44
cdf_db,off,0,4874,163.02
cdf_db,off,0,4875,188.39
cdf_db,off,0,4876,150.87
cdf_db,off,0,4877,186.57
cdf_db,off,0,4878,231.88
cdf_db,off,0,4879,156.26
cdf_db,off,0,4880,190.49
cdf_db,off,0,4881,165.25
cdf_db,off,0,4882,187.01
cdf_db,off,0,4883,158.2
cdf_db,off,0,4884,259.04
cdf_db,off,0,4885,162.22
cdf_db,off,0,4886,187.55
cdf_db,off,0,4887,152.931
cdf_db,off,0,4888,190.589
cdf_db,off,0,4889,209.5
cdf_db,off,0,4890,187.349
cdf_db,off,0,4891,149.99
cdf_db,off,0,4892,185.15
cdf_db,off,0,4893,156.0
cdf_db,off,0,4894,193.35
cdf_db,off,0,4895,202.02
cdf_db,off,0,4896,161.07
cdf_db,off,0,4897,143.2
cdf_db,off,0,4898,145.94
cdf_db,off,0,4899,189.1
cdf_db,off,0,4900,159.0
cdf_db,off,0,4901,230.36
cdf_db,off,0,4902,160.2
cdf_db,off,0,4903,208.94
cdf_db,off,0,4904,156.19
cdf_db,off,0,4905,196.48
cdf_db,off,0,4906,202.68
cdf_db,off,0,4907,187.14
cdf_db,off,0,4908,152.22
cdf_db,off,0,4909,194.46
cdf_db,off,0,4910,160.06
cdf_db,off,0,4911,241.93
cdf_db,off,0,4912,154.82
cdf_db,off,0,4913,188.52
cdf_db,off,0,4914,159.33
cdf_db,off,0,4915,187.82
cdf_db,off,0,4916,157.971
cdf_db,off,0,4917,237.45
cdf_db,off,0,4918,161.86
cdf_db,off,0,4919,186.39
cdf_db,off,0,4920,150.78
cdf_db,off,0,4921,188.92
cdf_db,off,0,4922,206.72
cdf_db,off,0,4923,186.91
cdf_db,off,0,4924,164.02
cdf_db,off,0,4925,187.51
cdf_db,off,0,4926,160.41
cdf_db,off,0,4927,194.86
cdf_db,off,0,4928,222.68
cdf_db,off,0,4929,153.28
cdf_db,off,0,4930,208.52
cdf_db,off,0,4931,157.88
cdf_db,off,0,4932,193.75
cdf_db,off,0,4933,200.07
cdf_db,off,0,4934,189.16
cdf_db,off,0,4935,160.01
cdf_db,off,0,4936,188.7
cdf_db,off,0,4937,151.52
cdf_db,off,0,4938,198.42
cdf_db,off,0,4939,199.27
cdf_db,off,0,4940,189.01
cdf_db,off,0,4941,151.87
cdf_db,off,0,4942,187.58
cdf_db,off,0,4943,191.51
cdf_db,off,0,4944,237.98
cdf_db,off,0,4945,152.37
cdf_db,off,0,4946,185.38
cdf_db,off,0,4947,163.31
cdf_db,off,0,4948,189.12
cdf_db,off,0,4949,205.6
cdf_db,off,0,4950,210.48
cdf_db,off,0,4951,159.91
cdf_db,off,0,4952,188.03
cdf_db,off,0,4953,151.21
cdf_db,off,0,4954,191.59
cdf_db,off,0,4955,211.44
cdf_db,off,0,4956,189.19
cdf_db,off,0,4957,157.39
cdf_db,off,0,4958,191.81
cdf_db,off,0,4959,161.63
cdf_db,off,0,4960,243.49
cdf_db,off,0,4961,151.67
cdf_db,off,0,4962,207.68
cdf_db,off,0,4963,159.34
cdf_db,off,0,4964,188.67
cdf_db,off,0,4965,211.99
cdf_db,off,0,4966,220.19
cdf_db,off,0,4967,159.421
cdf_db,off,0,4968,187.571
cdf_db,off,0,4969,153.5
cdf_db,off,0,4970,190.031
cdf_db,off,0,4971,203.141
cdf_db,off,0,4972,190.27
cdf_db,off,0,4973,152.61
cdf_db,off,0,4974,188.21
cdf_db,off,0,4975,161.2
cdf_db,off,0,4976,243.44
cdf_db,off,0,4977,178.79
cdf_db,off,0,4978,151.22
cdf_db,off,0,4979,188.38
cdf_db,off,0,4980,156.87
cdf_db,off,0,4981,195.08
cdf_db,off,0,4982,198.82
cdf_db,off,0,4983,187.45
cdf_db,off,0,4984,151.22
cdf_db,off,0,4985,190.1
cdf_db,off,0,4986,191.1
cdf_db,off,0,4987,243.52
cdf_db,off,0,4988,156.08
cdf_db,off,0,4989,192.68
cdf_db,off,0,4990,160.46
cdf_db,off,0,4991,193.66
cdf_db,off,0,4992,214.22
cdf_db,off,0,4993,213.66
cdf_db,off,0,4994,161.18
cdf_db,off,0,4995,187.549
cdf_db,off,0,4996,155.349
cdf_db,off,0,4997,267.97
cdf_db,off,0,4998,181.23
cdf_db,off,0,4999,194.89
cdf_db,ebpf,0,0,227.81
cdf_db,ebpf,0,1,228.12
cdf_db,ebpf,0,2,220.06
cdf_db,ebpf,0,3,220.61
cdf_db,ebpf,0,4,221.55
cdf_db,ebpf,0,5,225.77
cdf_db,ebpf,0,6,218.38
cdf_db,ebpf,0,7,227.12
cdf_db,ebpf,0,8,238.05
cdf_db,ebpf,0,9,227.18
cdf_db,ebpf,0,10,224.89
cdf_db,ebpf,0,11,221.78
cdf_db,ebpf,0,12,229.93
cdf_db,ebpf,0,13,230.84
cdf_db,ebpf,0,14,225.571
cdf_db,ebpf,0,15,217.329
cdf_db,ebpf,0,16,215.48
cdf_db,ebpf,0,17,253.74
cdf_db,ebpf,0,18,221.731
cdf_db,ebpf,0,19,213.46
cdf_db,ebpf,0,20,226.83
cdf_db,ebpf,0,21,220.36
cdf_db,ebpf,0,22,224.31
cdf_db,ebpf,0,23,223.14
cdf_db,ebpf,0,24,215.94
cdf_db,ebpf,0,25,226.88
cdf_db,ebpf,0,26,221.69
cdf_db,ebpf,0,27,221.17
cdf_db,ebpf,0,28,212.22
cdf_db,ebpf,0,29,216.84
cdf_db,ebpf,0,30,219.53
cdf_db,ebpf,0,31,216.5
cdf_db,ebpf,0,32,304.86
cdf_db,ebpf,0,33,223.08
cdf_db,ebpf,0,34,231.22
cdf_db,ebpf,0,35,218.04
cdf_db,ebpf,0,36,217.59
cdf_db,ebpf,0,37,214.19
cdf_db,ebpf,0,38,213.36
cdf_db,ebpf,0,39,232.77
cdf_db,ebpf,0,40,222.38
cdf_db,ebpf,0,41,222.07
cdf_db,ebpf,0,42,226.99
cdf_db,ebpf,0,43,228.26
cdf_db,ebpf,0,44,244.08
cdf_db,ebpf,0,45,225.01
cdf_db,ebpf,0,46,225.77
cdf_db,ebpf,0,47,217.541
cdf_db,ebpf,0,48,224.32
cdf_db,ebpf,0,49,218.491
cdf_db,ebpf,0,50,217.36
cdf_db,ebpf,0,51,226.231
cdf_db,ebpf,0,52,233.421
cdf_db,ebpf,0,53,215.25
cdf_db,ebpf,0,54,214.78
cdf_db,ebpf,0,55,217.78
cdf_db,ebpf,0,56,216.96
cdf_db,ebpf,0,57,231.83
cdf_db,ebpf,0,58,218.91
cdf_db,ebpf,0,59,217.31
cdf_db,ebpf,0,60,215.51
cdf_db,ebpf,0,61,231.32
cdf_db,ebpf,0,62,217.6
cdf_db,ebpf,0,63,213.62
cdf_db,ebpf,0,64,218.11
cdf_db,ebpf,0,65,215.92
cdf_db,ebpf,0,66,242.97
cdf_db,ebpf,0,67,218.84
cdf_db,ebpf,0,68,228.16
cdf_db,ebpf,0,69,225.12
cdf_db,ebpf,0,70,250.55
cdf_db,ebpf,0,71,228.61
cdf_db,ebpf,0,72,217.81
cdf_db,ebpf,0,73,217.55
cdf_db,ebpf,0,74,231.6
cdf_db,ebpf,0,75,218.37
cdf_db,ebpf,0,76,212.07
cdf_db,ebpf,0,77,217.54
cdf_db,ebpf,0,78,216.449
cdf_db,ebpf,0,79,230.07
cdf_db,ebpf,0,80,217.72
cdf_db,ebpf,0,81,228.86
cdf_db,ebpf,0,82,217.58
cdf_db,ebpf,0,83,233.63
cdf_db,ebpf,0,84,236.6
cdf_db,ebpf,0,85,224.6
cdf_db,ebpf,0,86,222.93
cdf_db,ebpf,0,87,239.53
cdf_db,ebpf,0,88,250.01
cdf_db,ebpf,0,89,239.94
cdf_db,ebpf,0,90,228.97
cdf_db,ebpf,0,91,216.64
cdf_db,ebpf,0,92,235.76
cdf_db,ebpf,0,93,224.39
cdf_db,ebpf,0,94,227.83
cdf_db,ebpf,0,95,224.54
cdf_db,ebpf,0,96,235.13
cdf_db,ebpf,0,97,230.11
cdf_db,ebpf,0,98,223.881
cdf_db,ebpf,0,99,230.94
cdf_db,ebpf,0,100,221.98
cdf_db,ebpf,0,101,236.48
cdf_db,ebpf,0,102,214.46
cdf_db,ebpf,0,103,231.54
cdf_db,ebpf,0,104,214.47
cdf_db,ebpf,0,105,222.7
cdf_db,ebpf,0,106,232.28
cdf_db,ebpf,0,107,215.5
cdf_db,ebpf,0,108,214.5
cdf_db,ebpf,0,109,220.96
cdf_db,ebpf,0,110,227.78
cdf_db,ebpf,0,111,316.62
cdf_db,ebpf,0,112,217.72
cdf_db,ebpf,0,113,237.26
cdf_db,ebpf,0,114,250.94
cdf_db,ebpf,0,115,222.82
cdf_db,ebpf,0,116,227.18
cdf_db,ebpf,0,117,229.61
cdf_db,ebpf,0,118,233.15
cdf_db,ebpf,0,119,228.44
cdf_db,ebpf,0,120,220.06
cdf_db,ebpf,0,121,219.449
cdf_db,ebpf,0,122,226.18
cdf_db,ebpf,0,123,227.871
cdf_db,ebpf,0,124,211.901
cdf_db,ebpf,0,125,215.71
cdf_db,ebpf,0,126,215.48
cdf_db,ebpf,0,127,228.63
cdf_db,ebpf,0,128,219.89
cdf_db,ebpf,0,129,214.81
cdf_db,ebpf,0,130,220.38
cdf_db,ebpf,0,131,223.64
cdf_db,ebpf,0,132,225.77
cdf_db,ebpf,0,133,216.47
cdf_db,ebpf,0,134,221.56
cdf_db,ebpf,0,135,230.93
cdf_db,ebpf,0,136,231.83
cdf_db,ebpf,0,137,216.86
cdf_db,ebpf,0,138,219.27
cdf_db,ebpf,0,139,220.36
cdf_db,ebpf,0,140,222.48
cdf_db,ebpf,0,141,237.72
cdf_db,ebpf,0,142,227.369
cdf_db,ebpf,0,143,284.78
cdf_db,ebpf,0,144,232.7
cdf_db,ebpf,0,145,226.72
cdf_db,ebpf,0,146,214.43
cdf_db,ebpf,0,147,212.96
cdf_db,ebpf,0,148,226.21
cdf_db,ebpf,0,149,228.64
cdf_db,ebpf,0,150,243.21
cdf_db,ebpf,0,151,230.22
cdf_db,ebpf,0,152,231.65
cdf_db,ebpf,0,153,216.06
cdf_db,ebpf,0,154,214.01
cdf_db,ebpf,0,155,215.1
cdf_db,ebpf,0,156,213.4
cdf_db,ebpf,0,157,212.69
cdf_db,ebpf,0,158,234.18
cdf_db,ebpf,0,159,215.72
cdf_db,ebpf,0,160,231.34
cdf_db,ebpf,0,161,224.01
cdf_db,ebpf,0,162,218.811
cdf_db,ebpf,0,163,222.4
cdf_db,ebpf,0,164,229.211
cdf_db,ebpf,0,165,220.34
cdf_db,ebpf,0,166,218.86
cdf_db,ebpf,0,167,230.42
cdf_db,ebpf,0,168,213.27
cdf_db,ebpf,0,169,246.91
cdf_db,ebpf,0,170,215.92
cdf_db,ebpf,0,171,215.24
cdf_db,ebpf,0,172,218.51
cdf_db,ebpf,0,173,219.49
cdf_db,ebpf,0,174,220.04
cdf_db,ebpf,0,175,211.45
cdf_db,ebpf,0,176,226.9
cdf_db,ebpf,0,177,213.96
cdf_db,ebpf,0,178,222.11
cdf_db,ebpf,0,179,224.71
cdf_db,ebpf,0,180,223.73
cdf_db,ebpf,0,181,242.16
cdf_db,ebpf,0,182,236.06
cdf_db,ebpf,0,183,221.411
cdf_db,ebpf,0,184,223.72
cdf_db,ebpf,0,185,265.389
cdf_db,ebpf,0,186,220.64
cdf_db,ebpf,0,187,218.35
cdf_db,ebpf,0,188,222.14
cdf_db,ebpf,0,189,226.17
cdf_db,ebpf,0,190,218.34
cdf_db,ebpf,0,191,214.47
cdf_db,ebpf,0,192,226.34
cdf_db,ebpf,0,193,216.36
cdf_db,ebpf,0,194,229.41
cdf_db,ebpf,0,195,217.81
cdf_db,ebpf,0,196,223.03
cdf_db,ebpf,0,197,215.45
cdf_db,ebpf,0,198,238.28
cdf_db,ebpf,0,199,229.1
cdf_db,ebpf,0,200,214.15
cdf_db,ebpf,0,201,224.55
cdf_db,ebpf,0,202,318.15
cdf_db,ebpf,0,203,219.33
cdf_db,ebpf,0,204,216.85
cdf_db,ebpf,0,205,219.92
cdf_db,ebpf,0,206,228.99
cdf_db,ebpf,0,207,227.591
cdf_db,ebpf,0,208,263.18
cdf_db,ebpf,0,209,232.451
cdf_db,ebpf,0,210,221.13
cdf_db,ebpf,0,211,228.12
cdf_db,ebpf,0,212,217.02
cdf_db,ebpf,0,213,218.67
cdf_db,ebpf,0,214,233.09
cdf_db,ebpf,0,215,1428.03
cdf_db,ebpf,0,216,774.56
cdf_db,ebpf,0,217,277.91
cdf_db,ebpf,0,218,253.01
cdf_db,ebpf,0,219,268.261
cdf_db,ebpf,0,220,283.86
cdf_db,ebpf,0,221,243.07
cdf_db,ebpf,0,222,240.16
cdf_db,ebpf,0,223,235.8
cdf_db,ebpf,0,224,235.87
cdf_db,ebpf,0,225,231.09
cdf_db,ebpf,0,226,236.89
cdf_db,ebpf,0,227,236.05
cdf_db,ebpf,0,228,235.66
cdf_db,ebpf,0,229,247.05
cdf_db,ebpf,0,230,237.23
cdf_db,ebpf,0,231,235.56
cdf_db,ebpf,0,232,234.72
cdf_db,ebpf,0,233,250.14
cdf_db,ebpf,0,234,250.45
cdf_db,ebpf,0,235,242.18
cdf_db,ebpf,0,236,236.33
cdf_db,ebpf,0,237,245.3
cdf_db,ebpf,0,238,237.16
cdf_db,ebpf,0,239,247.949
cdf_db,ebpf,0,240,234.2
cdf_db,ebpf,0,241,244.4
cdf_db,ebpf,0,242,233.911
cdf_db,ebpf,0,243,237.14
cdf_db,ebpf,0,244,237.76
cdf_db,ebpf,0,245,245.69
cdf_db,ebpf,0,246,232.94
cdf_db,ebpf,0,247,232.97
cdf_db,ebpf,0,248,237.42
cdf_db,ebpf,0,249,252.39
cdf_db,ebpf,0,250,244.15
cdf_db,ebpf,0,251,245.27
cdf_db,ebpf,0,252,240.25
cdf_db,ebpf,0,253,247.28
cdf_db,ebpf,0,254,234.47
cdf_db,ebpf,0,255,253.66
cdf_db,ebpf,0,256,245.51
cdf_db,ebpf,0,257,308.741
cdf_db,ebpf,0,258,238.34
cdf_db,ebpf,0,259,234.389
cdf_db,ebpf,0,260,236.08
cdf_db,ebpf,0,261,237.261
cdf_db,ebpf,0,262,237.72
cdf_db,ebpf,0,263,239.02
cdf_db,ebpf,0,264,242.97
cdf_db,ebpf,0,265,242.65
cdf_db,ebpf,0,266,241.05
cdf_db,ebpf,0,267,241.73
cdf_db,ebpf,0,268,234.09
cdf_db,ebpf,0,269,240.78
cdf_db,ebpf,0,270,246.12
cdf_db,ebpf,0,271,236.22
cdf_db,ebpf,0,272,236.63
cdf_db,ebpf,0,273,232.71
cdf_db,ebpf,0,274,257.36
cdf_db,ebpf,0,275,232.23
cdf_db,ebpf,0,276,244.94
cdf_db,ebpf,0,277,229.711
cdf_db,ebpf,0,278,251.36
cdf_db,ebpf,0,279,235.28
cdf_db,ebpf,0,280,233.271
cdf_db,ebpf,0,281,242.86
cdf_db,ebpf,0,282,241.93
cdf_db,ebpf,0,283,272.08
cdf_db,ebpf,0,284,233.13
cdf_db,ebpf,0,285,230.78
cdf_db,ebpf,0,286,244.63
cdf_db,ebpf,0,287,269.36
cdf_db,ebpf,0,288,231.87
cdf_db,ebpf,0,289,236.17
cdf_db,ebpf,0,290,239.09
cdf_db,ebpf,0,291,240.1
cdf_db,ebpf,0,292,243.35
cdf_db,ebpf,0,293,237.38
cdf_db,ebpf,0,294,244.61
cdf_db,ebpf,0,295,245.97
cdf_db,ebpf,0,296,276.21
cdf_db,ebpf,0,297,235.92
cdf_db,ebpf,0,298,240.4
cdf_db,ebpf,0,299,233.73
cdf_db,ebpf,0,300,241.849
cdf_db,ebpf,0,301,235.661
cdf_db,ebpf,0,302,284.8
cdf_db,ebpf,0,303,248.47
cdf_db,ebpf,0,304,239.99
cdf_db,ebpf,0,305,311.93
cdf_db,ebpf,0,306,330.27
cdf_db,ebpf,0,307,239.16
cdf_db,ebpf,0,308,234.29
cdf_db,ebpf,0,309,240.69
cdf_db,ebpf,0,310,247.13
cdf_db,ebpf,0,311,234.2
cdf_db,ebpf,0,312,232.85
cdf_db,ebpf,0,313,241.17
cdf_db,ebpf,0,314,245.79
cdf_db,ebpf,0,315,239.37
cdf_db,ebpf,0,316,233.05
cdf_db,ebpf,0,317,231.73
cdf_db,ebpf,0,318,235.68
cdf_db,ebpf,0,319,244.351
cdf_db,ebpf,0,320,234.5
cdf_db,ebpf,0,321,233.24
cdf_db,ebpf,0,322,245.11
cdf_db,ebpf,0,323,237.7
cdf_db,ebpf,0,324,235.93
cdf_db,ebpf,0,325,236.73
cdf_db,ebpf,0,326,251.21
cdf_db,ebpf,0,327,249.94
cdf_db,ebpf,0,328,242.75
cdf_db,ebpf,0,329,245.53
cdf_db,ebpf,0,330,243.44
cdf_db,ebpf,0,331,252.82
cdf_db,ebpf,0,332,243.91
cdf_db,ebpf,0,333,239.88
cdf_db,ebpf,0,334,236.15
cdf_db,ebpf,0,335,244.16
cdf_db,ebpf,0,336,235.65
cdf_db,ebpf,0,337,238.551
cdf_db,ebpf,0,338,246.789
cdf_db,ebpf,0,339,263.751
cdf_db,ebpf,0,340,236.801
cdf_db,ebpf,0,341,239.58
cdf_db,ebpf,0,342,237.47
cdf_db,ebpf,0,343,247.18
cdf_db,ebpf,0,344,233.13
cdf_db,ebpf,0,345,234.57
cdf_db,ebpf,0,346,235.22
cdf_db,ebpf,0,347,238.85
cdf_db,ebpf,0,348,246.58
cdf_db,ebpf,0,349,240.73
cdf_db,ebpf,0,350,237.9
cdf_db,ebpf,0,351,237.41
cdf_db,ebpf,0,352,239.07
cdf_db,ebpf,0,353,241.11
cdf_db,ebpf,0,354,229.96
cdf_db,ebpf,0,355,244.06
cdf_db,ebpf,0,356,295.2
cdf_db,ebpf,0,357,241.92
cdf_db,ebpf,0,358,235.76
cdf_db,ebpf,0,359,249.411
cdf_db,ebpf,0,360,230.631
cdf_db,ebpf,0,361,231.151
cdf_db,ebpf,0,362,237.45
cdf_db,ebpf,0,363,246.04
cdf_db,ebpf,0,364,247.73
cdf_db,ebpf,0,365,232.36
cdf_db,ebpf,0,366,239.52
cdf_db,ebpf,0,367,237.26
cdf_db,ebpf,0,368,253.52
cdf_db,ebpf,0,369,229.17
cdf_db,ebpf,0,370,235.37
cdf_db,ebpf,0,371,234.09
cdf_db,ebpf,0,372,311.83
cdf_db,ebpf,0,373,238.75
cdf_db,ebpf,0,374,233.64
cdf_db,ebpf,0,375,231.461
cdf_db,ebpf,0,376,248.42
cdf_db,ebpf,0,377,243.4
cdf_db,ebpf,0,378,230.709
cdf_db,ebpf,0,379,236.7
cdf_db,ebpf,0,380,244.84
cdf_db,ebpf,0,381,233.59
cdf_db,ebpf,0,382,241.19
cdf_db,ebpf,0,383,233.12
cdf_db,ebpf,0,384,251.12
cdf_db,ebpf,0,385,464.29
cdf_db,ebpf,0,386,209.87
cdf_db,ebpf,0,387,165.04
cdf_db,ebpf,0,388,229.55
cdf_db,ebpf,0,389,172.04
cdf_db,ebpf,0,390,163.66
cdf_db,ebpf,0,391,155.41
cdf_db,ebpf,0,392,155.64
cdf_db,ebpf,0,393,157.0
cdf_db,ebpf,0,394,274.42
cdf_db,ebpf,0,395,174.25
cdf_db,ebpf,0,396,150.35
cdf_db,ebpf,0,397,164.34
cdf_db,ebpf,0,398,150.5
cdf_db,ebpf,0,399,214.28
cdf_db,ebpf,0,400,174.131
cdf_db,ebpf,0,401,150.851
cdf_db,ebpf,0,402,153.54
cdf_db,ebpf,0,403,155.66
cdf_db,ebpf,0,404,147.78
cdf_db,ebpf,0,405,240.94
cdf_db,ebpf,0,406,165.9
cdf_db,ebpf,0,407,161.45
cdf_db,ebpf,0,408,158.33
cdf_db,ebpf,0,409,147.57
cdf_db,ebpf,0,410,160.02
cdf_db,ebpf,0,411,222.21
cdf_db,ebpf,0,412,157.65
cdf_db,ebpf,0,413,153.37
cdf_db,ebpf,0,414,164.36
cdf_db,ebpf,0,415,147.54
cdf_db,ebpf,0,416,162.13
cdf_db,ebpf,0,417,218.15
cdf_db,ebpf,0,418,160.38
cdf_db,ebpf,0,419,162.61
cdf_db,ebpf,0,420,159.89
cdf_db,ebpf,0,421,150.14
cdf_db,ebpf,0,422,200.16
cdf_db,ebpf,0,423,204.48
cdf_db,ebpf,0,424,161.94
cdf_db,ebpf,0,425,156.4
cdf_db,ebpf,0,426,148.62
cdf_db,ebpf,0,427,164.93
cdf_db,ebpf,0,428,166.29
cdf_db,ebpf,0,429,207.92
cdf_db,ebpf,0,430,159.771
cdf_db,ebpf,0,431,152.72
cdf_db,ebpf,0,432,149.051
cdf_db,ebpf,0,433,151.38
cdf_db,ebpf,0,434,165.51
cdf_db,ebpf,0,435,217.67
cdf_db,ebpf,0,436,156.57
cdf_db,ebpf,0,437,158.42
cdf_db,ebpf,0,438,152.57
cdf_db,ebpf,0,439,150.15
cdf_db,ebpf,0,440,158.94
cdf_db,ebpf,0,441,214.04
cdf_db,ebpf,0,442,160.94
cdf_db,ebpf,0,443,160.6
cdf_db,ebpf,0,444,147.92
cdf_db,ebpf,0,445,148.53
cdf_db,ebpf,0,446,160.52
cdf_db,ebpf,0,447,213.66
cdf_db,ebpf,0,448,163.89
cdf_db,ebpf,0,449,162.7
cdf_db,ebpf,0,450,154.24
cdf_db,ebpf,0,451,152.69
cdf_db,ebpf,0,452,160.48
cdf_db,ebpf,0,453,212.15
cdf_db,ebpf,0,454,164.95
cdf_db,ebpf,0,455,156.11
cdf_db,ebpf,0,456,149.45
cdf_db,ebpf,0,457,148.59
cdf_db,ebpf,0,458,163.92
cdf_db,ebpf,0,459,209.88
cdf_db,ebpf,0,460,166.86
cdf_db,ebpf,0,461,155.681
cdf_db,ebpf,0,462,153.32
cdf_db,ebpf,0,463,192.69
cdf_db,ebpf,0,464,161.77
cdf_db,ebpf,0,465,208.5
cdf_db,ebpf,0,466,166.46
cdf_db,ebpf,0,467,153.2
cdf_db,ebpf,0,468,149.54
cdf_db,ebpf,0,469,151.82
cdf_db,ebpf,0,470,170.6
cdf_db,ebpf,0,471,205.6
cdf_db,ebpf,0,472,162.15
cdf_db,ebpf,0,473,172.99
cdf_db,ebpf,0,474,157.72
cdf_db,ebpf,0,475,149.47
cdf_db,ebpf,0,476,236.03
cdf_db,ebpf,0,477,156.4
cdf_db,ebpf,0,478,154.2
cdf_db,ebpf,0,479,161.01
cdf_db,ebpf,0,480,151.58
cdf_db,ebpf,0,481,150.82
cdf_db,ebpf,0,482,225.88
cdf_db,ebpf,0,483,200.19
cdf_db,ebpf,0,484,151.531
cdf_db,ebpf,0,485,162.3
cdf_db,ebpf,0,486,148.551
cdf_db,ebpf,0,487,146.731
cdf_db,ebpf,0,488,213.991
cdf_db,ebpf,0,489,159.46
cdf_db,ebpf,0,490,152.78
cdf_db,ebpf,0,491,150.861
cdf_db,ebpf,0,492,148.48
cdf_db,ebpf,0,493,198.29
cdf_db,ebpf,0,494,207.38
cdf_db,ebpf,0,495,156.79
cdf_db,ebpf,0,496,149.91
cdf_db,ebpf,0,497,149.93
cdf_db,ebpf,0,498,188.63
cdf_db,ebpf,0,499,179.34
cdf_db,ebpf,0,500,214.84
cdf_db,ebpf,0,501,230.33
cdf_db,ebpf,0,502,152.7
cdf_db,ebpf,0,503,162.05
cdf_db,ebpf,0,504,152.22
cdf_db,ebpf,0,505,221.99
cdf_db,ebpf,0,506,169.75
cdf_db,ebpf,0,507,158.38
cdf_db,ebpf,0,508,155.07
cdf_db,ebpf,0,509,155.93
cdf_db,ebpf,0,510,152.41
cdf_db,ebpf,0,511,215.58
cdf_db,ebpf,0,512,162.74
cdf_db,ebpf,0,513,152.16
cdf_db,ebpf,0,514,149.35
cdf_db,ebpf,0,515,153.36
cdf_db,ebpf,0,516,152.42
cdf_db,ebpf,0,517,220.89
cdf_db,ebpf,0,518,157.65
cdf_db,ebpf,0,519,149.94
cdf_db,ebpf,0,520,149.54
cdf_db,ebpf,0,521,151.1
cdf_db,ebpf,0,522,149.65
cdf_db,ebpf,0,523,213.05
cdf_db,ebpf,0,524,165.57
cdf_db,ebpf,0,525,151.48
cdf_db,ebpf,0,526,162.86
cdf_db,ebpf,0,527,161.02
cdf_db,ebpf,0,528,147.56
cdf_db,ebpf,0,529,221.47
cdf_db,ebpf,0,530,162.46
cdf_db,ebpf,0,531,154.09
cdf_db,ebpf,0,532,152.14
cdf_db,ebpf,0,533,146.52
cdf_db,ebpf,0,534,148.37
cdf_db,ebpf,0,535,213.15
cdf_db,ebpf,0,536,154.06
cdf_db,ebpf,0,537,154.26
cdf_db,ebpf,0,538,149.1
cdf_db,ebpf,0,539,144.61
cdf_db,ebpf,0,540,147.2
cdf_db,ebpf,0,541,164.29
cdf_db,ebpf,0,542,211.42
cdf_db,ebpf,0,543,156.98
cdf_db,ebpf,0,544,163.56
cdf_db,ebpf,0,545,154.28
cdf_db,ebpf,0,546,165.961
cdf_db,ebpf,0,547,242.32
cdf_db,ebpf,0,548,162.8
cdf_db,ebpf,0,549,172.22
cdf_db,ebpf,0,550,192.07
cdf_db,ebpf,0,551,156.9
cdf_db,ebpf,0,552,156.73
cdf_db,ebpf,0,553,223.32
cdf_db,ebpf,0,554,158.37
cdf_db,ebpf,0,555,152.96
cdf_db,ebpf,0,556,159.38
cdf_db,ebpf,0,557,149.63
cdf_db,ebpf,0,558,154.65
cdf_db,ebpf,0,559,216.02
cdf_db,ebpf,0,560,159.3
cdf_db,ebpf,0,561,152.28
cdf_db,ebpf,0,562,149.02
cdf_db,ebpf,0,563,155.21
cdf_db,ebpf,0,564,158.11
cdf_db,ebpf,0,565,205.39
cdf_db,ebpf,0,566,157.47
cdf_db,ebpf,0,567,150.62
cdf_db,ebpf,0,568,147.73
cdf_db,ebpf,0,569,149.19
cdf_db,ebpf,0,570,148.78
cdf_db,ebpf,0,571,211.74
cdf_db,ebpf,0,572,159.161
cdf_db,ebpf,0,573,148.76
cdf_db,ebpf,0,574,152.0
cdf_db,ebpf,0,575,149.01
cdf_db,ebpf,0,576,153.65
cdf_db,ebpf,0,577,225.65
cdf_db,ebpf,0,578,158.8
cdf_db,ebpf,0,579,153.18
cdf_db,ebpf,0,580,157.43
cdf_db,ebpf,0,581,150.53
cdf_db,ebpf,0,582,150.49
cdf_db,ebpf,0,583,214.02
cdf_db,ebpf,0,584,153.63
cdf_db,ebpf,0,585,148.24
cdf_db,ebpf,0,586,161.26
cdf_db,ebpf,0,587,153.14
cdf_db,ebpf,0,588,149.21
cdf_db,ebpf,0,589,215.4
cdf_db,ebpf,0,590,157.95
cdf_db,ebpf,0,591,154.87
cdf_db,ebpf,0,592,147.75
cdf_db,ebpf,0,593,151.3
cdf_db,ebpf,0,594,149.18
cdf_db,ebpf,0,595,153.41
cdf_db,ebpf,0,596,208.6
cdf_db,ebpf,0,597,153.75
cdf_db,ebpf,0,598,161.31
cdf_db,ebpf,0,599,151.36
cdf_db,ebpf,0,600,151.76
cdf_db,ebpf,0,601,148.66
cdf_db,ebpf,0,602,204.67
cdf_db,ebpf,0,603,155.831
cdf_db,ebpf,0,604,148.251
cdf_db,ebpf,0,605,149.611
cdf_db,ebpf,0,606,148.74
cdf_db,ebpf,0,607,152.42
cdf_db,ebpf,0,608,208.101
cdf_db,ebpf,0,609,156.01
cdf_db,ebpf,0,610,145.99
cdf_db,ebpf,0,611,152.03
cdf_db,ebpf,0,612,148.81
cdf_db,ebpf,0,613,145.94
cdf_db,ebpf,0,614,218.66
cdf_db,ebpf,0,615,158.21
cdf_db,ebpf,0,616,152.68
cdf_db,ebpf,0,617,148.87
cdf_db,ebpf,0,618,148.14
cdf_db,ebpf,0,619,160.86
cdf_db,ebpf,0,620,237.11
cdf_db,ebpf,0,621,161.92
cdf_db,ebpf,0,622,155.12
cdf_db,ebpf,0,623,155.51
cdf_db,ebpf,0,624,148.69
cdf_db,ebpf,0,625,149.88
cdf_db,ebpf,0,626,218.74
cdf_db,ebpf,0,627,160.16
cdf_db,ebpf,0,628,152.29
cdf_db,ebpf,0,629,152.46
cdf_db,ebpf,0,630,152.391
cdf_db,ebpf,0,631,199.84
cdf_db,ebpf,0,632,210.56
cdf_db,ebpf,0,633,158.391
cdf_db,ebpf,0,634,148.7
cdf_db,ebpf,0,635,152.34
cdf_db,ebpf,0,636,147.071
cdf_db,ebpf,0,637,149.321
cdf_db,ebpf,0,638,213.13
cdf_db,ebpf,0,639,156.25
cdf_db,ebpf,0,640,153.15
cdf_db,ebpf,0,641,151.5
cdf_db,ebpf,0,642,151.21
cdf_db,ebpf,0,643,148.44
cdf_db,ebpf,0,644,211.23
cdf_db,ebpf,0,645,159.11
cdf_db,ebpf,0,646,148.4
cdf_db,ebpf,0,647,151.6
cdf_db,ebpf,0,648,152.18
cdf_db,ebpf,0,649,145.58
cdf_db,ebpf,0,650,211.92
cdf_db,ebpf,0,651,157.83
cdf_db,ebpf,0,652,149.85
cdf_db,ebpf,0,653,191.84
cdf_db,ebpf,0,654,149.6
cdf_db,ebpf,0,655,145.53
cdf_db,ebpf,0,656,216.68
cdf_db,ebpf,0,657,156.07
cdf_db,ebpf,0,658,146.25
cdf_db,ebpf,0,659,150.76
cdf_db,ebpf,0,660,145.671
cdf_db,ebpf,0,661,145.32
cdf_db,ebpf,0,662,212.8
cdf_db,ebpf,0,663,292.491
cdf_db,ebpf,0,664,223.91
cdf_db,ebpf,0,665,223.47
cdf_db,ebpf,0,666,189.97
cdf_db,ebpf,0,667,259.84
cdf_db,ebpf,0,668,178.8
cdf_db,ebpf,0,669,255.64
cdf_db,ebpf,0,670,176.91
cdf_db,ebpf,0,671,264.51
cdf_db,ebpf,0,672,235.72
cdf_db,ebpf,0,673,214.44
cdf_db,ebpf,0,674,175.25
cdf_db,ebpf,0,675,222.67
cdf_db,ebpf,0,676,222.48
cdf_db,ebpf,0,677,170.06
cdf_db,ebpf,0,678,211.97
cdf_db,ebpf,0,679,172.97
cdf_db,ebpf,0,680,215.18
cdf_db,ebpf,0,681,214.38
cdf_db,ebpf,0,682,212.45
cdf_db,ebpf,0,683,177.68
cdf_db,ebpf,0,684,219.1
cdf_db,ebpf,0,685,178.33
cdf_db,ebpf,0,686,255.03
cdf_db,ebpf,0,687,176.6
cdf_db,ebpf,0,688,212.31
cdf_db,ebpf,0,689,179.7
cdf_db,ebpf,0,690,221.59
cdf_db,ebpf,0,691,210.08
cdf_db,ebpf,0,692,223.45
cdf_db,ebpf,0,693,197.43
cdf_db,ebpf,0,694,220.75
cdf_db,ebpf,0,695,236.51
cdf_db,ebpf,0,696,210.15
cdf_db,ebpf,0,697,174.15
cdf_db,ebpf,0,698,210.5
cdf_db,ebpf,0,699,168.84
cdf_db,ebpf,0,700,258.74
cdf_db,ebpf,0,701,175.76
cdf_db,ebpf,0,702,208.86
cdf_db,ebpf,0,703,173.32
cdf_db,ebpf,0,704,213.19
cdf_db,ebpf,0,705,213.29
cdf_db,ebpf,0,706,208.141
cdf_db,ebpf,0,707,170.889
cdf_db,ebpf,0,708,208.32
cdf_db,ebpf,0,709,179.81
cdf_db,ebpf,0,710,254.43
cdf_db,ebpf,0,711,177.67
cdf_db,ebpf,0,712,210.52
cdf_db,ebpf,0,713,169.65
cdf_db,ebpf,0,714,217.37
cdf_db,ebpf,0,715,210.53
cdf_db,ebpf,0,716,419.51
cdf_db,ebpf,0,717,527.56
cdf_db,ebpf,0,718,231.02
cdf_db,ebpf,0,719,183.31
cdf_db,ebpf,0,720,248.88
cdf_db,ebpf,0,721,226.24
cdf_db,ebpf,0,722,263.92
cdf_db,ebpf,0,723,214.01
cdf_db,ebpf,0,724,210.8
cdf_db,ebpf,0,725,175.83
cdf_db,ebpf,0,726,265.36
cdf_db,ebpf,0,727,221.87
cdf_db,ebpf,0,728,170.701
cdf_db,ebpf,0,729,209.74
cdf_db,ebpf,0,730,184.951
cdf_db,ebpf,0,731,256.91
cdf_db,ebpf,0,732,181.76
cdf_db,ebpf,0,733,211.47
cdf_db,ebpf,0,734,194.16
cdf_db,ebpf,0,735,217.39
cdf_db,ebpf,0,736,223.79
cdf_db,ebpf,0,737,205.79
cdf_db,ebpf,0,738,178.19
cdf_db,ebpf,0,739,208.95
cdf_db,ebpf,0,740,222.51
cdf_db,ebpf,0,741,207.0
cdf_db,ebpf,0,742,179.87
cdf_db,ebpf,0,743,209.68
cdf_db,ebpf,0,744,177.49
cdf_db,ebpf,0,745,254.52
cdf_db,ebpf,0,746,177.0
cdf_db,ebpf,0,747,208.78
cdf_db,ebpf,0,748,176.07
cdf_db,ebpf,0,749,209.04
cdf_db,ebpf,0,750,227.581
cdf_db,ebpf,0,751,208.849
cdf_db,ebpf,0,752,196.92
cdf_db,ebpf,0,753,211.26
cdf_db,ebpf,0,754,186.689
cdf_db,ebpf,0,755,257.82
cdf_db,ebpf,0,756,180.69
cdf_db,ebpf,0,757,208.05
cdf_db,ebpf,0,758,176.25
cdf_db,ebpf,0,759,213.46
cdf_db,ebpf,0,760,223.44
cdf_db,ebpf,0,761,213.76
cdf_db,ebpf,0,762,178.31
cdf_db,ebpf,0,763,221.69
cdf_db,ebpf,0,764,188.33
cdf_db,ebpf,0,765,277.77
cdf_db,ebpf,0,766,181.86
cdf_db,ebpf,0,767,207.69
cdf_db,ebpf,0,768,176.58
cdf_db,ebpf,0,769,295.53
cdf_db,ebpf,0,770,180.45
cdf_db,ebpf,0,771,207.49
cdf_db,ebpf,0,772,176.35
cdf_db,ebpf,0,773,210.981
cdf_db,ebpf,0,774,226.02
cdf_db,ebpf,0,775,209.909
cdf_db,ebpf,0,776,188.691
cdf_db,ebpf,0,777,209.051
cdf_db,ebpf,0,778,180.0
cdf_db,ebpf,0,779,265.53
cdf_db,ebpf,0,780,178.69
cdf_db,ebpf,0,781,210.24
cdf_db,ebpf,0,782,186.18
cdf_db,ebpf,0,783,218.6
cdf_db,ebpf,0,784,267.33
cdf_db,ebpf,0,785,170.41
cdf_db,ebpf,0,786,210.8
cdf_db,ebpf,0,787,178.96
cdf_db,ebpf,0,788,217.5
cdf_db,ebpf,0,789,215.72
cdf_db,ebpf,0,790,207.29
cdf_db,ebpf,0,791,179.19
cdf_db,ebpf,0,792,210.06
cdf_db,ebpf,0,793,227.47
cdf_db,ebpf,0,794,219.45
cdf_db,ebpf,0,795,180.83
cdf_db,ebpf,0,796,219.35
cdf_db,ebpf,0,797,182.331
cdf_db,ebpf,0,798,258.389
cdf_db,ebpf,0,799,178.74
cdf_db,ebpf,0,800,209.06
cdf_db,ebpf,0,801,176.23
cdf_db,ebpf,0,802,214.67
cdf_db,ebpf,0,803,231.8
cdf_db,ebpf,0,804,208.25
cdf_db,ebpf,0,805,180.73
cdf_db,ebpf,0,806,209.72
cdf_db,ebpf,0,807,185.72
cdf_db,ebpf,0,808,250.27
cdf_db,ebpf,0,809,187.56
cdf_db,ebpf,0,810,211.19
cdf_db,ebpf,0,811,179.27
cdf_db,ebpf,0,812,227.75
cdf_db,ebpf,0,813,219.37
cdf_db,ebpf,0,814,212.05
cdf_db,ebpf,0,815,218.75
cdf_db,ebpf,0,816,219.02
cdf_db,ebpf,0,817,238.97
cdf_db,ebpf,0,818,213.34
cdf_db,ebpf,0,819,177.75
cdf_db,ebpf,0,820,219.26
cdf_db,ebpf,0,821,181.41
cdf_db,ebpf,0,822,257.66
cdf_db,ebpf,0,823,190.73
cdf_db,ebpf,0,824,212.17
cdf_db,ebpf,0,825,187.42
cdf_db,ebpf,0,826,215.78
cdf_db,ebpf,0,827,217.09
cdf_db,ebpf,0,828,209.7
cdf_db,ebpf,0,829,190.6
cdf_db,ebpf,0,830,210.81
cdf_db,ebpf,0,831,280.22
cdf_db,ebpf,0,832,211.94
cdf_db,ebpf,0,833,179.57
cdf_db,ebpf,0,834,206.72
cdf_db,ebpf,0,835,189.83
cdf_db,ebpf,0,836,261.13
cdf_db,ebpf,0,837,182.58
cdf_db,ebpf,0,838,232.81
cdf_db,ebpf,0,839,215.92
cdf_db,ebpf,0,840,219.68
cdf_db,ebpf,0,841,241.03
cdf_db,ebpf,0,842,170.35
cdf_db,ebpf,0,843,248.23
cdf_db,ebpf,0,844,265.461
cdf_db,ebpf,0,845,266.351
cdf_db,ebpf,0,846,194.321
cdf_db,ebpf,0,847,209.72
cdf_db,ebpf,0,848,193.76
cdf_db,ebpf,0,849,216.15
cdf_db,ebpf,0,850,484.64
cdf_db,ebpf,0,851,248.13
cdf_db,ebpf,0,852,198.74
cdf_db,ebpf,0,853,254.55
cdf_db,ebpf,0,854,181.23
cdf_db,ebpf,0,855,212.1
cdf_db,ebpf,0,856,176.59
cdf_db,ebpf,0,857,219.44
cdf_db,ebpf,0,858,221.41
cdf_db,ebpf,0,859,207.82
cdf_db,ebpf,0,860,177.0
cdf_db,ebpf,0,861,209.68
cdf_db,ebpf,0,862,185.3
cdf_db,ebpf,0,863,246.651
cdf_db,ebpf,0,864,174.92
cdf_db,ebpf,0,865,208.12
cdf_db,ebpf,0,866,187.831
cdf_db,ebpf,0,867,256.709
cdf_db,ebpf,0,868,186.411
cdf_db,ebpf,0,869,208.77
cdf_db,ebpf,0,870,178.2
cdf_db,ebpf,0,871,208.28
cdf_db,ebpf,0,872,220.79
cdf_db,ebpf,0,873,208.2
cdf_db,ebpf,0,874,178.02
cdf_db,ebpf,0,875,207.21
cdf_db,ebpf,0,876,176.2
cdf_db,ebpf,0,877,256.52
cdf_db,ebpf,0,878,178.34
cdf_db,ebpf,0,879,208.29
cdf_db,ebpf,0,880,175.03
cdf_db,ebpf,0,881,208.97
cdf_db,ebpf,0,882,235.59
cdf_db,ebpf,0,883,210.33
cdf_db,ebpf,0,884,179.18
cdf_db,ebpf,0,885,210.02
cdf_db,ebpf,0,886,190.911
cdf_db,ebpf,0,887,284.271
cdf_db,ebpf,0,888,184.06
cdf_db,ebpf,0,889,213.989
cdf_db,ebpf,0,890,178.38
cdf_db,ebpf,0,891,211.781
cdf_db,ebpf,0,892,224.11
cdf_db,ebpf,0,893,250.53
cdf_db,ebpf,0,894,175.44
cdf_db,ebpf,0,895,208.8
cdf_db,ebpf,0,896,225.46
cdf_db,ebpf,0,897,214.96
cdf_db,ebpf,0,898,185.22
cdf_db,ebpf,0,899,207.61
cdf_db,ebpf,0,900,178.08
cdf_db,ebpf,0,901,265.53
cdf_db,ebpf,0,902,178.69
cdf_db,ebpf,0,903,208.7
cdf_db,ebpf,0,904,179.72
cdf_db,ebpf,0,905,214.09
cdf_db,ebpf,0,906,219.64
cdf_db,ebpf,0,907,207.53
cdf_db,ebpf,0,908,174.61
cdf_db,ebpf,0,909,210.871
cdf_db,ebpf,0,910,181.32
cdf_db,ebpf,0,911,264.291
cdf_db,ebpf,0,912,180.54
cdf_db,ebpf,0,913,206.87
cdf_db,ebpf,0,914,176.18
cdf_db,ebpf,0,915,225.63
cdf_db,ebpf,0,916,232.77
cdf_db,ebpf,0,917,209.07
cdf_db,ebpf,0,918,176.29
cdf_db,ebpf,0,919,211.23
cdf_db,ebpf,0,920,221.68
cdf_db,ebpf,0,921,207.64
cdf_db,ebpf,0,922,176.97
cdf_db,ebpf,0,923,208.7
cdf_db,ebpf,0,924,179.95
cdf_db,ebpf,0,925,259.88
cdf_db,ebpf,0,926,177.89
cdf_db,ebpf,0,927,208.57
cdf_db,ebpf,0,928,177.03
cdf_db,ebpf,0,929,208.25
cdf_db,ebpf,0,930,227.21
cdf_db,ebpf,0,931,209.54
cdf_db,ebpf,0,932,175.5
cdf_db,ebpf,0,933,209.76
cdf_db,ebpf,0,934,176.66
cdf_db,ebpf,0,935,257.11
cdf_db,ebpf,0,936,182.889
cdf_db,ebpf,0,937,208.949
cdf_db,ebpf,0,938,180.58
cdf_db,ebpf,0,939,217.34
cdf_db,ebpf,0,940,223.3
cdf_db,ebpf,0,941,214.6
cdf_db,ebpf,0,942,180.71
cdf_db,ebpf,0,943,210.86
cdf_db,ebpf,0,944,184.16
cdf_db,ebpf,0,945,261.33
cdf_db,ebpf,0,946,178.57
cdf_db,ebpf,0,947,206.96
cdf_db,ebpf,0,948,177.84
cdf_db,ebpf,0,949,219.84
cdf_db,ebpf,0,950,228.99
cdf_db,ebpf,0,951,218.63
cdf_db,ebpf,0,952,180.39
cdf_db,ebpf,0,953,207.45
cdf_db,ebpf,0,954,222.43
cdf_db,ebpf,0,955,247.84
cdf_db,ebpf,0,956,175.15
cdf_db,ebpf,0,957,208.02
cdf_db,ebpf,0,958,174.83
cdf_db,ebpf,0,959,258.021
cdf_db,ebpf,0,960,180.191
cdf_db,ebpf,0,961,209.33
cdf_db,ebpf,0,962,173.89
cdf_db,ebpf,0,963,207.76
cdf_db,ebpf,0,964,222.61
cdf_db,ebpf,0,965,221.43
cdf_db,ebpf,0,966,177.04
cdf_db,ebpf,0,967,206.82
cdf_db,ebpf,0,968,172.73
cdf_db,ebpf,0,969,256.08
cdf_db,ebpf,0,970,179.33
cdf_db,ebpf,0,971,211.84
cdf_db,ebpf,0,972,176.45
cdf_db,ebpf,0,973,212.18
cdf_db,ebpf,0,974,218.66
cdf_db,ebpf,0,975,212.9
cdf_db,ebpf,0,976,175.59
cdf_db,ebpf,0,977,208.04
cdf_db,ebpf,0,978,183.93
cdf_db,ebpf,0,979,253.86
cdf_db,ebpf,0,980,179.94
cdf_db,ebpf,0,981,208.87
cdf_db,ebpf,0,982,177.1
cdf_db,ebpf,0,983,216.589
cdf_db,ebpf,0,984,231.811
cdf_db,ebpf,0,985,208.71
cdf_db,ebpf,0,986,218.2
cdf_db,ebpf,0,987,211.62
cdf_db,ebpf,0,988,258.22
cdf_db,ebpf,0,989,213.08
cdf_db,ebpf,0,990,183.48
cdf_db,ebpf,0,991,210.41
cdf_db,ebpf,0,992,189.43
cdf_db,ebpf,0,993,263.66
cdf_db,ebpf,0,994,179.04
cdf_db,ebpf,0,995,209.52
cdf_db,ebpf,0,996,175.11
cdf_db,ebpf,0,997,215.52
cdf_db,ebpf,0,998,217.18
cdf_db,ebpf,0,999,211.32
cdf_db,ebpf,0,1000,185.78
cdf_db,ebpf,0,1001,212.97
cdf_db,ebpf,0,1002,184.8
cdf_db,ebpf,0,1003,251.591
cdf_db,ebpf,0,1004,180.449
cdf_db,ebpf,0,1005,208.629
cdf_db,ebpf,0,1006,185.56
cdf_db,ebpf,0,1007,256.309
cdf_db,ebpf,0,1008,175.45
cdf_db,ebpf,0,1009,210.37
cdf_db,ebpf,0,1010,179.16
cdf_db,ebpf,0,1011,206.98
cdf_db,ebpf,0,1012,227.61
cdf_db,ebpf,0,1013,211.33
cdf_db,ebpf,0,1014,177.47
cdf_db,ebpf,0,1015,208.53
cdf_db,ebpf,0,1016,176.56
cdf_db,ebpf,0,1017,258.1
cdf_db,ebpf,0,1018,176.0
cdf_db,ebpf,0,1019,208.59
cdf_db,ebpf,0,1020,174.74
cdf_db,ebpf,0,1021,211.96
cdf_db,ebpf,0,1022,224.93
cdf_db,ebpf,0,1023,249.45
cdf_db,ebpf,0,1024,178.27
cdf_db,ebpf,0,1025,206.83
cdf_db,ebpf,0,1026,181.351
cdf_db,ebpf,0,1027,254.58
cdf_db,ebpf,0,1028,176.809
cdf_db,ebpf,0,1029,213.02
cdf_db,ebpf,0,1030,177.22
cdf_db,ebpf,0,1031,220.06
cdf_db,ebpf,0,1032,215.67
cdf_db,ebpf,0,1033,206.4
cdf_db,ebpf,0,1034,220.64
cdf_db,ebpf,0,1035,206.44
cdf_db,ebpf,0,1036,230.65
cdf_db,ebpf,0,1037,209.5
cdf_db,ebpf,0,1038,177.65
cdf_db,ebpf,0,1039,206.7
cdf_db,ebpf,0,1040,179.13
cdf_db,ebpf,0,1041,259.18
cdf_db,ebpf,0,1042,182.12
cdf_db,ebpf,0,1043,245.95
cdf_db,ebpf,0,1044,176.12
cdf_db,ebpf,0,1045,212.01
cdf_db,ebpf,0,1046,218.56
cdf_db,ebpf,0,1047,207.48
cdf_db,ebpf,0,1048,178.45
cdf_db,ebpf,0,1049,246.39
cdf_db,ebpf,0,1050,180.5
cdf_db,ebpf,0,1051,250.251
cdf_db,ebpf,0,1052,177.8
cdf_db,ebpf,0,1053,209.32
cdf_db,ebpf,0,1054,212.741
cdf_db,ebpf,0,1055,256.15
cdf_db,ebpf,0,1056,208.25
cdf_db,ebpf,0,1057,214.72
cdf_db,ebpf,0,1058,221.49
cdf_db,ebpf,0,1059,215.35
cdf_db,ebpf,0,1060,232.11
cdf_db,ebpf,0,1061,243.7
cdf_db,ebpf,0,1062,176.2
cdf_db,ebpf,0,1063,246.51
cdf_db,ebpf,0,1064,226.98
cdf_db,ebpf,0,1065,248.4
cdf_db,ebpf,0,1066,214.2
cdf_db,ebpf,0,1067,247.23
cdf_db,ebpf,0,1068,290.49
cdf_db,ebpf,0,1069,207.1
cdf_db,ebpf,0,1070,177.64
cdf_db,ebpf,0,1071,204.78
cdf_db,ebpf,0,1072,173.98
cdf_db,ebpf,0,1073,255.93
cdf_db,ebpf,0,1074,185.531
cdf_db,ebpf,0,1075,210.289
cdf_db,ebpf,0,1076,177.571
cdf_db,ebpf,0,1077,235.57
cdf_db,ebpf,0,1078,216.86
cdf_db,ebpf,0,1079,209.15
cdf_db,ebpf,0,1080,182.33
cdf_db,ebpf,0,1081,215.31
cdf_db,ebpf,0,1082,184.07
cdf_db,ebpf,0,1083,254.69
cdf_db,ebpf,0,1084,174.44
cdf_db,ebpf,0,1085,205.56
cdf_db,ebpf,0,1086,174.16
cdf_db,ebpf,0,1087,216.05
cdf_db,ebpf,0,1088,218.32
cdf_db,ebpf,0,1089,204.49
cdf_db,ebpf,0,1090,175.67
cdf_db,ebpf,0,1091,206.65
cdf_db,ebpf,0,1092,239.22
cdf_db,ebpf,0,1093,250.28
cdf_db,ebpf,0,1094,180.43
cdf_db,ebpf,0,1095,209.52
cdf_db,ebpf,0,1096,173.701
cdf_db,ebpf,0,1097,264.98
cdf_db,ebpf,0,1098,176.111
cdf_db,ebpf,0,1099,209.95
cdf_db,ebpf,0,1100,174.6
cdf_db,ebpf,0,1101,205.18
cdf_db,ebpf,0,1102,223.06
cdf_db,ebpf,0,1103,209.15
cdf_db,ebpf,0,1104,175.38
cdf_db,ebpf,0,1105,204.89
cdf_db,ebpf,0,1106,175.89
cdf_db,ebpf,0,1107,257.61
cdf_db,ebpf,0,1108,177.07
cdf_db,ebpf,0,1109,247.23
cdf_db,ebpf,0,1110,176.95
cdf_db,ebpf,0,1111,219.31
cdf_db,ebpf,0,1112,215.94
cdf_db,ebpf,0,1113,207.0
cdf_db,ebpf,0,1114,174.37
cdf_db,ebpf,0,1115,206.68
cdf_db,ebpf,0,1116,180.46
cdf_db,ebpf,0,1117,250.35
cdf_db,ebpf,0,1118,174.7
cdf_db,ebpf,0,1119,210.97
cdf_db,ebpf,0,1120,174.251
cdf_db,ebpf,0,1121,212.949
cdf_db,ebpf,0,1122,258.369
cdf_db,ebpf,0,1123,207.8
cdf_db,ebpf,0,1124,177.371
cdf_db,ebpf,0,1125,208.51
cdf_db,ebpf,0,1126,184.39
cdf_db,ebpf,0,1127,249.51
cdf_db,ebpf,0,1128,174.54
cdf_db,ebpf,0,1129,221.29
cdf_db,ebpf,0,1130,174.94
cdf_db,ebpf,0,1131,277.01
cdf_db,ebpf,0,1132,218.49
cdf_db,ebpf,0,1133,211.08
cdf_db,ebpf,0,1134,183.52
cdf_db,ebpf,0,1135,212.77
cdf_db,ebpf,0,1136,214.09
cdf_db,ebpf,0,1137,207.43
cdf_db,ebpf,0,1138,180.42
cdf_db,ebpf,0,1139,245.98
cdf_db,ebpf,0,1140,181.861
cdf_db,ebpf,0,1141,249.709
cdf_db,ebpf,0,1142,178.18
cdf_db,ebpf,0,1143,205.98
cdf_db,ebpf,0,1144,176.151
cdf_db,ebpf,0,1145,300.071
cdf_db,ebpf,0,1146,178.01
cdf_db,ebpf,0,1147,209.89
cdf_db,ebpf,0,1148,178.91
cdf_db,ebpf,0,1149,209.31
cdf_db,ebpf,0,1150,264.9
cdf_db,ebpf,0,1151,208.78
cdf_db,ebpf,0,1152,178.83
cdf_db,ebpf,0,1153,246.94
cdf_db,ebpf,0,1154,184.17
cdf_db,ebpf,0,1155,286.51
cdf_db,ebpf,0,1156,180.22
cdf_db,ebpf,0,1157,251.7
cdf_db,ebpf,0,1158,217.97
cdf_db,ebpf,0,1159,298.38
cdf_db,ebpf,0,1160,216.58
cdf_db,ebpf,0,1161,247.73
cdf_db,ebpf,0,1162,239.93
cdf_db,ebpf,0,1163,262.75
cdf_db,ebpf,0,1164,177.3
cdf_db,ebpf,0,1165,208.04
cdf_db,ebpf,0,1166,176.789
cdf_db,ebpf,0,1167,215.841
cdf_db,ebpf,0,1168,216.15
cdf_db,ebpf,0,1169,209.64
cdf_db,ebpf,0,1170,174.7
cdf_db,ebpf,0,1171,206.48
cdf_db,ebpf,0,1172,183.39
cdf_db,ebpf,0,1173,250.89
cdf_db,ebpf,0,1174,181.12
cdf_db,ebpf,0,1175,209.11
cdf_db,ebpf,0,1176,174.97
cdf_db,ebpf,0,1177,214.1
cdf_db,ebpf,0,1178,219.72
cdf_db,ebpf,0,1179,211.39
cdf_db,ebpf,0,1180,185.23
cdf_db,ebpf,0,1181,214.41
cdf_db,ebpf,0,1182,182.34
cdf_db,ebpf,0,1183,246.79
cdf_db,ebpf,0,1184,179.2
cdf_db,ebpf,0,1185,208.33
cdf_db,ebpf,0,1186,216.86
cdf_db,ebpf,0,1187,258.9
cdf_db,ebpf,0,1188,179.26
cdf_db,ebpf,0,1189,211.92
cdf_db,ebpf,0,1190,176.09
cdf_db,ebpf,0,1191,208.31
cdf_db,ebpf,0,1192,240.98
cdf_db,ebpf,0,1193,209.95
cdf_db,ebpf,0,1194,181.84
cdf_db,ebpf,0,1195,207.44
cdf_db,ebpf,0,1196,184.47
cdf_db,ebpf,0,1197,256.53
cdf_db,ebpf,0,1198,176.03
cdf_db,ebpf,0,1199,207.72
cdf_db,ebpf,0,1200,175.06
cdf_db,ebpf,0,1201,211.74
cdf_db,ebpf,0,1202,233.01
cdf_db,ebpf,0,1203,214.76
cdf_db,ebpf,0,1204,224.57
cdf_db,ebpf,0,1205,205.56
cdf_db,ebpf,0,1206,237.08
cdf_db,ebpf,0,1207,210.0
cdf_db,ebpf,0,1208,177.26
cdf_db,ebpf,0,1209,207.94
cdf_db,ebpf,0,1210,174.75
cdf_db,ebpf,0,1211,255.341
cdf_db,ebpf,0,1212,175.52
cdf_db,ebpf,0,1213,205.361
cdf_db,ebpf,0,1214,173.06
cdf_db,ebpf,0,1215,205.42
cdf_db,ebpf,0,1216,224.4
cdf_db,ebpf,0,1217,206.89
cdf_db,ebpf,0,1218,217.12
cdf_db,ebpf,0,1219,207.75
cdf_db,ebpf,0,1220,182.14
cdf_db,ebpf,0,1221,253.55
cdf_db,ebpf,0,1222,472.96
cdf_db,ebpf,0,1223,234.66
cdf_db,ebpf,0,1224,309.01
cdf_db,ebpf,0,1225,211.65
cdf_db,ebpf,0,1226,163.94
cdf_db,ebpf,0,1227,164.92
cdf_db,ebpf,0,1228,221.13
cdf_db,ebpf,0,1229,220.5
cdf_db,ebpf,0,1230,174.13
cdf_db,ebpf,0,1231,162.87
cdf_db,ebpf,0,1232,157.85
cdf_db,ebpf,0,1233,156.74
cdf_db,ebpf,0,1234,165.349
cdf_db,ebpf,0,1235,211.78
cdf_db,ebpf,0,1236,201.051
cdf_db,ebpf,0,1237,154.9
cdf_db,ebpf,0,1238,151.931
cdf_db,ebpf,0,1239,151.96
cdf_db,ebpf,0,1240,215.04
cdf_db,ebpf,0,1241,156.27
cdf_db,ebpf,0,1242,195.43
cdf_db,ebpf,0,1243,149.1
cdf_db,ebpf,0,1244,147.85
cdf_db,ebpf,0,1245,156.49
cdf_db,ebpf,0,1246,252.15
cdf_db,ebpf,0,1247,166.08
cdf_db,ebpf,0,1248,154.06
cdf_db,ebpf,0,1249,183.42
cdf_db,ebpf,0,1250,158.06
cdf_db,ebpf,0,1251,272.14
cdf_db,ebpf,0,1252,162.35
cdf_db,ebpf,0,1253,196.2
cdf_db,ebpf,0,1254,195.25
cdf_db,ebpf,0,1255,224.25
cdf_db,ebpf,0,1256,216.29
cdf_db,ebpf,0,1257,163.291
cdf_db,ebpf,0,1258,152.24
cdf_db,ebpf,0,1259,150.0
cdf_db,ebpf,0,1260,149.42
cdf_db,ebpf,0,1261,147.971
cdf_db,ebpf,0,1262,236.84
cdf_db,ebpf,0,1263,159.549
cdf_db,ebpf,0,1264,148.81
cdf_db,ebpf,0,1265,152.15
cdf_db,ebpf,0,1266,149.81
cdf_db,ebpf,0,1267,146.4
cdf_db,ebpf,0,1268,210.42
cdf_db,ebpf,0,1269,164.77
cdf_db,ebpf,0,1270,149.25
cdf_db,ebpf,0,1271,148.17
cdf_db,ebpf,0,1272,151.36
cdf_db,ebpf,0,1273,153.52
cdf_db,ebpf,0,1274,165.4
cdf_db,ebpf,0,1275,227.69
cdf_db,ebpf,0,1276,157.47
cdf_db,ebpf,0,1277,153.68
cdf_db,ebpf,0,1278,155.5
cdf_db,ebpf,0,1279,186.85
cdf_db,ebpf,0,1280,529.36
cdf_db,ebpf,0,1281,195.25
cdf_db,ebpf,0,1282,154.74
cdf_db,ebpf,0,1283,168.49
cdf_db,ebpf,0,1284,219.51
cdf_db,ebpf,0,1285,162.61
cdf_db,ebpf,0,1286,153.65
cdf_db,ebpf,0,1287,168.68
cdf_db,ebpf,0,1288,150.74
cdf_db,ebpf,0,1289,158.31
cdf_db,ebpf,0,1290,212.47
cdf_db,ebpf,0,1291,156.62
cdf_db,ebpf,0,1292,151.85
cdf_db,ebpf,0,1293,157.9
cdf_db,ebpf,0,1294,148.68
cdf_db,ebpf,0,1295,159.19
cdf_db,ebpf,0,1296,214.56
cdf_db,ebpf,0,1297,158.09
cdf_db,ebpf,0,1298,196.63
cdf_db,ebpf,0,1299,155.99
cdf_db,ebpf,0,1300,151.52
cdf_db,ebpf,0,1301,163.57
cdf_db,ebpf,0,1302,228.14
cdf_db,ebpf,0,1303,158.49
cdf_db,ebpf,0,1304,153.03
cdf_db,ebpf,0,1305,164.49
cdf_db,ebpf,0,1306,148.37
cdf_db,ebpf,0,1307,214.68
cdf_db,ebpf,0,1308,162.18
cdf_db,ebpf,0,1309,152.62
cdf_db,ebpf,0,1310,153.65
cdf_db,ebpf,0,1311,192.74
cdf_db,ebpf,0,1312,149.51
cdf_db,ebpf,0,1313,219.28
cdf_db,ebpf,0,1314,163.83
cdf_db,ebpf,0,1315,148.371
cdf_db,ebpf,0,1316,149.489
cdf_db,ebpf,0,1317,160.471
cdf_db,ebpf,0,1318,148.971
cdf_db,ebpf,0,1319,215.26
cdf_db,ebpf,0,1320,171.3
cdf_db,ebpf,0,1321,155.26
cdf_db,ebpf,0,1322,189.11
cdf_db,ebpf,0,1323,153.55
cdf_db,ebpf,0,1324,145.91
cdf_db,ebpf,0,1325,214.19
cdf_db,ebpf,0,1326,158.8
cdf_db,ebpf,0,1327,148.23
cdf_db,ebpf,0,1328,150.44
cdf_db,ebpf,0,1329,198.27
cdf_db,ebpf,0,1330,150.36
cdf_db,ebpf,0,1331,211.31
cdf_db,ebpf,0,1332,171.37
cdf_db,ebpf,0,1333,147.38
cdf_db,ebpf,0,1334,148.35
cdf_db,ebpf,0,1335,152.7
cdf_db,ebpf,0,1336,162.13
cdf_db,ebpf,0,1337,210.52
cdf_db,ebpf,0,1338,158.78
cdf_db,ebpf,0,1339,148.98
cdf_db,ebpf,0,1340,187.17
cdf_db,ebpf,0,1341,156.23
cdf_db,ebpf,0,1342,153.32
cdf_db,ebpf,0,1343,209.58
cdf_db,ebpf,0,1344,157.13
cdf_db,ebpf,0,1345,149.71
cdf_db,ebpf,0,1346,145.431
cdf_db,ebpf,0,1347,147.66
cdf_db,ebpf,0,1348,163.92
cdf_db,ebpf,0,1349,228.62
cdf_db,ebpf,0,1350,159.101
cdf_db,ebpf,0,1351,154.91
cdf_db,ebpf,0,1352,147.9
cdf_db,ebpf,0,1353,159.41
cdf_db,ebpf,0,1354,152.41
cdf_db,ebpf,0,1355,209.95
cdf_db,ebpf,0,1356,158.96
cdf_db,ebpf,0,1357,147.17
cdf_db,ebpf,0,1358,155.35
cdf_db,ebpf,0,1359,158.94
cdf_db,ebpf,0,1360,148.38
cdf_db,ebpf,0,1361,220.74
cdf_db,ebpf,0,1362,158.08
cdf_db,ebpf,0,1363,152.32
cdf_db,ebpf,0,1364,147.29
cdf_db,ebpf,0,1365,159.6
cdf_db,ebpf,0,1366,192.33
cdf_db,ebpf,0,1367,212.53
cdf_db,ebpf,0,1368,158.55
cdf_db,ebpf,0,1369,152.46
cdf_db,ebpf,0,1370,151.81
cdf_db,ebpf,0,1371,159.91
cdf_db,ebpf,0,1372,156.81
cdf_db,ebpf,0,1373,211.881
cdf_db,ebpf,0,1374,159.731
cdf_db,ebpf,0,1375,151.849
cdf_db,ebpf,0,1376,144.94
cdf_db,ebpf,0,1377,150.6
cdf_db,ebpf,0,1378,148.6
cdf_db,ebpf,0,1379,213.601
cdf_db,ebpf,0,1380,157.96
cdf_db,ebpf,0,1381,149.86
cdf_db,ebpf,0,1382,149.8
cdf_db,ebpf,0,1383,161.67
cdf_db,ebpf,0,1384,147.64
cdf_db,ebpf,0,1385,259.44
cdf_db,ebpf,0,1386,166.09
cdf_db,ebpf,0,1387,148.76
cdf_db,ebpf,0,1388,148.97
cdf_db,ebpf,0,1389,160.14
cdf_db,ebpf,0,1390,153.85
cdf_db,ebpf,0,1391,208.02
cdf_db,ebpf,0,1392,155.26
cdf_db,ebpf,0,1393,149.2
cdf_db,ebpf,0,1394,146.37
cdf_db,ebpf,0,1395,149.82
cdf_db,ebpf,0,1396,146.13
cdf_db,ebpf,0,1397,219.81
cdf_db,ebpf,0,1398,157.16
cdf_db,ebpf,0,1399,184.1
cdf_db,ebpf,0,1400,149.75
cdf_db,ebpf,0,1401,147.941
cdf_db,ebpf,0,1402,146.84
cdf_db,ebpf,0,1403,214.12
cdf_db,ebpf,0,1404,161.849
cdf_db,ebpf,0,1405,148.88
cdf_db,ebpf,0,1406,146.991
cdf_db,ebpf,0,1407,162.03
cdf_db,ebpf,0,1408,145.54
cdf_db,ebpf,0,1409,211.83
cdf_db,ebpf,0,1410,206.4
cdf_db,ebpf,0,1411,149.71
cdf_db,ebpf,0,1412,151.1
cdf_db,ebpf,0,1413,158.28
cdf_db,ebpf,0,1414,155.18
cdf_db,ebpf,0,1415,206.4
cdf_db,ebpf,0,1416,166.14
cdf_db,ebpf,0,1417,147.26
cdf_db,ebpf,0,1418,188.14
cdf_db,ebpf,0,1419,160.75
cdf_db,ebpf,0,1420,163.46
cdf_db,ebpf,0,1421,223.35
cdf_db,ebpf,0,1422,157.57
cdf_db,ebpf,0,1423,149.39
cdf_db,ebpf,0,1424,191.38
cdf_db,ebpf,0,1425,152.85
cdf_db,ebpf,0,1426,240.98
cdf_db,ebpf,0,1427,161.79
cdf_db,ebpf,0,1428,190.77
cdf_db,ebpf,0,1429,148.951
cdf_db,ebpf,0,1430,149.469
cdf_db,ebpf,0,1431,146.46
cdf_db,ebpf,0,1432,254.52
cdf_db,ebpf,0,1433,158.91
cdf_db,ebpf,0,1434,157.91
cdf_db,ebpf,0,1435,190.44
cdf_db,ebpf,0,1436,182.86
cdf_db,ebpf,0,1437,301.98
cdf_db,ebpf,0,1438,155.67
cdf_db,ebpf,0,1439,151.61
cdf_db,ebpf,0,1440,159.44
cdf_db,ebpf,0,1441,147.72
cdf_db,ebpf,0,1442,148.1
cdf_db,ebpf,0,1443,226.33
cdf_db,ebpf,0,1444,159.06
cdf_db,ebpf,0,1445,148.01
cdf_db,ebpf,0,1446,154.37
cdf_db,ebpf,0,1447,171.89
cdf_db,ebpf,0,1448,151.17
cdf_db,ebpf,0,1449,209.54
cdf_db,ebpf,0,1450,156.13
cdf_db,ebpf,0,1451,150.25
cdf_db,ebpf,0,1452,153.28
cdf_db,ebpf,0,1453,145.26
cdf_db,ebpf,0,1454,148.7
cdf_db,ebpf,0,1455,217.25
cdf_db,ebpf,0,1456,154.11
cdf_db,ebpf,0,1457,150.08
cdf_db,ebpf,0,1458,150.249
cdf_db,ebpf,0,1459,148.889
cdf_db,ebpf,0,1460,146.871
cdf_db,ebpf,0,1461,266.21
cdf_db,ebpf,0,1462,154.71
cdf_db,ebpf,0,1463,149.82
cdf_db,ebpf,0,1464,160.82
cdf_db,ebpf,0,1465,148.33
cdf_db,ebpf,0,1466,147.87
cdf_db,ebpf,0,1467,219.72
cdf_db,ebpf,0,1468,154.47
cdf_db,ebpf,0,1469,149.73
cdf_db,ebpf,0,1470,163.56
cdf_db,ebpf,0,1471,146.55
cdf_db,ebpf,0,1472,145.73
cdf_db,ebpf,0,1473,222.55
cdf_db,ebpf,0,1474,157.61
cdf_db,ebpf,0,1475,154.47
cdf_db,ebpf,0,1476,150.94
cdf_db,ebpf,0,1477,148.47
cdf_db,ebpf,0,1478,147.13
cdf_db,ebpf,0,1479,214.4
cdf_db,ebpf,0,1480,195.51
cdf_db,ebpf,0,1481,146.65
cdf_db,ebpf,0,1482,150.43
cdf_db,ebpf,0,1483,146.58
cdf_db,ebpf,0,1484,151.38
cdf_db,ebpf,0,1485,223.67
cdf_db,ebpf,0,1486,153.07
cdf_db,ebpf,0,1487,150.68
cdf_db,ebpf,0,1488,151.23
cdf_db,ebpf,0,1489,145.001
cdf_db,ebpf,0,1490,145.42
cdf_db,ebpf,0,1491,161.12
cdf_db,ebpf,0,1492,201.131
cdf_db,ebpf,0,1493,153.63
cdf_db,ebpf,0,1494,162.56
cdf_db,ebpf,0,1495,146.35
cdf_db,ebpf,0,1496,146.39
cdf_db,ebpf,0,1497,153.46
cdf_db,ebpf,0,1498,221.24
cdf_db,ebpf,0,1499,155.95
cdf_db,ebpf,0,1500,153.18
cdf_db,ebpf,0,1501,151.24
cdf_db,ebpf,0,1502,147.58
cdf_db,ebpf,0,1503,154.81
cdf_db,ebpf,0,1504,205.65
cdf_db,ebpf,0,1505,153.16
cdf_db,ebpf,0,1506,206.72
cdf_db,ebpf,0,1507,146.32
cdf_db,ebpf,0,1508,148.02
cdf_db,ebpf,0,1509,154.92
cdf_db,ebpf,0,1510,204.38
cdf_db,ebpf,0,1511,153.89
cdf_db,ebpf,0,1512,152.39
cdf_db,ebpf,0,1513,152.08
cdf_db,ebpf,0,1514,148.16
cdf_db,ebpf,0,1515,155.72
cdf_db,ebpf,0,1516,209.51
cdf_db,ebpf,0,1517,151.831
cdf_db,ebpf,0,1518,150.54
cdf_db,ebpf,0,1519,148.809
cdf_db,ebpf,0,1520,147.431
cdf_db,ebpf,0,1521,149.78
cdf_db,ebpf,0,1522,212.381
cdf_db,ebpf,0,1523,153.74
cdf_db,ebpf,0,1524,153.3
cdf_db,ebpf,0,1525,149.12
cdf_db,ebpf,0,1526,148.46
cdf_db,ebpf,0,1527,150.26
cdf_db,ebpf,0,1528,214.9
cdf_db,ebpf,0,1529,158.35
cdf_db,ebpf,0,1530,147.87
cdf_db,ebpf,0,1531,148.82
cdf_db,ebpf,0,1532,147.16
cdf_db,ebpf,0,1533,188.01
cdf_db,ebpf,0,1534,215.09
cdf_db,ebpf,0,1535,161.45
cdf_db,ebpf,0,1536,156.54
cdf_db,ebpf,0,1537,154.83
cdf_db,ebpf,0,1538,146.97
cdf_db,ebpf,0,1539,148.49
cdf_db,ebpf,0,1540,219.17
cdf_db,ebpf,0,1541,152.51
cdf_db,ebpf,0,1542,148.12
cdf_db,ebpf,0,1543,148.7
cdf_db,ebpf,0,1544,145.36
cdf_db,ebpf,0,1545,149.56
cdf_db,ebpf,0,1546,212.35
cdf_db,ebpf,0,1547,154.411
cdf_db,ebpf,0,1548,151.949
cdf_db,ebpf,0,1549,149.54
cdf_db,ebpf,0,1550,152.049
cdf_db,ebpf,0,1551,151.7
cdf_db,ebpf,0,1552,151.061
cdf_db,ebpf,0,1553,204.29
cdf_db,ebpf,0,1554,200.37
cdf_db,ebpf,0,1555,147.22
cdf_db,ebpf,0,1556,149.71
cdf_db,ebpf,0,1557,151.87
cdf_db,ebpf,0,1558,156.05
cdf_db,ebpf,0,1559,203.9
cdf_db,ebpf,0,1560,156.32
cdf_db,ebpf,0,1561,151.62
cdf_db,ebpf,0,1562,148.13
cdf_db,ebpf,0,1563,148.95
cdf_db,ebpf,0,1564,151.96
cdf_db,ebpf,0,1565,201.59
cdf_db,ebpf,0,1566,155.77
cdf_db,ebpf,0,1567,158.54
cdf_db,ebpf,0,1568,148.84
cdf_db,ebpf,0,1569,149.09
cdf_db,ebpf,0,1570,190.11
cdf_db,ebpf,0,1571,221.43
cdf_db,ebpf,0,1572,164.34
cdf_db,ebpf,0,1573,151.53
cdf_db,ebpf,0,1574,147.42
cdf_db,ebpf,0,1575,147.141
cdf_db,ebpf,0,1576,152.989
cdf_db,ebpf,0,1577,208.949
cdf_db,ebpf,0,1578,154.091
cdf_db,ebpf,0,1579,150.871
cdf_db,ebpf,0,1580,150.89
cdf_db,ebpf,0,1581,182.6
cdf_db,ebpf,0,1582,155.48
cdf_db,ebpf,0,1583,206.29
cdf_db,ebpf,0,1584,157.56
cdf_db,ebpf,0,1585,152.42
cdf_db,ebpf,0,1586,147.8
cdf_db,ebpf,0,1587,147.49
cdf_db,ebpf,0,1588,153.98
cdf_db,ebpf,0,1589,207.03
cdf_db,ebpf,0,1590,194.24
cdf_db,ebpf,0,1591,145.45
cdf_db,ebpf,0,1592,151.02
cdf_db,ebpf,0,1593,152.3
cdf_db,ebpf,0,1594,152.55
cdf_db,ebpf,0,1595,207.74
cdf_db,ebpf,0,1596,159.06
cdf_db,ebpf,0,1597,183.63
cdf_db,ebpf,0,1598,149.23
cdf_db,ebpf,0,1599,154.92
cdf_db,ebpf,0,1600,160.44
cdf_db,ebpf,0,1601,216.17
cdf_db,ebpf,0,1602,207.16
cdf_db,ebpf,0,1603,156.16
cdf_db,ebpf,0,1604,146.009
cdf_db,ebpf,0,1605,189.509
cdf_db,ebpf,0,1606,211.801
cdf_db,ebpf,0,1607,157.72
cdf_db,ebpf,0,1608,191.51
cdf_db,ebpf,0,1609,152.91
cdf_db,ebpf,0,1610,189.13
cdf_db,ebpf,0,1611,192.75
cdf_db,ebpf,0,1612,276.81
cdf_db,ebpf,0,1613,158.12
cdf_db,ebpf,0,1614,153.76
cdf_db,ebpf,0,1615,153.78
cdf_db,ebpf,0,1616,148.75
cdf_db,ebpf,0,1617,216.64
cdf_db,ebpf,0,1618,158.94
cdf_db,ebpf,0,1619,155.18
cdf_db,ebpf,0,1620,169.86
cdf_db,ebpf,0,1621,145.39
cdf_db,ebpf,0,1622,146.59
cdf_db,ebpf,0,1623,220.16
cdf_db,ebpf,0,1624,155.29
cdf_db,ebpf,0,1625,145.65
cdf_db,ebpf,0,1626,151.91
cdf_db,ebpf,0,1627,148.88
cdf_db,ebpf,0,1628,146.3
cdf_db,ebpf,0,1629,158.04
cdf_db,ebpf,0,1630,200.52
cdf_db,ebpf,0,1631,154.51
cdf_db,ebpf,0,1632,178.59
cdf_db,ebpf,0,1633,145.97
cdf_db,ebpf,0,1634,147.84
cdf_db,ebpf,0,1635,152.38
cdf_db,ebpf,0,1636,238.14
cdf_db,ebpf,0,1637,154.189
cdf_db,ebpf,0,1638,153.52
cdf_db,ebpf,0,1639,157.08
cdf_db,ebpf,0,1640,142.74
cdf_db,ebpf,0,1641,150.69
cdf_db,ebpf,0,1642,231.23
cdf_db,ebpf,0,1643,160.19
cdf_db,ebpf,0,1644,152.72
cdf_db,ebpf,0,1645,149.06
cdf_db,ebpf,0,1646,148.03
cdf_db,ebpf,0,1647,150.86
cdf_db,ebpf,0,1648,202.41
cdf_db,ebpf,0,1649,153.47
cdf_db,ebpf,0,1650,150.01
cdf_db,ebpf,0,1651,144.78
cdf_db,ebpf,0,1652,145.7
cdf_db,ebpf,0,1653,157.14
cdf_db,ebpf,0,1654,207.69
cdf_db,ebpf,0,1655,154.96
cdf_db,ebpf,0,1656,149.94
cdf_db,ebpf,0,1657,151.28
cdf_db,ebpf,0,1658,148.47
cdf_db,ebpf,0,1659,150.99
cdf_db,ebpf,0,1660,208.99
cdf_db,ebpf,0,1661,159.98
cdf_db,ebpf,0,1662,156.62
cdf_db,ebpf,0,1663,150.82
cdf_db,ebpf,0,1664,158.5
cdf_db,ebpf,0,1665,147.36
cdf_db,ebpf,0,1666,216.64
cdf_db,ebpf,0,1667,154.391
cdf_db,ebpf,0,1668,149.75
cdf_db,ebpf,0,1669,148.91
cdf_db,ebpf,0,1670,149.81
cdf_db,ebpf,0,1671,199.53
cdf_db,ebpf,0,1672,212.0
cdf_db,ebpf,0,1673,153.6
cdf_db,ebpf,0,1674,152.7
cdf_db,ebpf,0,1675,147.21
cdf_db,ebpf,0,1676,146.47
cdf_db,ebpf,0,1677,150.51
cdf_db,ebpf,0,1678,209.38
cdf_db,ebpf,0,1679,154.87
cdf_db,ebpf,0,1680,151.0
cdf_db,ebpf,0,1681,146.93
cdf_db,ebpf,0,1682,144.64
cdf_db,ebpf,0,1683,150.32
cdf_db,ebpf,0,1684,155.03
cdf_db,ebpf,0,1685,202.94
cdf_db,ebpf,0,1686,157.49
cdf_db,ebpf,0,1687,151.46
cdf_db,ebpf,0,1688,147.21
cdf_db,ebpf,0,1689,149.22
cdf_db,ebpf,0,1690,153.0
cdf_db,ebpf,0,1691,205.41
cdf_db,ebpf,0,1692,151.8
cdf_db,ebpf,0,1693,149.511
cdf_db,ebpf,0,1694,149.76
cdf_db,ebpf,0,1695,149.24
cdf_db,ebpf,0,1696,146.4
cdf_db,ebpf,0,1697,212.101
cdf_db,ebpf,0,1698,159.45
cdf_db,ebpf,0,1699,187.06
cdf_db,ebpf,0,1700,148.68
cdf_db,ebpf,0,1701,149.81
cdf_db,ebpf,0,1702,155.26
cdf_db,ebpf,0,1703,207.94
cdf_db,ebpf,0,1704,155.64
cdf_db,ebpf,0,1705,145.32
cdf_db,ebpf,0,1706,151.22
cdf_db,ebpf,0,1707,149.33
cdf_db,ebpf,0,1708,145.67
cdf_db,ebpf,0,1709,214.04
cdf_db,ebpf,0,1710,156.61
cdf_db,ebpf,0,1711,151.23
cdf_db,ebpf,0,1712,157.64
cdf_db,ebpf,0,1713,147.18
cdf_db,ebpf,0,1714,145.61
cdf_db,ebpf,0,1715,240.82
cdf_db,ebpf,0,1716,160.19
cdf_db,ebpf,0,1717,147.67
cdf_db,ebpf,0,1718,149.59
cdf_db,ebpf,0,1719,282.11
cdf_db,ebpf,0,1720,483.971
cdf_db,ebpf,0,1721,250.24
cdf_db,ebpf,0,1722,181.98
cdf_db,ebpf,0,1723,200.211
cdf_db,ebpf,0,1724,466.7
cdf_db,ebpf,0,1725,189.05
cdf_db,ebpf,0,1726,171.8
cdf_db,ebpf,0,1727,164.74
cdf_db,ebpf,0,1728,214.98
cdf_db,ebpf,0,1729,171.13
cdf_db,ebpf,0,1730,157.1
cdf_db,ebpf,0,1731,154.58
cdf_db,ebpf,0,1732,159.04
cdf_db,ebpf,0,1733,153.24
cdf_db,ebpf,0,1734,203.19
cdf_db,ebpf,0,1735,166.13
cdf_db,ebpf,0,1736,153.51
cdf_db,ebpf,0,1737,148.79
cdf_db,ebpf,0,1738,215.07
cdf_db,ebpf,0,1739,220.88
cdf_db,ebpf,0,1740,167.49
cdf_db,ebpf,0,1741,163.14
cdf_db,ebpf,0,1742,163.23
cdf_db,ebpf,0,1743,152.71
cdf_db,ebpf,0,1744,160.41
cdf_db,ebpf,0,1745,236.54
cdf_db,ebpf,0,1746,158.98
cdf_db,ebpf,0,1747,164.209
cdf_db,ebpf,0,1748,156.211
cdf_db,ebpf,0,1749,199.611
cdf_db,ebpf,0,1750,185.06
cdf_db,ebpf,0,1751,210.03
cdf_db,ebpf,0,1752,158.64
cdf_db,ebpf,0,1753,163.18
cdf_db,ebpf,0,1754,153.31
cdf_db,ebpf,0,1755,151.28
cdf_db,ebpf,0,1756,161.91
cdf_db,ebpf,0,1757,209.35
cdf_db,ebpf,0,1758,194.34
cdf_db,ebpf,0,1759,158.55
cdf_db,ebpf,0,1760,152.01
cdf_db,ebpf,0,1761,151.98
cdf_db,ebpf,0,1762,226.23
cdf_db,ebpf,0,1763,162.95
cdf_db,ebpf,0,1764,151.63
cdf_db,ebpf,0,1765,199.24
cdf_db,ebpf,0,1766,158.63
cdf_db,ebpf,0,1767,153.83
cdf_db,ebpf,0,1768,216.5
cdf_db,ebpf,0,1769,164.14
cdf_db,ebpf,0,1770,150.87
cdf_db,ebpf,0,1771,204.02
cdf_db,ebpf,0,1772,152.82
cdf_db,ebpf,0,1773,153.53
cdf_db,ebpf,0,1774,262.32
cdf_db,ebpf,0,1775,167.0
cdf_db,ebpf,0,1776,191.66
cdf_db,ebpf,0,1777,157.68
cdf_db,ebpf,0,1778,155.92
cdf_db,ebpf,0,1779,260.39
cdf_db,ebpf,0,1780,207.7
cdf_db,ebpf,0,1781,231.12
cdf_db,ebpf,0,1782,154.14
cdf_db,ebpf,0,1783,168.61
cdf_db,ebpf,0,1784,221.68
cdf_db,ebpf,0,1785,167.95
cdf_db,ebpf,0,1786,162.14
cdf_db,ebpf,0,1787,154.26
cdf_db,ebpf,0,1788,154.22
cdf_db,ebpf,0,1789,165.95
cdf_db,ebpf,0,1790,229.27
cdf_db,ebpf,0,1791,167.11
cdf_db,ebpf,0,1792,164.23
cdf_db,ebpf,0,1793,159.97
cdf_db,ebpf,0,1794,149.47
cdf_db,ebpf,0,1795,235.35
cdf_db,ebpf,0,1796,165.52
cdf_db,ebpf,0,1797,148.01
cdf_db,ebpf,0,1798,159.87
cdf_db,ebpf,0,1799,151.06
cdf_db,ebpf,0,1800,146.31
cdf_db,ebpf,0,1801,226.7
cdf_db,ebpf,0,1802,171.16
cdf_db,ebpf,0,1803,152.71
cdf_db,ebpf,0,1804,159.2
cdf_db,ebpf,0,1805,153.39
cdf_db,ebpf,0,1806,147.35
cdf_db,ebpf,0,1807,223.9
cdf_db,ebpf,0,1808,162.77
cdf_db,ebpf,0,1809,148.73
cdf_db,ebpf,0,1810,154.46
cdf_db,ebpf,0,1811,149.4
cdf_db,ebpf,0,1812,146.33
cdf_db,ebpf,0,1813,225.42
cdf_db,ebpf,0,1814,165.89
cdf_db,ebpf,0,1815,154.88
cdf_db,ebpf,0,1816,158.73
cdf_db,ebpf,0,1817,176.52
cdf_db,ebpf,0,1818,154.3
cdf_db,ebpf,0,1819,224.74
cdf_db,ebpf,0,1820,160.88
cdf_db,ebpf,0,1821,149.13
cdf_db,ebpf,0,1822,156.73
cdf_db,ebpf,0,1823,152.15
cdf_db,ebpf,0,1824,150.06
cdf_db,ebpf,0,1825,222.19
cdf_db,ebpf,0,1826,163.39
cdf_db,ebpf,0,1827,158.001
cdf_db,ebpf,0,1828,158.92
cdf_db,ebpf,0,1829,200.72
cdf_db,ebpf,0,1830,157.511
cdf_db,ebpf,0,1831,217.531
cdf_db,ebpf,0,1832,162.189
cdf_db,ebpf,0,1833,155.249
cdf_db,ebpf,0,1834,153.9
cdf_db,ebpf,0,1835,152.07
cdf_db,ebpf,0,1836,155.02
cdf_db,ebpf,0,1837,216.98
cdf_db,ebpf,0,1838,162.54
cdf_db,ebpf,0,1839,150.51
cdf_db,ebpf,0,1840,156.3
cdf_db,ebpf,0,1841,149.79
cdf_db,ebpf,0,1842,152.89
cdf_db,ebpf,0,1843,213.98
cdf_db,ebpf,0,1844,163.05
cdf_db,ebpf,0,1845,152.07
cdf_db,ebpf,0,1846,159.92
cdf_db,ebpf,0,1847,153.35
cdf_db,ebpf,0,1848,155.82
cdf_db,ebpf,0,1849,211.13
cdf_db,ebpf,0,1850,163.6
cdf_db,ebpf,0,1851,156.83
cdf_db,ebpf,0,1852,156.89
cdf_db,ebpf,0,1853,152.4
cdf_db,ebpf,0,1854,156.071
cdf_db,ebpf,0,1855,217.771
cdf_db,ebpf,0,1856,164.169
cdf_db,ebpf,0,1857,161.709
cdf_db,ebpf,0,1858,173.769
cdf_db,ebpf,0,1859,161.549
cdf_db,ebpf,0,1860,272.981
cdf_db,ebpf,0,1861,166.44
cdf_db,ebpf,0,1862,157.84
cdf_db,ebpf,0,1863,150.75
cdf_db,ebpf,0,1864,158.06
cdf_db,ebpf,0,1865,159.76
cdf_db,ebpf,0,1866,220.06
cdf_db,ebpf,0,1867,174.31
cdf_db,ebpf,0,1868,155.17
cdf_db,ebpf,0,1869,151.41
cdf_db,ebpf,0,1870,155.83
cdf_db,ebpf,0,1871,158.12
cdf_db,ebpf,0,1872,210.63
cdf_db,ebpf,0,1873,161.49
cdf_db,ebpf,0,1874,152.15
cdf_db,ebpf,0,1875,150.03
cdf_db,ebpf,0,1876,157.68
cdf_db,ebpf,0,1877,149.76
cdf_db,ebpf,0,1878,213.19
cdf_db,ebpf,0,1879,158.89
cdf_db,ebpf,0,1880,147.81
cdf_db,ebpf,0,1881,149.64
cdf_db,ebpf,0,1882,156.97
cdf_db,ebpf,0,1883,194.71
cdf_db,ebpf,0,1884,207.35
cdf_db,ebpf,0,1885,165.86
cdf_db,ebpf,0,1886,158.501
cdf_db,ebpf,0,1887,149.831
cdf_db,ebpf,0,1888,155.811
cdf_db,ebpf,0,1889,155.71
cdf_db,ebpf,0,1890,211.26
cdf_db,ebpf,0,1891,165.78
cdf_db,ebpf,0,1892,157.48
cdf_db,ebpf,0,1893,152.06
cdf_db,ebpf,0,1894,154.85
cdf_db,ebpf,0,1895,159.01
cdf_db,ebpf,0,1896,209.54
cdf_db,ebpf,0,1897,162.67
cdf_db,ebpf,0,1898,152.94
cdf_db,ebpf,0,1899,187.0
cdf_db,ebpf,0,1900,154.99
cdf_db,ebpf,0,1901,159.33
cdf_db,ebpf,0,1902,209.33
cdf_db,ebpf,0,1903,166.13
cdf_db,ebpf,0,1904,154.52
cdf_db,ebpf,0,1905,149.97
cdf_db,ebpf,0,1906,156.98
cdf_db,ebpf,0,1907,168.11
cdf_db,ebpf,0,1908,208.53
cdf_db,ebpf,0,1909,166.63
cdf_db,ebpf,0,1910,155.31
cdf_db,ebpf,0,1911,150.47
cdf_db,ebpf,0,1912,205.75
cdf_db,ebpf,0,1913,222.86
cdf_db,ebpf,0,1914,159.451
cdf_db,ebpf,0,1915,159.231
cdf_db,ebpf,0,1916,153.771
cdf_db,ebpf,0,1917,153.771
cdf_db,ebpf,0,1918,160.03
cdf_db,ebpf,0,1919,227.06
cdf_db,ebpf,0,1920,155.43
cdf_db,ebpf,0,1921,199.55
cdf_db,ebpf,0,1922,153.74
cdf_db,ebpf,0,1923,150.5
cdf_db,ebpf,0,1924,166.83
cdf_db,ebpf,0,1925,213.3
cdf_db,ebpf,0,1926,161.75
cdf_db,ebpf,0,1927,162.32
cdf_db,ebpf,0,1928,188.19
cdf_db,ebpf,0,1929,148.14
cdf_db,ebpf,0,1930,160.41
cdf_db,ebpf,0,1931,310.94
cdf_db,ebpf,0,1932,158.84
cdf_db,ebpf,0,1933,165.26
cdf_db,ebpf,0,1934,196.04
cdf_db,ebpf,0,1935,163.34
cdf_db,ebpf,0,1936,237.14
cdf_db,ebpf,0,1937,164.29
cdf_db,ebpf,0,1938,194.86
cdf_db,ebpf,0,1939,161.45
cdf_db,ebpf,0,1940,151.65
cdf_db,ebpf,0,1941,255.821
cdf_db,ebpf,0,1942,163.32
cdf_db,ebpf,0,1943,196.951
cdf_db,ebpf,0,1944,187.47
cdf_db,ebpf,0,1945,237.62
cdf_db,ebpf,0,1946,214.0
cdf_db,ebpf,0,1947,156.33
cdf_db,ebpf,0,1948,155.65
cdf_db,ebpf,0,1949,152.04
cdf_db,ebpf,0,1950,149.88
cdf_db,ebpf,0,1951,152.85
cdf_db,ebpf,0,1952,214.75
cdf_db,ebpf,0,1953,154.0
cdf_db,ebpf,0,1954,154.81
cdf_db,ebpf,0,1955,153.5
cdf_db,ebpf,0,1956,145.38
cdf_db,ebpf,0,1957,153.27
cdf_db,ebpf,0,1958,219.31
cdf_db,ebpf,0,1959,152.69
cdf_db,ebpf,0,1960,158.55
cdf_db,ebpf,0,1961,155.04
cdf_db,ebpf,0,1962,145.52
cdf_db,ebpf,0,1963,153.43
cdf_db,ebpf,0,1964,220.53
cdf_db,ebpf,0,1965,159.88
cdf_db,ebpf,0,1966,162.59
cdf_db,ebpf,0,1967,153.28
cdf_db,ebpf,0,1968,148.97
cdf_db,ebpf,0,1969,156.411
cdf_db,ebpf,0,1970,220.469
cdf_db,ebpf,0,1971,158.151
cdf_db,ebpf,0,1972,159.009
cdf_db,ebpf,0,1973,153.46
cdf_db,ebpf,0,1974,148.309
cdf_db,ebpf,0,1975,159.09
cdf_db,ebpf,0,1976,218.62
cdf_db,ebpf,0,1977,157.49
cdf_db,ebpf,0,1978,161.77
cdf_db,ebpf,0,1979,150.22
cdf_db,ebpf,0,1980,146.33
cdf_db,ebpf,0,1981,155.71
cdf_db,ebpf,0,1982,217.46
cdf_db,ebpf,0,1983,158.15
cdf_db,ebpf,0,1984,162.73
cdf_db,ebpf,0,1985,151.37
cdf_db,ebpf,0,1986,147.28
cdf_db,ebpf,0,1987,157.58
cdf_db,ebpf,0,1988,211.78
cdf_db,ebpf,0,1989,157.98
cdf_db,ebpf,0,1990,159.58
cdf_db,ebpf,0,1991,151.59
cdf_db,ebpf,0,1992,149.12
cdf_db,ebpf,0,1993,196.59
cdf_db,ebpf,0,1994,223.13
cdf_db,ebpf,0,1995,154.55
cdf_db,ebpf,0,1996,158.94
cdf_db,ebpf,0,1997,148.709
cdf_db,ebpf,0,1998,147.509
cdf_db,ebpf,0,1999,154.86
cdf_db,ebpf,0,2000,218.4
cdf_db,ebpf,0,2001,153.249
cdf_db,ebpf,0,2002,184.211
cdf_db,ebpf,0,2003,161.03
cdf_db,ebpf,0,2004,146.1
cdf_db,ebpf,0,2005,166.15
cdf_db,ebpf,0,2006,231.62
cdf_db,ebpf,0,2007,156.74
cdf_db,ebpf,0,2008,157.98
cdf_db,ebpf,0,2009,152.69
cdf_db,ebpf,0,2010,145.93
cdf_db,ebpf,0,2011,161.25
cdf_db,ebpf,0,2012,217.67
cdf_db,ebpf,0,2013,155.0
cdf_db,ebpf,0,2014,160.98
cdf_db,ebpf,0,2015,153.53
cdf_db,ebpf,0,2016,148.62
cdf_db,ebpf,0,2017,158.18
cdf_db,ebpf,0,2018,213.43
cdf_db,ebpf,0,2019,157.06
cdf_db,ebpf,0,2020,160.39
cdf_db,ebpf,0,2021,150.74
cdf_db,ebpf,0,2022,146.38
cdf_db,ebpf,0,2023,210.19
cdf_db,ebpf,0,2024,215.98
cdf_db,ebpf,0,2025,160.1
cdf_db,ebpf,0,2026,165.25
cdf_db,ebpf,0,2027,154.191
cdf_db,ebpf,0,2028,150.6
cdf_db,ebpf,0,2029,167.78
cdf_db,ebpf,0,2030,208.01
cdf_db,ebpf,0,2031,154.36
cdf_db,ebpf,0,2032,159.33
cdf_db,ebpf,0,2033,151.05
cdf_db,ebpf,0,2034,147.56
cdf_db,ebpf,0,2035,166.62
cdf_db,ebpf,0,2036,210.66
cdf_db,ebpf,0,2037,152.52
cdf_db,ebpf,0,2038,156.29
cdf_db,ebpf,0,2039,151.69
cdf_db,ebpf,0,2040,147.35
cdf_db,ebpf,0,2041,157.56
cdf_db,ebpf,0,2042,210.27
cdf_db,ebpf,0,2043,158.8
cdf_db,ebpf,0,2044,159.61
cdf_db,ebpf,0,2045,150.77
cdf_db,ebpf,0,2046,184.38
cdf_db,ebpf,0,2047,224.53
cdf_db,ebpf,0,2048,162.88
cdf_db,ebpf,0,2049,153.64
cdf_db,ebpf,0,2050,158.58
cdf_db,ebpf,0,2051,153.43
cdf_db,ebpf,0,2052,145.93
cdf_db,ebpf,0,2053,218.27
cdf_db,ebpf,0,2054,161.71
cdf_db,ebpf,0,2055,159.6
cdf_db,ebpf,0,2056,152.069
cdf_db,ebpf,0,2057,153.231
cdf_db,ebpf,0,2058,150.141
cdf_db,ebpf,0,2059,217.73
cdf_db,ebpf,0,2060,160.42
cdf_db,ebpf,0,2061,150.54
cdf_db,ebpf,0,2062,155.07
cdf_db,ebpf,0,2063,186.31
cdf_db,ebpf,0,2064,146.56
cdf_db,ebpf,0,2065,222.95
cdf_db,ebpf,0,2066,161.34
cdf_db,ebpf,0,2067,148.65
cdf_db,ebpf,0,2068,156.63
cdf_db,ebpf,0,2069,150.9
cdf_db,ebpf,0,2070,145.01
cdf_db,ebpf,0,2071,223.81
cdf_db,ebpf,0,2072,167.29
cdf_db,ebpf,0,2073,150.96
cdf_db,ebpf,0,2074,158.28
cdf_db,ebpf,0,2075,150.27
cdf_db,ebpf,0,2076,193.94
cdf_db,ebpf,0,2077,238.45
cdf_db,ebpf,0,2078,163.35
cdf_db,ebpf,0,2079,157.73
cdf_db,ebpf,0,2080,158.2
cdf_db,ebpf,0,2081,152.89
cdf_db,ebpf,0,2082,157.41
cdf_db,ebpf,0,2083,213.72
cdf_db,ebpf,0,2084,162.64
cdf_db,ebpf,0,2085,190.42
cdf_db,ebpf,0,2086,158.741
cdf_db,ebpf,0,2087,159.21
cdf_db,ebpf,0,2088,153.46
cdf_db,ebpf,0,2089,216.05
cdf_db,ebpf,0,2090,169.29
cdf_db,ebpf,0,2091,152.68
cdf_db,ebpf,0,2092,195.62
cdf_db,ebpf,0,2093,154.35
cdf_db,ebpf,0,2094,219.42
cdf_db,ebpf,0,2095,164.46
cdf_db,ebpf,0,2096,152.57
cdf_db,ebpf,0,2097,153.4
cdf_db,ebpf,0,2098,198.38
cdf_db,ebpf,0,2099,148.89
cdf_db,ebpf,0,2100,219.35
cdf_db,ebpf,0,2101,165.61
cdf_db,ebpf,0,2102,194.14
cdf_db,ebpf,0,2103,152.29
cdf_db,ebpf,0,2104,157.69
cdf_db,ebpf,0,2105,198.57
cdf_db,ebpf,0,2106,204.76
cdf_db,ebpf,0,2107,203.9
cdf_db,ebpf,0,2108,155.16
cdf_db,ebpf,0,2109,194.19
cdf_db,ebpf,0,2110,161.151
cdf_db,ebpf,0,2111,213.109
cdf_db,ebpf,0,2112,157.08
cdf_db,ebpf,0,2113,158.271
cdf_db,ebpf,0,2114,154.211
cdf_db,ebpf,0,2115,150.869
cdf_db,ebpf,0,2116,163.369
cdf_db,ebpf,0,2117,214.501
cdf_db,ebpf,0,2118,159.47
cdf_db,ebpf,0,2119,158.66
cdf_db,ebpf,0,2120,152.74
cdf_db,ebpf,0,2121,149.1
cdf_db,ebpf,0,2122,169.27
cdf_db,ebpf,0,2123,213.96
cdf_db,ebpf,0,2124,157.89
cdf_db,ebpf,0,2125,158.63
cdf_db,ebpf,0,2126,155.69
cdf_db,ebpf,0,2127,148.6
cdf_db,ebpf,0,2128,163.42
cdf_db,ebpf,0,2129,210.11
cdf_db,ebpf,0,2130,156.12
cdf_db,ebpf,0,2131,156.6
cdf_db,ebpf,0,2132,151.81
cdf_db,ebpf,0,2133,186.17
cdf_db,ebpf,0,2134,167.88
cdf_db,ebpf,0,2135,210.22
cdf_db,ebpf,0,2136,155.81
cdf_db,ebpf,0,2137,157.321
cdf_db,ebpf,0,2138,153.36
cdf_db,ebpf,0,2139,148.96
cdf_db,ebpf,0,2140,161.909
cdf_db,ebpf,0,2141,210.471
cdf_db,ebpf,0,2142,157.089
cdf_db,ebpf,0,2143,161.211
cdf_db,ebpf,0,2144,153.301
cdf_db,ebpf,0,2145,150.98
cdf_db,ebpf,0,2146,164.19
cdf_db,ebpf,0,2147,214.26
cdf_db,ebpf,0,2148,161.64
cdf_db,ebpf,0,2149,173.66
cdf_db,ebpf,0,2150,169.12
cdf_db,ebpf,0,2151,189.36
cdf_db,ebpf,0,2152,242.41
cdf_db,ebpf,0,2153,162.29
cdf_db,ebpf,0,2154,153.6
cdf_db,ebpf,0,2155,156.96
cdf_db,ebpf,0,2156,153.58
cdf_db,ebpf,0,2157,149.72
cdf_db,ebpf,0,2158,217.24
cdf_db,ebpf,0,2159,161.31
cdf_db,ebpf,0,2160,146.48
cdf_db,ebpf,0,2161,156.62
cdf_db,ebpf,0,2162,150.86
cdf_db,ebpf,0,2163,146.14
cdf_db,ebpf,0,2164,224.97
cdf_db,ebpf,0,2165,529.231
cdf_db,ebpf,0,2166,186.549
cdf_db,ebpf,0,2167,177.62
cdf_db,ebpf,0,2168,213.291
cdf_db,ebpf,0,2169,162.9
cdf_db,ebpf,0,2170,163.66
cdf_db,ebpf,0,2171,153.42
cdf_db,ebpf,0,2172,150.92
cdf_db,ebpf,0,2173,219.75
cdf_db,ebpf,0,2174,198.22
cdf_db,ebpf,0,2175,147.37
cdf_db,ebpf,0,2176,157.29
cdf_db,ebpf,0,2177,152.97
cdf_db,ebpf,0,2178,148.85
cdf_db,ebpf,0,2179,222.62
cdf_db,ebpf,0,2180,161.58
cdf_db,ebpf,0,2181,152.06
cdf_db,ebpf,0,2182,196.77
cdf_db,ebpf,0,2183,152.44
cdf_db,ebpf,0,2184,147.46
cdf_db,ebpf,0,2185,220.33
cdf_db,ebpf,0,2186,159.84
cdf_db,ebpf,0,2187,173.52
cdf_db,ebpf,0,2188,193.85
cdf_db,ebpf,0,2189,152.63
cdf_db,ebpf,0,2190,150.24
cdf_db,ebpf,0,2191,210.36
cdf_db,ebpf,0,2192,158.93
cdf_db,ebpf,0,2193,195.07
cdf_db,ebpf,0,2194,155.26
cdf_db,ebpf,0,2195,153.211
cdf_db,ebpf,0,2196,251.74
cdf_db,ebpf,0,2197,161.4
cdf_db,ebpf,0,2198,154.46
cdf_db,ebpf,0,2199,186.43
cdf_db,ebpf,0,2200,153.44
cdf_db,ebpf,0,2201,189.92
cdf_db,ebpf,0,2202,277.79
cdf_db,ebpf,0,2203,166.17
cdf_db,ebpf,0,2204,155.39
cdf_db,ebpf,0,2205,149.44
cdf_db,ebpf,0,2206,157.5
cdf_db,ebpf,0,2207,218.45
cdf_db,ebpf,0,2208,156.32
cdf_db,ebpf,0,2209,160.18
cdf_db,ebpf,0,2210,150.78
cdf_db,ebpf,0,2211,147.86
cdf_db,ebpf,0,2212,156.91
cdf_db,ebpf,0,2213,214.53
cdf_db,ebpf,0,2214,156.67
cdf_db,ebpf,0,2215,159.99
cdf_db,ebpf,0,2216,151.46
cdf_db,ebpf,0,2217,149.09
cdf_db,ebpf,0,2218,155.74
cdf_db,ebpf,0,2219,218.24
cdf_db,ebpf,0,2220,156.22
cdf_db,ebpf,0,2221,158.01
cdf_db,ebpf,0,2222,166.85
cdf_db,ebpf,0,2223,691.68
cdf_db,ebpf,0,2224,193.861
cdf_db,ebpf,0,2225,170.98
cdf_db,ebpf,0,2226,196.94
cdf_db,ebpf,0,2227,175.16
cdf_db,ebpf,0,2228,215.81
cdf_db,ebpf,0,2229,182.9
cdf_db,ebpf,0,2230,156.36
cdf_db,ebpf,0,2231,154.2
cdf_db,ebpf,0,2232,156.48
cdf_db,ebpf,0,2233,214.14
cdf_db,ebpf,0,2234,158.01
cdf_db,ebpf,0,2235,155.0
cdf_db,ebpf,0,2236,155.28
cdf_db,ebpf,0,2237,151.66
cdf_db,ebpf,0,2238,152.86
cdf_db,ebpf,0,2239,159.08
cdf_db,ebpf,0,2240,205.41
cdf_db,ebpf,0,2241,157.4
cdf_db,ebpf,0,2242,154.9
cdf_db,ebpf,0,2243,149.49
cdf_db,ebpf,0,2244,182.57
cdf_db,ebpf,0,2245,214.86
cdf_db,ebpf,0,2246,159.041
cdf_db,ebpf,0,2247,152.811
cdf_db,ebpf,0,2248,151.831
cdf_db,ebpf,0,2249,145.651
cdf_db,ebpf,0,2250,150.789
cdf_db,ebpf,0,2251,164.829
cdf_db,ebpf,0,2252,210.781
cdf_db,ebpf,0,2253,160.96
cdf_db,ebpf,0,2254,159.15
cdf_db,ebpf,0,2255,151.01
cdf_db,ebpf,0,2256,152.05
cdf_db,ebpf,0,2257,165.03
cdf_db,ebpf,0,2258,243.62
cdf_db,ebpf,0,2259,158.67
cdf_db,ebpf,0,2260,154.19
cdf_db,ebpf,0,2261,153.1
cdf_db,ebpf,0,2262,148.86
cdf_db,ebpf,0,2263,218.89
cdf_db,ebpf,0,2264,158.05
cdf_db,ebpf,0,2265,152.21
cdf_db,ebpf,0,2266,154.85
cdf_db,ebpf,0,2267,155.22
cdf_db,ebpf,0,2268,189.89
cdf_db,ebpf,0,2269,223.59
cdf_db,ebpf,0,2270,158.27
cdf_db,ebpf,0,2271,150.22
cdf_db,ebpf,0,2272,154.79
cdf_db,ebpf,0,2273,150.37
cdf_db,ebpf,0,2274,147.441
cdf_db,ebpf,0,2275,225.689
cdf_db,ebpf,0,2276,158.12
cdf_db,ebpf,0,2277,150.8
cdf_db,ebpf,0,2278,161.3
cdf_db,ebpf,0,2279,146.92
cdf_db,ebpf,0,2280,151.749
cdf_db,ebpf,0,2281,226.331
cdf_db,ebpf,0,2282,195.15
cdf_db,ebpf,0,2283,148.64
cdf_db,ebpf,0,2284,151.86
cdf_db,ebpf,0,2285,152.35
cdf_db,ebpf,0,2286,145.09
cdf_db,ebpf,0,2287,222.22
cdf_db,ebpf,0,2288,155.62
cdf_db,ebpf,0,2289,149.3
cdf_db,ebpf,0,2290,153.22
cdf_db,ebpf,0,2291,147.75
cdf_db,ebpf,0,2292,148.69
cdf_db,ebpf,0,2293,221.26
cdf_db,ebpf,0,2294,159.6
cdf_db,ebpf,0,2295,163.48
cdf_db,ebpf,0,2296,154.21
cdf_db,ebpf,0,2297,150.86
cdf_db,ebpf,0,2298,148.57
cdf_db,ebpf,0,2299,237.23
cdf_db,ebpf,0,2300,160.92
cdf_db,ebpf,0,2301,148.61
cdf_db,ebpf,0,2302,152.23
cdf_db,ebpf,0,2303,149.671
cdf_db,ebpf,0,2304,146.44
cdf_db,ebpf,0,2305,220.131
cdf_db,ebpf,0,2306,154.169
cdf_db,ebpf,0,2307,147.08
cdf_db,ebpf,0,2308,192.351
cdf_db,ebpf,0,2309,146.91
cdf_db,ebpf,0,2310,148.82
cdf_db,ebpf,0,2311,216.6
cdf_db,ebpf,0,2312,155.13
cdf_db,ebpf,0,2313,145.08
cdf_db,ebpf,0,2314,152.89
cdf_db,ebpf,0,2315,150.5
cdf_db,ebpf,0,2316,146.4
cdf_db,ebpf,0,2317,217.43
cdf_db,ebpf,0,2318,158.1
cdf_db,ebpf,0,2319,151.99
cdf_db,ebpf,0,2320,153.22
cdf_db,ebpf,0,2321,147.58
cdf_db,ebpf,0,2322,147.25
cdf_db,ebpf,0,2323,221.7
cdf_db,ebpf,0,2324,157.39
cdf_db,ebpf,0,2325,150.32
cdf_db,ebpf,0,2326,157.24
cdf_db,ebpf,0,2327,146.93
cdf_db,ebpf,0,2328,186.29
cdf_db,ebpf,0,2329,218.15
cdf_db,ebpf,0,2330,158.58
cdf_db,ebpf,0,2331,146.24
cdf_db,ebpf,0,2332,154.48
cdf_db,ebpf,0,2333,145.209
cdf_db,ebpf,0,2334,149.26
cdf_db,ebpf,0,2335,218.68
cdf_db,ebpf,0,2336,154.27
cdf_db,ebpf,0,2337,151.66
cdf_db,ebpf,0,2338,153.1
cdf_db,ebpf,0,2339,149.07
cdf_db,ebpf,0,2340,149.97
cdf_db,ebpf,0,2341,166.05
cdf_db,ebpf,0,2342,212.71
cdf_db,ebpf,0,2343,193.01
cdf_db,ebpf,0,2344,155.8
cdf_db,ebpf,0,2345,148.61
cdf_db,ebpf,0,2346,146.94
cdf_db,ebpf,0,2347,216.29
cdf_db,ebpf,0,2348,153.46
cdf_db,ebpf,0,2349,150.68
cdf_db,ebpf,0,2350,154.73
cdf_db,ebpf,0,2351,150.26
cdf_db,ebpf,0,2352,157.24
cdf_db,ebpf,0,2353,218.66
cdf_db,ebpf,0,2354,192.83
cdf_db,ebpf,0,2355,150.25
cdf_db,ebpf,0,2356,154.49
cdf_db,ebpf,0,2357,148.28
cdf_db,ebpf,0,2358,148.38
cdf_db,ebpf,0,2359,221.65
cdf_db,ebpf,0,2360,156.8
cdf_db,ebpf,0,2361,151.47
cdf_db,ebpf,0,2362,189.85
cdf_db,ebpf,0,2363,145.36
cdf_db,ebpf,0,2364,149.34
cdf_db,ebpf,0,2365,220.451
cdf_db,ebpf,0,2366,154.34
cdf_db,ebpf,0,2367,150.42
cdf_db,ebpf,0,2368,207.19
cdf_db,ebpf,0,2369,148.22
cdf_db,ebpf,0,2370,147.39
cdf_db,ebpf,0,2371,241.78
cdf_db,ebpf,0,2372,185.75
cdf_db,ebpf,0,2373,188.63
cdf_db,ebpf,0,2374,152.35
cdf_db,ebpf,0,2375,147.66
cdf_db,ebpf,0,2376,157.35
cdf_db,ebpf,0,2377,251.29
cdf_db,ebpf,0,2378,158.62
cdf_db,ebpf,0,2379,153.65
cdf_db,ebpf,0,2380,188.52
cdf_db,ebpf,0,2381,193.49
cdf_db,ebpf,0,2382,277.76
cdf_db,ebpf,0,2383,160.99
cdf_db,ebpf,0,2384,153.47
cdf_db,ebpf,0,2385,151.83
cdf_db,ebpf,0,2386,155.04
cdf_db,ebpf,0,2387,159.45
cdf_db,ebpf,0,2388,207.89
cdf_db,ebpf,0,2389,158.52
cdf_db,ebpf,0,2390,154.621
cdf_db,ebpf,0,2391,149.351
cdf_db,ebpf,0,2392,154.08
cdf_db,ebpf,0,2393,148.529
cdf_db,ebpf,0,2394,208.571
cdf_db,ebpf,0,2395,158.041
cdf_db,ebpf,0,2396,148.87
cdf_db,ebpf,0,2397,148.03
cdf_db,ebpf,0,2398,152.9
cdf_db,ebpf,0,2399,150.7
cdf_db,ebpf,0,2400,208.88
cdf_db,ebpf,0,2401,160.7
cdf_db,ebpf,0,2402,153.94
cdf_db,ebpf,0,2403,152.44
cdf_db,ebpf,0,2404,161.98
cdf_db,ebpf,0,2405,158.42
cdf_db,ebpf,0,2406,216.11
cdf_db,ebpf,0,2407,196.52
cdf_db,ebpf,0,2408,150.98
cdf_db,ebpf,0,2409,149.04
cdf_db,ebpf,0,2410,151.43
cdf_db,ebpf,0,2411,153.08
cdf_db,ebpf,0,2412,221.69
cdf_db,ebpf,0,2413,165.66
cdf_db,ebpf,0,2414,153.79
cdf_db,ebpf,0,2415,150.72
cdf_db,ebpf,0,2416,150.73
cdf_db,ebpf,0,2417,151.01
cdf_db,ebpf,0,2418,205.97
cdf_db,ebpf,0,2419,158.211
cdf_db,ebpf,0,2420,148.64
cdf_db,ebpf,0,2421,163.411
cdf_db,ebpf,0,2422,146.849
cdf_db,ebpf,0,2423,154.6
cdf_db,ebpf,0,2424,220.261
cdf_db,ebpf,0,2425,161.05
cdf_db,ebpf,0,2426,153.68
cdf_db,ebpf,0,2427,155.05
cdf_db,ebpf,0,2428,148.58
cdf_db,ebpf,0,2429,151.9
cdf_db,ebpf,0,2430,205.71
cdf_db,ebpf,0,2431,157.75
cdf_db,ebpf,0,2432,152.55
cdf_db,ebpf,0,2433,150.06
cdf_db,ebpf,0,2434,152.38
cdf_db,ebpf,0,2435,147.61
cdf_db,ebpf,0,2436,213.48
cdf_db,ebpf,0,2437,155.24
cdf_db,ebpf,0,2438,145.97
cdf_db,ebpf,0,2439,146.09
cdf_db,ebpf,0,2440,146.1
cdf_db,ebpf,0,2441,158.28
cdf_db,ebpf,0,2442,241.16
cdf_db,ebpf,0,2443,161.36
cdf_db,ebpf,0,2444,153.02
cdf_db,ebpf,0,2445,164.04
cdf_db,ebpf,0,2446,151.47
cdf_db,ebpf,0,2447,144.191
cdf_db,ebpf,0,2448,214.72
cdf_db,ebpf,0,2449,157.54
cdf_db,ebpf,0,2450,151.069
cdf_db,ebpf,0,2451,157.009
cdf_db,ebpf,0,2452,147.991
cdf_db,ebpf,0,2453,150.96
cdf_db,ebpf,0,2454,252.22
cdf_db,ebpf,0,2455,161.23
cdf_db,ebpf,0,2456,152.72
cdf_db,ebpf,0,2457,148.33
cdf_db,ebpf,0,2458,144.64
cdf_db,ebpf,0,2459,145.48
cdf_db,ebpf,0,2460,221.92
cdf_db,ebpf,0,2461,158.13
cdf_db,ebpf,0,2462,150.35
cdf_db,ebpf,0,2463,150.29
cdf_db,ebpf,0,2464,148.67
cdf_db,ebpf,0,2465,145.82
cdf_db,ebpf,0,2466,211.65
cdf_db,ebpf,0,2467,160.32
cdf_db,ebpf,0,2468,151.61
cdf_db,ebpf,0,2469,155.53
cdf_db,ebpf,0,2470,152.63
cdf_db,ebpf,0,2471,149.99
cdf_db,ebpf,0,2472,228.5
cdf_db,ebpf,0,2473,157.53
cdf_db,ebpf,0,2474,148.93
cdf_db,ebpf,0,2475,147.8
cdf_db,ebpf,0,2476,149.2
cdf_db,ebpf,0,2477,145.94
cdf_db,ebpf,0,2478,224.34
cdf_db,ebpf,0,2479,160.949
cdf_db,ebpf,0,2480,186.681
cdf_db,ebpf,0,2481,149.81
cdf_db,ebpf,0,2482,150.44
cdf_db,ebpf,0,2483,147.14
cdf_db,ebpf,0,2484,218.36
cdf_db,ebpf,0,2485,160.23
cdf_db,ebpf,0,2486,150.19
cdf_db,ebpf,0,2487,148.22
cdf_db,ebpf,0,2488,149.35
cdf_db,ebpf,0,2489,148.91
cdf_db,ebpf,0,2490,167.13
cdf_db,ebpf,0,2491,208.68
cdf_db,ebpf,0,2492,153.61
cdf_db,ebpf,0,2493,158.17
cdf_db,ebpf,0,2494,151.28
cdf_db,ebpf,0,2495,146.79
cdf_db,ebpf,0,2496,146.29
cdf_db,ebpf,0,2497,207.57
cdf_db,ebpf,0,2498,153.94
cdf_db,ebpf,0,2499,148.22
cdf_db,ebpf,0,2500,188.36
cdf_db,ebpf,0,2501,146.7
cdf_db,ebpf,0,2502,150.1
cdf_db,ebpf,0,2503,207.51
cdf_db,ebpf,0,2504,162.33
cdf_db,ebpf,0,2505,150.36
cdf_db,ebpf,0,2506,154.55
cdf_db,ebpf,0,2507,146.29
cdf_db,ebpf,0,2508,154.23
cdf_db,ebpf,0,2509,210.04
cdf_db,ebpf,0,2510,154.72
cdf_db,ebpf,0,2511,148.731
cdf_db,ebpf,0,2512,152.85
cdf_db,ebpf,0,2513,147.89
cdf_db,ebpf,0,2514,200.9
cdf_db,ebpf,0,2515,230.59
cdf_db,ebpf,0,2516,167.16
cdf_db,ebpf,0,2517,161.97
cdf_db,ebpf,0,2518,150.75
cdf_db,ebpf,0,2519,151.95
cdf_db,ebpf,0,2520,223.32
cdf_db,ebpf,0,2521,156.97
cdf_db,ebpf,0,2522,148.77
cdf_db,ebpf,0,2523,152.39
cdf_db,ebpf,0,2524,148.37
cdf_db,ebpf,0,2525,181.9
cdf_db,ebpf,0,2526,211.46
cdf_db,ebpf,0,2527,158.02
cdf_db,ebpf,0,2528,148.41
cdf_db,ebpf,0,2529,150.88
cdf_db,ebpf,0,2530,149.44
cdf_db,ebpf,0,2531,145.82
cdf_db,ebpf,0,2532,148.69
cdf_db,ebpf,0,2533,248.29
cdf_db,ebpf,0,2534,153.12
cdf_db,ebpf,0,2535,153.16
cdf_db,ebpf,0,2536,151.04
cdf_db,ebpf,0,2537,149.64
cdf_db,ebpf,0,2538,158.66
cdf_db,ebpf,0,2539,238.38
cdf_db,ebpf,0,2540,155.671
cdf_db,ebpf,0,2541,149.84
cdf_db,ebpf,0,2542,149.36
cdf_db,ebpf,0,2543,147.99
cdf_db,ebpf,0,2544,247.25
cdf_db,ebpf,0,2545,156.27
cdf_db,ebpf,0,2546,149.98
cdf_db,ebpf,0,2547,150.18
cdf_db,ebpf,0,2548,189.74
cdf_db,ebpf,0,2549,148.42
cdf_db,ebpf,0,2550,217.95
cdf_db,ebpf,0,2551,195.17
cdf_db,ebpf,0,2552,217.35
cdf_db,ebpf,0,2553,151.66
cdf_db,ebpf,0,2554,151.63
cdf_db,ebpf,0,2555,153.35
cdf_db,ebpf,0,2556,214.71
cdf_db,ebpf,0,2557,187.58
cdf_db,ebpf,0,2558,150.02
cdf_db,ebpf,0,2559,150.31
cdf_db,ebpf,0,2560,150.99
cdf_db,ebpf,0,2561,146.7
cdf_db,ebpf,0,2562,201.7
cdf_db,ebpf,0,2563,158.531
cdf_db,ebpf,0,2564,150.029
cdf_db,ebpf,0,2565,147.849
cdf_db,ebpf,0,2566,150.56
cdf_db,ebpf,0,2567,155.089
cdf_db,ebpf,0,2568,209.16
cdf_db,ebpf,0,2569,157.56
cdf_db,ebpf,0,2570,151.85
cdf_db,ebpf,0,2571,147.39
cdf_db,ebpf,0,2572,147.52
cdf_db,ebpf,0,2573,144.99
cdf_db,ebpf,0,2574,213.62
cdf_db,ebpf,0,2575,155.92
cdf_db,ebpf,0,2576,148.37
cdf_db,ebpf,0,2577,152.35
cdf_db,ebpf,0,2578,156.33
cdf_db,ebpf,0,2579,148.48
cdf_db,ebpf,0,2580,220.53
cdf_db,ebpf,0,2581,161.88
cdf_db,ebpf,0,2582,150.28
cdf_db,ebpf,0,2583,149.92
cdf_db,ebpf,0,2584,147.27
cdf_db,ebpf,0,2585,146.23
cdf_db,ebpf,0,2586,210.46
cdf_db,ebpf,0,2587,168.66
cdf_db,ebpf,0,2588,149.06
cdf_db,ebpf,0,2589,150.47
cdf_db,ebpf,0,2590,154.13
cdf_db,ebpf,0,2591,147.37
cdf_db,ebpf,0,2592,234.921
cdf_db,ebpf,0,2593,159.58
cdf_db,ebpf,0,2594,153.24
cdf_db,ebpf,0,2595,154.991
cdf_db,ebpf,0,2596,149.62
cdf_db,ebpf,0,2597,149.42
cdf_db,ebpf,0,2598,212.601
cdf_db,ebpf,0,2599,162.28
cdf_db,ebpf,0,2600,186.01
cdf_db,ebpf,0,2601,148.4
cdf_db,ebpf,0,2602,150.45
cdf_db,ebpf,0,2603,144.87
cdf_db,ebpf,0,2604,483.33
cdf_db,ebpf,0,2605,187.42
cdf_db,ebpf,0,2606,151.81
cdf_db,ebpf,0,2607,157.77
cdf_db,ebpf,0,2608,216.14
cdf_db,ebpf,0,2609,156.92
cdf_db,ebpf,0,2610,149.34
cdf_db,ebpf,0,2611,157.43
cdf_db,ebpf,0,2612,151.69
cdf_db,ebpf,0,2613,150.22
cdf_db,ebpf,0,2614,162.06
cdf_db,ebpf,0,2615,204.45
cdf_db,ebpf,0,2616,153.12
cdf_db,ebpf,0,2617,155.16
cdf_db,ebpf,0,2618,146.85
cdf_db,ebpf,0,2619,145.75
cdf_db,ebpf,0,2620,157.589
cdf_db,ebpf,0,2621,208.751
cdf_db,ebpf,0,2622,160.98
cdf_db,ebpf,0,2623,153.68
cdf_db,ebpf,0,2624,147.34
cdf_db,ebpf,0,2625,148.92
cdf_db,ebpf,0,2626,155.87
cdf_db,ebpf,0,2627,210.92
cdf_db,ebpf,0,2628,157.78
cdf_db,ebpf,0,2629,147.77
cdf_db,ebpf,0,2630,148.6
cdf_db,ebpf,0,2631,189.3
cdf_db,ebpf,0,2632,156.25
cdf_db,ebpf,0,2633,210.22
cdf_db,ebpf,0,2634,158.37
cdf_db,ebpf,0,2635,152.08
cdf_db,ebpf,0,2636,151.91
cdf_db,ebpf,0,2637,147.88
cdf_db,ebpf,0,2638,159.06
cdf_db,ebpf,0,2639,217.48
cdf_db,ebpf,0,2640,164.08
cdf_db,ebpf,0,2641,159.59
cdf_db,ebpf,0,2642,153.28
cdf_db,ebpf,0,2643,148.18
cdf_db,ebpf,0,2644,155.29
cdf_db,ebpf,0,2645,213.82
cdf_db,ebpf,0,2646,155.16
cdf_db,ebpf,0,2647,148.95
cdf_db,ebpf,0,2648,149.98
cdf_db,ebpf,0,2649,146.13
cdf_db,ebpf,0,2650,146.18
cdf_db,ebpf,0,2651,216.3
cdf_db,ebpf,0,2652,155.171
cdf_db,ebpf,0,2653,148.24
cdf_db,ebpf,0,2654,190.601
cdf_db,ebpf,0,2655,148.99
cdf_db,ebpf,0,2656,151.1
cdf_db,ebpf,0,2657,213.34
cdf_db,ebpf,0,2658,155.49
cdf_db,ebpf,0,2659,149.7
cdf_db,ebpf,0,2660,159.29
cdf_db,ebpf,0,2661,147.75
cdf_db,ebpf,0,2662,151.34
cdf_db,ebpf,0,2663,238.56
cdf_db,ebpf,0,2664,157.28
cdf_db,ebpf,0,2665,178.03
cdf_db,ebpf,0,2666,153.1
cdf_db,ebpf,0,2667,152.5
cdf_db,ebpf,0,2668,155.11
cdf_db,ebpf,0,2669,207.95
cdf_db,ebpf,0,2670,193.86
cdf_db,ebpf,0,2671,153.18
cdf_db,ebpf,0,2672,151.94
cdf_db,ebpf,0,2673,149.94
cdf_db,ebpf,0,2674,155.43
cdf_db,ebpf,0,2675,201.54
cdf_db,ebpf,0,2676,153.67
cdf_db,ebpf,0,2677,151.64
cdf_db,ebpf,0,2678,150.61
cdf_db,ebpf,0,2679,145.93
cdf_db,ebpf,0,2680,155.94
cdf_db,ebpf,0,2681,210.311
cdf_db,ebpf,0,2682,156.04
cdf_db,ebpf,0,2683,190.9
cdf_db,ebpf,0,2684,149.17
cdf_db,ebpf,0,2685,143.64
cdf_db,ebpf,0,2686,154.6
cdf_db,ebpf,0,2687,215.29
cdf_db,ebpf,0,2688,160.99
cdf_db,ebpf,0,2689,153.31
cdf_db,ebpf,0,2690,148.47
cdf_db,ebpf,0,2691,146.81
cdf_db,ebpf,0,2692,147.14
cdf_db,ebpf,0,2693,250.3
cdf_db,ebpf,0,2694,154.75
cdf_db,ebpf,0,2695,151.57
cdf_db,ebpf,0,2696,146.38
cdf_db,ebpf,0,2697,145.59
cdf_db,ebpf,0,2698,152.21
cdf_db,ebpf,0,2699,238.05
cdf_db,ebpf,0,2700,192.99
cdf_db,ebpf,0,2701,154.57
cdf_db,ebpf,0,2702,150.59
cdf_db,ebpf,0,2703,148.44
cdf_db,ebpf,0,2704,161.17
cdf_db,ebpf,0,2705,250.13
cdf_db,ebpf,0,2706,155.74
cdf_db,ebpf,0,2707,158.24
cdf_db,ebpf,0,2708,152.08
cdf_db,ebpf,0,2709,186.751
cdf_db,ebpf,0,2710,217.891
cdf_db,ebpf,0,2711,158.829
cdf_db,ebpf,0,2712,187.96
cdf_db,ebpf,0,2713,154.349
cdf_db,ebpf,0,2714,148.78
cdf_db,ebpf,0,2715,193.95
cdf_db,ebpf,0,2716,251.64
cdf_db,ebpf,0,2717,223.71
cdf_db,ebpf,0,2718,152.73
cdf_db,ebpf,0,2719,153.79
cdf_db,ebpf,0,2720,148.75
cdf_db,ebpf,0,2721,215.37
cdf_db,ebpf,0,2722,160.87
cdf_db,ebpf,0,2723,149.0
cdf_db,ebpf,0,2724,157.23
cdf_db,ebpf,0,2725,151.3
cdf_db,ebpf,0,2726,149.3
cdf_db,ebpf,0,2727,213.8
cdf_db,ebpf,0,2728,437.72
cdf_db,ebpf,0,2729,217.34
cdf_db,ebpf,0,2730,177.71
cdf_db,ebpf,0,2731,303.43
cdf_db,ebpf,0,2732,199.36
cdf_db,ebpf,0,2733,170.451
cdf_db,ebpf,0,2734,166.689
cdf_db,ebpf,0,2735,160.869
cdf_db,ebpf,0,2736,243.189
cdf_db,ebpf,0,2737,167.12
cdf_db,ebpf,0,2738,157.94
cdf_db,ebpf,0,2739,155.74
cdf_db,ebpf,0,2740,158.42
cdf_db,ebpf,0,2741,159.9
cdf_db,ebpf,0,2742,234.68
cdf_db,ebpf,0,2743,165.78
cdf_db,ebpf,0,2744,158.97
cdf_db,ebpf,0,2745,151.81
cdf_db,ebpf,0,2746,154.48
cdf_db,ebpf,0,2747,157.08
cdf_db,ebpf,0,2748,210.44
cdf_db,ebpf,0,2749,166.57
cdf_db,ebpf,0,2750,155.28
cdf_db,ebpf,0,2751,149.2
cdf_db,ebpf,0,2752,154.62
cdf_db,ebpf,0,2753,152.86
cdf_db,ebpf,0,2754,211.14
cdf_db,ebpf,0,2755,162.6
cdf_db,ebpf,0,2756,157.8
cdf_db,ebpf,0,2757,157.25
cdf_db,ebpf,0,2758,157.99
cdf_db,ebpf,0,2759,164.54
cdf_db,ebpf,0,2760,211.76
cdf_db,ebpf,0,2761,163.86
cdf_db,ebpf,0,2762,160.25
cdf_db,ebpf,0,2763,156.429
cdf_db,ebpf,0,2764,155.611
cdf_db,ebpf,0,2765,260.251
cdf_db,ebpf,0,2766,158.13
cdf_db,ebpf,0,2767,155.05
cdf_db,ebpf,0,2768,157.35
cdf_db,ebpf,0,2769,152.37
cdf_db,ebpf,0,2770,152.06
cdf_db,ebpf,0,2771,226.87
cdf_db,ebpf,0,2772,163.99
cdf_db,ebpf,0,2773,154.92
cdf_db,ebpf,0,2774,155.5
cdf_db,ebpf,0,2775,158.87
cdf_db,ebpf,0,2776,153.74
cdf_db,ebpf,0,2777,226.9
cdf_db,ebpf,0,2778,162.53
cdf_db,ebpf,0,2779,157.19
cdf_db,ebpf,0,2780,152.12
cdf_db,ebpf,0,2781,152.23
cdf_db,ebpf,0,2782,154.83
cdf_db,ebpf,0,2783,223.8
cdf_db,ebpf,0,2784,159.15
cdf_db,ebpf,0,2785,157.77
cdf_db,ebpf,0,2786,156.37
cdf_db,ebpf,0,2787,150.24
cdf_db,ebpf,0,2788,160.49
cdf_db,ebpf,0,2789,212.1
cdf_db,ebpf,0,2790,160.93
cdf_db,ebpf,0,2791,152.1
cdf_db,ebpf,0,2792,154.469
cdf_db,ebpf,0,2793,153.201
cdf_db,ebpf,0,2794,160.57
cdf_db,ebpf,0,2795,250.4
cdf_db,ebpf,0,2796,160.35
cdf_db,ebpf,0,2797,154.76
cdf_db,ebpf,0,2798,152.98
cdf_db,ebpf,0,2799,151.42
cdf_db,ebpf,0,2800,157.9
cdf_db,ebpf,0,2801,207.92
cdf_db,ebpf,0,2802,160.51
cdf_db,ebpf,0,2803,158.37
cdf_db,ebpf,0,2804,151.66
cdf_db,ebpf,0,2805,152.71
cdf_db,ebpf,0,2806,174.79
cdf_db,ebpf,0,2807,230.02
cdf_db,ebpf,0,2808,162.28
cdf_db,ebpf,0,2809,163.8
cdf_db,ebpf,0,2810,154.3
cdf_db,ebpf,0,2811,148.64
cdf_db,ebpf,0,2812,161.37
cdf_db,ebpf,0,2813,212.3
cdf_db,ebpf,0,2814,161.65
cdf_db,ebpf,0,2815,153.63
cdf_db,ebpf,0,2816,156.16
cdf_db,ebpf,0,2817,151.98
cdf_db,ebpf,0,2818,272.611
cdf_db,ebpf,0,2819,159.12
cdf_db,ebpf,0,2820,153.349
cdf_db,ebpf,0,2821,155.76
cdf_db,ebpf,0,2822,150.88
cdf_db,ebpf,0,2823,150.94
cdf_db,ebpf,0,2824,221.22
cdf_db,ebpf,0,2825,157.84
cdf_db,ebpf,0,2826,153.36
cdf_db,ebpf,0,2827,155.27
cdf_db,ebpf,0,2828,153.3
cdf_db,ebpf,0,2829,151.1
cdf_db,ebpf,0,2830,218.88
cdf_db,ebpf,0,2831,165.48
cdf_db,ebpf,0,2832,154.36
cdf_db,ebpf,0,2833,154.98
cdf_db,ebpf,0,2834,152.73
cdf_db,ebpf,0,2835,210.55
cdf_db,ebpf,0,2836,215.7
cdf_db,ebpf,0,2837,159.24
cdf_db,ebpf,0,2838,156.84
cdf_db,ebpf,0,2839,155.12
cdf_db,ebpf,0,2840,150.24
cdf_db,ebpf,0,2841,157.28
cdf_db,ebpf,0,2842,212.01
cdf_db,ebpf,0,2843,159.1
cdf_db,ebpf,0,2844,152.56
cdf_db,ebpf,0,2845,157.52
cdf_db,ebpf,0,2846,154.0
cdf_db,ebpf,0,2847,157.271
cdf_db,ebpf,0,2848,258.96
cdf_db,ebpf,0,2849,158.06
cdf_db,ebpf,0,2850,149.051
cdf_db,ebpf,0,2851,153.76
cdf_db,ebpf,0,2852,146.329
cdf_db,ebpf,0,2853,155.111
cdf_db,ebpf,0,2854,207.35
cdf_db,ebpf,0,2855,158.18
cdf_db,ebpf,0,2856,153.79
cdf_db,ebpf,0,2857,156.38
cdf_db,ebpf,0,2858,191.36
cdf_db,ebpf,0,2859,152.02
cdf_db,ebpf,0,2860,209.07
cdf_db,ebpf,0,2861,161.01
cdf_db,ebpf,0,2862,153.63
cdf_db,ebpf,0,2863,154.48
cdf_db,ebpf,0,2864,190.43
cdf_db,ebpf,0,2865,215.17
cdf_db,ebpf,0,2866,159.12
cdf_db,ebpf,0,2867,150.65
cdf_db,ebpf,0,2868,152.16
cdf_db,ebpf,0,2869,190.88
cdf_db,ebpf,0,2870,155.04
cdf_db,ebpf,0,2871,214.1
cdf_db,ebpf,0,2872,163.83
cdf_db,ebpf,0,2873,193.56
cdf_db,ebpf,0,2874,150.91
cdf_db,ebpf,0,2875,152.12
cdf_db,ebpf,0,2876,190.82
cdf_db,ebpf,0,2877,209.671
cdf_db,ebpf,0,2878,170.991
cdf_db,ebpf,0,2879,195.191
cdf_db,ebpf,0,2880,182.46
cdf_db,ebpf,0,2881,232.13
cdf_db,ebpf,0,2882,230.97
cdf_db,ebpf,0,2883,160.38
cdf_db,ebpf,0,2884,161.87
cdf_db,ebpf,0,2885,151.02
cdf_db,ebpf,0,2886,156.84
cdf_db,ebpf,0,2887,162.59
cdf_db,ebpf,0,2888,206.04
cdf_db,ebpf,0,2889,156.84
cdf_db,ebpf,0,2890,155.3
cdf_db,ebpf,0,2891,149.8
cdf_db,ebpf,0,2892,154.57
cdf_db,ebpf,0,2893,151.3
cdf_db,ebpf,0,2894,209.95
cdf_db,ebpf,0,2895,163.03
cdf_db,ebpf,0,2896,155.83
cdf_db,ebpf,0,2897,152.54
cdf_db,ebpf,0,2898,154.03
cdf_db,ebpf,0,2899,162.17
cdf_db,ebpf,0,2900,217.62
cdf_db,ebpf,0,2901,156.5
cdf_db,ebpf,0,2902,156.63
cdf_db,ebpf,0,2903,151.391
cdf_db,ebpf,0,2904,148.94
cdf_db,ebpf,0,2905,161.671
cdf_db,ebpf,0,2906,214.631
cdf_db,ebpf,0,2907,159.781
cdf_db,ebpf,0,2908,154.34
cdf_db,ebpf,0,2909,150.15
cdf_db,ebpf,0,2910,146.58
cdf_db,ebpf,0,2911,154.34
cdf_db,ebpf,0,2912,206.42
cdf_db,ebpf,0,2913,156.81
cdf_db,ebpf,0,2914,154.59
cdf_db,ebpf,0,2915,150.8
cdf_db,ebpf,0,2916,149.33
cdf_db,ebpf,0,2917,152.51
cdf_db,ebpf,0,2918,214.2
cdf_db,ebpf,0,2919,159.17
cdf_db,ebpf,0,2920,151.36
cdf_db,ebpf,0,2921,150.85
cdf_db,ebpf,0,2922,145.83
cdf_db,ebpf,0,2923,149.1
cdf_db,ebpf,0,2924,215.15
cdf_db,ebpf,0,2925,156.24
cdf_db,ebpf,0,2926,150.95
cdf_db,ebpf,0,2927,176.94
cdf_db,ebpf,0,2928,185.89
cdf_db,ebpf,0,2929,157.18
cdf_db,ebpf,0,2930,209.7
cdf_db,ebpf,0,2931,155.56
cdf_db,ebpf,0,2932,151.551
cdf_db,ebpf,0,2933,152.889
cdf_db,ebpf,0,2934,147.78
cdf_db,ebpf,0,2935,150.6
cdf_db,ebpf,0,2936,212.76
cdf_db,ebpf,0,2937,154.91
cdf_db,ebpf,0,2938,151.01
cdf_db,ebpf,0,2939,149.32
cdf_db,ebpf,0,2940,145.21
cdf_db,ebpf,0,2941,150.97
cdf_db,ebpf,0,2942,218.76
cdf_db,ebpf,0,2943,162.08
cdf_db,ebpf,0,2944,152.15
cdf_db,ebpf,0,2945,151.01
cdf_db,ebpf,0,2946,146.07
cdf_db,ebpf,0,2947,154.52
cdf_db,ebpf,0,2948,221.89
cdf_db,ebpf,0,2949,158.31
cdf_db,ebpf,0,2950,151.41
cdf_db,ebpf,0,2951,165.84
cdf_db,ebpf,0,2952,148.51
cdf_db,ebpf,0,2953,151.13
cdf_db,ebpf,0,2954,237.21
cdf_db,ebpf,0,2955,158.53
cdf_db,ebpf,0,2956,152.04
cdf_db,ebpf,0,2957,153.92
cdf_db,ebpf,0,2958,180.56
cdf_db,ebpf,0,2959,148.3
cdf_db,ebpf,0,2960,218.9
cdf_db,ebpf,0,2961,161.76
cdf_db,ebpf,0,2962,161.689
cdf_db,ebpf,0,2963,151.651
cdf_db,ebpf,0,2964,146.68
cdf_db,ebpf,0,2965,157.28
cdf_db,ebpf,0,2966,219.16
cdf_db,ebpf,0,2967,160.51
cdf_db,ebpf,0,2968,157.28
cdf_db,ebpf,0,2969,153.97
cdf_db,ebpf,0,2970,149.93
cdf_db,ebpf,0,2971,155.21
cdf_db,ebpf,0,2972,219.98
cdf_db,ebpf,0,2973,157.07
cdf_db,ebpf,0,2974,153.44
cdf_db,ebpf,0,2975,153.12
cdf_db,ebpf,0,2976,152.67
cdf_db,ebpf,0,2977,155.36
cdf_db,ebpf,0,2978,218.09
cdf_db,ebpf,0,2979,158.53
cdf_db,ebpf,0,2980,195.46
cdf_db,ebpf,0,2981,153.23
cdf_db,ebpf,0,2982,149.56
cdf_db,ebpf,0,2983,159.55
cdf_db,ebpf,0,2984,213.89
cdf_db,ebpf,0,2985,161.68
cdf_db,ebpf,0,2986,150.33
cdf_db,ebpf,0,2987,152.54
cdf_db,ebpf,0,2988,154.04
cdf_db,ebpf,0,2989,148.62
cdf_db,ebpf,0,2990,217.05
cdf_db,ebpf,0,2991,160.12
cdf_db,ebpf,0,2992,148.271
cdf_db,ebpf,0,2993,152.111
cdf_db,ebpf,0,2994,152.3
cdf_db,ebpf,0,2995,150.22
cdf_db,ebpf,0,2996,218.391
cdf_db,ebpf,0,2997,162.41
cdf_db,ebpf,0,2998,188.98
cdf_db,ebpf,0,2999,152.04
cdf_db,ebpf,0,3000,151.24
cdf_db,ebpf,0,3001,153.99
cdf_db,ebpf,0,3002,210.2
cdf_db,ebpf,0,3003,158.06
cdf_db,ebpf,0,3004,150.24
cdf_db,ebpf,0,3005,147.72
cdf_db,ebpf,0,3006,155.92
cdf_db,ebpf,0,3007,156.31
cdf_db,ebpf,0,3008,229.17
cdf_db,ebpf,0,3009,169.61
cdf_db,ebpf,0,3010,186.94
cdf_db,ebpf,0,3011,152.68
cdf_db,ebpf,0,3012,157.83
cdf_db,ebpf,0,3013,160.83
cdf_db,ebpf,0,3014,214.62
cdf_db,ebpf,0,3015,160.41
cdf_db,ebpf,0,3016,152.37
cdf_db,ebpf,0,3017,160.78
cdf_db,ebpf,0,3018,151.581
cdf_db,ebpf,0,3019,156.88
cdf_db,ebpf,0,3020,250.1
cdf_db,ebpf,0,3021,159.111
cdf_db,ebpf,0,3022,152.82
cdf_db,ebpf,0,3023,151.391
cdf_db,ebpf,0,3024,159.56
cdf_db,ebpf,0,3025,233.66
cdf_db,ebpf,0,3026,163.0
cdf_db,ebpf,0,3027,156.85
cdf_db,ebpf,0,3028,186.63
cdf_db,ebpf,0,3029,152.61
cdf_db,ebpf,0,3030,152.36
cdf_db,ebpf,0,3031,212.29
cdf_db,ebpf,0,3032,164.76
cdf_db,ebpf,0,3033,157.48
cdf_db,ebpf,0,3034,184.95
cdf_db,ebpf,0,3035,150.74
cdf_db,ebpf,0,3036,157.09
cdf_db,ebpf,0,3037,209.43
cdf_db,ebpf,0,3038,160.75
cdf_db,ebpf,0,3039,152.42
cdf_db,ebpf,0,3040,150.02
cdf_db,ebpf,0,3041,193.85
cdf_db,ebpf,0,3042,153.0
cdf_db,ebpf,0,3043,203.48
cdf_db,ebpf,0,3044,161.77
cdf_db,ebpf,0,3045,154.18
cdf_db,ebpf,0,3046,149.95
cdf_db,ebpf,0,3047,149.54
cdf_db,ebpf,0,3048,153.471
cdf_db,ebpf,0,3049,453.78
cdf_db,ebpf,0,3050,188.93
cdf_db,ebpf,0,3051,154.82
cdf_db,ebpf,0,3052,154.6
cdf_db,ebpf,0,3053,223.73
cdf_db,ebpf,0,3054,161.53
cdf_db,ebpf,0,3055,149.42
cdf_db,ebpf,0,3056,157.14
cdf_db,ebpf,0,3057,155.5
cdf_db,ebpf,0,3058,149.5
cdf_db,ebpf,0,3059,225.23
cdf_db,ebpf,0,3060,161.2
cdf_db,ebpf,0,3061,148.97
cdf_db,ebpf,0,3062,152.84
cdf_db,ebpf,0,3063,147.18
cdf_db,ebpf,0,3064,147.62
cdf_db,ebpf,0,3065,218.96
cdf_db,ebpf,0,3066,200.64
cdf_db,ebpf,0,3067,153.62
cdf_db,ebpf,0,3068,160.76
cdf_db,ebpf,0,3069,151.24
cdf_db,ebpf,0,3070,165.97
cdf_db,ebpf,0,3071,223.76
cdf_db,ebpf,0,3072,161.23
cdf_db,ebpf,0,3073,152.92
cdf_db,ebpf,0,3074,147.58
cdf_db,ebpf,0,3075,148.631
cdf_db,ebpf,0,3076,150.509
cdf_db,ebpf,0,3077,209.681
cdf_db,ebpf,0,3078,155.69
cdf_db,ebpf,0,3079,153.78
cdf_db,ebpf,0,3080,152.89
cdf_db,ebpf,0,3081,150.47
cdf_db,ebpf,0,3082,147.67
cdf_db,ebpf,0,3083,212.75
cdf_db,ebpf,0,3084,157.56
cdf_db,ebpf,0,3085,192.93
cdf_db,ebpf,0,3086,152.78
cdf_db,ebpf,0,3087,149.55
cdf_db,ebpf,0,3088,152.11
cdf_db,ebpf,0,3089,216.52
cdf_db,ebpf,0,3090,156.6
cdf_db,ebpf,0,3091,154.3
cdf_db,ebpf,0,3092,151.61
cdf_db,ebpf,0,3093,148.74
cdf_db,ebpf,0,3094,148.08
cdf_db,ebpf,0,3095,212.59
cdf_db,ebpf,0,3096,155.12
cdf_db,ebpf,0,3097,162.17
cdf_db,ebpf,0,3098,148.34
cdf_db,ebpf,0,3099,191.43
cdf_db,ebpf,0,3100,158.29
cdf_db,ebpf,0,3101,225.13
cdf_db,ebpf,0,3102,160.05
cdf_db,ebpf,0,3103,151.78
cdf_db,ebpf,0,3104,150.669
cdf_db,ebpf,0,3105,155.72
cdf_db,ebpf,0,3106,156.811
cdf_db,ebpf,0,3107,205.55
cdf_db,ebpf,0,3108,156.12
cdf_db,ebpf,0,3109,194.53
cdf_db,ebpf,0,3110,147.15
cdf_db,ebpf,0,3111,147.73
cdf_db,ebpf,0,3112,190.7
cdf_db,ebpf,0,3113,201.16
cdf_db,ebpf,0,3114,155.84
cdf_db,ebpf,0,3115,157.84
cdf_db,ebpf,0,3116,148.67
cdf_db,ebpf,0,3117,188.12
cdf_db,ebpf,0,3118,153.08
cdf_db,ebpf,0,3119,200.16
cdf_db,ebpf,0,3120,158.46
cdf_db,ebpf,0,3121,153.34
cdf_db,ebpf,0,3122,147.87
cdf_db,ebpf,0,3123,185.18
cdf_db,ebpf,0,3124,161.15
cdf_db,ebpf,0,3125,205.72
cdf_db,ebpf,0,3126,160.19
cdf_db,ebpf,0,3127,200.44
cdf_db,ebpf,0,3128,145.49
cdf_db,ebpf,0,3129,149.92
cdf_db,ebpf,0,3130,261.27
cdf_db,ebpf,0,3131,159.01
cdf_db,ebpf,0,3132,160.34
cdf_db,ebpf,0,3133,196.131
cdf_db,ebpf,0,3134,181.04
cdf_db,ebpf,0,3135,294.269
cdf_db,ebpf,0,3136,161.83
cdf_db,ebpf,0,3137,154.19
cdf_db,ebpf,0,3138,154.0
cdf_db,ebpf,0,3139,149.36
cdf_db,ebpf,0,3140,147.44
cdf_db,ebpf,0,3141,218.07
cdf_db,ebpf,0,3142,160.94
cdf_db,ebpf,0,3143,149.66
cdf_db,ebpf,0,3144,150.62
cdf_db,ebpf,0,3145,149.25
cdf_db,ebpf,0,3146,147.86
cdf_db,ebpf,0,3147,217.51
cdf_db,ebpf,0,3148,161.65
cdf_db,ebpf,0,3149,149.1
cdf_db,ebpf,0,3150,153.22
cdf_db,ebpf,0,3151,153.9
cdf_db,ebpf,0,3152,147.73
cdf_db,ebpf,0,3153,217.95
cdf_db,ebpf,0,3154,157.95
cdf_db,ebpf,0,3155,150.68
cdf_db,ebpf,0,3156,156.5
cdf_db,ebpf,0,3157,149.67
cdf_db,ebpf,0,3158,149.64
cdf_db,ebpf,0,3159,160.13
cdf_db,ebpf,0,3160,246.331
cdf_db,ebpf,0,3161,158.511
cdf_db,ebpf,0,3162,152.96
cdf_db,ebpf,0,3163,152.14
cdf_db,ebpf,0,3164,153.191
cdf_db,ebpf,0,3165,214.17
cdf_db,ebpf,0,3166,161.26
cdf_db,ebpf,0,3167,155.17
cdf_db,ebpf,0,3168,153.31
cdf_db,ebpf,0,3169,150.78
cdf_db,ebpf,0,3170,159.23
cdf_db,ebpf,0,3171,235.2
cdf_db,ebpf,0,3172,166.41
cdf_db,ebpf,0,3173,156.48
cdf_db,ebpf,0,3174,153.35
cdf_db,ebpf,0,3175,153.4
cdf_db,ebpf,0,3176,149.48
cdf_db,ebpf,0,3177,215.76
cdf_db,ebpf,0,3178,198.16
cdf_db,ebpf,0,3179,148.49
cdf_db,ebpf,0,3180,151.55
cdf_db,ebpf,0,3181,152.72
cdf_db,ebpf,0,3182,147.04
cdf_db,ebpf,0,3183,211.78
cdf_db,ebpf,0,3184,160.39
cdf_db,ebpf,0,3185,150.56
cdf_db,ebpf,0,3186,150.96
cdf_db,ebpf,0,3187,157.03
cdf_db,ebpf,0,3188,147.49
cdf_db,ebpf,0,3189,213.531
cdf_db,ebpf,0,3190,161.051
cdf_db,ebpf,0,3191,152.329
cdf_db,ebpf,0,3192,190.869
cdf_db,ebpf,0,3193,153.281
cdf_db,ebpf,0,3194,151.25
cdf_db,ebpf,0,3195,215.8
cdf_db,ebpf,0,3196,158.96
cdf_db,ebpf,0,3197,152.86
cdf_db,ebpf,0,3198,151.63
cdf_db,ebpf,0,3199,151.62
cdf_db,ebpf,0,3200,149.03
cdf_db,ebpf,0,3201,237.14
cdf_db,ebpf,0,3202,159.76
cdf_db,ebpf,0,3203,151.02
cdf_db,ebpf,0,3204,150.64
cdf_db,ebpf,0,3205,151.79
cdf_db,ebpf,0,3206,150.0
cdf_db,ebpf,0,3207,215.61
cdf_db,ebpf,0,3208,161.88
cdf_db,ebpf,0,3209,151.35
cdf_db,ebpf,0,3210,155.97
cdf_db,ebpf,0,3211,191.32
cdf_db,ebpf,0,3212,157.44
cdf_db,ebpf,0,3213,211.67
cdf_db,ebpf,0,3214,162.53
cdf_db,ebpf,0,3215,150.43
cdf_db,ebpf,0,3216,151.04
cdf_db,ebpf,0,3217,150.04
cdf_db,ebpf,0,3218,150.8
cdf_db,ebpf,0,3219,219.351
cdf_db,ebpf,0,3220,160.791
cdf_db,ebpf,0,3221,150.641
cdf_db,ebpf,0,3222,151.56
cdf_db,ebpf,0,3223,150.62
cdf_db,ebpf,0,3224,146.38
cdf_db,ebpf,0,3225,216.17
cdf_db,ebpf,0,3226,161.54
cdf_db,ebpf,0,3227,156.66
cdf_db,ebpf,0,3228,152.63
cdf_db,ebpf,0,3229,153.47
cdf_db,ebpf,0,3230,148.26
cdf_db,ebpf,0,3231,216.79
cdf_db,ebpf,0,3232,160.11
cdf_db,ebpf,0,3233,150.56
cdf_db,ebpf,0,3234,152.75
cdf_db,ebpf,0,3235,350.03
cdf_db,ebpf,0,3236,287.14
cdf_db,ebpf,0,3237,201.25
cdf_db,ebpf,0,3238,224.21
cdf_db,ebpf,0,3239,187.64
cdf_db,ebpf,0,3240,166.63
cdf_db,ebpf,0,3241,216.65
cdf_db,ebpf,0,3242,164.62
cdf_db,ebpf,0,3243,168.97
cdf_db,ebpf,0,3244,155.03
cdf_db,ebpf,0,3245,153.01
cdf_db,ebpf,0,3246,240.21
cdf_db,ebpf,0,3247,165.62
cdf_db,ebpf,0,3248,156.6
cdf_db,ebpf,0,3249,159.621
cdf_db,ebpf,0,3250,152.54
cdf_db,ebpf,0,3251,152.72
cdf_db,ebpf,0,3252,222.99
cdf_db,ebpf,0,3253,167.61
cdf_db,ebpf,0,3254,155.43
cdf_db,ebpf,0,3255,156.67
cdf_db,ebpf,0,3256,152.71
cdf_db,ebpf,0,3257,154.66
cdf_db,ebpf,0,3258,260.72
cdf_db,ebpf,0,3259,163.0
cdf_db,ebpf,0,3260,155.58
cdf_db,ebpf,0,3261,154.03
cdf_db,ebpf,0,3262,155.42
cdf_db,ebpf,0,3263,152.69
cdf_db,ebpf,0,3264,224.86
cdf_db,ebpf,0,3265,164.31
cdf_db,ebpf,0,3266,157.4
cdf_db,ebpf,0,3267,160.49
cdf_db,ebpf,0,3268,152.44
cdf_db,ebpf,0,3269,167.69
cdf_db,ebpf,0,3270,231.45
cdf_db,ebpf,0,3271,163.51
cdf_db,ebpf,0,3272,162.94
cdf_db,ebpf,0,3273,201.96
cdf_db,ebpf,0,3274,159.17
cdf_db,ebpf,0,3275,232.2
cdf_db,ebpf,0,3276,172.26
cdf_db,ebpf,0,3277,158.101
cdf_db,ebpf,0,3278,159.56
cdf_db,ebpf,0,3279,154.08
cdf_db,ebpf,0,3280,161.06
cdf_db,ebpf,0,3281,218.3
cdf_db,ebpf,0,3282,163.54
cdf_db,ebpf,0,3283,152.17
cdf_db,ebpf,0,3284,195.85
cdf_db,ebpf,0,3285,153.27
cdf_db,ebpf,0,3286,154.28
cdf_db,ebpf,0,3287,222.25
cdf_db,ebpf,0,3288,164.39
cdf_db,ebpf,0,3289,155.5
cdf_db,ebpf,0,3290,160.07
cdf_db,ebpf,0,3291,151.99
cdf_db,ebpf,0,3292,159.51
cdf_db,ebpf,0,3293,253.89
cdf_db,ebpf,0,3294,166.72
cdf_db,ebpf,0,3295,153.04
cdf_db,ebpf,0,3296,156.08
cdf_db,ebpf,0,3297,174.8
cdf_db,ebpf,0,3298,218.63
cdf_db,ebpf,0,3299,169.79
cdf_db,ebpf,0,3300,201.63
cdf_db,ebpf,0,3301,152.469
cdf_db,ebpf,0,3302,158.8
cdf_db,ebpf,0,3303,159.111
cdf_db,ebpf,0,3304,250.85
cdf_db,ebpf,0,3305,164.41
cdf_db,ebpf,0,3306,157.74
cdf_db,ebpf,0,3307,191.76
cdf_db,ebpf,0,3308,155.92
cdf_db,ebpf,0,3309,252.29
cdf_db,ebpf,0,3310,159.76
cdf_db,ebpf,0,3311,195.27
cdf_db,ebpf,0,3312,193.78
cdf_db,ebpf,0,3313,227.81
cdf_db,ebpf,0,3314,215.4
cdf_db,ebpf,0,3315,162.93
cdf_db,ebpf,0,3316,168.25
cdf_db,ebpf,0,3317,159.55
cdf_db,ebpf,0,3318,152.05
cdf_db,ebpf,0,3319,159.52
cdf_db,ebpf,0,3320,237.75
cdf_db,ebpf,0,3321,167.43
cdf_db,ebpf,0,3322,157.52
cdf_db,ebpf,0,3323,159.92
cdf_db,ebpf,0,3324,155.67
cdf_db,ebpf,0,3325,167.391
cdf_db,ebpf,0,3326,212.02
cdf_db,ebpf,0,3327,163.26
cdf_db,ebpf,0,3328,158.26
cdf_db,ebpf,0,3329,155.369
cdf_db,ebpf,0,3330,153.349
cdf_db,ebpf,0,3331,217.97
cdf_db,ebpf,0,3332,163.39
cdf_db,ebpf,0,3333,155.97
cdf_db,ebpf,0,3334,161.05
cdf_db,ebpf,0,3335,154.8
cdf_db,ebpf,0,3336,150.77
cdf_db,ebpf,0,3337,216.73
cdf_db,ebpf,0,3338,205.36
cdf_db,ebpf,0,3339,153.86
cdf_db,ebpf,0,3340,156.71
cdf_db,ebpf,0,3341,153.14
cdf_db,ebpf,0,3342,149.24
cdf_db,ebpf,0,3343,213.2
cdf_db,ebpf,0,3344,165.63
cdf_db,ebpf,0,3345,153.31
cdf_db,ebpf,0,3346,148.59
cdf_db,ebpf,0,3347,159.38
cdf_db,ebpf,0,3348,152.18
cdf_db,ebpf,0,3349,216.51
cdf_db,ebpf,0,3350,160.88
cdf_db,ebpf,0,3351,153.7
cdf_db,ebpf,0,3352,158.15
cdf_db,ebpf,0,3353,153.351
cdf_db,ebpf,0,3354,150.2
cdf_db,ebpf,0,3355,222.9
cdf_db,ebpf,0,3356,163.411
cdf_db,ebpf,0,3357,151.98
cdf_db,ebpf,0,3358,155.7
cdf_db,ebpf,0,3359,155.021
cdf_db,ebpf,0,3360,151.42
cdf_db,ebpf,0,3361,223.85
cdf_db,ebpf,0,3362,162.77
cdf_db,ebpf,0,3363,151.45
cdf_db,ebpf,0,3364,156.28
cdf_db,ebpf,0,3365,152.57
cdf_db,ebpf,0,3366,147.85
cdf_db,ebpf,0,3367,227.08
cdf_db,ebpf,0,3368,160.6
cdf_db,ebpf,0,3369,152.48
cdf_db,ebpf,0,3370,153.22
cdf_db,ebpf,0,3371,153.93
cdf_db,ebpf,0,3372,150.22
cdf_db,ebpf,0,3373,258.49
cdf_db,ebpf,0,3374,163.61
cdf_db,ebpf,0,3375,150.82
cdf_db,ebpf,0,3376,154.31
cdf_db,ebpf,0,3377,151.1
cdf_db,ebpf,0,3378,156.56
cdf_db,ebpf,0,3379,212.99
cdf_db,ebpf,0,3380,159.81
cdf_db,ebpf,0,3381,154.44
cdf_db,ebpf,0,3382,157.42
cdf_db,ebpf,0,3383,149.51
cdf_db,ebpf,0,3384,160.17
cdf_db,ebpf,0,3385,216.271
cdf_db,ebpf,0,3386,165.5
cdf_db,ebpf,0,3387,157.589
cdf_db,ebpf,0,3388,158.441
cdf_db,ebpf,0,3389,171.27
cdf_db,ebpf,0,3390,158.24
cdf_db,ebpf,0,3391,240.3
cdf_db,ebpf,0,3392,166.64
cdf_db,ebpf,0,3393,154.79
cdf_db,ebpf,0,3394,158.01
cdf_db,ebpf,0,3395,156.84
cdf_db,ebpf,0,3396,169.04
cdf_db,ebpf,0,3397,213.71
cdf_db,ebpf,0,3398,161.23
cdf_db,ebpf,0,3399,155.73
cdf_db,ebpf,0,3400,158.45
cdf_db,ebpf,0,3401,195.94
cdf_db,ebpf,0,3402,216.41
cdf_db,ebpf,0,3403,164.96
cdf_db,ebpf,0,3404,154.32
cdf_db,ebpf,0,3405,150.77
cdf_db,ebpf,0,3406,153.14
cdf_db,ebpf,0,3407,152.91
cdf_db,ebpf,0,3408,216.43
cdf_db,ebpf,0,3409,161.81
cdf_db,ebpf,0,3410,153.0
cdf_db,ebpf,0,3411,150.5
cdf_db,ebpf,0,3412,154.57
cdf_db,ebpf,0,3413,150.24
cdf_db,ebpf,0,3414,216.66
cdf_db,ebpf,0,3415,160.569
cdf_db,ebpf,0,3416,152.791
cdf_db,ebpf,0,3417,151.151
cdf_db,ebpf,0,3418,152.34
cdf_db,ebpf,0,3419,150.88
cdf_db,ebpf,0,3420,214.52
cdf_db,ebpf,0,3421,168.65
cdf_db,ebpf,0,3422,153.62
cdf_db,ebpf,0,3423,187.46
cdf_db,ebpf,0,3424,159.51
cdf_db,ebpf,0,3425,150.24
cdf_db,ebpf,0,3426,215.59
cdf_db,ebpf,0,3427,161.41
cdf_db,ebpf,0,3428,155.3
cdf_db,ebpf,0,3429,150.01
cdf_db,ebpf,0,3430,153.96
cdf_db,ebpf,0,3431,150.55
cdf_db,ebpf,0,3432,219.83
cdf_db,ebpf,0,3433,165.76
cdf_db,ebpf,0,3434,148.78
cdf_db,ebpf,0,3435,152.8
cdf_db,ebpf,0,3436,153.16
cdf_db,ebpf,0,3437,152.28
cdf_db,ebpf,0,3438,222.34
cdf_db,ebpf,0,3439,200.69
cdf_db,ebpf,0,3440,154.06
cdf_db,ebpf,0,3441,151.66
cdf_db,ebpf,0,3442,151.06
cdf_db,ebpf,0,3443,159.109
cdf_db,ebpf,0,3444,210.051
cdf_db,ebpf,0,3445,162.27
cdf_db,ebpf,0,3446,153.94
cdf_db,ebpf,0,3447,150.8
cdf_db,ebpf,0,3448,155.08
cdf_db,ebpf,0,3449,156.45
cdf_db,ebpf,0,3450,210.69
cdf_db,ebpf,0,3451,197.45
cdf_db,ebpf,0,3452,157.12
cdf_db,ebpf,0,3453,148.66
cdf_db,ebpf,0,3454,153.73
cdf_db,ebpf,0,3455,158.39
cdf_db,ebpf,0,3456,210.77
cdf_db,ebpf,0,3457,164.12
cdf_db,ebpf,0,3458,154.47
cdf_db,ebpf,0,3459,150.19
cdf_db,ebpf,0,3460,191.81
cdf_db,ebpf,0,3461,215.68
cdf_db,ebpf,0,3462,169.91
cdf_db,ebpf,0,3463,156.78
cdf_db,ebpf,0,3464,149.94
cdf_db,ebpf,0,3465,149.34
cdf_db,ebpf,0,3466,154.48
cdf_db,ebpf,0,3467,272.03
cdf_db,ebpf,0,3468,157.841
cdf_db,ebpf,0,3469,158.02
cdf_db,ebpf,0,3470,151.78
cdf_db,ebpf,0,3471,144.32
cdf_db,ebpf,0,3472,154.82
cdf_db,ebpf,0,3473,256.3
cdf_db,ebpf,0,3474,156.52
cdf_db,ebpf,0,3475,162.15
cdf_db,ebpf,0,3476,189.84
cdf_db,ebpf,0,3477,147.55
cdf_db,ebpf,0,3478,202.49
cdf_db,ebpf,0,3479,203.69
cdf_db,ebpf,0,3480,153.38
cdf_db,ebpf,0,3481,191.07
cdf_db,ebpf,0,3482,205.78
cdf_db,ebpf,0,3483,507.58
cdf_db,ebpf,0,3484,241.17
cdf_db,ebpf,0,3485,164.2
cdf_db,ebpf,0,3486,157.99
cdf_db,ebpf,0,3487,167.95
cdf_db,ebpf,0,3488,213.18
cdf_db,ebpf,0,3489,157.47
cdf_db,ebpf,0,3490,157.51
cdf_db,ebpf,0,3491,155.97
cdf_db,ebpf,0,3492,159.341
cdf_db,ebpf,0,3493,221.38
cdf_db,ebpf,0,3494,163.64
cdf_db,ebpf,0,3495,152.34
cdf_db,ebpf,0,3496,157.5
cdf_db,ebpf,0,3497,161.82
cdf_db,ebpf,0,3498,153.409
cdf_db,ebpf,0,3499,219.45
cdf_db,ebpf,0,3500,159.89
cdf_db,ebpf,0,3501,152.27
cdf_db,ebpf,0,3502,153.89
cdf_db,ebpf,0,3503,149.87
cdf_db,ebpf,0,3504,152.19
cdf_db,ebpf,0,3505,220.12
cdf_db,ebpf,0,3506,161.19
cdf_db,ebpf,0,3507,151.98
cdf_db,ebpf,0,3508,156.58
cdf_db,ebpf,0,3509,151.61
cdf_db,ebpf,0,3510,150.63
cdf_db,ebpf,0,3511,217.43
cdf_db,ebpf,0,3512,161.57
cdf_db,ebpf,0,3513,146.51
cdf_db,ebpf,0,3514,155.76
cdf_db,ebpf,0,3515,155.9
cdf_db,ebpf,0,3516,145.55
cdf_db,ebpf,0,3517,164.57
cdf_db,ebpf,0,3518,207.5
cdf_db,ebpf,0,3519,161.0
cdf_db,ebpf,0,3520,159.84
cdf_db,ebpf,0,3521,151.98
cdf_db,ebpf,0,3522,148.31
cdf_db,ebpf,0,3523,162.88
cdf_db,ebpf,0,3524,213.23
cdf_db,ebpf,0,3525,156.151
cdf_db,ebpf,0,3526,154.98
cdf_db,ebpf,0,3527,151.62
cdf_db,ebpf,0,3528,145.83
cdf_db,ebpf,0,3529,155.03
cdf_db,ebpf,0,3530,205.06
cdf_db,ebpf,0,3531,197.89
cdf_db,ebpf,0,3532,155.58
cdf_db,ebpf,0,3533,151.82
cdf_db,ebpf,0,3534,159.27
cdf_db,ebpf,0,3535,234.91
cdf_db,ebpf,0,3536,162.58
cdf_db,ebpf,0,3537,157.28
cdf_db,ebpf,0,3538,155.21
cdf_db,ebpf,0,3539,149.19
cdf_db,ebpf,0,3540,150.76
cdf_db,ebpf,0,3541,217.96
cdf_db,ebpf,0,3542,164.5
cdf_db,ebpf,0,3543,150.75
cdf_db,ebpf,0,3544,151.97
cdf_db,ebpf,0,3545,149.68
cdf_db,ebpf,0,3546,143.56
cdf_db,ebpf,0,3547,211.86
cdf_db,ebpf,0,3548,153.42
cdf_db,ebpf,0,3549,148.25
cdf_db,ebpf,0,3550,153.34
cdf_db,ebpf,0,3551,152.74
cdf_db,ebpf,0,3552,150.57
cdf_db,ebpf,0,3553,154.3
cdf_db,ebpf,0,3554,205.251
cdf_db,ebpf,0,3555,160.82
cdf_db,ebpf,0,3556,162.98
cdf_db,ebpf,0,3557,156.211
cdf_db,ebpf,0,3558,155.12
cdf_db,ebpf,0,3559,158.54
cdf_db,ebpf,0,3560,212.02
cdf_db,ebpf,0,3561,157.16
cdf_db,ebpf,0,3562,196.07
cdf_db,ebpf,0,3563,155.71
cdf_db,ebpf,0,3564,144.7
cdf_db,ebpf,0,3565,220.17
cdf_db,ebpf,0,3566,159.44
cdf_db,ebpf,0,3567,159.4
cdf_db,ebpf,0,3568,159.28
cdf_db,ebpf,0,3569,154.48
cdf_db,ebpf,0,3570,150.27
cdf_db,ebpf,0,3571,219.66
cdf_db,ebpf,0,3572,165.15
cdf_db,ebpf,0,3573,150.44
cdf_db,ebpf,0,3574,156.61
cdf_db,ebpf,0,3575,154.61
cdf_db,ebpf,0,3576,152.3
cdf_db,ebpf,0,3577,222.99
cdf_db,ebpf,0,3578,165.01
cdf_db,ebpf,0,3579,148.86
cdf_db,ebpf,0,3580,155.26
cdf_db,ebpf,0,3581,153.01
cdf_db,ebpf,0,3582,146.89
cdf_db,ebpf,0,3583,228.771
cdf_db,ebpf,0,3584,163.331
cdf_db,ebpf,0,3585,195.009
cdf_db,ebpf,0,3586,154.6
cdf_db,ebpf,0,3587,149.409
cdf_db,ebpf,0,3588,147.86
cdf_db,ebpf,0,3589,213.28
cdf_db,ebpf,0,3590,163.14
cdf_db,ebpf,0,3591,151.22
cdf_db,ebpf,0,3592,157.28
cdf_db,ebpf,0,3593,153.24
cdf_db,ebpf,0,3594,149.04
cdf_db,ebpf,0,3595,221.66
cdf_db,ebpf,0,3596,164.2
cdf_db,ebpf,0,3597,152.34
cdf_db,ebpf,0,3598,153.68
cdf_db,ebpf,0,3599,151.97
cdf_db,ebpf,0,3600,146.69
cdf_db,ebpf,0,3601,261.58
cdf_db,ebpf,0,3602,164.19
cdf_db,ebpf,0,3603,150.72
cdf_db,ebpf,0,3604,154.98
cdf_db,ebpf,0,3605,154.79
cdf_db,ebpf,0,3606,150.72
cdf_db,ebpf,0,3607,223.27
cdf_db,ebpf,0,3608,166.47
cdf_db,ebpf,0,3609,150.02
cdf_db,ebpf,0,3610,160.24
cdf_db,ebpf,0,3611,152.631
cdf_db,ebpf,0,3612,154.671
cdf_db,ebpf,0,3613,234.649
cdf_db,ebpf,0,3614,213.64
cdf_db,ebpf,0,3615,152.58
cdf_db,ebpf,0,3616,163.721
cdf_db,ebpf,0,3617,162.82
cdf_db,ebpf,0,3618,224.85
cdf_db,ebpf,0,3619,175.73
cdf_db,ebpf,0,3620,157.73
cdf_db,ebpf,0,3621,155.0
cdf_db,ebpf,0,3622,156.88
cdf_db,ebpf,0,3623,195.28
cdf_db,ebpf,0,3624,213.18
cdf_db,ebpf,0,3625,166.29
cdf_db,ebpf,0,3626,156.47
cdf_db,ebpf,0,3627,151.99
cdf_db,ebpf,0,3628,157.84
cdf_db,ebpf,0,3629,158.87
cdf_db,ebpf,0,3630,253.65
cdf_db,ebpf,0,3631,162.63
cdf_db,ebpf,0,3632,154.67
cdf_db,ebpf,0,3633,152.71
cdf_db,ebpf,0,3634,154.79
cdf_db,ebpf,0,3635,154.36
cdf_db,ebpf,0,3636,243.33
cdf_db,ebpf,0,3637,160.01
cdf_db,ebpf,0,3638,149.39
cdf_db,ebpf,0,3639,151.571
cdf_db,ebpf,0,3640,202.189
cdf_db,ebpf,0,3641,222.151
cdf_db,ebpf,0,3642,160.481
cdf_db,ebpf,0,3643,197.63
cdf_db,ebpf,0,3644,152.64
cdf_db,ebpf,0,3645,194.1
cdf_db,ebpf,0,3646,267.34
cdf_db,ebpf,0,3647,230.22
cdf_db,ebpf,0,3648,151.74
cdf_db,ebpf,0,3649,158.22
cdf_db,ebpf,0,3650,153.73
cdf_db,ebpf,0,3651,156.39
cdf_db,ebpf,0,3652,220.81
cdf_db,ebpf,0,3653,161.27
cdf_db,ebpf,0,3654,156.19
cdf_db,ebpf,0,3655,154.13
cdf_db,ebpf,0,3656,149.38
cdf_db,ebpf,0,3657,155.85
cdf_db,ebpf,0,3658,211.54
cdf_db,ebpf,0,3659,160.13
cdf_db,ebpf,0,3660,160.23
cdf_db,ebpf,0,3661,153.79
cdf_db,ebpf,0,3662,153.28
cdf_db,ebpf,0,3663,159.57
cdf_db,ebpf,0,3664,217.42
cdf_db,ebpf,0,3665,155.43
cdf_db,ebpf,0,3666,158.281
cdf_db,ebpf,0,3667,180.96
cdf_db,ebpf,0,3668,148.671
cdf_db,ebpf,0,3669,158.65
cdf_db,ebpf,0,3670,212.23
cdf_db,ebpf,0,3671,158.22
cdf_db,ebpf,0,3672,161.77
cdf_db,ebpf,0,3673,152.72
cdf_db,ebpf,0,3674,151.63
cdf_db,ebpf,0,3675,162.36
cdf_db,ebpf,0,3676,211.31
cdf_db,ebpf,0,3677,157.82
cdf_db,ebpf,0,3678,159.56
cdf_db,ebpf,0,3679,158.01
cdf_db,ebpf,0,3680,160.35
cdf_db,ebpf,0,3681,155.59
cdf_db,ebpf,0,3682,223.24
cdf_db,ebpf,0,3683,161.26
cdf_db,ebpf,0,3684,158.02
cdf_db,ebpf,0,3685,152.76
cdf_db,ebpf,0,3686,147.52
cdf_db,ebpf,0,3687,155.88
cdf_db,ebpf,0,3688,210.17
cdf_db,ebpf,0,3689,159.25
cdf_db,ebpf,0,3690,155.68
cdf_db,ebpf,0,3691,152.16
cdf_db,ebpf,0,3692,147.65
cdf_db,ebpf,0,3693,161.45
cdf_db,ebpf,0,3694,210.22
cdf_db,ebpf,0,3695,197.921
cdf_db,ebpf,0,3696,156.3
cdf_db,ebpf,0,3697,152.561
cdf_db,ebpf,0,3698,148.31
cdf_db,ebpf,0,3699,215.94
cdf_db,ebpf,0,3700,161.59
cdf_db,ebpf,0,3701,153.58
cdf_db,ebpf,0,3702,152.16
cdf_db,ebpf,0,3703,147.99
cdf_db,ebpf,0,3704,149.57
cdf_db,ebpf,0,3705,163.39
cdf_db,ebpf,0,3706,206.95
cdf_db,ebpf,0,3707,155.65
cdf_db,ebpf,0,3708,158.73
cdf_db,ebpf,0,3709,151.28
cdf_db,ebpf,0,3710,146.74
cdf_db,ebpf,0,3711,162.14
cdf_db,ebpf,0,3712,280.68
cdf_db,ebpf,0,3713,162.02
cdf_db,ebpf,0,3714,164.87
cdf_db,ebpf,0,3715,156.8
cdf_db,ebpf,0,3716,155.45
cdf_db,ebpf,0,3717,221.17
cdf_db,ebpf,0,3718,165.31
cdf_db,ebpf,0,3719,153.68
cdf_db,ebpf,0,3720,159.78
cdf_db,ebpf,0,3721,152.42
cdf_db,ebpf,0,3722,154.66
cdf_db,ebpf,0,3723,223.35
cdf_db,ebpf,0,3724,163.99
cdf_db,ebpf,0,3725,195.58
cdf_db,ebpf,0,3726,160.409
cdf_db,ebpf,0,3727,154.529
cdf_db,ebpf,0,3728,160.571
cdf_db,ebpf,0,3729,213.81
cdf_db,ebpf,0,3730,162.81
cdf_db,ebpf,0,3731,152.77
cdf_db,ebpf,0,3732,158.51
cdf_db,ebpf,0,3733,165.91
cdf_db,ebpf,0,3734,156.76
cdf_db,ebpf,0,3735,224.57
cdf_db,ebpf,0,3736,163.46
cdf_db,ebpf,0,3737,155.02
cdf_db,ebpf,0,3738,153.88
cdf_db,ebpf,0,3739,151.64
cdf_db,ebpf,0,3740,160.07
cdf_db,ebpf,0,3741,209.44
cdf_db,ebpf,0,3742,160.98
cdf_db,ebpf,0,3743,490.2
cdf_db,ebpf,0,3744,290.35
cdf_db,ebpf,0,3745,242.23
cdf_db,ebpf,0,3746,188.62
cdf_db,ebpf,0,3747,217.14
cdf_db,ebpf,0,3748,326.48
cdf_db,ebpf,0,3749,188.869
cdf_db,ebpf,0,3750,218.351
cdf_db,ebpf,0,3751,177.791
cdf_db,ebpf,0,3752,218.081
cdf_db,ebpf,0,3753,244.84
cdf_db,ebpf,0,3754,209.49
cdf_db,ebpf,0,3755,175.91
cdf_db,ebpf,0,3756,214.23
cdf_db,ebpf,0,3757,190.87
cdf_db,ebpf,0,3758,282.11
cdf_db,ebpf,0,3759,174.48
cdf_db,ebpf,0,3760,210.48
cdf_db,ebpf,0,3761,181.45
cdf_db,ebpf,0,3762,264.91
cdf_db,ebpf,0,3763,176.64
cdf_db,ebpf,0,3764,246.51
cdf_db,ebpf,0,3765,180.2
cdf_db,ebpf,0,3766,231.66
cdf_db,ebpf,0,3767,228.82
cdf_db,ebpf,0,3768,206.12
cdf_db,ebpf,0,3769,178.91
cdf_db,ebpf,0,3770,206.711
cdf_db,ebpf,0,3771,176.94
cdf_db,ebpf,0,3772,257.551
cdf_db,ebpf,0,3773,176.72
cdf_db,ebpf,0,3774,211.211
cdf_db,ebpf,0,3775,173.58
cdf_db,ebpf,0,3776,210.49
cdf_db,ebpf,0,3777,281.41
cdf_db,ebpf,0,3778,209.54
cdf_db,ebpf,0,3779,177.82
cdf_db,ebpf,0,3780,214.0
cdf_db,ebpf,0,3781,241.49
cdf_db,ebpf,0,3782,208.68
cdf_db,ebpf,0,3783,181.35
cdf_db,ebpf,0,3784,207.49
cdf_db,ebpf,0,3785,176.17
cdf_db,ebpf,0,3786,264.33
cdf_db,ebpf,0,3787,207.47
cdf_db,ebpf,0,3788,209.18
cdf_db,ebpf,0,3789,176.36
cdf_db,ebpf,0,3790,213.75
cdf_db,ebpf,0,3791,231.36
cdf_db,ebpf,0,3792,206.86
cdf_db,ebpf,0,3793,178.081
cdf_db,ebpf,0,3794,246.991
cdf_db,ebpf,0,3795,235.96
cdf_db,ebpf,0,3796,212.16
cdf_db,ebpf,0,3797,179.76
cdf_db,ebpf,0,3798,206.73
cdf_db,ebpf,0,3799,173.66
cdf_db,ebpf,0,3800,305.1
cdf_db,ebpf,0,3801,180.41
cdf_db,ebpf,0,3802,216.94
cdf_db,ebpf,0,3803,180.65
cdf_db,ebpf,0,3804,248.95
cdf_db,ebpf,0,3805,229.17
cdf_db,ebpf,0,3806,167.23
cdf_db,ebpf,0,3807,250.21
cdf_db,ebpf,0,3808,179.42
cdf_db,ebpf,0,3809,303.86
cdf_db,ebpf,0,3810,209.58
cdf_db,ebpf,0,3811,281.18
cdf_db,ebpf,0,3812,178.26
cdf_db,ebpf,0,3813,217.63
cdf_db,ebpf,0,3814,216.99
cdf_db,ebpf,0,3815,208.431
cdf_db,ebpf,0,3816,168.96
cdf_db,ebpf,0,3817,205.49
cdf_db,ebpf,0,3818,180.13
cdf_db,ebpf,0,3819,252.72
cdf_db,ebpf,0,3820,170.03
cdf_db,ebpf,0,3821,217.02
cdf_db,ebpf,0,3822,187.02
cdf_db,ebpf,0,3823,266.86
cdf_db,ebpf,0,3824,168.05
cdf_db,ebpf,0,3825,203.9
cdf_db,ebpf,0,3826,190.01
cdf_db,ebpf,0,3827,205.73
cdf_db,ebpf,0,3828,242.55
cdf_db,ebpf,0,3829,212.49
cdf_db,ebpf,0,3830,181.47
cdf_db,ebpf,0,3831,204.34
cdf_db,ebpf,0,3832,171.87
cdf_db,ebpf,0,3833,220.33
cdf_db,ebpf,0,3834,205.39
cdf_db,ebpf,0,3835,168.69
cdf_db,ebpf,0,3836,204.62
cdf_db,ebpf,0,3837,182.9
cdf_db,ebpf,0,3838,260.79
cdf_db,ebpf,0,3839,169.7
cdf_db,ebpf,0,3840,206.611
cdf_db,ebpf,0,3841,184.451
cdf_db,ebpf,0,3842,204.48
cdf_db,ebpf,0,3843,225.54
cdf_db,ebpf,0,3844,207.0
cdf_db,ebpf,0,3845,188.23
cdf_db,ebpf,0,3846,208.01
cdf_db,ebpf,0,3847,175.67
cdf_db,ebpf,0,3848,283.33
cdf_db,ebpf,0,3849,180.84
cdf_db,ebpf,0,3850,212.95
cdf_db,ebpf,0,3851,171.65
cdf_db,ebpf,0,3852,236.0
cdf_db,ebpf,0,3853,231.28
cdf_db,ebpf,0,3854,159.6
cdf_db,ebpf,0,3855,206.59
cdf_db,ebpf,0,3856,180.24
cdf_db,ebpf,0,3857,219.93
cdf_db,ebpf,0,3858,218.48
cdf_db,ebpf,0,3859,253.44
cdf_db,ebpf,0,3860,176.47
cdf_db,ebpf,0,3861,208.05
cdf_db,ebpf,0,3862,232.471
cdf_db,ebpf,0,3863,204.82
cdf_db,ebpf,0,3864,179.929
cdf_db,ebpf,0,3865,205.911
cdf_db,ebpf,0,3866,169.94
cdf_db,ebpf,0,3867,263.861
cdf_db,ebpf,0,3868,175.52
cdf_db,ebpf,0,3869,204.96
cdf_db,ebpf,0,3870,171.51
cdf_db,ebpf,0,3871,203.95
cdf_db,ebpf,0,3872,231.39
cdf_db,ebpf,0,3873,204.3
cdf_db,ebpf,0,3874,170.75
cdf_db,ebpf,0,3875,207.22
cdf_db,ebpf,0,3876,180.91
cdf_db,ebpf,0,3877,217.86
cdf_db,ebpf,0,3878,206.62
cdf_db,ebpf,0,3879,178.01
cdf_db,ebpf,0,3880,207.36
cdf_db,ebpf,0,3881,167.88
cdf_db,ebpf,0,3882,260.55
cdf_db,ebpf,0,3883,179.16
cdf_db,ebpf,0,3884,205.07
cdf_db,ebpf,0,3885,166.56
cdf_db,ebpf,0,3886,203.33
cdf_db,ebpf,0,3887,229.98
cdf_db,ebpf,0,3888,207.86
cdf_db,ebpf,0,3889,203.831
cdf_db,ebpf,0,3890,205.961
cdf_db,ebpf,0,3891,184.57
cdf_db,ebpf,0,3892,256.64
cdf_db,ebpf,0,3893,170.52
cdf_db,ebpf,0,3894,204.98
cdf_db,ebpf,0,3895,174.02
cdf_db,ebpf,0,3896,213.35
cdf_db,ebpf,0,3897,218.34
cdf_db,ebpf,0,3898,203.6
cdf_db,ebpf,0,3899,186.5
cdf_db,ebpf,0,3900,201.51
cdf_db,ebpf,0,3901,177.06
cdf_db,ebpf,0,3902,271.79
cdf_db,ebpf,0,3903,177.97
cdf_db,ebpf,0,3904,204.09
cdf_db,ebpf,0,3905,167.9
cdf_db,ebpf,0,3906,220.47
cdf_db,ebpf,0,3907,224.36
cdf_db,ebpf,0,3908,207.77
cdf_db,ebpf,0,3909,169.72
cdf_db,ebpf,0,3910,207.031
cdf_db,ebpf,0,3911,273.92
cdf_db,ebpf,0,3912,206.3
cdf_db,ebpf,0,3913,170.41
cdf_db,ebpf,0,3914,207.09
cdf_db,ebpf,0,3915,173.37
cdf_db,ebpf,0,3916,259.25
cdf_db,ebpf,0,3917,167.49
cdf_db,ebpf,0,3918,206.73
cdf_db,ebpf,0,3919,175.81
cdf_db,ebpf,0,3920,205.57
cdf_db,ebpf,0,3921,227.38
cdf_db,ebpf,0,3922,206.31
cdf_db,ebpf,0,3923,177.41
cdf_db,ebpf,0,3924,206.35
cdf_db,ebpf,0,3925,169.65
cdf_db,ebpf,0,3926,263.66
cdf_db,ebpf,0,3927,175.56
cdf_db,ebpf,0,3928,203.23
cdf_db,ebpf,0,3929,205.41
cdf_db,ebpf,0,3930,202.63
cdf_db,ebpf,0,3931,232.01
cdf_db,ebpf,0,3932,206.34
cdf_db,ebpf,0,3933,168.6
cdf_db,ebpf,0,3934,465.841
cdf_db,ebpf,0,3935,253.61
cdf_db,ebpf,0,3936,207.72
cdf_db,ebpf,0,3937,173.18
cdf_db,ebpf,0,3938,214.74
cdf_db,ebpf,0,3939,244.75
cdf_db,ebpf,0,3940,207.57
cdf_db,ebpf,0,3941,220.14
cdf_db,ebpf,0,3942,206.97
cdf_db,ebpf,0,3943,175.03
cdf_db,ebpf,0,3944,264.04
cdf_db,ebpf,0,3945,169.65
cdf_db,ebpf,0,3946,206.96
cdf_db,ebpf,0,3947,175.7
cdf_db,ebpf,0,3948,212.4
cdf_db,ebpf,0,3949,219.01
cdf_db,ebpf,0,3950,208.08
cdf_db,ebpf,0,3951,214.55
cdf_db,ebpf,0,3952,205.57
cdf_db,ebpf,0,3953,175.11
cdf_db,ebpf,0,3954,256.51
cdf_db,ebpf,0,3955,176.6
cdf_db,ebpf,0,3956,205.42
cdf_db,ebpf,0,3957,169.71
cdf_db,ebpf,0,3958,255.34
cdf_db,ebpf,0,3959,221.969
cdf_db,ebpf,0,3960,205.22
cdf_db,ebpf,0,3961,170.01
cdf_db,ebpf,0,3962,208.96
cdf_db,ebpf,0,3963,233.88
cdf_db,ebpf,0,3964,203.08
cdf_db,ebpf,0,3965,166.81
cdf_db,ebpf,0,3966,202.49
cdf_db,ebpf,0,3967,171.28
cdf_db,ebpf,0,3968,264.72
cdf_db,ebpf,0,3969,208.42
cdf_db,ebpf,0,3970,206.09
cdf_db,ebpf,0,3971,176.91
cdf_db,ebpf,0,3972,215.52
cdf_db,ebpf,0,3973,279.57
cdf_db,ebpf,0,3974,208.9
cdf_db,ebpf,0,3975,174.81
cdf_db,ebpf,0,3976,246.46
cdf_db,ebpf,0,3977,273.74
cdf_db,ebpf,0,3978,276.26
cdf_db,ebpf,0,3979,170.54
cdf_db,ebpf,0,3980,202.811
cdf_db,ebpf,0,3981,179.451
cdf_db,ebpf,0,3982,257.611
cdf_db,ebpf,0,3983,166.36
cdf_db,ebpf,0,3984,202.73
cdf_db,ebpf,0,3985,178.38
cdf_db,ebpf,0,3986,210.6
cdf_db,ebpf,0,3987,219.61
cdf_db,ebpf,0,3988,211.43
cdf_db,ebpf,0,3989,180.98
cdf_db,ebpf,0,3990,210.19
cdf_db,ebpf,0,3991,181.04
cdf_db,ebpf,0,3992,258.54
cdf_db,ebpf,0,3993,179.2
cdf_db,ebpf,0,3994,204.14
cdf_db,ebpf,0,3995,169.87
cdf_db,ebpf,0,3996,214.42
cdf_db,ebpf,0,3997,222.37
cdf_db,ebpf,0,3998,202.9
cdf_db,ebpf,0,3999,169.18
cdf_db,ebpf,0,4000,202.94
cdf_db,ebpf,0,4001,179.48
cdf_db,ebpf,0,4002,257.129
cdf_db,ebpf,0,4003,202.891
cdf_db,ebpf,0,4004,204.42
cdf_db,ebpf,0,4005,180.169
cdf_db,ebpf,0,4006,216.46
cdf_db,ebpf,0,4007,217.54
cdf_db,ebpf,0,4008,207.84
cdf_db,ebpf,0,4009,177.53
cdf_db,ebpf,0,4010,204.45
cdf_db,ebpf,0,4011,225.64
cdf_db,ebpf,0,4012,208.7
cdf_db,ebpf,0,4013,176.29
cdf_db,ebpf,0,4014,205.95
cdf_db,ebpf,0,4015,167.11
cdf_db,ebpf,0,4016,257.62
cdf_db,ebpf,0,4017,175.95
cdf_db,ebpf,0,4018,205.9
cdf_db,ebpf,0,4019,166.55
cdf_db,ebpf,0,4020,205.22
cdf_db,ebpf,0,4021,232.11
cdf_db,ebpf,0,4022,244.2
cdf_db,ebpf,0,4023,167.12
cdf_db,ebpf,0,4024,203.26
cdf_db,ebpf,0,4025,173.881
cdf_db,ebpf,0,4026,260.211
cdf_db,ebpf,0,4027,167.9
cdf_db,ebpf,0,4028,203.229
cdf_db,ebpf,0,4029,176.101
cdf_db,ebpf,0,4030,204.88
cdf_db,ebpf,0,4031,227.97
cdf_db,ebpf,0,4032,208.63
cdf_db,ebpf,0,4033,177.57
cdf_db,ebpf,0,4034,212.07
cdf_db,ebpf,0,4035,171.16
cdf_db,ebpf,0,4036,304.11
cdf_db,ebpf,0,4037,206.02
cdf_db,ebpf,0,4038,207.1
cdf_db,ebpf,0,4039,176.46
cdf_db,ebpf,0,4040,213.8
cdf_db,ebpf,0,4041,234.58
cdf_db,ebpf,0,4042,206.81
cdf_db,ebpf,0,4043,170.55
cdf_db,ebpf,0,4044,217.08
cdf_db,ebpf,0,4045,251.78
cdf_db,ebpf,0,4046,243.54
cdf_db,ebpf,0,4047,170.45
cdf_db,ebpf,0,4048,204.5
cdf_db,ebpf,0,4049,176.85
cdf_db,ebpf,0,4050,263.521
cdf_db,ebpf,0,4051,169.991
cdf_db,ebpf,0,4052,205.691
cdf_db,ebpf,0,4053,175.851
cdf_db,ebpf,0,4054,248.6
cdf_db,ebpf,0,4055,218.71
cdf_db,ebpf,0,4056,205.96
cdf_db,ebpf,0,4057,173.69
cdf_db,ebpf,0,4058,206.66
cdf_db,ebpf,0,4059,171.94
cdf_db,ebpf,0,4060,292.25
cdf_db,ebpf,0,4061,177.24
cdf_db,ebpf,0,4062,203.63
cdf_db,ebpf,0,4063,168.98
cdf_db,ebpf,0,4064,301.9
cdf_db,ebpf,0,4065,176.73
cdf_db,ebpf,0,4066,206.61
cdf_db,ebpf,0,4067,203.91
cdf_db,ebpf,0,4068,207.18
cdf_db,ebpf,0,4069,229.71
cdf_db,ebpf,0,4070,242.82
cdf_db,ebpf,0,4071,237.53
cdf_db,ebpf,0,4072,202.6
cdf_db,ebpf,0,4073,173.341
cdf_db,ebpf,0,4074,249.189
cdf_db,ebpf,0,4075,176.389
cdf_db,ebpf,0,4076,206.32
cdf_db,ebpf,0,4077,167.22
cdf_db,ebpf,0,4078,210.27
cdf_db,ebpf,0,4079,226.29
cdf_db,ebpf,0,4080,204.16
cdf_db,ebpf,0,4081,173.07
cdf_db,ebpf,0,4082,208.07
cdf_db,ebpf,0,4083,188.66
cdf_db,ebpf,0,4084,256.88
cdf_db,ebpf,0,4085,178.58
cdf_db,ebpf,0,4086,214.11
cdf_db,ebpf,0,4087,170.83
cdf_db,ebpf,0,4088,262.48
cdf_db,ebpf,0,4089,176.26
cdf_db,ebpf,0,4090,207.53
cdf_db,ebpf,0,4091,167.23
cdf_db,ebpf,0,4092,206.16
cdf_db,ebpf,0,4093,241.76
cdf_db,ebpf,0,4094,207.73
cdf_db,ebpf,0,4095,178.02
cdf_db,ebpf,0,4096,251.251
cdf_db,ebpf,0,4097,184.169
cdf_db,ebpf,0,4098,257.32
cdf_db,ebpf,0,4099,167.381
cdf_db,ebpf,0,4100,207.33
cdf_db,ebpf,0,4101,178.66
cdf_db,ebpf,0,4102,213.61
cdf_db,ebpf,0,4103,221.04
cdf_db,ebpf,0,4104,204.57
cdf_db,ebpf,0,4105,177.07
cdf_db,ebpf,0,4106,206.79
cdf_db,ebpf,0,4107,179.55
cdf_db,ebpf,0,4108,259.22
cdf_db,ebpf,0,4109,175.63
cdf_db,ebpf,0,4110,204.18
cdf_db,ebpf,0,4111,166.97
cdf_db,ebpf,0,4112,211.27
cdf_db,ebpf,0,4113,226.81
cdf_db,ebpf,0,4114,206.05
cdf_db,ebpf,0,4115,208.27
cdf_db,ebpf,0,4116,168.4
cdf_db,ebpf,0,4117,224.71
cdf_db,ebpf,0,4118,238.15
cdf_db,ebpf,0,4119,209.949
cdf_db,ebpf,0,4120,178.829
cdf_db,ebpf,0,4121,205.7
cdf_db,ebpf,0,4122,226.209
cdf_db,ebpf,0,4123,207.549
cdf_db,ebpf,0,4124,175.33
cdf_db,ebpf,0,4125,207.21
cdf_db,ebpf,0,4126,170.01
cdf_db,ebpf,0,4127,261.02
cdf_db,ebpf,0,4128,177.94
cdf_db,ebpf,0,4129,205.93
cdf_db,ebpf,0,4130,170.34
cdf_db,ebpf,0,4131,203.37
cdf_db,ebpf,0,4132,234.44
cdf_db,ebpf,0,4133,205.77
cdf_db,ebpf,0,4134,164.94
cdf_db,ebpf,0,4135,203.55
cdf_db,ebpf,0,4136,175.18
cdf_db,ebpf,0,4137,264.63
cdf_db,ebpf,0,4138,171.79
cdf_db,ebpf,0,4139,205.02
cdf_db,ebpf,0,4140,225.16
cdf_db,ebpf,0,4141,214.141
cdf_db,ebpf,0,4142,218.58
cdf_db,ebpf,0,4143,210.549
cdf_db,ebpf,0,4144,177.68
cdf_db,ebpf,0,4145,201.569
cdf_db,ebpf,0,4146,174.08
cdf_db,ebpf,0,4147,256.27
cdf_db,ebpf,0,4148,182.35
cdf_db,ebpf,0,4149,204.23
cdf_db,ebpf,0,4150,171.97
cdf_db,ebpf,0,4151,213.86
cdf_db,ebpf,0,4152,235.54
cdf_db,ebpf,0,4153,206.73
cdf_db,ebpf,0,4154,171.26
cdf_db,ebpf,0,4155,210.1
cdf_db,ebpf,0,4156,182.21
cdf_db,ebpf,0,4157,254.28
cdf_db,ebpf,0,4158,167.72
cdf_db,ebpf,0,4159,207.58
cdf_db,ebpf,0,4160,182.96
cdf_db,ebpf,0,4161,215.35
cdf_db,ebpf,0,4162,228.13
cdf_db,ebpf,0,4163,207.12
cdf_db,ebpf,0,4164,176.99
cdf_db,ebpf,0,4165,203.11
cdf_db,ebpf,0,4166,175.25
cdf_db,ebpf,0,4167,288.82
cdf_db,ebpf,0,4168,176.46
cdf_db,ebpf,0,4169,204.789
cdf_db,ebpf,0,4170,170.841
cdf_db,ebpf,0,4171,265.86
cdf_db,ebpf,0,4172,176.4
cdf_db,ebpf,0,4173,208.11
cdf_db,ebpf,0,4174,167.27
cdf_db,ebpf,0,4175,203.66
cdf_db,ebpf,0,4176,234.37
cdf_db,ebpf,0,4177,202.2
cdf_db,ebpf,0,4178,166.78
cdf_db,ebpf,0,4179,205.14
cdf_db,ebpf,0,4180,173.85
cdf_db,ebpf,0,4181,277.68
cdf_db,ebpf,0,4182,169.68
cdf_db,ebpf,0,4183,207.12
cdf_db,ebpf,0,4184,177.59
cdf_db,ebpf,0,4185,203.73
cdf_db,ebpf,0,4186,224.61
cdf_db,ebpf,0,4187,206.1
cdf_db,ebpf,0,4188,214.84
cdf_db,ebpf,0,4189,203.56
cdf_db,ebpf,0,4190,192.33
cdf_db,ebpf,0,4191,274.04
cdf_db,ebpf,0,4192,178.64
cdf_db,ebpf,0,4193,205.471
cdf_db,ebpf,0,4194,173.6
cdf_db,ebpf,0,4195,210.97
cdf_db,ebpf,0,4196,225.11
cdf_db,ebpf,0,4197,203.53
cdf_db,ebpf,0,4198,166.97
cdf_db,ebpf,0,4199,203.02
cdf_db,ebpf,0,4200,178.55
cdf_db,ebpf,0,4201,254.47
cdf_db,ebpf,0,4202,170.7
cdf_db,ebpf,0,4203,207.95
cdf_db,ebpf,0,4204,215.95
cdf_db,ebpf,0,4205,268.84
cdf_db,ebpf,0,4206,172.47
cdf_db,ebpf,0,4207,203.17
cdf_db,ebpf,0,4208,176.18
cdf_db,ebpf,0,4209,205.89
cdf_db,ebpf,0,4210,223.81
cdf_db,ebpf,0,4211,211.41
cdf_db,ebpf,0,4212,179.68
cdf_db,ebpf,0,4213,206.89
cdf_db,ebpf,0,4214,168.2
cdf_db,ebpf,0,4215,261.18
cdf_db,ebpf,0,4216,216.24
cdf_db,ebpf,0,4217,205.72
cdf_db,ebpf,0,4218,165.76
cdf_db,ebpf,0,4219,211.02
cdf_db,ebpf,0,4220,223.3
cdf_db,ebpf,0,4221,203.09
cdf_db,ebpf,0,4222,193.74
cdf_db,ebpf,0,4223,204.13
cdf_db,ebpf,0,4224,181.29
cdf_db,ebpf,0,4225,297.48
cdf_db,ebpf,0,4226,168.25
cdf_db,ebpf,0,4227,205.36
cdf_db,ebpf,0,4228,177.01
cdf_db,ebpf,0,4229,214.32
cdf_db,ebpf,0,4230,221.18
cdf_db,ebpf,0,4231,244.26
cdf_db,ebpf,0,4232,182.04
cdf_db,ebpf,0,4233,207.0
cdf_db,ebpf,0,4234,230.58
cdf_db,ebpf,0,4235,203.75
cdf_db,ebpf,0,4236,216.49
cdf_db,ebpf,0,4237,205.489
cdf_db,ebpf,0,4238,171.62
cdf_db,ebpf,0,4239,264.56
cdf_db,ebpf,0,4240,215.571
cdf_db,ebpf,0,4241,203.8
cdf_db,ebpf,0,4242,172.52
cdf_db,ebpf,0,4243,243.91
cdf_db,ebpf,0,4244,220.36
cdf_db,ebpf,0,4245,284.41
cdf_db,ebpf,0,4246,177.76
cdf_db,ebpf,0,4247,203.56
cdf_db,ebpf,0,4248,229.52
cdf_db,ebpf,0,4249,207.72
cdf_db,ebpf,0,4250,444.85
cdf_db,ebpf,0,4251,242.37
cdf_db,ebpf,0,4252,263.31
cdf_db,ebpf,0,4253,218.15
cdf_db,ebpf,0,4254,191.1
cdf_db,ebpf,0,4255,202.52
cdf_db,ebpf,0,4256,233.94
cdf_db,ebpf,0,4257,204.14
cdf_db,ebpf,0,4258,179.149
cdf_db,ebpf,0,4259,212.64
cdf_db,ebpf,0,4260,176.709
cdf_db,ebpf,0,4261,265.28
cdf_db,ebpf,0,4262,177.62
cdf_db,ebpf,0,4263,218.7
cdf_db,ebpf,0,4264,169.23
cdf_db,ebpf,0,4265,212.76
cdf_db,ebpf,0,4266,254.16
cdf_db,ebpf,0,4267,218.1
cdf_db,ebpf,0,4268,173.51
cdf_db,ebpf,0,4269,207.65
cdf_db,ebpf,0,4270,187.32
cdf_db,ebpf,0,4271,255.68
cdf_db,ebpf,0,4272,171.01
cdf_db,ebpf,0,4273,208.56
cdf_db,ebpf,0,4274,177.94
cdf_db,ebpf,0,4275,256.41
cdf_db,ebpf,0,4276,172.51
cdf_db,ebpf,0,4277,208.4
cdf_db,ebpf,0,4278,177.32
cdf_db,ebpf,0,4279,222.97
cdf_db,ebpf,0,4280,232.64
cdf_db,ebpf,0,4281,208.25
cdf_db,ebpf,0,4282,180.36
cdf_db,ebpf,0,4283,204.449
cdf_db,ebpf,0,4284,178.761
cdf_db,ebpf,0,4285,255.38
cdf_db,ebpf,0,4286,193.88
cdf_db,ebpf,0,4287,170.86
cdf_db,ebpf,0,4288,206.9
cdf_db,ebpf,0,4289,175.95
cdf_db,ebpf,0,4290,258.66
cdf_db,ebpf,0,4291,181.36
cdf_db,ebpf,0,4292,206.84
cdf_db,ebpf,0,4293,185.08
cdf_db,ebpf,0,4294,216.08
cdf_db,ebpf,0,4295,223.48
cdf_db,ebpf,0,4296,205.92
cdf_db,ebpf,0,4297,218.36
cdf_db,ebpf,0,4298,206.0
cdf_db,ebpf,0,4299,178.01
cdf_db,ebpf,0,4300,245.14
cdf_db,ebpf,0,4301,178.08
cdf_db,ebpf,0,4302,204.77
cdf_db,ebpf,0,4303,178.43
cdf_db,ebpf,0,4304,212.27
cdf_db,ebpf,0,4305,221.32
cdf_db,ebpf,0,4306,204.271
cdf_db,ebpf,0,4307,174.18
cdf_db,ebpf,0,4308,203.39
cdf_db,ebpf,0,4309,177.94
cdf_db,ebpf,0,4310,240.87
cdf_db,ebpf,0,4311,180.42
cdf_db,ebpf,0,4312,206.46
cdf_db,ebpf,0,4313,174.99
cdf_db,ebpf,0,4314,208.31
cdf_db,ebpf,0,4315,217.58
cdf_db,ebpf,0,4316,203.83
cdf_db,ebpf,0,4317,178.29
cdf_db,ebpf,0,4318,204.63
cdf_db,ebpf,0,4319,183.01
cdf_db,ebpf,0,4320,244.88
cdf_db,ebpf,0,4321,175.74
cdf_db,ebpf,0,4322,206.24
cdf_db,ebpf,0,4323,177.04
cdf_db,ebpf,0,4324,206.29
cdf_db,ebpf,0,4325,213.96
cdf_db,ebpf,0,4326,211.56
cdf_db,ebpf,0,4327,220.71
cdf_db,ebpf,0,4328,224.94
cdf_db,ebpf,0,4329,226.49
cdf_db,ebpf,0,4330,207.769
cdf_db,ebpf,0,4331,176.25
cdf_db,ebpf,0,4332,205.63
cdf_db,ebpf,0,4333,173.42
cdf_db,ebpf,0,4334,252.27
cdf_db,ebpf,0,4335,177.97
cdf_db,ebpf,0,4336,216.83
cdf_db,ebpf,0,4337,173.85
cdf_db,ebpf,0,4338,214.41
cdf_db,ebpf,0,4339,234.83
cdf_db,ebpf,0,4340,208.45
cdf_db,ebpf,0,4341,183.51
cdf_db,ebpf,0,4342,210.7
cdf_db,ebpf,0,4343,188.04
cdf_db,ebpf,0,4344,249.33
cdf_db,ebpf,0,4345,180.24
cdf_db,ebpf,0,4346,203.14
cdf_db,ebpf,0,4347,176.44
cdf_db,ebpf,0,4348,213.29
cdf_db,ebpf,0,4349,262.12
cdf_db,ebpf,0,4350,207.58
cdf_db,ebpf,0,4351,177.41
cdf_db,ebpf,0,4352,207.971
cdf_db,ebpf,0,4353,225.129
cdf_db,ebpf,0,4354,205.36
cdf_db,ebpf,0,4355,174.56
cdf_db,ebpf,0,4356,206.2
cdf_db,ebpf,0,4357,177.56
cdf_db,ebpf,0,4358,256.07
cdf_db,ebpf,0,4359,175.26
cdf_db,ebpf,0,4360,207.29
cdf_db,ebpf,0,4361,173.63
cdf_db,ebpf,0,4362,203.8
cdf_db,ebpf,0,4363,223.7
cdf_db,ebpf,0,4364,205.47
cdf_db,ebpf,0,4365,217.11
cdf_db,ebpf,0,4366,204.86
cdf_db,ebpf,0,4367,176.54
cdf_db,ebpf,0,4368,253.44
cdf_db,ebpf,0,4369,173.87
cdf_db,ebpf,0,4370,204.73
cdf_db,ebpf,0,4371,174.32
cdf_db,ebpf,0,4372,207.96
cdf_db,ebpf,0,4373,219.39
cdf_db,ebpf,0,4374,204.4
cdf_db,ebpf,0,4375,175.57
cdf_db,ebpf,0,4376,207.29
cdf_db,ebpf,0,4377,460.98
cdf_db,ebpf,0,4378,308.471
cdf_db,ebpf,0,4379,188.51
cdf_db,ebpf,0,4380,208.97
cdf_db,ebpf,0,4381,228.25
cdf_db,ebpf,0,4382,202.06
cdf_db,ebpf,0,4383,179.67
cdf_db,ebpf,0,4384,205.71
cdf_db,ebpf,0,4385,178.71
cdf_db,ebpf,0,4386,256.68
cdf_db,ebpf,0,4387,215.25
cdf_db,ebpf,0,4388,203.52
cdf_db,ebpf,0,4389,178.3
cdf_db,ebpf,0,4390,212.38
cdf_db,ebpf,0,4391,227.12
cdf_db,ebpf,0,4392,171.22
cdf_db,ebpf,0,4393,251.77
cdf_db,ebpf,0,4394,181.3
cdf_db,ebpf,0,4395,217.78
cdf_db,ebpf,0,4396,214.71
cdf_db,ebpf,0,4397,204.81
cdf_db,ebpf,0,4398,215.66
cdf_db,ebpf,0,4399,204.4
cdf_db,ebpf,0,4400,246.1
cdf_db,ebpf,0,4401,210.7
cdf_db,ebpf,0,4402,222.41
cdf_db,ebpf,0,4403,205.26
cdf_db,ebpf,0,4404,184.23
cdf_db,ebpf,0,4405,287.88
cdf_db,ebpf,0,4406,175.52
cdf_db,ebpf,0,4407,233.81
cdf_db,ebpf,0,4408,218.78
cdf_db,ebpf,0,4409,310.18
cdf_db,ebpf,0,4410,247.68
cdf_db,ebpf,0,4411,207.77
cdf_db,ebpf,0,4412,176.53
cdf_db,ebpf,0,4413,213.81
cdf_db,ebpf,0,4414,224.97
cdf_db,ebpf,0,4415,203.19
cdf_db,ebpf,0,4416,182.17
cdf_db,ebpf,0,4417,208.87
cdf_db,ebpf,0,4418,225.28
cdf_db,ebpf,0,4419,206.04
cdf_db,ebpf,0,4420,177.39
cdf_db,ebpf,0,4421,204.02
cdf_db,ebpf,0,4422,176.031
cdf_db,ebpf,0,4423,254.75
cdf_db,ebpf,0,4424,176.86
cdf_db,ebpf,0,4425,205.83
cdf_db,ebpf,0,4426,177.64
cdf_db,ebpf,0,4427,205.39
cdf_db,ebpf,0,4428,227.96
cdf_db,ebpf,0,4429,200.79
cdf_db,ebpf,0,4430,178.81
cdf_db,ebpf,0,4431,202.78
cdf_db,ebpf,0,4432,173.86
cdf_db,ebpf,0,4433,253.7
cdf_db,ebpf,0,4434,177.92
cdf_db,ebpf,0,4435,207.11
cdf_db,ebpf,0,4436,175.17
cdf_db,ebpf,0,4437,205.26
cdf_db,ebpf,0,4438,222.82
cdf_db,ebpf,0,4439,206.95
cdf_db,ebpf,0,4440,180.4
cdf_db,ebpf,0,4441,212.22
cdf_db,ebpf,0,4442,175.41
cdf_db,ebpf,0,4443,258.05
cdf_db,ebpf,0,4444,177.46
cdf_db,ebpf,0,4445,204.26
cdf_db,ebpf,0,4446,173.491
cdf_db,ebpf,0,4447,216.111
cdf_db,ebpf,0,4448,219.171
cdf_db,ebpf,0,4449,206.06
cdf_db,ebpf,0,4450,172.1
cdf_db,ebpf,0,4451,202.92
cdf_db,ebpf,0,4452,173.29
cdf_db,ebpf,0,4453,254.78
cdf_db,ebpf,0,4454,184.04
cdf_db,ebpf,0,4455,208.77
cdf_db,ebpf,0,4456,176.99
cdf_db,ebpf,0,4457,212.11
cdf_db,ebpf,0,4458,259.99
cdf_db,ebpf,0,4459,202.44
cdf_db,ebpf,0,4460,175.7
cdf_db,ebpf,0,4461,206.26
cdf_db,ebpf,0,4462,182.76
cdf_db,ebpf,0,4463,245.89
cdf_db,ebpf,0,4464,189.24
cdf_db,ebpf,0,4465,204.15
cdf_db,ebpf,0,4466,175.68
cdf_db,ebpf,0,4467,207.691
cdf_db,ebpf,0,4468,215.08
cdf_db,ebpf,0,4469,206.3
cdf_db,ebpf,0,4470,176.76
cdf_db,ebpf,0,4471,205.869
cdf_db,ebpf,0,4472,239.23
cdf_db,ebpf,0,4473,207.49
cdf_db,ebpf,0,4474,179.43
cdf_db,ebpf,0,4475,208.2
cdf_db,ebpf,0,4476,175.04
cdf_db,ebpf,0,4477,254.47
cdf_db,ebpf,0,4478,177.42
cdf_db,ebpf,0,4479,202.89
cdf_db,ebpf,0,4480,171.72
cdf_db,ebpf,0,4481,216.52
cdf_db,ebpf,0,4482,239.78
cdf_db,ebpf,0,4483,211.91
cdf_db,ebpf,0,4484,176.95
cdf_db,ebpf,0,4485,206.42
cdf_db,ebpf,0,4486,172.14
cdf_db,ebpf,0,4487,254.5
cdf_db,ebpf,0,4488,213.26
cdf_db,ebpf,0,4489,205.06
cdf_db,ebpf,0,4490,176.36
cdf_db,ebpf,0,4491,211.221
cdf_db,ebpf,0,4492,221.291
cdf_db,ebpf,0,4493,206.731
cdf_db,ebpf,0,4494,175.68
cdf_db,ebpf,0,4495,206.26
cdf_db,ebpf,0,4496,182.58
cdf_db,ebpf,0,4497,248.28
cdf_db,ebpf,0,4498,175.12
cdf_db,ebpf,0,4499,209.21
cdf_db,ebpf,0,4500,173.89
cdf_db,ebpf,0,4501,215.5
cdf_db,ebpf,0,4502,219.49
cdf_db,ebpf,0,4503,207.83
cdf_db,ebpf,0,4504,177.61
cdf_db,ebpf,0,4505,204.83
cdf_db,ebpf,0,4506,184.97
cdf_db,ebpf,0,4507,252.85
cdf_db,ebpf,0,4508,179.12
cdf_db,ebpf,0,4509,208.45
cdf_db,ebpf,0,4510,212.49
cdf_db,ebpf,0,4511,218.54
cdf_db,ebpf,0,4512,211.46
cdf_db,ebpf,0,4513,208.2
cdf_db,ebpf,0,4514,174.241
cdf_db,ebpf,0,4515,202.42
cdf_db,ebpf,0,4516,221.451
cdf_db,ebpf,0,4517,207.329
cdf_db,ebpf,0,4518,176.11
cdf_db,ebpf,0,4519,202.34
cdf_db,ebpf,0,4520,177.65
cdf_db,ebpf,0,4521,250.98
cdf_db,ebpf,0,4522,175.65
cdf_db,ebpf,0,4523,206.14
cdf_db,ebpf,0,4524,173.67
cdf_db,ebpf,0,4525,208.4
cdf_db,ebpf,0,4526,229.97
cdf_db,ebpf,0,4527,248.61
cdf_db,ebpf,0,4528,177.38
cdf_db,ebpf,0,4529,206.01
cdf_db,ebpf,0,4530,173.35
cdf_db,ebpf,0,4531,252.48
cdf_db,ebpf,0,4532,173.81
cdf_db,ebpf,0,4533,205.5
cdf_db,ebpf,0,4534,179.37
cdf_db,ebpf,0,4535,207.61
cdf_db,ebpf,0,4536,223.87
cdf_db,ebpf,0,4537,207.01
cdf_db,ebpf,0,4538,178.6
cdf_db,ebpf,0,4539,208.631
cdf_db,ebpf,0,4540,222.42
cdf_db,ebpf,0,4541,242.22
cdf_db,ebpf,0,4542,176.87
cdf_db,ebpf,0,4543,207.42
cdf_db,ebpf,0,4544,185.91
cdf_db,ebpf,0,4545,219.19
cdf_db,ebpf,0,4546,221.12
cdf_db,ebpf,0,4547,208.0
cdf_db,ebpf,0,4548,179.8
cdf_db,ebpf,0,4549,206.14
cdf_db,ebpf,0,4550,265.36
cdf_db,ebpf,0,4551,209.5
cdf_db,ebpf,0,4552,181.22
cdf_db,ebpf,0,4553,209.62
cdf_db,ebpf,0,4554,207.59
cdf_db,ebpf,0,4555,278.75
cdf_db,ebpf,0,4556,182.76
cdf_db,ebpf,0,4557,242.82
cdf_db,ebpf,0,4558,174.98
cdf_db,ebpf,0,4559,217.12
cdf_db,ebpf,0,4560,221.32
cdf_db,ebpf,0,4561,209.54
cdf_db,ebpf,0,4562,216.15
cdf_db,ebpf,0,4563,205.301
cdf_db,ebpf,0,4564,234.92
cdf_db,ebpf,0,4565,176.989
cdf_db,ebpf,0,4566,248.601
cdf_db,ebpf,0,4567,174.6
cdf_db,ebpf,0,4568,205.13
cdf_db,ebpf,0,4569,258.82
cdf_db,ebpf,0,4570,204.29
cdf_db,ebpf,0,4571,175.23
cdf_db,ebpf,0,4572,245.91
cdf_db,ebpf,0,4573,220.97
cdf_db,ebpf,0,4574,307.88
cdf_db,ebpf,0,4575,175.64
cdf_db,ebpf,0,4576,207.25
cdf_db,ebpf,0,4577,175.58
cdf_db,ebpf,0,4578,252.99
cdf_db,ebpf,0,4579,174.19
cdf_db,ebpf,0,4580,209.31
cdf_db,ebpf,0,4581,176.06
cdf_db,ebpf,0,4582,207.49
cdf_db,ebpf,0,4583,228.82
cdf_db,ebpf,0,4584,204.74
cdf_db,ebpf,0,4585,174.991
cdf_db,ebpf,0,4586,206.889
cdf_db,ebpf,0,4587,176.749
cdf_db,ebpf,0,4588,255.371
cdf_db,ebpf,0,4589,176.05
cdf_db,ebpf,0,4590,208.9
cdf_db,ebpf,0,4591,175.34
cdf_db,ebpf,0,4592,233.19
cdf_db,ebpf,0,4593,218.62
cdf_db,ebpf,0,4594,209.58
cdf_db,ebpf,0,4595,178.57
cdf_db,ebpf,0,4596,205.91
cdf_db,ebpf,0,4597,184.51
cdf_db,ebpf,0,4598,251.86
cdf_db,ebpf,0,4599,184.04
cdf_db,ebpf,0,4600,205.25
cdf_db,ebpf,0,4601,178.51
cdf_db,ebpf,0,4602,214.59
cdf_db,ebpf,0,4603,222.5
cdf_db,ebpf,0,4604,209.73
cdf_db,ebpf,0,4605,175.68
cdf_db,ebpf,0,4606,204.33
cdf_db,ebpf,0,4607,177.341
cdf_db,ebpf,0,4608,248.3
cdf_db,ebpf,0,4609,176.929
cdf_db,ebpf,0,4610,206.409
cdf_db,ebpf,0,4611,173.291
cdf_db,ebpf,0,4612,209.48
cdf_db,ebpf,0,4613,225.8
cdf_db,ebpf,0,4614,210.71
cdf_db,ebpf,0,4615,178.9
cdf_db,ebpf,0,4616,202.78
cdf_db,ebpf,0,4617,225.05
cdf_db,ebpf,0,4618,203.52
cdf_db,ebpf,0,4619,172.86
cdf_db,ebpf,0,4620,205.49
cdf_db,ebpf,0,4621,212.74
cdf_db,ebpf,0,4622,253.67
cdf_db,ebpf,0,4623,179.64
cdf_db,ebpf,0,4624,205.66
cdf_db,ebpf,0,4625,173.75
cdf_db,ebpf,0,4626,201.14
cdf_db,ebpf,0,4627,234.4
cdf_db,ebpf,0,4628,201.1
cdf_db,ebpf,0,4629,178.91
cdf_db,ebpf,0,4630,203.46
cdf_db,ebpf,0,4631,178.37
cdf_db,ebpf,0,4632,269.651
cdf_db,ebpf,0,4633,173.791
cdf_db,ebpf,0,4634,207.86
cdf_db,ebpf,0,4635,174.38
cdf_db,ebpf,0,4636,205.76
cdf_db,ebpf,0,4637,220.78
cdf_db,ebpf,0,4638,203.7
cdf_db,ebpf,0,4639,176.92
cdf_db,ebpf,0,4640,206.27
cdf_db,ebpf,0,4641,173.09
cdf_db,ebpf,0,4642,255.17
cdf_db,ebpf,0,4643,175.6
cdf_db,ebpf,0,4644,209.75
cdf_db,ebpf,0,4645,175.4
cdf_db,ebpf,0,4646,212.62
cdf_db,ebpf,0,4647,219.33
cdf_db,ebpf,0,4648,205.8
cdf_db,ebpf,0,4649,178.66
cdf_db,ebpf,0,4650,202.36
cdf_db,ebpf,0,4651,223.13
cdf_db,ebpf,0,4652,243.51
cdf_db,ebpf,0,4653,182.75
cdf_db,ebpf,0,4654,206.171
cdf_db,ebpf,0,4655,181.931
cdf_db,ebpf,0,4656,219.331
cdf_db,ebpf,0,4657,226.121
cdf_db,ebpf,0,4658,205.97
cdf_db,ebpf,0,4659,176.63
cdf_db,ebpf,0,4660,201.59
cdf_db,ebpf,0,4661,187.96
cdf_db,ebpf,0,4662,241.51
cdf_db,ebpf,0,4663,178.03
cdf_db,ebpf,0,4664,211.3
cdf_db,ebpf,0,4665,180.26
cdf_db,ebpf,0,4666,257.82
cdf_db,ebpf,0,4667,178.41
cdf_db,ebpf,0,4668,208.17
cdf_db,ebpf,0,4669,175.98
cdf_db,ebpf,0,4670,205.74
cdf_db,ebpf,0,4671,221.84
cdf_db,ebpf,0,4672,211.91
cdf_db,ebpf,0,4673,217.75
cdf_db,ebpf,0,4674,204.98
cdf_db,ebpf,0,4675,173.57
cdf_db,ebpf,0,4676,255.92
cdf_db,ebpf,0,4677,177.46
cdf_db,ebpf,0,4678,203.99
cdf_db,ebpf,0,4679,175.21
cdf_db,ebpf,0,4680,203.35
cdf_db,ebpf,0,4681,215.93
cdf_db,ebpf,0,4682,204.84
cdf_db,ebpf,0,4683,173.42
cdf_db,ebpf,0,4684,201.93
cdf_db,ebpf,0,4685,176.03
cdf_db,ebpf,0,4686,255.18
cdf_db,ebpf,0,4687,174.45
cdf_db,ebpf,0,4688,207.71
cdf_db,ebpf,0,4689,174.56
cdf_db,ebpf,0,4690,264.99
cdf_db,ebpf,0,4691,223.22
cdf_db,ebpf,0,4692,167.43
cdf_db,ebpf,0,4693,206.98
cdf_db,ebpf,0,4694,172.59
cdf_db,ebpf,0,4695,212.92
cdf_db,ebpf,0,4696,228.52
cdf_db,ebpf,0,4697,205.54
cdf_db,ebpf,0,4698,179.98
cdf_db,ebpf,0,4699,207.71
cdf_db,ebpf,0,4700,196.08
cdf_db,ebpf,0,4701,260.74
cdf_db,ebpf,0,4702,219.77
cdf_db,ebpf,0,4703,202.19
cdf_db,ebpf,0,4704,175.22
cdf_db,ebpf,0,4705,254.191
cdf_db,ebpf,0,4706,179.041
cdf_db,ebpf,0,4707,209.28
cdf_db,ebpf,0,4708,175.63
cdf_db,ebpf,0,4709,205.21
cdf_db,ebpf,0,4710,221.11
cdf_db,ebpf,0,4711,206.61
cdf_db,ebpf,0,4712,212.54
cdf_db,ebpf,0,4713,203.48
cdf_db,ebpf,0,4714,176.07
cdf_db,ebpf,0,4715,252.37
cdf_db,ebpf,0,4716,175.93
cdf_db,ebpf,0,4717,205.58
cdf_db,ebpf,0,4718,172.97
cdf_db,ebpf,0,4719,208.5
cdf_db,ebpf,0,4720,261.95
cdf_db,ebpf,0,4721,205.29
cdf_db,ebpf,0,4722,176.4
cdf_db,ebpf,0,4723,205.18
cdf_db,ebpf,0,4724,182.8
cdf_db,ebpf,0,4725,282.251
cdf_db,ebpf,0,4726,178.76
cdf_db,ebpf,0,4727,203.271
cdf_db,ebpf,0,4728,173.04
cdf_db,ebpf,0,4729,291.32
cdf_db,ebpf,0,4730,174.52
cdf_db,ebpf,0,4731,204.001
cdf_db,ebpf,0,4732,174.99
cdf_db,ebpf,0,4733,202.0
cdf_db,ebpf,0,4734,267.4
cdf_db,ebpf,0,4735,204.77
cdf_db,ebpf,0,4736,174.15
cdf_db,ebpf,0,4737,204.38
cdf_db,ebpf,0,4738,175.9
cdf_db,ebpf,0,4739,255.09
cdf_db,ebpf,0,4740,177.16
cdf_db,ebpf,0,4741,206.48
cdf_db,ebpf,0,4742,178.97
cdf_db,ebpf,0,4743,210.97
cdf_db,ebpf,0,4744,216.17
cdf_db,ebpf,0,4745,205.42
cdf_db,ebpf,0,4746,183.62
cdf_db,ebpf,0,4747,212.95
cdf_db,ebpf,0,4748,179.74
cdf_db,ebpf,0,4749,246.809
cdf_db,ebpf,0,4750,180.32
cdf_db,ebpf,0,4751,204.031
cdf_db,ebpf,0,4752,173.591
cdf_db,ebpf,0,4753,210.901
cdf_db,ebpf,0,4754,214.34
cdf_db,ebpf,0,4755,202.83
cdf_db,ebpf,0,4756,173.49
cdf_db,ebpf,0,4757,203.72
cdf_db,ebpf,0,4758,183.35
cdf_db,ebpf,0,4759,290.25
cdf_db,ebpf,0,4760,174.72
cdf_db,ebpf,0,4761,203.56
cdf_db,ebpf,0,4762,176.59
cdf_db,ebpf,0,4763,598.91
cdf_db,ebpf,0,4764,220.83
cdf_db,ebpf,0,4765,196.53
cdf_db,ebpf,0,4766,230.17
cdf_db,ebpf,0,4767,218.52
cdf_db,ebpf,0,4768,208.8
cdf_db,ebpf,0,4769,171.69
cdf_db,ebpf,0,4770,202.31
cdf_db,ebpf,0,4771,220.65
cdf_db,ebpf,0,4772,203.36
cdf_db,ebpf,0,4773,184.689
cdf_db,ebpf,0,4774,205.54
cdf_db,ebpf,0,4775,170.1
cdf_db,ebpf,0,4776,271.7
cdf_db,ebpf,0,4777,204.52
cdf_db,ebpf,0,4778,243.97
cdf_db,ebpf,0,4779,169.42
cdf_db,ebpf,0,4780,210.92
cdf_db,ebpf,0,4781,214.1
cdf_db,ebpf,0,4782,201.92
cdf_db,ebpf,0,4783,167.75
cdf_db,ebpf,0,4784,201.96
cdf_db,ebpf,0,4785,172.25
cdf_db,ebpf,0,4786,255.23
cdf_db,ebpf,0,4787,170.55
cdf_db,ebpf,0,4788,204.13
cdf_db,ebpf,0,4789,170.95
cdf_db,ebpf,0,4790,207.09
cdf_db,ebpf,0,4791,258.59
cdf_db,ebpf,0,4792,207.96
cdf_db,ebpf,0,4793,169.05
cdf_db,ebpf,0,4794,203.01
cdf_db,ebpf,0,4795,179.4
cdf_db,ebpf,0,4796,252.931
cdf_db,ebpf,0,4797,175.4
cdf_db,ebpf,0,4798,211.751
cdf_db,ebpf,0,4799,169.99
cdf_db,ebpf,0,4800,216.26
cdf_db,ebpf,0,4801,213.68
cdf_db,ebpf,0,4802,250.26
cdf_db,ebpf,0,4803,172.74
cdf_db,ebpf,0,4804,208.03
cdf_db,ebpf,0,4805,173.3
cdf_db,ebpf,0,4806,245.11
cdf_db,ebpf,0,4807,172.0
cdf_db,ebpf,0,4808,214.73
cdf_db,ebpf,0,4809,174.61
cdf_db,ebpf,0,4810,295.14
cdf_db,ebpf,0,4811,168.18
cdf_db,ebpf,0,4812,208.7
cdf_db,ebpf,0,4813,170.0
cdf_db,ebpf,0,4814,205.48
cdf_db,ebpf,0,4815,222.11
cdf_db,ebpf,0,4816,508.23
cdf_db,ebpf,0,4817,197.08
cdf_db,ebpf,0,4818,216.971
cdf_db,ebpf,0,4819,221.731
cdf_db,ebpf,0,4820,249.021
cdf_db,ebpf,0,4821,172.31
cdf_db,ebpf,0,4822,207.7
cdf_db,ebpf,0,4823,264.61
cdf_db,ebpf,0,4824,206.75
cdf_db,ebpf,0,4825,172.39
cdf_db,ebpf,0,4826,249.3
cdf_db,ebpf,0,4827,209.59
cdf_db,ebpf,0,4828,320.85
cdf_db,ebpf,0,4829,173.64
cdf_db,ebpf,0,4830,208.64
cdf_db,ebpf,0,4831,171.53
cdf_db,ebpf,0,4832,255.94
cdf_db,ebpf,0,4833,173.45
cdf_db,ebpf,0,4834,207.25
cdf_db,ebpf,0,4835,168.77
cdf_db,ebpf,0,4836,206.33
cdf_db,ebpf,0,4837,225.32
cdf_db,ebpf,0,4838,205.54
cdf_db,ebpf,0,4839,170.13
cdf_db,ebpf,0,4840,208.569
cdf_db,ebpf,0,4841,171.931
cdf_db,ebpf,0,4842,255.62
cdf_db,ebpf,0,4843,169.12
cdf_db,ebpf,0,4844,209.349
cdf_db,ebpf,0,4845,173.931
cdf_db,ebpf,0,4846,226.16
cdf_db,ebpf,0,4847,236.92
cdf_db,ebpf,0,4848,205.85
cdf_db,ebpf,0,4849,175.84
cdf_db,ebpf,0,4850,204.26
cdf_db,ebpf,0,4851,171.31
cdf_db,ebpf,0,4852,259.03
cdf_db,ebpf,0,4853,220.73
cdf_db,ebpf,0,4854,203.15
cdf_db,ebpf,0,4855,165.71
cdf_db,ebpf,0,4856,211.08
cdf_db,ebpf,0,4857,220.88
cdf_db,ebpf,0,4858,204.57
cdf_db,ebpf,0,4859,167.04
cdf_db,ebpf,0,4860,205.84
cdf_db,ebpf,0,4861,178.48
cdf_db,ebpf,0,4862,250.391
cdf_db,ebpf,0,4863,169.4
cdf_db,ebpf,0,4864,207.22
cdf_db,ebpf,0,4865,170.571
cdf_db,ebpf,0,4866,210.5
cdf_db,ebpf,0,4867,211.55
cdf_db,ebpf,0,4868,205.09
cdf_db,ebpf,0,4869,171.24
cdf_db,ebpf,0,4870,207.68
cdf_db,ebpf,0,4871,212.58
cdf_db,ebpf,0,4872,248.17
cdf_db,ebpf,0,4873,168.88
cdf_db,ebpf,0,4874,206.42
cdf_db,ebpf,0,4875,170.63
cdf_db,ebpf,0,4876,209.82
cdf_db,ebpf,0,4877,218.97
cdf_db,ebpf,0,4878,161.47
cdf_db,ebpf,0,4879,200.66
cdf_db,ebpf,0,4880,167.06
cdf_db,ebpf,0,4881,208.63
cdf_db,ebpf,0,4882,217.95
cdf_db,ebpf,0,4883,205.44
cdf_db,ebpf,0,4884,212.56
cdf_db,ebpf,0,4885,205.88
cdf_db,ebpf,0,4886,173.92
cdf_db,ebpf,0,4887,252.19
cdf_db,ebpf,0,4888,194.8
cdf_db,ebpf,0,4889,206.18
cdf_db,ebpf,0,4890,167.909
cdf_db,ebpf,0,4891,217.401
cdf_db,ebpf,0,4892,221.87
cdf_db,ebpf,0,4893,202.02
cdf_db,ebpf,0,4894,167.7
cdf_db,ebpf,0,4895,209.17
cdf_db,ebpf,0,4896,173.81
cdf_db,ebpf,0,4897,249.74
cdf_db,ebpf,0,4898,168.17
cdf_db,ebpf,0,4899,207.59
cdf_db,ebpf,0,4900,172.94
cdf_db,ebpf,0,4901,212.44
cdf_db,ebpf,0,4902,212.62
cdf_db,ebpf,0,4903,200.96
cdf_db,ebpf,0,4904,205.12
cdf_db,ebpf,0,4905,168.2
cdf_db,ebpf,0,4906,214.69
cdf_db,ebpf,0,4907,212.52
cdf_db,ebpf,0,4908,208.06
cdf_db,ebpf,0,4909,168.34
cdf_db,ebpf,0,4910,207.35
cdf_db,ebpf,0,4911,176.06
cdf_db,ebpf,0,4912,252.19
cdf_db,ebpf,0,4913,169.96
cdf_db,ebpf,0,4914,207.22
cdf_db,ebpf,0,4915,169.641
cdf_db,ebpf,0,4916,217.43
cdf_db,ebpf,0,4917,211.51
cdf_db,ebpf,0,4918,207.74
cdf_db,ebpf,0,4919,181.15
cdf_db,ebpf,0,4920,208.26
cdf_db,ebpf,0,4921,171.82
cdf_db,ebpf,0,4922,260.28
cdf_db,ebpf,0,4923,175.42
cdf_db,ebpf,0,4924,205.2
cdf_db,ebpf,0,4925,166.9
cdf_db,ebpf,0,4926,215.33
cdf_db,ebpf,0,4927,216.92
cdf_db,ebpf,0,4928,209.21
cdf_db,ebpf,0,4929,172.68
cdf_db,ebpf,0,4930,248.29
cdf_db,ebpf,0,4931,234.54
cdf_db,ebpf,0,4932,208.23
cdf_db,ebpf,0,4933,171.28
cdf_db,ebpf,0,4934,204.78
cdf_db,ebpf,0,4935,171.46
cdf_db,ebpf,0,4936,257.991
cdf_db,ebpf,0,4937,169.18
cdf_db,ebpf,0,4938,210.17
cdf_db,ebpf,0,4939,170.02
cdf_db,ebpf,0,4940,207.79
cdf_db,ebpf,0,4941,221.2
cdf_db,ebpf,0,4942,209.91
cdf_db,ebpf,0,4943,167.52
cdf_db,ebpf,0,4944,211.63
cdf_db,ebpf,0,4945,165.2
cdf_db,ebpf,0,4946,257.3
cdf_db,ebpf,0,4947,172.22
cdf_db,ebpf,0,4948,210.2
cdf_db,ebpf,0,4949,171.37
cdf_db,ebpf,0,4950,253.59
cdf_db,ebpf,0,4951,216.33
cdf_db,ebpf,0,4952,210.02
cdf_db,ebpf,0,4953,167.34
cdf_db,ebpf,0,4954,210.02
cdf_db,ebpf,0,4955,172.64
cdf_db,ebpf,0,4956,256.55
cdf_db,ebpf,0,4957,171.82
cdf_db,ebpf,0,4958,210.13
cdf_db,ebpf,0,4959,171.331
cdf_db,ebpf,0,4960,219.311
cdf_db,ebpf,0,4961,222.74
cdf_db,ebpf,0,4962,236.251
cdf_db,ebpf,0,4963,169.869
cdf_db,ebpf,0,4964,209.7
cdf_db,ebpf,0,4965,176.54
cdf_db,ebpf,0,4966,297.33
cdf_db,ebpf,0,4967,177.12
cdf_db,ebpf,0,4968,210.01
cdf_db,ebpf,0,4969,172.1
cdf_db,ebpf,0,4970,264.65
cdf_db,ebpf,0,4971,167.24
cdf_db,ebpf,0,4972,209.52
cdf_db,ebpf,0,4973,168.65
cdf_db,ebpf,0,4974,207.47
cdf_db,ebpf,0,4975,221.81
cdf_db,ebpf,0,4976,209.45
cdf_db,ebpf,0,4977,202.39
cdf_db,ebpf,0,4978,207.0
cdf_db,ebpf,0,4979,169.78
cdf_db,ebpf,0,4980,259.16
cdf_db,ebpf,0,4981,169.671
cdf_db,ebpf,0,4982,209.42
cdf_db,ebpf,0,4983,170.271
cdf_db,ebpf,0,4984,210.02
cdf_db,ebpf,0,4985,218.92
cdf_db,ebpf,0,4986,248.391
cdf_db,ebpf,0,4987,171.341
cdf_db,ebpf,0,4988,209.58
cdf_db,ebpf,0,4989,178.27
cdf_db,ebpf,0,4990,255.23
cdf_db,ebpf,0,4991,186.84
cdf_db,ebpf,0,4992,209.75
cdf_db,ebpf,0,4993,203.93
cdf_db,ebpf,0,4994,211.92
cdf_db,ebpf,0,4995,236.09
cdf_db,ebpf,0,4996,161.35
cdf_db,ebpf,0,4997,208.4
cdf_db,ebpf,0,4998,209.85
cdf_db,ebpf,0,4999,258.4
cdf_db,off,1,0,227.33
cdf_db,off,1,1,256.73
cdf_db,off,1,2,237.31
cdf_db,off,1,3,259.21
cdf_db,off,1,4,223.65
cdf_db,off,1,5,257.75
cdf_db,off,1,6,225.51
cdf_db,off,1,7,252.27
cdf_db,off,1,8,226.82
cdf_db,off,1,9,248.53
cdf_db,off,1,10,223.22
cdf_db,off,1,11,320.1
cdf_db,off,1,12,227.82
cdf_db,off,1,13,213.59
cdf_db,off,1,14,256.62
cdf_db,off,1,15,242.16
cdf_db,off,1,16,247.98
cdf_db,off,1,17,219.58
cdf_db,off,1,18,249.48
cdf_db,off,1,19,253.04
cdf_db,off,1,20,255.47
cdf_db,off,1,21,226.42
cdf_db,off,1,22,265.69
cdf_db,off,1,23,249.34
cdf_db,off,1,24,258.64
cdf_db,off,1,25,260.28
cdf_db,off,1,26,254.04
cdf_db,off,1,27,250.71
cdf_db,off,1,28,261.71
cdf_db,off,1,29,222.94
cdf_db,off,1,30,244.29
cdf_db,off,1,31,232.68
cdf_db,off,1,32,257.97
cdf_db,off,1,33,226.08
cdf_db,off,1,34,255.02
cdf_db,off,1,35,241.54
cdf_db,off,1,36,254.32
cdf_db,off,1,37,215.98
cdf_db,off,1,38,242.95
cdf_db,off,1,39,228.66
cdf_db,off,1,40,254.2
cdf_db,off,1,41,217.46
cdf_db,off,1,42,256.09
cdf_db,off,1,43,219.32
cdf_db,off,1,44,245.99
cdf_db,off,1,45,223.17
cdf_db,off,1,46,245.56
cdf_db,off,1,47,230.61
cdf_db,off,1,48,272.74
cdf_db,off,1,49,241.9
cdf_db,off,1,50,245.98
cdf_db,off,1,51,224.76
cdf_db,off,1,52,262.97
cdf_db,off,1,53,217.21
cdf_db,off,1,54,245.59
cdf_db,off,1,55,230.45
cdf_db,off,1,56,267.29
cdf_db,off,1,57,222.481
cdf_db,off,1,58,246.72
cdf_db,off,1,59,217.02
cdf_db,off,1,60,262.21
cdf_db,off,1,61,214.71
cdf_db,off,1,62,252.55
cdf_db,off,1,63,216.12
cdf_db,off,1,64,270.67
cdf_db,off,1,65,212.26
cdf_db,off,1,66,245.55
cdf_db,off,1,67,225.89
cdf_db,off,1,68,252.76
cdf_db,off,1,69,216.91
cdf_db,off,1,70,245.35
cdf_db,off,1,71,212.53
cdf_db,off,1,72,261.26
cdf_db,off,1,73,235.41
cdf_db,off,1,74,245.56
cdf_db,off,1,75,219.85
cdf_db,off,1,76,246.82
cdf_db,off,1,77,260.321
cdf_db,off,1,78,262.78
cdf_db,off,1,79,221.58
cdf_db,off,1,80,245.29
cdf_db,off,1,81,233.99
cdf_db,off,1,82,318.72
cdf_db,off,1,83,221.17
cdf_db,off,1,84,260.54
cdf_db,off,1,85,233.11
cdf_db,off,1,86,256.14
cdf_db,off,1,87,225.8
cdf_db,off,1,88,261.06
cdf_db,off,1,89,232.28
cdf_db,off,1,90,243.82
cdf_db,off,1,91,217.51
cdf_db,off,1,92,244.25
cdf_db,off,1,93,234.09
cdf_db,off,1,94,247.33
cdf_db,off,1,95,216.89
cdf_db,off,1,96,258.931
cdf_db,off,1,97,234.1
cdf_db,off,1,98,249.28
cdf_db,off,1,99,215.37
cdf_db,off,1,100,253.08
cdf_db,off,1,101,235.73
cdf_db,off,1,102,255.87
cdf_db,off,1,103,219.06
cdf_db,off,1,104,244.38
cdf_db,off,1,105,224.48
cdf_db,off,1,106,258.22
cdf_db,off,1,107,217.46
cdf_db,off,1,108,258.78
cdf_db,off,1,109,224.37
cdf_db,off,1,110,252.54
cdf_db,off,1,111,307.01
cdf_db,off,1,112,258.72
cdf_db,off,1,113,232.77
cdf_db,off,1,114,263.01
cdf_db,off,1,115,230.791
cdf_db,off,1,116,248.091
cdf_db,off,1,117,227.42
cdf_db,off,1,118,261.811
cdf_db,off,1,119,214.04
cdf_db,off,1,120,252.6
cdf_db,off,1,121,243.22
cdf_db,off,1,122,255.91
cdf_db,off,1,123,213.93
cdf_db,off,1,124,245.29
cdf_db,off,1,125,219.61
cdf_db,off,1,126,253.73
cdf_db,off,1,127,217.17
cdf_db,off,1,128,254.38
cdf_db,off,1,129,216.92
cdf_db,off,1,130,256.37
cdf_db,off,1,131,223.49
cdf_db,off,1,132,244.79
cdf_db,off,1,133,219.7
cdf_db,off,1,134,256.5
cdf_db,off,1,135,217.931
cdf_db,off,1,136,253.871
cdf_db,off,1,137,216.789
cdf_db,off,1,138,250.9
cdf_db,off,1,139,220.77
cdf_db,off,1,140,257.01
cdf_db,off,1,141,234.05
cdf_db,off,1,142,264.68
cdf_db,off,1,143,238.84
cdf_db,off,1,144,249.41
cdf_db,off,1,145,225.56
cdf_db,off,1,146,250.66
cdf_db,off,1,147,227.17
cdf_db,off,1,148,244.21
cdf_db,off,1,149,225.79
cdf_db,off,1,150,255.43
cdf_db,off,1,151,245.02
cdf_db,off,1,152,259.69
cdf_db,off,1,153,217.34
cdf_db,off,1,154,245.75
cdf_db,off,1,155,232.16
cdf_db,off,1,156,247.69
cdf_db,off,1,157,226.051
cdf_db,off,1,158,249.77
cdf_db,off,1,159,226.33
cdf_db,off,1,160,259.01
cdf_db,off,1,161,221.45
cdf_db,off,1,162,250.67
cdf_db,off,1,163,217.94
cdf_db,off,1,164,251.55
cdf_db,off,1,165,219.74
cdf_db,off,1,166,248.67
cdf_db,off,1,167,223.87
cdf_db,off,1,168,255.65
cdf_db,off,1,169,213.36
cdf_db,off,1,170,259.21
cdf_db,off,1,171,220.55
cdf_db,off,1,172,270.06
cdf_db,off,1,173,234.02
cdf_db,off,1,174,259.57
cdf_db,off,1,175,216.58
cdf_db,off,1,176,265.9
cdf_db,off,1,177,217.221
cdf_db,off,1,178,259.491
cdf_db,off,1,179,227.85
cdf_db,off,1,180,260.11
cdf_db,off,1,181,229.32
cdf_db,off,1,182,249.19
cdf_db,off,1,183,217.03
cdf_db,off,1,184,259.82
cdf_db,off,1,185,233.78
cdf_db,off,1,186,271.61
cdf_db,off,1,187,233.89
cdf_db,off,1,188,256.51
cdf_db,off,1,189,223.85
cdf_db,off,1,190,246.29
cdf_db,off,1,191,227.98
cdf_db,off,1,192,433.38
cdf_db,off,1,193,231.83
cdf_db,off,1,194,252.41
cdf_db,off,1,195,224.49
cdf_db,off,1,196,260.1
cdf_db,off,1,197,216.82
cdf_db,off,1,198,247.73
cdf_db,off,1,199,213.78
cdf_db,off,1,200,275.85
cdf_db,off,1,201,220.72
cdf_db,off,1,202,255.26
cdf_db,off,1,203,218.4
cdf_db,off,1,204,262.74
cdf_db,off,1,205,219.96
cdf_db,off,1,206,2303.01
cdf_db,off,1,207,372.18
cdf_db,off,1,208,267.531
cdf_db,off,1,209,242.529
cdf_db,off,1,210,265.47
cdf_db,off,1,211,212.23
cdf_db,off,1,212,216.11
cdf_db,off,1,213,213.04
cdf_db,off,1,214,206.56
cdf_db,off,1,215,207.52
cdf_db,off,1,216,214.49
cdf_db,off,1,217,201.96
cdf_db,off,1,218,211.78
cdf_db,off,1,219,205.94
cdf_db,off,1,220,201.63
cdf_db,off,1,221,224.51
cdf_db,off,1,222,204.9
cdf_db,off,1,223,206.3
cdf_db,off,1,224,206.21
cdf_db,off,1,225,221.78
cdf_db,off,1,226,210.59
cdf_db,off,1,227,207.15
cdf_db,off,1,228,208.67
cdf_db,off,1,229,201.221
cdf_db,off,1,230,208.62
cdf_db,off,1,231,204.26
cdf_db,off,1,232,203.491
cdf_db,off,1,233,204.75
cdf_db,off,1,234,203.98
cdf_db,off,1,235,209.34
cdf_db,off,1,236,211.01
cdf_db,off,1,237,199.77
cdf_db,off,1,238,202.75
cdf_db,off,1,239,228.61
cdf_db,off,1,240,214.76
cdf_db,off,1,241,203.04
cdf_db,off,1,242,203.46
cdf_db,off,1,243,202.56
cdf_db,off,1,244,202.07
cdf_db,off,1,245,219.89
cdf_db,off,1,246,202.55
cdf_db,off,1,247,203.45
cdf_db,off,1,248,206.19
cdf_db,off,1,249,209.74
cdf_db,off,1,250,233.38
cdf_db,off,1,251,289.681
cdf_db,off,1,252,205.56
cdf_db,off,1,253,204.7
cdf_db,off,1,254,245.401
cdf_db,off,1,255,199.84
cdf_db,off,1,256,273.98
cdf_db,off,1,257,255.43
cdf_db,off,1,258,214.14
cdf_db,off,1,259,203.85
cdf_db,off,1,260,207.57
cdf_db,off,1,261,206.94
cdf_db,off,1,262,200.3
cdf_db,off,1,263,218.65
cdf_db,off,1,264,204.67
cdf_db,off,1,265,209.6
cdf_db,off,1,266,210.83
cdf_db,off,1,267,207.5
cdf_db,off,1,268,204.05
cdf_db,off,1,269,204.11
cdf_db,off,1,270,203.11
cdf_db,off,1,271,203.16
cdf_db,off,1,272,214.06
cdf_db,off,1,273,207.79
cdf_db,off,1,274,213.081
cdf_db,off,1,275,214.14
cdf_db,off,1,276,207.14
cdf_db,off,1,277,204.3
cdf_db,off,1,278,208.26
cdf_db,off,1,279,212.39
cdf_db,off,1,280,214.21
cdf_db,off,1,281,210.15
cdf_db,off,1,282,229.29
cdf_db,off,1,283,234.88
cdf_db,off,1,284,213.36
cdf_db,off,1,285,206.01
cdf_db,off,1,286,215.99
cdf_db,off,1,287,210.45
cdf_db,off,1,288,205.37
cdf_db,off,1,289,203.96
cdf_db,off,1,290,201.12
cdf_db,off,1,291,200.71
cdf_db,off,1,292,218.62
cdf_db,off,1,293,199.48
cdf_db,off,1,294,202.98
cdf_db,off,1,295,201.68
cdf_db,off,1,296,245.21
cdf_db,off,1,297,202.4
cdf_db,off,1,298,201.891
cdf_db,off,1,299,202.12
cdf_db,off,1,300,199.68
cdf_db,off,1,301,218.431
cdf_db,off,1,302,244.331
cdf_db,off,1,303,200.88
cdf_db,off,1,304,210.09
cdf_db,off,1,305,267.14
cdf_db,off,1,306,261.71
cdf_db,off,1,307,205.72
cdf_db,off,1,308,220.29
cdf_db,off,1,309,204.66
cdf_db,off,1,310,217.11
cdf_db,off,1,311,202.41
cdf_db,off,1,312,202.1
cdf_db,off,1,313,205.62
cdf_db,off,1,314,209.15
cdf_db,off,1,315,204.35
cdf_db,off,1,316,213.58
cdf_db,off,1,317,202.82
cdf_db,off,1,318,209.94
cdf_db,off,1,319,206.27
cdf_db,off,1,320,215.389
cdf_db,off,1,321,204.26
cdf_db,off,1,322,217.589
cdf_db,off,1,323,208.72
cdf_db,off,1,324,212.96
cdf_db,off,1,325,204.65
cdf_db,off,1,326,206.59
cdf_db,off,1,327,213.64
cdf_db,off,1,328,222.35
cdf_db,off,1,329,250.48
cdf_db,off,1,330,210.55
cdf_db,off,1,331,211.67
cdf_db,off,1,332,220.32
cdf_db,off,1,333,223.69
cdf_db,off,1,334,206.25
cdf_db,off,1,335,201.66
cdf_db,off,1,336,209.74
cdf_db,off,1,337,209.89
cdf_db,off,1,338,218.25
cdf_db,off,1,339,200.79
cdf_db,off,1,340,203.2
cdf_db,off,1,341,203.17
cdf_db,off,1,342,209.721
cdf_db,off,1,343,215.7
cdf_db,off,1,344,207.389
cdf_db,off,1,345,200.62
cdf_db,off,1,346,203.39
cdf_db,off,1,347,206.99
cdf_db,off,1,348,205.08
cdf_db,off,1,349,218.32
cdf_db,off,1,350,205.67
cdf_db,off,1,351,204.77
cdf_db,off,1,352,211.8
cdf_db,off,1,353,202.84
cdf_db,off,1,354,199.57
cdf_db,off,1,355,200.88
cdf_db,off,1,356,239.54
cdf_db,off,1,357,216.07
cdf_db,off,1,358,203.98
cdf_db,off,1,359,212.05
cdf_db,off,1,360,206.98
cdf_db,off,1,361,200.41
cdf_db,off,1,362,213.73
cdf_db,off,1,363,199.61
cdf_db,off,1,364,198.59
cdf_db,off,1,365,200.74
cdf_db,off,1,366,205.42
cdf_db,off,1,367,210.72
cdf_db,off,1,368,222.84
cdf_db,off,1,369,204.97
cdf_db,off,1,370,202.78
cdf_db,off,1,371,206.78
cdf_db,off,1,372,207.76
cdf_db,off,1,373,200.21
cdf_db,off,1,374,200.39
cdf_db,off,1,375,208.64
cdf_db,off,1,376,224.53
cdf_db,off,1,377,201.54
cdf_db,off,1,378,213.09
cdf_db,off,1,379,219.65
cdf_db,off,1,380,220.01
cdf_db,off,1,381,220.79
cdf_db,off,1,382,208.86
cdf_db,off,1,383,209.95
cdf_db,off,1,384,204.56
cdf_db,off,1,385,406.32
cdf_db,off,1,386,218.09
cdf_db,off,1,387,146.871
cdf_db,off,1,388,140.231
cdf_db,off,1,389,134.369
cdf_db,off,1,390,136.45
cdf_db,off,1,391,192.37
cdf_db,off,1,392,138.63
cdf_db,off,1,393,135.17
cdf_db,off,1,394,157.06
cdf_db,off,1,395,133.46
cdf_db,off,1,396,142.58
cdf_db,off,1,397,134.65
cdf_db,off,1,398,184.95
cdf_db,off,1,399,139.27
cdf_db,off,1,400,210.18
cdf_db,off,1,401,147.07
cdf_db,off,1,402,139.28
cdf_db,off,1,403,139.86
cdf_db,off,1,404,200.67
cdf_db,off,1,405,132.7
cdf_db,off,1,406,135.47
cdf_db,off,1,407,130.44
cdf_db,off,1,408,131.36
cdf_db,off,1,409,133.74
cdf_db,off,1,410,131.77
cdf_db,off,1,411,196.89
cdf_db,off,1,412,134.22
cdf_db,off,1,413,133.74
cdf_db,off,1,414,133.38
cdf_db,off,1,415,133.64
cdf_db,off,1,416,131.93
cdf_db,off,1,417,133.39
cdf_db,off,1,418,189.75
cdf_db,off,1,419,149.94
cdf_db,off,1,420,145.99
cdf_db,off,1,421,134.21
cdf_db,off,1,422,154.641
cdf_db,off,1,423,145.831
cdf_db,off,1,424,139.04
cdf_db,off,1,425,184.149
cdf_db,off,1,426,133.16
cdf_db,off,1,427,131.661
cdf_db,off,1,428,133.57
cdf_db,off,1,429,135.04
cdf_db,off,1,430,142.46
cdf_db,off,1,431,137.08
cdf_db,off,1,432,184.19
cdf_db,off,1,433,139.98
cdf_db,off,1,434,132.78
cdf_db,off,1,435,131.15
cdf_db,off,1,436,141.91
cdf_db,off,1,437,131.9
cdf_db,off,1,438,138.74
cdf_db,off,1,439,179.29
cdf_db,off,1,440,133.78
cdf_db,off,1,441,133.61
cdf_db,off,1,442,138.96
cdf_db,off,1,443,130.64
cdf_db,off,1,444,141.39
cdf_db,off,1,445,140.54
cdf_db,off,1,446,177.19
cdf_db,off,1,447,140.06
cdf_db,off,1,448,132.74
cdf_db,off,1,449,138.69
cdf_db,off,1,450,130.67
cdf_db,off,1,451,143.25
cdf_db,off,1,452,136.16
cdf_db,off,1,453,176.33
cdf_db,off,1,454,135.49
cdf_db,off,1,455,131.231
cdf_db,off,1,456,130.82
cdf_db,off,1,457,134.12
cdf_db,off,1,458,130.531
cdf_db,off,1,459,134.5
cdf_db,off,1,460,188.09
cdf_db,off,1,461,161.3
cdf_db,off,1,462,132.16
cdf_db,off,1,463,164.42
cdf_db,off,1,464,139.03
cdf_db,off,1,465,133.98
cdf_db,off,1,466,143.61
cdf_db,off,1,467,176.24
cdf_db,off,1,468,129.61
cdf_db,off,1,469,132.82
cdf_db,off,1,470,128.74
cdf_db,off,1,471,132.54
cdf_db,off,1,472,140.38
cdf_db,off,1,473,148.64
cdf_db,off,1,474,191.11
cdf_db,off,1,475,137.71
cdf_db,off,1,476,148.03
cdf_db,off,1,477,132.9
cdf_db,off,1,478,138.66
cdf_db,off,1,479,133.05
cdf_db,off,1,480,185.24
cdf_db,off,1,481,133.12
cdf_db,off,1,482,132.72
cdf_db,off,1,483,161.65
cdf_db,off,1,484,146.64
cdf_db,off,1,485,140.23
cdf_db,off,1,486,135.19
cdf_db,off,1,487,187.26
cdf_db,off,1,488,131.511
cdf_db,off,1,489,131.24
cdf_db,off,1,490,130.971
cdf_db,off,1,491,126.051
cdf_db,off,1,492,127.92
cdf_db,off,1,493,153.451
cdf_db,off,1,494,198.65
cdf_db,off,1,495,138.83
cdf_db,off,1,496,133.54
cdf_db,off,1,497,139.0
cdf_db,off,1,498,164.32
cdf_db,off,1,499,150.68
cdf_db,off,1,500,149.67
cdf_db,off,1,501,226.04
cdf_db,off,1,502,137.19
cdf_db,off,1,503,145.44
cdf_db,off,1,504,133.4
cdf_db,off,1,505,140.59
cdf_db,off,1,506,132.46
cdf_db,off,1,507,187.54
cdf_db,off,1,508,132.43
cdf_db,off,1,509,136.61
cdf_db,off,1,510,132.09
cdf_db,off,1,511,129.46
cdf_db,off,1,512,131.87
cdf_db,off,1,513,128.27
cdf_db,off,1,514,184.3
cdf_db,off,1,515,134.95
cdf_db,off,1,516,130.73
cdf_db,off,1,517,133.97
cdf_db,off,1,518,129.67
cdf_db,off,1,519,134.59
cdf_db,off,1,520,134.5
cdf_db,off,1,521,190.629
cdf_db,off,1,522,133.62
cdf_db,off,1,523,135.1
cdf_db,off,1,524,135.449
cdf_db,off,1,525,130.5
cdf_db,off,1,526,132.93
cdf_db,off,1,527,136.46
cdf_db,off,1,528,181.78
cdf_db,off,1,529,131.66
cdf_db,off,1,530,130.75
cdf_db,off,1,531,133.52
cdf_db,off,1,532,132.44
cdf_db,off,1,533,133.6
cdf_db,off,1,534,130.11
cdf_db,off,1,535,134.6
cdf_db,off,1,536,171.92
cdf_db,off,1,537,130.12
cdf_db,off,1,538,141.16
cdf_db,off,1,539,128.42
cdf_db,off,1,540,132.18
cdf_db,off,1,541,128.71
cdf_db,off,1,542,142.01
cdf_db,off,1,543,191.4
cdf_db,off,1,544,134.69
cdf_db,off,1,545,129.94
cdf_db,off,1,546,142.89
cdf_db,off,1,547,130.64
cdf_db,off,1,548,128.8
cdf_db,off,1,549,138.63
cdf_db,off,1,550,215.04
cdf_db,off,1,551,130.79
cdf_db,off,1,552,136.6
cdf_db,off,1,553,133.48
cdf_db,off,1,554,131.529
cdf_db,off,1,555,133.009
cdf_db,off,1,556,133.909
cdf_db,off,1,557,172.561
cdf_db,off,1,558,131.02
cdf_db,off,1,559,133.12
cdf_db,off,1,560,130.45
cdf_db,off,1,561,137.4
cdf_db,off,1,562,131.49
cdf_db,off,1,563,135.81
cdf_db,off,1,564,175.99
cdf_db,off,1,565,130.48
cdf_db,off,1,566,132.65
cdf_db,off,1,567,132.11
cdf_db,off,1,568,129.81
cdf_db,off,1,569,130.7
cdf_db,off,1,570,136.99
cdf_db,off,1,571,185.86
cdf_db,off,1,572,130.16
cdf_db,off,1,573,131.14
cdf_db,off,1,574,133.87
cdf_db,off,1,575,153.42
cdf_db,off,1,576,130.44
cdf_db,off,1,577,145.09
cdf_db,off,1,578,183.29
cdf_db,off,1,579,139.08
cdf_db,off,1,580,132.28
cdf_db,off,1,581,130.44
cdf_db,off,1,582,133.8
cdf_db,off,1,583,132.58
cdf_db,off,1,584,138.87
cdf_db,off,1,585,175.41
cdf_db,off,1,586,131.84
cdf_db,off,1,587,137.48
cdf_db,off,1,588,132.43
cdf_db,off,1,589,131.78
cdf_db,off,1,590,131.21
cdf_db,off,1,591,127.32
cdf_db,off,1,592,187.5
cdf_db,off,1,593,131.9
cdf_db,off,1,594,129.711
cdf_db,off,1,595,132.851
cdf_db,off,1,596,131.92
cdf_db,off,1,597,130.9
cdf_db,off,1,598,131.2
cdf_db,off,1,599,187.48
cdf_db,off,1,600,128.79
cdf_db,off,1,601,132.18
cdf_db,off,1,602,134.43
cdf_db,off,1,603,129.98
cdf_db,off,1,604,131.33
cdf_db,off,1,605,129.15
cdf_db,off,1,606,183.31
cdf_db,off,1,607,131.85
cdf_db,off,1,608,129.24
cdf_db,off,1,609,131.34
cdf_db,off,1,610,130.25
cdf_db,off,1,611,129.07
cdf_db,off,1,612,132.34
cdf_db,off,1,613,138.72
cdf_db,off,1,614,176.64
cdf_db,off,1,615,130.06
cdf_db,off,1,616,134.55
cdf_db,off,1,617,128.99
cdf_db,off,1,618,130.73
cdf_db,off,1,619,144.38
cdf_db,off,1,620,139.36
cdf_db,off,1,621,188.69
cdf_db,off,1,622,134.33
cdf_db,off,1,623,130.76
cdf_db,off,1,624,131.06
cdf_db,off,1,625,130.789
cdf_db,off,1,626,131.56
cdf_db,off,1,627,139.94
cdf_db,off,1,628,176.771
cdf_db,off,1,629,132.721
cdf_db,off,1,630,138.54
cdf_db,off,1,631,161.24
cdf_db,off,1,632,129.62
cdf_db,off,1,633,132.93
cdf_db,off,1,634,137.09
cdf_db,off,1,635,180.55
cdf_db,off,1,636,130.29
cdf_db,off,1,637,132.67
cdf_db,off,1,638,131.9
cdf_db,off,1,639,130.54
cdf_db,off,1,640,128.93
cdf_db,off,1,641,137.94
cdf_db,off,1,642,177.28
cdf_db,off,1,643,132.55
cdf_db,off,1,644,130.79
cdf_db,off,1,645,133.74
cdf_db,off,1,646,130.44
cdf_db,off,1,647,130.32
cdf_db,off,1,648,131.31
cdf_db,off,1,649,195.37
cdf_db,off,1,650,139.84
cdf_db,off,1,651,141.02
cdf_db,off,1,652,132.13
cdf_db,off,1,653,157.08
cdf_db,off,1,654,129.06
cdf_db,off,1,655,139.04
cdf_db,off,1,656,181.501
cdf_db,off,1,657,132.191
cdf_db,off,1,658,133.2
cdf_db,off,1,659,131.409
cdf_db,off,1,660,131.14
cdf_db,off,1,661,133.18
cdf_db,off,1,662,138.0
cdf_db,off,1,663,180.22
cdf_db,off,1,664,152.151
cdf_db,off,1,665,131.35
cdf_db,off,1,666,131.85
cdf_db,off,1,667,132.42
cdf_db,off,1,668,130.88
cdf_db,off,1,669,156.4
cdf_db,off,1,670,187.73
cdf_db,off,1,671,142.24
cdf_db,off,1,672,183.63
cdf_db,off,1,673,133.55
cdf_db,off,1,674,130.8
cdf_db,off,1,675,131.44
cdf_db,off,1,676,185.92
cdf_db,off,1,677,132.5
cdf_db,off,1,678,130.79
cdf_db,off,1,679,133.18
cdf_db,off,1,680,128.62
cdf_db,off,1,681,129.99
cdf_db,off,1,682,142.47
cdf_db,off,1,683,142.06
cdf_db,off,1,684,177.65
cdf_db,off,1,685,138.33
cdf_db,off,1,686,130.18
cdf_db,off,1,687,130.89
cdf_db,off,1,688,131.77
cdf_db,off,1,689,128.631
cdf_db,off,1,690,133.311
cdf_db,off,1,691,174.16
cdf_db,off,1,692,143.369
cdf_db,off,1,693,147.171
cdf_db,off,1,694,130.649
cdf_db,off,1,695,133.411
cdf_db,off,1,696,127.67
cdf_db,off,1,697,140.55
cdf_db,off,1,698,191.27
cdf_db,off,1,699,141.14
cdf_db,off,1,700,132.07
cdf_db,off,1,701,129.39
cdf_db,off,1,702,140.95
cdf_db,off,1,703,132.71
cdf_db,off,1,704,130.48
cdf_db,off,1,705,175.25
cdf_db,off,1,706,142.7
cdf_db,off,1,707,130.25
cdf_db,off,1,708,135.71
cdf_db,off,1,709,128.1
cdf_db,off,1,710,139.55
cdf_db,off,1,711,140.06
cdf_db,off,1,712,174.36
cdf_db,off,1,713,131.23
cdf_db,off,1,714,135.63
cdf_db,off,1,715,130.5
cdf_db,off,1,716,144.91
cdf_db,off,1,717,131.98
cdf_db,off,1,718,135.39
cdf_db,off,1,719,177.12
cdf_db,off,1,720,132.46
cdf_db,off,1,721,167.62
cdf_db,off,1,722,150.92
cdf_db,off,1,723,131.55
cdf_db,off,1,724,769.02
cdf_db,off,1,725,172.94
cdf_db,off,1,726,168.821
cdf_db,off,1,727,172.44
cdf_db,off,1,728,181.08
cdf_db,off,1,729,138.98
cdf_db,off,1,730,132.49
cdf_db,off,1,731,128.19
cdf_db,off,1,732,138.74
cdf_db,off,1,733,132.39
cdf_db,off,1,734,198.25
cdf_db,off,1,735,134.72
cdf_db,off,1,736,135.42
cdf_db,off,1,737,132.05
cdf_db,off,1,738,134.99
cdf_db,off,1,739,136.38
cdf_db,off,1,740,130.74
cdf_db,off,1,741,187.59
cdf_db,off,1,742,130.13
cdf_db,off,1,743,133.22
cdf_db,off,1,744,132.91
cdf_db,off,1,745,132.67
cdf_db,off,1,746,144.26
cdf_db,off,1,747,135.72
cdf_db,off,1,748,185.95
cdf_db,off,1,749,132.51
cdf_db,off,1,750,137.76
cdf_db,off,1,751,129.45
cdf_db,off,1,752,131.76
cdf_db,off,1,753,130.07
cdf_db,off,1,754,131.18
cdf_db,off,1,755,132.17
cdf_db,off,1,756,180.69
cdf_db,off,1,757,127.949
cdf_db,off,1,758,134.9
cdf_db,off,1,759,132.041
cdf_db,off,1,760,131.07
cdf_db,off,1,761,133.38
cdf_db,off,1,762,138.15
cdf_db,off,1,763,175.28
cdf_db,off,1,764,131.71
cdf_db,off,1,765,131.98
cdf_db,off,1,766,170.51
cdf_db,off,1,767,149.07
cdf_db,off,1,768,134.18
cdf_db,off,1,769,213.49
cdf_db,off,1,770,136.62
cdf_db,off,1,771,130.1
cdf_db,off,1,772,130.55
cdf_db,off,1,773,132.03
cdf_db,off,1,774,139.51
cdf_db,off,1,775,128.82
cdf_db,off,1,776,186.31
cdf_db,off,1,777,135.27
cdf_db,off,1,778,132.01
cdf_db,off,1,779,133.74
cdf_db,off,1,780,130.35
cdf_db,off,1,781,128.13
cdf_db,off,1,782,139.93
cdf_db,off,1,783,188.36
cdf_db,off,1,784,166.79
cdf_db,off,1,785,130.89
cdf_db,off,1,786,145.18
cdf_db,off,1,787,133.99
cdf_db,off,1,788,130.1
cdf_db,off,1,789,133.991
cdf_db,off,1,790,185.54
cdf_db,off,1,791,133.7
cdf_db,off,1,792,137.451
cdf_db,off,1,793,134.29
cdf_db,off,1,794,131.96
cdf_db,off,1,795,131.91
cdf_db,off,1,796,128.16
cdf_db,off,1,797,202.81
cdf_db,off,1,798,145.18
cdf_db,off,1,799,133.17
cdf_db,off,1,800,136.89
cdf_db,off,1,801,138.8
cdf_db,off,1,802,131.69
cdf_db,off,1,803,149.59
cdf_db,off,1,804,187.73
cdf_db,off,1,805,137.51
cdf_db,off,1,806,134.2
cdf_db,off,1,807,131.26
cdf_db,off,1,808,134.0
cdf_db,off,1,809,149.55
cdf_db,off,1,810,137.4
cdf_db,off,1,811,190.46
cdf_db,off,1,812,136.5
cdf_db,off,1,813,132.56
cdf_db,off,1,814,133.79
cdf_db,off,1,815,170.76
cdf_db,off,1,816,135.57
cdf_db,off,1,817,144.66
cdf_db,off,1,818,182.58
cdf_db,off,1,819,143.15
cdf_db,off,1,820,133.16
cdf_db,off,1,821,129.5
cdf_db,off,1,822,130.68
cdf_db,off,1,823,131.751
cdf_db,off,1,824,132.42
cdf_db,off,1,825,260.62
cdf_db,off,1,826,143.211
cdf_db,off,1,827,133.741
cdf_db,off,1,828,136.13
cdf_db,off,1,829,152.19
cdf_db,off,1,830,141.28
cdf_db,off,1,831,232.67
cdf_db,off,1,832,139.86
cdf_db,off,1,833,134.28
cdf_db,off,1,834,138.84
cdf_db,off,1,835,134.89
cdf_db,off,1,836,129.72
cdf_db,off,1,837,200.21
cdf_db,off,1,838,146.5
cdf_db,off,1,839,177.14
cdf_db,off,1,840,137.75
cdf_db,off,1,841,138.02
cdf_db,off,1,842,135.54
cdf_db,off,1,843,173.03
cdf_db,off,1,844,240.94
cdf_db,off,1,845,145.37
cdf_db,off,1,846,145.71
cdf_db,off,1,847,140.95
cdf_db,off,1,848,135.81
cdf_db,off,1,849,140.9
cdf_db,off,1,850,481.891
cdf_db,off,1,851,157.3
cdf_db,off,1,852,148.351
cdf_db,off,1,853,151.84
cdf_db,off,1,854,190.549
cdf_db,off,1,855,148.041
cdf_db,off,1,856,137.6
cdf_db,off,1,857,133.24
cdf_db,off,1,858,152.03
cdf_db,off,1,859,138.48
cdf_db,off,1,860,133.37
cdf_db,off,1,861,189.12
cdf_db,off,1,862,148.6
cdf_db,off,1,863,135.54
cdf_db,off,1,864,148.75
cdf_db,off,1,865,134.67
cdf_db,off,1,866,147.38
cdf_db,off,1,867,143.01
cdf_db,off,1,868,190.24
cdf_db,off,1,869,148.58
cdf_db,off,1,870,140.73
cdf_db,off,1,871,148.15
cdf_db,off,1,872,151.54
cdf_db,off,1,873,138.89
cdf_db,off,1,874,194.08
cdf_db,off,1,875,143.29
cdf_db,off,1,876,147.74
cdf_db,off,1,877,135.53
cdf_db,off,1,878,142.04
cdf_db,off,1,879,130.88
cdf_db,off,1,880,137.06
cdf_db,off,1,881,197.12
cdf_db,off,1,882,133.79
cdf_db,off,1,883,142.941
cdf_db,off,1,884,145.391
cdf_db,off,1,885,145.4
cdf_db,off,1,886,146.241
cdf_db,off,1,887,156.72
cdf_db,off,1,888,184.35
cdf_db,off,1,889,137.85
cdf_db,off,1,890,132.89
cdf_db,off,1,891,138.34
cdf_db,off,1,892,130.21
cdf_db,off,1,893,161.07
cdf_db,off,1,894,208.61
cdf_db,off,1,895,129.99
cdf_db,off,1,896,138.94
cdf_db,off,1,897,152.96
cdf_db,off,1,898,134.35
cdf_db,off,1,899,151.36
cdf_db,off,1,900,143.11
cdf_db,off,1,901,192.09
cdf_db,off,1,902,147.77
cdf_db,off,1,903,152.83
cdf_db,off,1,904,139.07
cdf_db,off,1,905,148.94
cdf_db,off,1,906,151.1
cdf_db,off,1,907,193.53
cdf_db,off,1,908,138.33
cdf_db,off,1,909,140.05
cdf_db,off,1,910,145.46
cdf_db,off,1,911,145.56
cdf_db,off,1,912,143.82
cdf_db,off,1,913,135.16
cdf_db,off,1,914,213.59
cdf_db,off,1,915,144.16
cdf_db,off,1,916,141.111
cdf_db,off,1,917,141.951
cdf_db,off,1,918,131.961
cdf_db,off,1,919,137.78
cdf_db,off,1,920,147.53
cdf_db,off,1,921,180.67
cdf_db,off,1,922,137.48
cdf_db,off,1,923,136.72
cdf_db,off,1,924,131.84
cdf_db,off,1,925,150.01
cdf_db,off,1,926,145.93
cdf_db,off,1,927,191.07
cdf_db,off,1,928,138.53
cdf_db,off,1,929,134.18
cdf_db,off,1,930,136.51
cdf_db,off,1,931,129.97
cdf_db,off,1,932,134.83
cdf_db,off,1,933,133.21
cdf_db,off,1,934,189.89
cdf_db,off,1,935,148.8
cdf_db,off,1,936,132.87
cdf_db,off,1,937,135.54
cdf_db,off,1,938,142.36
cdf_db,off,1,939,140.81
cdf_db,off,1,940,142.88
cdf_db,off,1,941,212.25
cdf_db,off,1,942,159.58
cdf_db,off,1,943,147.3
cdf_db,off,1,944,155.13
cdf_db,off,1,945,139.69
cdf_db,off,1,946,131.9
cdf_db,off,1,947,200.66
cdf_db,off,1,948,136.751
cdf_db,off,1,949,141.629
cdf_db,off,1,950,143.501
cdf_db,off,1,951,138.11
cdf_db,off,1,952,135.56
cdf_db,off,1,953,135.33
cdf_db,off,1,954,197.88
cdf_db,off,1,955,167.99
cdf_db,off,1,956,132.39
cdf_db,off,1,957,140.17
cdf_db,off,1,958,132.28
cdf_db,off,1,959,137.94
cdf_db,off,1,960,136.97
cdf_db,off,1,961,187.82
cdf_db,off,1,962,137.1
cdf_db,off,1,963,136.49
cdf_db,off,1,964,130.24
cdf_db,off,1,965,136.85
cdf_db,off,1,966,130.13
cdf_db,off,1,967,157.13
cdf_db,off,1,968,186.24
cdf_db,off,1,969,135.42
cdf_db,off,1,970,139.86
cdf_db,off,1,971,134.03
cdf_db,off,1,972,134.13
cdf_db,off,1,973,131.43
cdf_db,off,1,974,145.94
cdf_db,off,1,975,177.98
cdf_db,off,1,976,132.35
cdf_db,off,1,977,141.31
cdf_db,off,1,978,132.05
cdf_db,off,1,979,154.2
cdf_db,off,1,980,134.231
cdf_db,off,1,981,143.011
cdf_db,off,1,982,173.751
cdf_db,off,1,983,143.72
cdf_db,off,1,984,146.049
cdf_db,off,1,985,136.56
cdf_db,off,1,986,159.511
cdf_db,off,1,987,134.05
cdf_db,off,1,988,204.59
cdf_db,off,1,989,140.08
cdf_db,off,1,990,140.08
cdf_db,off,1,991,132.33
cdf_db,off,1,992,133.5
cdf_db,off,1,993,132.61
cdf_db,off,1,994,159.6
cdf_db,off,1,995,183.56
cdf_db,off,1,996,137.84
cdf_db,off,1,997,133.16
cdf_db,off,1,998,135.19
cdf_db,off,1,999,133.36
cdf_db,off,1,1000,132.04
cdf_db,off,1,1001,144.26
cdf_db,off,1,1002,182.35
cdf_db,off,1,1003,137.81
cdf_db,off,1,1004,132.1
cdf_db,off,1,1005,138.15
cdf_db,off,1,1006,131.48
cdf_db,off,1,1007,134.28
cdf_db,off,1,1008,134.66
cdf_db,off,1,1009,185.7
cdf_db,off,1,1010,136.261
cdf_db,off,1,1011,128.889
cdf_db,off,1,1012,147.18
cdf_db,off,1,1013,133.131
cdf_db,off,1,1014,139.089
cdf_db,off,1,1015,139.569
cdf_db,off,1,1016,195.14
cdf_db,off,1,1017,137.9
cdf_db,off,1,1018,133.4
cdf_db,off,1,1019,138.23
cdf_db,off,1,1020,132.51
cdf_db,off,1,1021,145.95
cdf_db,off,1,1022,135.19
cdf_db,off,1,1023,204.06
cdf_db,off,1,1024,135.44
cdf_db,off,1,1025,138.8
cdf_db,off,1,1026,134.68
cdf_db,off,1,1027,145.85
cdf_db,off,1,1028,138.1
cdf_db,off,1,1029,183.37
cdf_db,off,1,1030,140.42
cdf_db,off,1,1031,135.42
cdf_db,off,1,1032,133.94
cdf_db,off,1,1033,136.56
cdf_db,off,1,1034,154.19
cdf_db,off,1,1035,140.4
cdf_db,off,1,1036,190.96
cdf_db,off,1,1037,137.56
cdf_db,off,1,1038,133.15
cdf_db,off,1,1039,130.29
cdf_db,off,1,1040,140.78
cdf_db,off,1,1041,136.3
cdf_db,off,1,1042,131.2
cdf_db,off,1,1043,214.21
cdf_db,off,1,1044,147.03
cdf_db,off,1,1045,129.51
cdf_db,off,1,1046,137.83
cdf_db,off,1,1047,133.091
cdf_db,off,1,1048,147.54
cdf_db,off,1,1049,162.38
cdf_db,off,1,1050,174.31
cdf_db,off,1,1051,138.55
cdf_db,off,1,1052,136.58
cdf_db,off,1,1053,132.8
cdf_db,off,1,1054,153.94
cdf_db,off,1,1055,137.47
cdf_db,off,1,1056,145.02
cdf_db,off,1,1057,194.21
cdf_db,off,1,1058,162.52
cdf_db,off,1,1059,145.41
cdf_db,off,1,1060,136.89
cdf_db,off,1,1061,158.86
cdf_db,off,1,1062,150.93
cdf_db,off,1,1063,227.97
cdf_db,off,1,1064,133.89
cdf_db,off,1,1065,173.56
cdf_db,off,1,1066,162.17
cdf_db,off,1,1067,159.76
cdf_db,off,1,1068,202.93
cdf_db,off,1,1069,190.27
cdf_db,off,1,1070,134.5
cdf_db,off,1,1071,163.86
cdf_db,off,1,1072,144.04
cdf_db,off,1,1073,133.98
cdf_db,off,1,1074,141.29
cdf_db,off,1,1075,180.14
cdf_db,off,1,1076,134.79
cdf_db,off,1,1077,155.281
cdf_db,off,1,1078,131.36
cdf_db,off,1,1079,138.2
cdf_db,off,1,1080,137.27
cdf_db,off,1,1081,144.05
cdf_db,off,1,1082,182.86
cdf_db,off,1,1083,146.55
cdf_db,off,1,1084,134.66
cdf_db,off,1,1085,135.69
cdf_db,off,1,1086,129.46
cdf_db,off,1,1087,135.46
cdf_db,off,1,1088,134.19
cdf_db,off,1,1089,185.99
cdf_db,off,1,1090,143.9
cdf_db,off,1,1091,132.39
cdf_db,off,1,1092,162.86
cdf_db,off,1,1093,135.96
cdf_db,off,1,1094,136.28
cdf_db,off,1,1095,142.48
cdf_db,off,1,1096,187.26
cdf_db,off,1,1097,137.13
cdf_db,off,1,1098,132.34
cdf_db,off,1,1099,143.79
cdf_db,off,1,1100,144.48
cdf_db,off,1,1101,136.59
cdf_db,off,1,1102,198.0
cdf_db,off,1,1103,137.88
cdf_db,off,1,1104,132.24
cdf_db,off,1,1105,131.55
cdf_db,off,1,1106,139.02
cdf_db,off,1,1107,130.48
cdf_db,off,1,1108,138.82
cdf_db,off,1,1109,211.13
cdf_db,off,1,1110,137.7
cdf_db,off,1,1111,137.309
cdf_db,off,1,1112,133.56
cdf_db,off,1,1113,136.38
cdf_db,off,1,1114,132.26
cdf_db,off,1,1115,129.83
cdf_db,off,1,1116,188.49
cdf_db,off,1,1117,139.32
cdf_db,off,1,1118,132.24
cdf_db,off,1,1119,138.62
cdf_db,off,1,1120,129.38
cdf_db,off,1,1121,134.11
cdf_db,off,1,1122,162.11
cdf_db,off,1,1123,178.52
cdf_db,off,1,1124,140.62
cdf_db,off,1,1125,134.24
cdf_db,off,1,1126,131.23
cdf_db,off,1,1127,140.85
cdf_db,off,1,1128,129.47
cdf_db,off,1,1129,144.97
cdf_db,off,1,1130,182.09
cdf_db,off,1,1131,144.41
cdf_db,off,1,1132,162.12
cdf_db,off,1,1133,135.49
cdf_db,off,1,1134,134.09
cdf_db,off,1,1135,137.07
cdf_db,off,1,1136,133.21
cdf_db,off,1,1137,193.45
cdf_db,off,1,1138,136.11
cdf_db,off,1,1139,158.51
cdf_db,off,1,1140,136.65
cdf_db,off,1,1141,141.97
cdf_db,off,1,1142,139.55
cdf_db,off,1,1143,194.2
cdf_db,off,1,1144,139.809
cdf_db,off,1,1145,152.929
cdf_db,off,1,1146,138.86
cdf_db,off,1,1147,134.909
cdf_db,off,1,1148,132.669
cdf_db,off,1,1149,139.46
cdf_db,off,1,1150,208.031
cdf_db,off,1,1151,134.91
cdf_db,off,1,1152,140.08
cdf_db,off,1,1153,157.15
cdf_db,off,1,1154,137.16
cdf_db,off,1,1155,162.53
cdf_db,off,1,1156,188.01
cdf_db,off,1,1157,155.6
cdf_db,off,1,1158,162.08
cdf_db,off,1,1159,165.69
cdf_db,off,1,1160,154.6
cdf_db,off,1,1161,160.42
cdf_db,off,1,1162,232.78
cdf_db,off,1,1163,133.24
cdf_db,off,1,1164,150.8
cdf_db,off,1,1165,131.92
cdf_db,off,1,1166,139.08
cdf_db,off,1,1167,128.86
cdf_db,off,1,1168,135.54
cdf_db,off,1,1169,182.98
cdf_db,off,1,1170,135.53
cdf_db,off,1,1171,137.06
cdf_db,off,1,1172,132.11
cdf_db,off,1,1173,137.03
cdf_db,off,1,1174,131.771
cdf_db,off,1,1175,130.069
cdf_db,off,1,1176,188.28
cdf_db,off,1,1177,132.191
cdf_db,off,1,1178,142.8
cdf_db,off,1,1179,130.649
cdf_db,off,1,1180,139.361
cdf_db,off,1,1181,137.4
cdf_db,off,1,1182,130.53
cdf_db,off,1,1183,193.8
cdf_db,off,1,1184,137.68
cdf_db,off,1,1185,131.16
cdf_db,off,1,1186,160.61
cdf_db,off,1,1187,134.31
cdf_db,off,1,1188,138.43
cdf_db,off,1,1189,138.29
cdf_db,off,1,1190,188.28
cdf_db,off,1,1191,137.55
cdf_db,off,1,1192,132.18
cdf_db,off,1,1193,137.07
cdf_db,off,1,1194,132.69
cdf_db,off,1,1195,136.35
cdf_db,off,1,1196,144.3
cdf_db,off,1,1197,175.52
cdf_db,off,1,1198,141.91
cdf_db,off,1,1199,131.91
cdf_db,off,1,1200,135.05
cdf_db,off,1,1201,135.77
cdf_db,off,1,1202,134.32
cdf_db,off,1,1203,141.39
cdf_db,off,1,1204,210.0
cdf_db,off,1,1205,141.44
cdf_db,off,1,1206,135.63
cdf_db,off,1,1207,137.551
cdf_db,off,1,1208,136.06
cdf_db,off,1,1209,136.02
cdf_db,off,1,1210,214.529
cdf_db,off,1,1211,140.79
cdf_db,off,1,1212,144.06
cdf_db,off,1,1213,139.91
cdf_db,off,1,1214,133.52
cdf_db,off,1,1215,139.4
cdf_db,off,1,1216,133.57
cdf_db,off,1,1217,190.96
cdf_db,off,1,1218,161.82
cdf_db,off,1,1219,130.85
cdf_db,off,1,1220,142.83
cdf_db,off,1,1221,126.88
cdf_db,off,1,1222,135.91
cdf_db,off,1,1223,142.93
cdf_db,off,1,1224,188.08
cdf_db,off,1,1225,138.96
cdf_db,off,1,1226,136.91
cdf_db,off,1,1227,137.09
cdf_db,off,1,1228,153.82
cdf_db,off,1,1229,140.23
cdf_db,off,1,1230,136.39
cdf_db,off,1,1231,180.41
cdf_db,off,1,1232,135.78
cdf_db,off,1,1233,136.38
cdf_db,off,1,1234,145.11
cdf_db,off,1,1235,134.47
cdf_db,off,1,1236,155.37
cdf_db,off,1,1237,192.05
cdf_db,off,1,1238,137.2
cdf_db,off,1,1239,135.38
cdf_db,off,1,1240,131.15
cdf_db,off,1,1241,130.52
cdf_db,off,1,1242,161.62
cdf_db,off,1,1243,133.041
cdf_db,off,1,1244,191.11
cdf_db,off,1,1245,134.58
cdf_db,off,1,1246,156.28
cdf_db,off,1,1247,896.41
cdf_db,off,1,1248,363.62
cdf_db,off,1,1249,226.29
cdf_db,off,1,1250,219.01
cdf_db,off,1,1251,220.27
cdf_db,off,1,1252,151.82
cdf_db,off,1,1253,196.8
cdf_db,off,1,1254,168.59
cdf_db,off,1,1255,242.13
cdf_db,off,1,1256,145.15
cdf_db,off,1,1257,147.72
cdf_db,off,1,1258,139.96
cdf_db,off,1,1259,147.63
cdf_db,off,1,1260,141.93
cdf_db,off,1,1261,146.6
cdf_db,off,1,1262,198.89
cdf_db,off,1,1263,143.83
cdf_db,off,1,1264,137.55
cdf_db,off,1,1265,140.13
cdf_db,off,1,1266,133.171
cdf_db,off,1,1267,157.991
cdf_db,off,1,1268,188.58
cdf_db,off,1,1269,138.04
cdf_db,off,1,1270,136.491
cdf_db,off,1,1271,138.88
cdf_db,off,1,1272,131.78
cdf_db,off,1,1273,137.81
cdf_db,off,1,1274,134.33
cdf_db,off,1,1275,189.65
cdf_db,off,1,1276,157.6
cdf_db,off,1,1277,146.06
cdf_db,off,1,1278,136.49
cdf_db,off,1,1279,160.48
cdf_db,off,1,1280,421.37
cdf_db,off,1,1281,204.92
cdf_db,off,1,1282,149.82
cdf_db,off,1,1283,142.12
cdf_db,off,1,1284,136.3
cdf_db,off,1,1285,136.72
cdf_db,off,1,1286,191.76
cdf_db,off,1,1287,140.94
cdf_db,off,1,1288,134.83
cdf_db,off,1,1289,144.44
cdf_db,off,1,1290,136.21
cdf_db,off,1,1291,137.56
cdf_db,off,1,1292,134.87
cdf_db,off,1,1293,191.72
cdf_db,off,1,1294,138.261
cdf_db,off,1,1295,131.82
cdf_db,off,1,1296,138.22
cdf_db,off,1,1297,134.02
cdf_db,off,1,1298,171.851
cdf_db,off,1,1299,140.9
cdf_db,off,1,1300,191.991
cdf_db,off,1,1301,137.39
cdf_db,off,1,1302,131.42
cdf_db,off,1,1303,136.78
cdf_db,off,1,1304,130.76
cdf_db,off,1,1305,132.06
cdf_db,off,1,1306,138.25
cdf_db,off,1,1307,181.17
cdf_db,off,1,1308,138.99
cdf_db,off,1,1309,136.19
cdf_db,off,1,1310,137.21
cdf_db,off,1,1311,164.63
cdf_db,off,1,1312,135.76
cdf_db,off,1,1313,132.19
cdf_db,off,1,1314,198.52
cdf_db,off,1,1315,132.15
cdf_db,off,1,1316,129.83
cdf_db,off,1,1317,137.29
cdf_db,off,1,1318,133.72
cdf_db,off,1,1319,129.15
cdf_db,off,1,1320,139.55
cdf_db,off,1,1321,175.25
cdf_db,off,1,1322,152.33
cdf_db,off,1,1323,135.51
cdf_db,off,1,1324,130.21
cdf_db,off,1,1325,133.93
cdf_db,off,1,1326,131.16
cdf_db,off,1,1327,137.721
cdf_db,off,1,1328,178.86
cdf_db,off,1,1329,155.56
cdf_db,off,1,1330,130.04
cdf_db,off,1,1331,132.229
cdf_db,off,1,1332,133.651
cdf_db,off,1,1333,133.66
cdf_db,off,1,1334,131.371
cdf_db,off,1,1335,177.51
cdf_db,off,1,1336,136.13
cdf_db,off,1,1337,130.49
cdf_db,off,1,1338,132.65
cdf_db,off,1,1339,132.76
cdf_db,off,1,1340,155.53
cdf_db,off,1,1341,144.41
cdf_db,off,1,1342,175.1
cdf_db,off,1,1343,131.29
cdf_db,off,1,1344,137.24
cdf_db,off,1,1345,130.22
cdf_db,off,1,1346,130.54
cdf_db,off,1,1347,132.42
cdf_db,off,1,1348,140.6
cdf_db,off,1,1349,189.17
cdf_db,off,1,1350,133.08
cdf_db,off,1,1351,139.71
cdf_db,off,1,1352,142.36
cdf_db,off,1,1353,132.54
cdf_db,off,1,1354,131.6
cdf_db,off,1,1355,136.83
cdf_db,off,1,1356,205.25
cdf_db,off,1,1357,136.02
cdf_db,off,1,1358,135.33
cdf_db,off,1,1359,140.14
cdf_db,off,1,1360,136.091
cdf_db,off,1,1361,134.98
cdf_db,off,1,1362,199.44
cdf_db,off,1,1363,135.389
cdf_db,off,1,1364,135.16
cdf_db,off,1,1365,139.589
cdf_db,off,1,1366,160.82
cdf_db,off,1,1367,136.36
cdf_db,off,1,1368,135.86
cdf_db,off,1,1369,188.65
cdf_db,off,1,1370,135.42
cdf_db,off,1,1371,133.04
cdf_db,off,1,1372,128.47
cdf_db,off,1,1373,135.06
cdf_db,off,1,1374,128.68
cdf_db,off,1,1375,129.67
cdf_db,off,1,1376,187.33
cdf_db,off,1,1377,135.13
cdf_db,off,1,1378,132.38
cdf_db,off,1,1379,133.51
cdf_db,off,1,1380,130.53
cdf_db,off,1,1381,131.8
cdf_db,off,1,1382,131.21
cdf_db,off,1,1383,185.21
cdf_db,off,1,1384,134.32
cdf_db,off,1,1385,153.01
cdf_db,off,1,1386,131.87
cdf_db,off,1,1387,130.03
cdf_db,off,1,1388,129.1
cdf_db,off,1,1389,132.4
cdf_db,off,1,1390,188.12
cdf_db,off,1,1391,129.22
cdf_db,off,1,1392,130.39
cdf_db,off,1,1393,135.51
cdf_db,off,1,1394,131.741
cdf_db,off,1,1395,129.929
cdf_db,off,1,1396,130.471
cdf_db,off,1,1397,191.821
cdf_db,off,1,1398,129.84
cdf_db,off,1,1399,157.67
cdf_db,off,1,1400,132.63
cdf_db,off,1,1401,126.43
cdf_db,off,1,1402,130.05
cdf_db,off,1,1403,130.96
cdf_db,off,1,1404,184.99
cdf_db,off,1,1405,142.63
cdf_db,off,1,1406,132.92
cdf_db,off,1,1407,135.72
cdf_db,off,1,1408,131.06
cdf_db,off,1,1409,139.98
cdf_db,off,1,1410,166.31
cdf_db,off,1,1411,186.91
cdf_db,off,1,1412,135.76
cdf_db,off,1,1413,132.11
cdf_db,off,1,1414,130.24
cdf_db,off,1,1415,129.35
cdf_db,off,1,1416,134.04
cdf_db,off,1,1417,138.05
cdf_db,off,1,1418,209.76
cdf_db,off,1,1419,137.22
cdf_db,off,1,1420,132.19
cdf_db,off,1,1421,133.31
cdf_db,off,1,1422,146.79
cdf_db,off,1,1423,134.27
cdf_db,off,1,1424,166.26
cdf_db,off,1,1425,201.39
cdf_db,off,1,1426,141.63
cdf_db,off,1,1427,141.84
cdf_db,off,1,1428,157.23
cdf_db,off,1,1429,139.93
cdf_db,off,1,1430,136.35
cdf_db,off,1,1431,196.91
cdf_db,off,1,1432,165.231
cdf_db,off,1,1433,135.569
cdf_db,off,1,1434,130.731
cdf_db,off,1,1435,161.1
cdf_db,off,1,1436,159.22
cdf_db,off,1,1437,233.91
cdf_db,off,1,1438,135.98
cdf_db,off,1,1439,138.26
cdf_db,off,1,1440,142.11
cdf_db,off,1,1441,132.22
cdf_db,off,1,1442,137.33
cdf_db,off,1,1443,132.49
cdf_db,off,1,1444,190.44
cdf_db,off,1,1445,130.85
cdf_db,off,1,1446,140.92
cdf_db,off,1,1447,143.04
cdf_db,off,1,1448,135.35
cdf_db,off,1,1449,130.83
cdf_db,off,1,1450,131.29
cdf_db,off,1,1451,190.75
cdf_db,off,1,1452,138.12
cdf_db,off,1,1453,134.95
cdf_db,off,1,1454,135.81
cdf_db,off,1,1455,135.31
cdf_db,off,1,1456,133.76
cdf_db,off,1,1457,140.17
cdf_db,off,1,1458,186.15
cdf_db,off,1,1459,132.08
cdf_db,off,1,1460,138.89
cdf_db,off,1,1461,160.701
cdf_db,off,1,1462,135.66
cdf_db,off,1,1463,134.82
cdf_db,off,1,1464,139.231
cdf_db,off,1,1465,182.26
cdf_db,off,1,1466,137.641
cdf_db,off,1,1467,130.91
cdf_db,off,1,1468,129.5
cdf_db,off,1,1469,137.78
cdf_db,off,1,1470,132.96
cdf_db,off,1,1471,141.31
cdf_db,off,1,1472,178.11
cdf_db,off,1,1473,133.4
cdf_db,off,1,1474,129.84
cdf_db,off,1,1475,127.59
cdf_db,off,1,1476,140.6
cdf_db,off,1,1477,133.43
cdf_db,off,1,1478,137.02
cdf_db,off,1,1479,180.34
cdf_db,off,1,1480,158.81
cdf_db,off,1,1481,135.37
cdf_db,off,1,1482,135.12
cdf_db,off,1,1483,134.36
cdf_db,off,1,1484,137.14
cdf_db,off,1,1485,134.84
cdf_db,off,1,1486,186.4
cdf_db,off,1,1487,136.19
cdf_db,off,1,1488,129.2
cdf_db,off,1,1489,150.4
cdf_db,off,1,1490,134.07
cdf_db,off,1,1491,147.79
cdf_db,off,1,1492,136.24
cdf_db,off,1,1493,182.081
cdf_db,off,1,1494,134.52
cdf_db,off,1,1495,153.4
cdf_db,off,1,1496,136.38
cdf_db,off,1,1497,132.689
cdf_db,off,1,1498,131.88
cdf_db,off,1,1499,139.14
cdf_db,off,1,1500,210.01
cdf_db,off,1,1501,137.29
cdf_db,off,1,1502,138.34
cdf_db,off,1,1503,134.08
cdf_db,off,1,1504,136.13
cdf_db,off,1,1505,129.62
cdf_db,off,1,1506,217.58
cdf_db,off,1,1507,140.41
cdf_db,off,1,1508,131.2
cdf_db,off,1,1509,146.23
cdf_db,off,1,1510,130.77
cdf_db,off,1,1511,127.85
cdf_db,off,1,1512,133.9
cdf_db,off,1,1513,197.73
cdf_db,off,1,1514,135.87
cdf_db,off,1,1515,133.27
cdf_db,off,1,1516,145.84
cdf_db,off,1,1517,134.12
cdf_db,off,1,1518,138.25
cdf_db,off,1,1519,134.87
cdf_db,off,1,1520,183.15
cdf_db,off,1,1521,135.99
cdf_db,off,1,1522,132.54
cdf_db,off,1,1523,129.03
cdf_db,off,1,1524,134.66
cdf_db,off,1,1525,129.52
cdf_db,off,1,1526,134.08
cdf_db,off,1,1527,186.311
cdf_db,off,1,1528,137.329
cdf_db,off,1,1529,133.889
cdf_db,off,1,1530,139.22
cdf_db,off,1,1531,130.42
cdf_db,off,1,1532,133.711
cdf_db,off,1,1533,161.951
cdf_db,off,1,1534,180.66
cdf_db,off,1,1535,139.09
cdf_db,off,1,1536,138.29
cdf_db,off,1,1537,130.42
cdf_db,off,1,1538,136.05
cdf_db,off,1,1539,132.05
cdf_db,off,1,1540,141.08
cdf_db,off,1,1541,184.41
cdf_db,off,1,1542,134.0
cdf_db,off,1,1543,126.92
cdf_db,off,1,1544,139.52
cdf_db,off,1,1545,135.3
cdf_db,off,1,1546,129.82
cdf_db,off,1,1547,130.64
cdf_db,off,1,1548,186.7
cdf_db,off,1,1549,133.0
cdf_db,off,1,1550,128.61
cdf_db,off,1,1551,128.99
cdf_db,off,1,1552,124.42
cdf_db,off,1,1553,128.35
cdf_db,off,1,1554,154.16
cdf_db,off,1,1555,183.62
cdf_db,off,1,1556,132.55
cdf_db,off,1,1557,129.57
cdf_db,off,1,1558,131.66
cdf_db,off,1,1559,129.71
cdf_db,off,1,1560,127.641
cdf_db,off,1,1561,135.52
cdf_db,off,1,1562,183.269
cdf_db,off,1,1563,132.78
cdf_db,off,1,1564,130.16
cdf_db,off,1,1565,131.33
cdf_db,off,1,1566,129.11
cdf_db,off,1,1567,127.92
cdf_db,off,1,1568,144.11
cdf_db,off,1,1569,140.44
cdf_db,off,1,1570,217.02
cdf_db,off,1,1571,132.97
cdf_db,off,1,1572,130.45
cdf_db,off,1,1573,131.89
cdf_db,off,1,1574,129.08
cdf_db,off,1,1575,130.24
cdf_db,off,1,1576,182.4
cdf_db,off,1,1577,134.6
cdf_db,off,1,1578,128.7
cdf_db,off,1,1579,132.96
cdf_db,off,1,1580,129.58
cdf_db,off,1,1581,152.43
cdf_db,off,1,1582,130.35
cdf_db,off,1,1583,183.89
cdf_db,off,1,1584,129.19
cdf_db,off,1,1585,134.11
cdf_db,off,1,1586,129.99
cdf_db,off,1,1587,129.28
cdf_db,off,1,1588,132.11
cdf_db,off,1,1589,129.48
cdf_db,off,1,1590,161.94
cdf_db,off,1,1591,177.37
cdf_db,off,1,1592,129.7
cdf_db,off,1,1593,140.25
cdf_db,off,1,1594,134.3
cdf_db,off,1,1595,132.05
cdf_db,off,1,1596,136.22
cdf_db,off,1,1597,205.83
cdf_db,off,1,1598,129.111
cdf_db,off,1,1599,128.44
cdf_db,off,1,1600,132.52
cdf_db,off,1,1601,129.861
cdf_db,off,1,1602,151.16
cdf_db,off,1,1603,129.36
cdf_db,off,1,1604,184.27
cdf_db,off,1,1605,153.81
cdf_db,off,1,1606,132.54
cdf_db,off,1,1607,133.27
cdf_db,off,1,1608,151.14
cdf_db,off,1,1609,130.04
cdf_db,off,1,1610,151.92
cdf_db,off,1,1611,207.4
cdf_db,off,1,1612,176.97
cdf_db,off,1,1613,132.59
cdf_db,off,1,1614,131.91
cdf_db,off,1,1615,131.51
cdf_db,off,1,1616,126.83
cdf_db,off,1,1617,132.37
cdf_db,off,1,1618,176.93
cdf_db,off,1,1619,132.34
cdf_db,off,1,1620,139.36
cdf_db,off,1,1621,131.02
cdf_db,off,1,1622,125.2
cdf_db,off,1,1623,131.72
cdf_db,off,1,1624,130.05
cdf_db,off,1,1625,177.58
cdf_db,off,1,1626,127.7
cdf_db,off,1,1627,128.86
cdf_db,off,1,1628,128.89
cdf_db,off,1,1629,133.89
cdf_db,off,1,1630,136.8
cdf_db,off,1,1631,129.321
cdf_db,off,1,1632,204.309
cdf_db,off,1,1633,132.629
cdf_db,off,1,1634,131.78
cdf_db,off,1,1635,135.66
cdf_db,off,1,1636,156.79
cdf_db,off,1,1637,133.73
cdf_db,off,1,1638,133.86
cdf_db,off,1,1639,176.65
cdf_db,off,1,1640,131.25
cdf_db,off,1,1641,140.08
cdf_db,off,1,1642,128.49
cdf_db,off,1,1643,128.49
cdf_db,off,1,1644,132.92
cdf_db,off,1,1645,129.2
cdf_db,off,1,1646,201.99
cdf_db,off,1,1647,134.58
cdf_db,off,1,1648,129.99
cdf_db,off,1,1649,131.21
cdf_db,off,1,1650,131.92
cdf_db,off,1,1651,130.39
cdf_db,off,1,1652,125.78
cdf_db,off,1,1653,182.31
cdf_db,off,1,1654,128.87
cdf_db,off,1,1655,130.81
cdf_db,off,1,1656,128.68
cdf_db,off,1,1657,128.77
cdf_db,off,1,1658,128.0
cdf_db,off,1,1659,129.79
cdf_db,off,1,1660,132.67
cdf_db,off,1,1661,170.35
cdf_db,off,1,1662,127.95
cdf_db,off,1,1663,128.181
cdf_db,off,1,1664,126.829
cdf_db,off,1,1665,128.2
cdf_db,off,1,1666,128.08
cdf_db,off,1,1667,140.28
cdf_db,off,1,1668,176.109
cdf_db,off,1,1669,129.491
cdf_db,off,1,1670,125.43
cdf_db,off,1,1671,154.37
cdf_db,off,1,1672,128.8
cdf_db,off,1,1673,129.2
cdf_db,off,1,1674,131.01
cdf_db,off,1,1675,183.45
cdf_db,off,1,1676,128.86
cdf_db,off,1,1677,127.93
cdf_db,off,1,1678,125.44
cdf_db,off,1,1679,127.26
cdf_db,off,1,1680,130.47
cdf_db,off,1,1681,126.18
cdf_db,off,1,1682,183.89
cdf_db,off,1,1683,134.31
cdf_db,off,1,1684,129.33
cdf_db,off,1,1685,125.66
cdf_db,off,1,1686,140.75
cdf_db,off,1,1687,128.41
cdf_db,off,1,1688,125.76
cdf_db,off,1,1689,136.08
cdf_db,off,1,1690,176.74
cdf_db,off,1,1691,129.34
cdf_db,off,1,1692,131.27
cdf_db,off,1,1693,130.11
cdf_db,off,1,1694,129.05
cdf_db,off,1,1695,126.67
cdf_db,off,1,1696,135.401
cdf_db,off,1,1697,177.871
cdf_db,off,1,1698,131.78
cdf_db,off,1,1699,150.071
cdf_db,off,1,1700,127.2
cdf_db,off,1,1701,127.391
cdf_db,off,1,1702,126.769
cdf_db,off,1,1703,127.489
cdf_db,off,1,1704,185.441
cdf_db,off,1,1705,140.89
cdf_db,off,1,1706,133.69
cdf_db,off,1,1707,132.58
cdf_db,off,1,1708,130.37
cdf_db,off,1,1709,134.32
cdf_db,off,1,1710,130.81
cdf_db,off,1,1711,188.93
cdf_db,off,1,1712,129.96
cdf_db,off,1,1713,128.84
cdf_db,off,1,1714,142.02
cdf_db,off,1,1715,127.21
cdf_db,off,1,1716,127.72
cdf_db,off,1,1717,132.53
cdf_db,off,1,1718,197.56
cdf_db,off,1,1719,133.08
cdf_db,off,1,1720,131.37
cdf_db,off,1,1721,153.6
cdf_db,off,1,1722,130.83
cdf_db,off,1,1723,126.9
cdf_db,off,1,1724,349.25
cdf_db,off,1,1725,195.09
cdf_db,off,1,1726,129.32
cdf_db,off,1,1727,139.01
cdf_db,off,1,1728,133.07
cdf_db,off,1,1729,131.16
cdf_db,off,1,1730,135.07
cdf_db,off,1,1731,173.67
cdf_db,off,1,1732,132.19
cdf_db,off,1,1733,132.021
cdf_db,off,1,1734,132.311
cdf_db,off,1,1735,127.091
cdf_db,off,1,1736,130.101
cdf_db,off,1,1737,136.91
cdf_db,off,1,1738,201.83
cdf_db,off,1,1739,133.51
cdf_db,off,1,1740,128.65
cdf_db,off,1,1741,133.15
cdf_db,off,1,1742,128.84
cdf_db,off,1,1743,133.14
cdf_db,off,1,1744,141.57
cdf_db,off,1,1745,181.5
cdf_db,off,1,1746,128.61
cdf_db,off,1,1747,131.5
cdf_db,off,1,1748,132.0
cdf_db,off,1,1749,152.64
cdf_db,off,1,1750,135.49
cdf_db,off,1,1751,134.64
cdf_db,off,1,1752,175.67
cdf_db,off,1,1753,133.94
cdf_db,off,1,1754,132.91
cdf_db,off,1,1755,128.12
cdf_db,off,1,1756,126.73
cdf_db,off,1,1757,128.91
cdf_db,off,1,1758,158.47
cdf_db,off,1,1759,181.75
cdf_db,off,1,1760,130.19
cdf_db,off,1,1761,127.79
cdf_db,off,1,1762,130.22
cdf_db,off,1,1763,128.85
cdf_db,off,1,1764,129.93
cdf_db,off,1,1765,149.39
cdf_db,off,1,1766,640.431
cdf_db,off,1,1767,169.3
cdf_db,off,1,1768,177.76
cdf_db,off,1,1769,197.46
cdf_db,off,1,1770,135.98
cdf_db,off,1,1771,172.07
cdf_db,off,1,1772,135.64
cdf_db,off,1,1773,132.6
cdf_db,off,1,1774,162.93
cdf_db,off,1,1775,137.69
cdf_db,off,1,1776,208.05
cdf_db,off,1,1777,134.28
cdf_db,off,1,1778,137.1
cdf_db,off,1,1779,156.44
cdf_db,off,1,1780,153.63
cdf_db,off,1,1781,190.62
cdf_db,off,1,1782,175.05
cdf_db,off,1,1783,129.03
cdf_db,off,1,1784,135.63
cdf_db,off,1,1785,139.19
cdf_db,off,1,1786,128.91
cdf_db,off,1,1787,128.07
cdf_db,off,1,1788,144.14
cdf_db,off,1,1789,204.28
cdf_db,off,1,1790,155.97
cdf_db,off,1,1791,137.91
cdf_db,off,1,1792,131.45
cdf_db,off,1,1793,130.73
cdf_db,off,1,1794,131.07
cdf_db,off,1,1795,131.011
cdf_db,off,1,1796,172.669
cdf_db,off,1,1797,129.209
cdf_db,off,1,1798,128.7
cdf_db,off,1,1799,132.51
cdf_db,off,1,1800,128.14
cdf_db,off,1,1801,129.28
cdf_db,off,1,1802,135.24
cdf_db,off,1,1803,174.63
cdf_db,off,1,1804,129.05
cdf_db,off,1,1805,130.59
cdf_db,off,1,1806,128.96
cdf_db,off,1,1807,127.78
cdf_db,off,1,1808,127.46
cdf_db,off,1,1809,130.44
cdf_db,off,1,1810,183.5
cdf_db,off,1,1811,131.34
cdf_db,off,1,1812,126.15
cdf_db,off,1,1813,129.85
cdf_db,off,1,1814,131.0
cdf_db,off,1,1815,129.42
cdf_db,off,1,1816,129.34
cdf_db,off,1,1817,199.64
cdf_db,off,1,1818,131.67
cdf_db,off,1,1819,132.69
cdf_db,off,1,1820,128.39
cdf_db,off,1,1821,142.23
cdf_db,off,1,1822,128.07
cdf_db,off,1,1823,127.38
cdf_db,off,1,1824,133.33
cdf_db,off,1,1825,171.6
cdf_db,off,1,1826,129.21
cdf_db,off,1,1827,129.83
cdf_db,off,1,1828,130.06
cdf_db,off,1,1829,150.151
cdf_db,off,1,1830,127.36
cdf_db,off,1,1831,135.669
cdf_db,off,1,1832,175.82
cdf_db,off,1,1833,132.511
cdf_db,off,1,1834,131.829
cdf_db,off,1,1835,126.04
cdf_db,off,1,1836,128.74
cdf_db,off,1,1837,126.711
cdf_db,off,1,1838,125.55
cdf_db,off,1,1839,202.71
cdf_db,off,1,1840,139.23
cdf_db,off,1,1841,133.73
cdf_db,off,1,1842,130.74
cdf_db,off,1,1843,129.13
cdf_db,off,1,1844,127.22
cdf_db,off,1,1845,138.5
cdf_db,off,1,1846,188.51
cdf_db,off,1,1847,129.37
cdf_db,off,1,1848,131.42
cdf_db,off,1,1849,139.34
cdf_db,off,1,1850,128.86
cdf_db,off,1,1851,128.9
cdf_db,off,1,1852,131.64
cdf_db,off,1,1853,187.67
cdf_db,off,1,1854,133.51
cdf_db,off,1,1855,129.56
cdf_db,off,1,1856,129.74
cdf_db,off,1,1857,128.89
cdf_db,off,1,1858,128.47
cdf_db,off,1,1859,129.49
cdf_db,off,1,1860,204.16
cdf_db,off,1,1861,141.051
cdf_db,off,1,1862,132.831
cdf_db,off,1,1863,130.84
cdf_db,off,1,1864,132.72
cdf_db,off,1,1865,129.28
cdf_db,off,1,1866,128.351
cdf_db,off,1,1867,194.169
cdf_db,off,1,1868,127.56
cdf_db,off,1,1869,143.571
cdf_db,off,1,1870,133.85
cdf_db,off,1,1871,127.71
cdf_db,off,1,1872,138.31
cdf_db,off,1,1873,129.53
cdf_db,off,1,1874,178.16
cdf_db,off,1,1875,131.54
cdf_db,off,1,1876,129.61
cdf_db,off,1,1877,130.85
cdf_db,off,1,1878,130.25
cdf_db,off,1,1879,132.41
cdf_db,off,1,1880,127.46
cdf_db,off,1,1881,133.91
cdf_db,off,1,1882,182.97
cdf_db,off,1,1883,152.16
cdf_db,off,1,1884,129.72
cdf_db,off,1,1885,137.71
cdf_db,off,1,1886,129.07
cdf_db,off,1,1887,128.58
cdf_db,off,1,1888,134.7
cdf_db,off,1,1889,173.92
cdf_db,off,1,1890,132.62
cdf_db,off,1,1891,142.53
cdf_db,off,1,1892,133.73
cdf_db,off,1,1893,130.83
cdf_db,off,1,1894,127.92
cdf_db,off,1,1895,135.26
cdf_db,off,1,1896,178.84
cdf_db,off,1,1897,130.36
cdf_db,off,1,1898,135.46
cdf_db,off,1,1899,152.531
cdf_db,off,1,1900,127.04
cdf_db,off,1,1901,127.851
cdf_db,off,1,1902,137.26
cdf_db,off,1,1903,174.15
cdf_db,off,1,1904,130.41
cdf_db,off,1,1905,126.4
cdf_db,off,1,1906,141.93
cdf_db,off,1,1907,133.5
cdf_db,off,1,1908,129.0
cdf_db,off,1,1909,140.17
cdf_db,off,1,1910,178.27
cdf_db,off,1,1911,128.38
cdf_db,off,1,1912,147.08
cdf_db,off,1,1913,129.6
cdf_db,off,1,1914,126.68
cdf_db,off,1,1915,129.82
cdf_db,off,1,1916,126.44
cdf_db,off,1,1917,185.27
cdf_db,off,1,1918,130.8
cdf_db,off,1,1919,130.72
cdf_db,off,1,1920,129.77
cdf_db,off,1,1921,157.91
cdf_db,off,1,1922,133.65
cdf_db,off,1,1923,132.0
cdf_db,off,1,1924,183.88
cdf_db,off,1,1925,137.61
cdf_db,off,1,1926,131.97
cdf_db,off,1,1927,130.16
cdf_db,off,1,1928,150.19
cdf_db,off,1,1929,130.59
cdf_db,off,1,1930,129.22
cdf_db,off,1,1931,185.83
cdf_db,off,1,1932,141.81
cdf_db,off,1,1933,133.39
cdf_db,off,1,1934,169.291
cdf_db,off,1,1935,128.08
cdf_db,off,1,1936,131.561
cdf_db,off,1,1937,135.95
cdf_db,off,1,1938,235.61
cdf_db,off,1,1939,141.46
cdf_db,off,1,1940,132.45
cdf_db,off,1,1941,152.98
cdf_db,off,1,1942,133.03
cdf_db,off,1,1943,169.07
cdf_db,off,1,1944,217.2
cdf_db,off,1,1945,177.27
cdf_db,off,1,1946,135.43
cdf_db,off,1,1947,137.55
cdf_db,off,1,1948,135.61
cdf_db,off,1,1949,133.25
cdf_db,off,1,1950,138.89
cdf_db,off,1,1951,178.63
cdf_db,off,1,1952,128.65
cdf_db,off,1,1953,130.78
cdf_db,off,1,1954,130.01
cdf_db,off,1,1955,125.98
cdf_db,off,1,1956,134.4
cdf_db,off,1,1957,135.5
cdf_db,off,1,1958,177.62
cdf_db,off,1,1959,127.09
cdf_db,off,1,1960,127.15
cdf_db,off,1,1961,130.09
cdf_db,off,1,1962,128.42
cdf_db,off,1,1963,135.9
cdf_db,off,1,1964,131.06
cdf_db,off,1,1965,182.71
cdf_db,off,1,1966,133.341
cdf_db,off,1,1967,132.109
cdf_db,off,1,1968,128.96
cdf_db,off,1,1969,127.211
cdf_db,off,1,1970,139.86
cdf_db,off,1,1971,131.34
cdf_db,off,1,1972,181.42
cdf_db,off,1,1973,132.32
cdf_db,off,1,1974,137.06
cdf_db,off,1,1975,128.83
cdf_db,off,1,1976,132.01
cdf_db,off,1,1977,142.27
cdf_db,off,1,1978,130.7
cdf_db,off,1,1979,186.32
cdf_db,off,1,1980,130.73
cdf_db,off,1,1981,129.09
cdf_db,off,1,1982,129.86
cdf_db,off,1,1983,127.39
cdf_db,off,1,1984,126.98
cdf_db,off,1,1985,127.27
cdf_db,off,1,1986,131.31
cdf_db,off,1,1987,174.13
cdf_db,off,1,1988,127.0
cdf_db,off,1,1989,128.92
cdf_db,off,1,1990,127.85
cdf_db,off,1,1991,127.26
cdf_db,off,1,1992,128.44
cdf_db,off,1,1993,159.96
cdf_db,off,1,1994,174.52
cdf_db,off,1,1995,128.96
cdf_db,off,1,1996,129.84
cdf_db,off,1,1997,126.98
cdf_db,off,1,1998,128.4
cdf_db,off,1,1999,147.2
cdf_db,off,1,2000,162.971
cdf_db,off,1,2001,184.56
cdf_db,off,1,2002,154.82
cdf_db,off,1,2003,130.18
cdf_db,off,1,2004,130.151
cdf_db,off,1,2005,128.46
cdf_db,off,1,2006,126.729
cdf_db,off,1,2007,158.209
cdf_db,off,1,2008,197.99
cdf_db,off,1,2009,131.56
cdf_db,off,1,2010,140.34
cdf_db,off,1,2011,138.04
cdf_db,off,1,2012,130.29
cdf_db,off,1,2013,129.77
cdf_db,off,1,2014,143.29
cdf_db,off,1,2015,183.33
cdf_db,off,1,2016,131.91
cdf_db,off,1,2017,126.97
cdf_db,off,1,2018,130.19
cdf_db,off,1,2019,131.86
cdf_db,off,1,2020,126.67
cdf_db,off,1,2021,134.03
cdf_db,off,1,2022,178.4
cdf_db,off,1,2023,155.71
cdf_db,off,1,2024,139.32
cdf_db,off,1,2025,135.17
cdf_db,off,1,2026,140.26
cdf_db,off,1,2027,128.65
cdf_db,off,1,2028,133.03
cdf_db,off,1,2029,185.38
cdf_db,off,1,2030,144.17
cdf_db,off,1,2031,131.44
cdf_db,off,1,2032,122.69
cdf_db,off,1,2033,127.071
cdf_db,off,1,2034,131.411
cdf_db,off,1,2035,139.14
cdf_db,off,1,2036,183.0
cdf_db,off,1,2037,130.711
cdf_db,off,1,2038,127.809
cdf_db,off,1,2039,128.86
cdf_db,off,1,2040,130.651
cdf_db,off,1,2041,128.66
cdf_db,off,1,2042,128.64
cdf_db,off,1,2043,188.36
cdf_db,off,1,2044,133.18
cdf_db,off,1,2045,130.7
cdf_db,off,1,2046,167.78
cdf_db,off,1,2047,134.81
cdf_db,off,1,2048,134.35
cdf_db,off,1,2049,140.74
cdf_db,off,1,2050,185.06
cdf_db,off,1,2051,131.12
cdf_db,off,1,2052,131.09
cdf_db,off,1,2053,136.3
cdf_db,off,1,2054,139.31
cdf_db,off,1,2055,130.15
cdf_db,off,1,2056,145.87
cdf_db,off,1,2057,177.01
cdf_db,off,1,2058,131.2
cdf_db,off,1,2059,131.41
cdf_db,off,1,2060,126.54
cdf_db,off,1,2061,130.82
cdf_db,off,1,2062,133.46
cdf_db,off,1,2063,152.43
cdf_db,off,1,2064,174.52
cdf_db,off,1,2065,128.64
cdf_db,off,1,2066,129.51
cdf_db,off,1,2067,129.23
cdf_db,off,1,2068,129.131
cdf_db,off,1,2069,138.371
cdf_db,off,1,2070,130.68
cdf_db,off,1,2071,184.8
cdf_db,off,1,2072,130.01
cdf_db,off,1,2073,132.63
cdf_db,off,1,2074,130.23
cdf_db,off,1,2075,125.58
cdf_db,off,1,2076,148.14
cdf_db,off,1,2077,128.02
cdf_db,off,1,2078,190.32
cdf_db,off,1,2079,133.17
cdf_db,off,1,2080,152.08
cdf_db,off,1,2081,141.57
cdf_db,off,1,2082,134.29
cdf_db,off,1,2083,137.87
cdf_db,off,1,2084,130.86
cdf_db,off,1,2085,235.61
cdf_db,off,1,2086,135.81
cdf_db,off,1,2087,130.73
cdf_db,off,1,2088,133.04
cdf_db,off,1,2089,127.45
cdf_db,off,1,2090,127.48
cdf_db,off,1,2091,130.85
cdf_db,off,1,2092,215.84
cdf_db,off,1,2093,130.98
cdf_db,off,1,2094,130.13
cdf_db,off,1,2095,127.22
cdf_db,off,1,2096,158.6
cdf_db,off,1,2097,143.08
cdf_db,off,1,2098,163.98
cdf_db,off,1,2099,180.52
cdf_db,off,1,2100,137.36
cdf_db,off,1,2101,131.23
cdf_db,off,1,2102,160.68
cdf_db,off,1,2103,134.18
cdf_db,off,1,2104,132.88
cdf_db,off,1,2105,205.77
cdf_db,off,1,2106,135.12
cdf_db,off,1,2107,152.91
cdf_db,off,1,2108,142.03
cdf_db,off,1,2109,157.29
cdf_db,off,1,2110,131.99
cdf_db,off,1,2111,156.96
cdf_db,off,1,2112,176.87
cdf_db,off,1,2113,134.08
cdf_db,off,1,2114,128.47
cdf_db,off,1,2115,126.74
cdf_db,off,1,2116,131.45
cdf_db,off,1,2117,129.38
cdf_db,off,1,2118,131.64
cdf_db,off,1,2119,183.44
cdf_db,off,1,2120,132.06
cdf_db,off,1,2121,132.35
cdf_db,off,1,2122,132.02
cdf_db,off,1,2123,130.62
cdf_db,off,1,2124,131.83
cdf_db,off,1,2125,135.54
cdf_db,off,1,2126,185.15
cdf_db,off,1,2127,130.91
cdf_db,off,1,2128,128.34
cdf_db,off,1,2129,129.18
cdf_db,off,1,2130,130.33
cdf_db,off,1,2131,129.13
cdf_db,off,1,2132,128.37
cdf_db,off,1,2133,208.66
cdf_db,off,1,2134,129.19
cdf_db,off,1,2135,129.42
cdf_db,off,1,2136,130.549
cdf_db,off,1,2137,126.149
cdf_db,off,1,2138,129.29
cdf_db,off,1,2139,128.26
cdf_db,off,1,2140,136.6
cdf_db,off,1,2141,173.9
cdf_db,off,1,2142,130.16
cdf_db,off,1,2143,130.74
cdf_db,off,1,2144,147.7
cdf_db,off,1,2145,128.42
cdf_db,off,1,2146,133.3
cdf_db,off,1,2147,139.8
cdf_db,off,1,2148,167.75
cdf_db,off,1,2149,129.75
cdf_db,off,1,2150,122.5
cdf_db,off,1,2151,153.12
cdf_db,off,1,2152,133.35
cdf_db,off,1,2153,156.92
cdf_db,off,1,2154,154.16
cdf_db,off,1,2155,190.31
cdf_db,off,1,2156,133.48
cdf_db,off,1,2157,134.89
cdf_db,off,1,2158,136.16
cdf_db,off,1,2159,129.66
cdf_db,off,1,2160,129.21
cdf_db,off,1,2161,183.81
cdf_db,off,1,2162,129.45
cdf_db,off,1,2163,131.41
cdf_db,off,1,2164,131.91
cdf_db,off,1,2165,432.38
cdf_db,off,1,2166,208.4
cdf_db,off,1,2167,134.911
cdf_db,off,1,2168,132.769
cdf_db,off,1,2169,133.469
cdf_db,off,1,2170,129.78
cdf_db,off,1,2171,128.529
cdf_db,off,1,2172,144.72
cdf_db,off,1,2173,180.26
cdf_db,off,1,2174,154.58
cdf_db,off,1,2175,131.41
cdf_db,off,1,2176,127.32
cdf_db,off,1,2177,127.52
cdf_db,off,1,2178,129.31
cdf_db,off,1,2179,140.99
cdf_db,off,1,2180,192.49
cdf_db,off,1,2181,137.84
cdf_db,off,1,2182,150.73
cdf_db,off,1,2183,133.37
cdf_db,off,1,2184,133.63
cdf_db,off,1,2185,127.38
cdf_db,off,1,2186,137.24
cdf_db,off,1,2187,197.43
cdf_db,off,1,2188,166.75
cdf_db,off,1,2189,134.66
cdf_db,off,1,2190,131.04
cdf_db,off,1,2191,135.12
cdf_db,off,1,2192,129.27
cdf_db,off,1,2193,172.51
cdf_db,off,1,2194,181.55
cdf_db,off,1,2195,129.6
cdf_db,off,1,2196,155.59
cdf_db,off,1,2197,138.05
cdf_db,off,1,2198,135.88
cdf_db,off,1,2199,153.151
cdf_db,off,1,2200,198.02
cdf_db,off,1,2201,153.591
cdf_db,off,1,2202,175.409
cdf_db,off,1,2203,130.449
cdf_db,off,1,2204,126.391
cdf_db,off,1,2205,131.18
cdf_db,off,1,2206,128.961
cdf_db,off,1,2207,183.19
cdf_db,off,1,2208,129.23
cdf_db,off,1,2209,134.43
cdf_db,off,1,2210,131.08
cdf_db,off,1,2211,138.06
cdf_db,off,1,2212,133.34
cdf_db,off,1,2213,135.17
cdf_db,off,1,2214,185.07
cdf_db,off,1,2215,130.29
cdf_db,off,1,2216,127.49
cdf_db,off,1,2217,133.34
cdf_db,off,1,2218,129.08
cdf_db,off,1,2219,125.68
cdf_db,off,1,2220,127.86
cdf_db,off,1,2221,178.75
cdf_db,off,1,2222,128.86
cdf_db,off,1,2223,133.52
cdf_db,off,1,2224,127.74
cdf_db,off,1,2225,129.78
cdf_db,off,1,2226,167.8
cdf_db,off,1,2227,126.09
cdf_db,off,1,2228,211.5
cdf_db,off,1,2229,138.96
cdf_db,off,1,2230,131.14
cdf_db,off,1,2231,124.21
cdf_db,off,1,2232,130.26
cdf_db,off,1,2233,131.42
cdf_db,off,1,2234,130.611
cdf_db,off,1,2235,185.66
cdf_db,off,1,2236,131.231
cdf_db,off,1,2237,128.02
cdf_db,off,1,2238,130.02
cdf_db,off,1,2239,126.59
cdf_db,off,1,2240,126.63
cdf_db,off,1,2241,131.24
cdf_db,off,1,2242,133.56
cdf_db,off,1,2243,173.37
cdf_db,off,1,2244,153.19
cdf_db,off,1,2245,130.71
cdf_db,off,1,2246,128.83
cdf_db,off,1,2247,127.61
cdf_db,off,1,2248,127.11
cdf_db,off,1,2249,136.65
cdf_db,off,1,2250,174.65
cdf_db,off,1,2251,128.95
cdf_db,off,1,2252,129.7
cdf_db,off,1,2253,130.09
cdf_db,off,1,2254,127.93
cdf_db,off,1,2255,126.97
cdf_db,off,1,2256,129.66
cdf_db,off,1,2257,180.56
cdf_db,off,1,2258,153.25
cdf_db,off,1,2259,134.27
cdf_db,off,1,2260,129.45
cdf_db,off,1,2261,131.24
cdf_db,off,1,2262,127.14
cdf_db,off,1,2263,129.36
cdf_db,off,1,2264,181.21
cdf_db,off,1,2265,129.15
cdf_db,off,1,2266,129.38
cdf_db,off,1,2267,128.47
cdf_db,off,1,2268,154.541
cdf_db,off,1,2269,128.4
cdf_db,off,1,2270,126.98
cdf_db,off,1,2271,181.53
cdf_db,off,1,2272,130.12
cdf_db,off,1,2273,131.62
cdf_db,off,1,2274,130.51
cdf_db,off,1,2275,129.58
cdf_db,off,1,2276,126.12
cdf_db,off,1,2277,129.63
cdf_db,off,1,2278,136.3
cdf_db,off,1,2279,176.94
cdf_db,off,1,2280,129.34
cdf_db,off,1,2281,130.96
cdf_db,off,1,2282,152.64
cdf_db,off,1,2283,127.63
cdf_db,off,1,2284,127.37
cdf_db,off,1,2285,134.55
cdf_db,off,1,2286,178.55
cdf_db,off,1,2287,391.49
cdf_db,off,1,2288,253.04
cdf_db,off,1,2289,188.05
cdf_db,off,1,2290,533.03
cdf_db,off,1,2291,250.39
cdf_db,off,1,2292,179.25
cdf_db,off,1,2293,206.79
cdf_db,off,1,2294,174.87
cdf_db,off,1,2295,197.42
cdf_db,off,1,2296,149.68
cdf_db,off,1,2297,150.94
cdf_db,off,1,2298,148.93
cdf_db,off,1,2299,212.529
cdf_db,off,1,2300,149.389
cdf_db,off,1,2301,139.09
cdf_db,off,1,2302,139.81
cdf_db,off,1,2303,132.95
cdf_db,off,1,2304,137.73
cdf_db,off,1,2305,215.99
cdf_db,off,1,2306,136.03
cdf_db,off,1,2307,139.17
cdf_db,off,1,2308,175.15
cdf_db,off,1,2309,131.59
cdf_db,off,1,2310,134.56
cdf_db,off,1,2311,143.68
cdf_db,off,1,2312,183.87
cdf_db,off,1,2313,139.84
cdf_db,off,1,2314,143.88
cdf_db,off,1,2315,139.07
cdf_db,off,1,2316,140.7
cdf_db,off,1,2317,134.99
cdf_db,off,1,2318,151.67
cdf_db,off,1,2319,177.67
cdf_db,off,1,2320,137.73
cdf_db,off,1,2321,141.27
cdf_db,off,1,2322,131.55
cdf_db,off,1,2323,139.18
cdf_db,off,1,2324,139.1
cdf_db,off,1,2325,186.04
cdf_db,off,1,2326,146.85
cdf_db,off,1,2327,138.09
cdf_db,off,1,2328,192.941
cdf_db,off,1,2329,133.909
cdf_db,off,1,2330,134.02
cdf_db,off,1,2331,138.391
cdf_db,off,1,2332,182.231
cdf_db,off,1,2333,138.111
cdf_db,off,1,2334,137.31
cdf_db,off,1,2335,136.18
cdf_db,off,1,2336,133.84
cdf_db,off,1,2337,139.83
cdf_db,off,1,2338,150.28
cdf_db,off,1,2339,189.04
cdf_db,off,1,2340,138.58
cdf_db,off,1,2341,137.74
cdf_db,off,1,2342,137.92
cdf_db,off,1,2343,157.44
cdf_db,off,1,2344,134.72
cdf_db,off,1,2345,193.26
cdf_db,off,1,2346,139.35
cdf_db,off,1,2347,142.95
cdf_db,off,1,2348,138.52
cdf_db,off,1,2349,138.42
cdf_db,off,1,2350,145.81
cdf_db,off,1,2351,138.74
cdf_db,off,1,2352,205.26
cdf_db,off,1,2353,137.38
cdf_db,off,1,2354,165.09
cdf_db,off,1,2355,137.21
cdf_db,off,1,2356,138.23
cdf_db,off,1,2357,134.84
cdf_db,off,1,2358,142.04
cdf_db,off,1,2359,182.041
cdf_db,off,1,2360,140.52
cdf_db,off,1,2361,136.7
cdf_db,off,1,2362,157.029
cdf_db,off,1,2363,136.5
cdf_db,off,1,2364,138.58
cdf_db,off,1,2365,192.04
cdf_db,off,1,2366,132.79
cdf_db,off,1,2367,137.41
cdf_db,off,1,2368,154.66
cdf_db,off,1,2369,136.23
cdf_db,off,1,2370,134.34
cdf_db,off,1,2371,132.64
cdf_db,off,1,2372,222.57
cdf_db,off,1,2373,161.06
cdf_db,off,1,2374,139.81
cdf_db,off,1,2375,139.87
cdf_db,off,1,2376,137.52
cdf_db,off,1,2377,161.86
cdf_db,off,1,2378,212.54
cdf_db,off,1,2379,134.3
cdf_db,off,1,2380,155.31
cdf_db,off,1,2381,160.49
cdf_db,off,1,2382,187.84
cdf_db,off,1,2383,133.1
cdf_db,off,1,2384,137.16
cdf_db,off,1,2385,178.01
cdf_db,off,1,2386,131.24
cdf_db,off,1,2387,136.79
cdf_db,off,1,2388,133.25
cdf_db,off,1,2389,136.29
cdf_db,off,1,2390,133.66
cdf_db,off,1,2391,137.76
cdf_db,off,1,2392,180.18
cdf_db,off,1,2393,131.311
cdf_db,off,1,2394,137.831
cdf_db,off,1,2395,132.8
cdf_db,off,1,2396,135.451
cdf_db,off,1,2397,134.16
cdf_db,off,1,2398,145.55
cdf_db,off,1,2399,176.14
cdf_db,off,1,2400,135.66
cdf_db,off,1,2401,136.77
cdf_db,off,1,2402,132.62
cdf_db,off,1,2403,128.15
cdf_db,off,1,2404,134.2
cdf_db,off,1,2405,140.3
cdf_db,off,1,2406,180.38
cdf_db,off,1,2407,156.63
cdf_db,off,1,2408,134.22
cdf_db,off,1,2409,135.72
cdf_db,off,1,2410,133.24
cdf_db,off,1,2411,133.35
cdf_db,off,1,2412,139.94
cdf_db,off,1,2413,176.6
cdf_db,off,1,2414,134.4
cdf_db,off,1,2415,131.44
cdf_db,off,1,2416,130.02
cdf_db,off,1,2417,131.84
cdf_db,off,1,2418,133.27
cdf_db,off,1,2419,141.18
cdf_db,off,1,2420,186.08
cdf_db,off,1,2421,132.3
cdf_db,off,1,2422,138.53
cdf_db,off,1,2423,136.61
cdf_db,off,1,2424,130.84
cdf_db,off,1,2425,133.269
cdf_db,off,1,2426,142.151
cdf_db,off,1,2427,183.031
cdf_db,off,1,2428,135.22
cdf_db,off,1,2429,136.701
cdf_db,off,1,2430,134.48
cdf_db,off,1,2431,134.78
cdf_db,off,1,2432,134.78
cdf_db,off,1,2433,141.51
cdf_db,off,1,2434,183.09
cdf_db,off,1,2435,134.8
cdf_db,off,1,2436,134.83
cdf_db,off,1,2437,133.46
cdf_db,off,1,2438,131.75
cdf_db,off,1,2439,132.3
cdf_db,off,1,2440,139.63
cdf_db,off,1,2441,180.95
cdf_db,off,1,2442,135.44
cdf_db,off,1,2443,139.41
cdf_db,off,1,2444,133.04
cdf_db,off,1,2445,143.47
cdf_db,off,1,2446,133.99
cdf_db,off,1,2447,140.3
cdf_db,off,1,2448,195.28
cdf_db,off,1,2449,135.47
cdf_db,off,1,2450,135.57
cdf_db,off,1,2451,137.74
cdf_db,off,1,2452,131.89
cdf_db,off,1,2453,132.7
cdf_db,off,1,2454,213.13
cdf_db,off,1,2455,129.61
cdf_db,off,1,2456,135.53
cdf_db,off,1,2457,139.11
cdf_db,off,1,2458,133.68
cdf_db,off,1,2459,131.77
cdf_db,off,1,2460,134.1
cdf_db,off,1,2461,191.061
cdf_db,off,1,2462,137.669
cdf_db,off,1,2463,137.2
cdf_db,off,1,2464,129.411
cdf_db,off,1,2465,132.84
cdf_db,off,1,2466,140.18
cdf_db,off,1,2467,133.05
cdf_db,off,1,2468,188.13
cdf_db,off,1,2469,139.22
cdf_db,off,1,2470,135.06
cdf_db,off,1,2471,132.9
cdf_db,off,1,2472,133.43
cdf_db,off,1,2473,136.55
cdf_db,off,1,2474,134.61
cdf_db,off,1,2475,186.91
cdf_db,off,1,2476,133.92
cdf_db,off,1,2477,132.0
cdf_db,off,1,2478,137.38
cdf_db,off,1,2479,135.17
cdf_db,off,1,2480,157.15
cdf_db,off,1,2481,132.7
cdf_db,off,1,2482,190.47
cdf_db,off,1,2483,132.95
cdf_db,off,1,2484,134.14
cdf_db,off,1,2485,131.1
cdf_db,off,1,2486,132.07
cdf_db,off,1,2487,135.02
cdf_db,off,1,2488,132.64
cdf_db,off,1,2489,185.56
cdf_db,off,1,2490,134.76
cdf_db,off,1,2491,133.52
cdf_db,off,1,2492,131.73
cdf_db,off,1,2493,134.68
cdf_db,off,1,2494,133.54
cdf_db,off,1,2495,130.281
cdf_db,off,1,2496,193.78
cdf_db,off,1,2497,137.48
cdf_db,off,1,2498,137.13
cdf_db,off,1,2499,133.79
cdf_db,off,1,2500,161.29
cdf_db,off,1,2501,137.11
cdf_db,off,1,2502,132.01
cdf_db,off,1,2503,194.15
cdf_db,off,1,2504,140.7
cdf_db,off,1,2505,133.36
cdf_db,off,1,2506,135.74
cdf_db,off,1,2507,133.33
cdf_db,off,1,2508,137.77
cdf_db,off,1,2509,137.73
cdf_db,off,1,2510,190.95
cdf_db,off,1,2511,137.26
cdf_db,off,1,2512,135.99
cdf_db,off,1,2513,131.61
cdf_db,off,1,2514,160.16
cdf_db,off,1,2515,133.4
cdf_db,off,1,2516,138.69
cdf_db,off,1,2517,187.87
cdf_db,off,1,2518,149.29
cdf_db,off,1,2519,137.11
cdf_db,off,1,2520,140.97
cdf_db,off,1,2521,132.83
cdf_db,off,1,2522,132.73
cdf_db,off,1,2523,162.17
cdf_db,off,1,2524,198.93
cdf_db,off,1,2525,155.85
cdf_db,off,1,2526,136.431
cdf_db,off,1,2527,141.46
cdf_db,off,1,2528,129.32
cdf_db,off,1,2529,132.831
cdf_db,off,1,2530,194.26
cdf_db,off,1,2531,131.351
cdf_db,off,1,2532,134.89
cdf_db,off,1,2533,156.24
cdf_db,off,1,2534,133.24
cdf_db,off,1,2535,136.81
cdf_db,off,1,2536,138.81
cdf_db,off,1,2537,186.74
cdf_db,off,1,2538,134.49
cdf_db,off,1,2539,157.09
cdf_db,off,1,2540,133.51
cdf_db,off,1,2541,131.53
cdf_db,off,1,2542,132.88
cdf_db,off,1,2543,143.14
cdf_db,off,1,2544,204.53
cdf_db,off,1,2545,132.28
cdf_db,off,1,2546,137.33
cdf_db,off,1,2547,131.97
cdf_db,off,1,2548,156.15
cdf_db,off,1,2549,133.95
cdf_db,off,1,2550,145.23
cdf_db,off,1,2551,197.83
cdf_db,off,1,2552,181.0
cdf_db,off,1,2553,137.73
cdf_db,off,1,2554,134.92
cdf_db,off,1,2555,134.68
cdf_db,off,1,2556,140.041
cdf_db,off,1,2557,196.24
cdf_db,off,1,2558,130.74
cdf_db,off,1,2559,133.889
cdf_db,off,1,2560,135.049
cdf_db,off,1,2561,133.089
cdf_db,off,1,2562,130.28
cdf_db,off,1,2563,139.76
cdf_db,off,1,2564,179.231
cdf_db,off,1,2565,134.13
cdf_db,off,1,2566,133.48
cdf_db,off,1,2567,133.74
cdf_db,off,1,2568,129.81
cdf_db,off,1,2569,129.87
cdf_db,off,1,2570,134.0
cdf_db,off,1,2571,187.65
cdf_db,off,1,2572,134.01
cdf_db,off,1,2573,133.38
cdf_db,off,1,2574,131.29
cdf_db,off,1,2575,133.72
cdf_db,off,1,2576,131.06
cdf_db,off,1,2577,133.38
cdf_db,off,1,2578,189.18
cdf_db,off,1,2579,134.92
cdf_db,off,1,2580,131.95
cdf_db,off,1,2581,136.34
cdf_db,off,1,2582,136.64
cdf_db,off,1,2583,135.38
cdf_db,off,1,2584,135.6
cdf_db,off,1,2585,193.66
cdf_db,off,1,2586,134.34
cdf_db,off,1,2587,136.47
cdf_db,off,1,2588,132.9
cdf_db,off,1,2589,131.46
cdf_db,off,1,2590,132.1
cdf_db,off,1,2591,148.38
cdf_db,off,1,2592,202.549
cdf_db,off,1,2593,142.649
cdf_db,off,1,2594,149.091
cdf_db,off,1,2595,132.14
cdf_db,off,1,2596,134.861
cdf_db,off,1,2597,134.93
cdf_db,off,1,2598,138.13
cdf_db,off,1,2599,188.56
cdf_db,off,1,2600,161.78
cdf_db,off,1,2601,136.32
cdf_db,off,1,2602,130.76
cdf_db,off,1,2603,133.43
cdf_db,off,1,2604,382.09
cdf_db,off,1,2605,201.26
cdf_db,off,1,2606,132.16
cdf_db,off,1,2607,146.39
cdf_db,off,1,2608,132.76
cdf_db,off,1,2609,136.28
cdf_db,off,1,2610,141.63
cdf_db,off,1,2611,176.57
cdf_db,off,1,2612,136.07
cdf_db,off,1,2613,134.82
cdf_db,off,1,2614,133.42
cdf_db,off,1,2615,131.19
cdf_db,off,1,2616,130.68
cdf_db,off,1,2617,134.82
cdf_db,off,1,2618,178.37
cdf_db,off,1,2619,134.95
cdf_db,off,1,2620,136.05
cdf_db,off,1,2621,134.81
cdf_db,off,1,2622,132.06
cdf_db,off,1,2623,131.82
cdf_db,off,1,2624,141.2
cdf_db,off,1,2625,177.87
cdf_db,off,1,2626,132.089
cdf_db,off,1,2627,135.3
cdf_db,off,1,2628,133.04
cdf_db,off,1,2629,135.34
cdf_db,off,1,2630,132.04
cdf_db,off,1,2631,167.64
cdf_db,off,1,2632,179.93
cdf_db,off,1,2633,133.26
cdf_db,off,1,2634,137.1
cdf_db,off,1,2635,136.62
cdf_db,off,1,2636,133.95
cdf_db,off,1,2637,134.64
cdf_db,off,1,2638,135.51
cdf_db,off,1,2639,180.06
cdf_db,off,1,2640,131.53
cdf_db,off,1,2641,128.3
cdf_db,off,1,2642,129.74
cdf_db,off,1,2643,135.37
cdf_db,off,1,2644,129.36
cdf_db,off,1,2645,139.63
cdf_db,off,1,2646,180.92
cdf_db,off,1,2647,138.84
cdf_db,off,1,2648,133.14
cdf_db,off,1,2649,132.65
cdf_db,off,1,2650,139.19
cdf_db,off,1,2651,132.05
cdf_db,off,1,2652,141.29
cdf_db,off,1,2653,194.01
cdf_db,off,1,2654,156.96
cdf_db,off,1,2655,140.97
cdf_db,off,1,2656,135.34
cdf_db,off,1,2657,132.8
cdf_db,off,1,2658,130.01
cdf_db,off,1,2659,142.951
cdf_db,off,1,2660,184.189
cdf_db,off,1,2661,131.431
cdf_db,off,1,2662,133.68
cdf_db,off,1,2663,136.96
cdf_db,off,1,2664,151.47
cdf_db,off,1,2665,138.92
cdf_db,off,1,2666,210.81
cdf_db,off,1,2667,133.81
cdf_db,off,1,2668,134.76
cdf_db,off,1,2669,132.28
cdf_db,off,1,2670,158.08
cdf_db,off,1,2671,133.69
cdf_db,off,1,2672,134.98
cdf_db,off,1,2673,193.59
cdf_db,off,1,2674,133.28
cdf_db,off,1,2675,131.41
cdf_db,off,1,2676,131.96
cdf_db,off,1,2677,135.77
cdf_db,off,1,2678,132.14
cdf_db,off,1,2679,135.06
cdf_db,off,1,2680,188.09
cdf_db,off,1,2681,137.76
cdf_db,off,1,2682,133.5
cdf_db,off,1,2683,161.45
cdf_db,off,1,2684,132.6
cdf_db,off,1,2685,131.8
cdf_db,off,1,2686,138.97
cdf_db,off,1,2687,180.12
cdf_db,off,1,2688,131.38
cdf_db,off,1,2689,134.08
cdf_db,off,1,2690,133.34
cdf_db,off,1,2691,132.611
cdf_db,off,1,2692,133.971
cdf_db,off,1,2693,162.64
cdf_db,off,1,2694,184.16
cdf_db,off,1,2695,135.62
cdf_db,off,1,2696,134.37
cdf_db,off,1,2697,131.84
cdf_db,off,1,2698,136.33
cdf_db,off,1,2699,134.11
cdf_db,off,1,2700,157.68
cdf_db,off,1,2701,178.07
cdf_db,off,1,2702,133.19
cdf_db,off,1,2703,134.92
cdf_db,off,1,2704,132.17
cdf_db,off,1,2705,167.26
cdf_db,off,1,2706,134.35
cdf_db,off,1,2707,143.07
cdf_db,off,1,2708,176.32
cdf_db,off,1,2709,157.85
cdf_db,off,1,2710,135.82
cdf_db,off,1,2711,131.15
cdf_db,off,1,2712,163.1
cdf_db,off,1,2713,134.83
cdf_db,off,1,2714,191.65
cdf_db,off,1,2715,169.72
cdf_db,off,1,2716,155.28
cdf_db,off,1,2717,172.67
cdf_db,off,1,2718,133.27
cdf_db,off,1,2719,132.21
cdf_db,off,1,2720,193.2
cdf_db,off,1,2721,133.28
cdf_db,off,1,2722,130.069
cdf_db,off,1,2723,137.24
cdf_db,off,1,2724,131.74
cdf_db,off,1,2725,129.6
cdf_db,off,1,2726,134.931
cdf_db,off,1,2727,141.22
cdf_db,off,1,2728,189.471
cdf_db,off,1,2729,132.831
cdf_db,off,1,2730,131.86
cdf_db,off,1,2731,144.62
cdf_db,off,1,2732,136.67
cdf_db,off,1,2733,133.31
cdf_db,off,1,2734,186.71
cdf_db,off,1,2735,134.47
cdf_db,off,1,2736,131.18
cdf_db,off,1,2737,146.34
cdf_db,off,1,2738,133.87
cdf_db,off,1,2739,130.47
cdf_db,off,1,2740,143.48
cdf_db,off,1,2741,207.59
cdf_db,off,1,2742,146.22
cdf_db,off,1,2743,141.3
cdf_db,off,1,2744,133.3
cdf_db,off,1,2745,126.67
cdf_db,off,1,2746,132.75
cdf_db,off,1,2747,131.68
cdf_db,off,1,2748,195.48
cdf_db,off,1,2749,135.26
cdf_db,off,1,2750,135.57
cdf_db,off,1,2751,130.59
cdf_db,off,1,2752,133.66
cdf_db,off,1,2753,855.53
cdf_db,off,1,2754,384.409
cdf_db,off,1,2755,255.371
cdf_db,off,1,2756,164.41
cdf_db,off,1,2757,158.72
cdf_db,off,1,2758,169.4
cdf_db,off,1,2759,184.91
cdf_db,off,1,2760,153.94
cdf_db,off,1,2761,197.61
cdf_db,off,1,2762,144.65
cdf_db,off,1,2763,147.13
cdf_db,off,1,2764,147.48
cdf_db,off,1,2765,175.63
cdf_db,off,1,2766,142.22
cdf_db,off,1,2767,186.99
cdf_db,off,1,2768,137.16
cdf_db,off,1,2769,140.12
cdf_db,off,1,2770,139.93
cdf_db,off,1,2771,134.14
cdf_db,off,1,2772,145.76
cdf_db,off,1,2773,143.84
cdf_db,off,1,2774,181.48
cdf_db,off,1,2775,147.53
cdf_db,off,1,2776,139.64
cdf_db,off,1,2777,134.21
cdf_db,off,1,2778,131.55
cdf_db,off,1,2779,136.31
cdf_db,off,1,2780,133.85
cdf_db,off,1,2781,217.53
cdf_db,off,1,2782,136.191
cdf_db,off,1,2783,133.709
cdf_db,off,1,2784,133.58
cdf_db,off,1,2785,133.64
cdf_db,off,1,2786,132.88
cdf_db,off,1,2787,187.33
cdf_db,off,1,2788,133.54
cdf_db,off,1,2789,134.4
cdf_db,off,1,2790,131.46
cdf_db,off,1,2791,133.4
cdf_db,off,1,2792,136.52
cdf_db,off,1,2793,134.32
cdf_db,off,1,2794,192.54
cdf_db,off,1,2795,159.15
cdf_db,off,1,2796,132.61
cdf_db,off,1,2797,133.91
cdf_db,off,1,2798,130.54
cdf_db,off,1,2799,132.68
cdf_db,off,1,2800,133.87
cdf_db,off,1,2801,188.17
cdf_db,off,1,2802,135.26
cdf_db,off,1,2803,135.1
cdf_db,off,1,2804,134.84
cdf_db,off,1,2805,133.61
cdf_db,off,1,2806,135.24
cdf_db,off,1,2807,133.09
cdf_db,off,1,2808,183.38
cdf_db,off,1,2809,132.64
cdf_db,off,1,2810,157.51
cdf_db,off,1,2811,131.45
cdf_db,off,1,2812,138.89
cdf_db,off,1,2813,137.36
cdf_db,off,1,2814,140.72
cdf_db,off,1,2815,204.321
cdf_db,off,1,2816,138.551
cdf_db,off,1,2817,133.729
cdf_db,off,1,2818,160.311
cdf_db,off,1,2819,132.421
cdf_db,off,1,2820,131.34
cdf_db,off,1,2821,148.04
cdf_db,off,1,2822,177.3
cdf_db,off,1,2823,133.37
cdf_db,off,1,2824,135.66
cdf_db,off,1,2825,130.63
cdf_db,off,1,2826,132.24
cdf_db,off,1,2827,131.11
cdf_db,off,1,2828,140.88
cdf_db,off,1,2829,183.73
cdf_db,off,1,2830,133.18
cdf_db,off,1,2831,133.2
cdf_db,off,1,2832,136.1
cdf_db,off,1,2833,130.78
cdf_db,off,1,2834,129.35
cdf_db,off,1,2835,172.45
cdf_db,off,1,2836,176.74
cdf_db,off,1,2837,129.08
cdf_db,off,1,2838,135.1
cdf_db,off,1,2839,132.29
cdf_db,off,1,2840,145.43
cdf_db,off,1,2841,133.93
cdf_db,off,1,2842,143.73
cdf_db,off,1,2843,183.8
cdf_db,off,1,2844,136.06
cdf_db,off,1,2845,139.62
cdf_db,off,1,2846,136.11
cdf_db,off,1,2847,133.33
cdf_db,off,1,2848,166.22
cdf_db,off,1,2849,276.08
cdf_db,off,1,2850,132.489
cdf_db,off,1,2851,135.0
cdf_db,off,1,2852,139.869
cdf_db,off,1,2853,132.869
cdf_db,off,1,2854,133.16
cdf_db,off,1,2855,137.2
cdf_db,off,1,2856,194.3
cdf_db,off,1,2857,135.99
cdf_db,off,1,2858,158.1
cdf_db,off,1,2859,133.56
cdf_db,off,1,2860,135.3
cdf_db,off,1,2861,134.13
cdf_db,off,1,2862,135.84
cdf_db,off,1,2863,178.38
cdf_db,off,1,2864,158.1
cdf_db,off,1,2865,135.74
cdf_db,off,1,2866,134.95
cdf_db,off,1,2867,132.74
cdf_db,off,1,2868,146.36
cdf_db,off,1,2869,209.12
cdf_db,off,1,2870,137.11
cdf_db,off,1,2871,134.83
cdf_db,off,1,2872,149.05
cdf_db,off,1,2873,155.27
cdf_db,off,1,2874,133.0
cdf_db,off,1,2875,142.57
cdf_db,off,1,2876,203.02
cdf_db,off,1,2877,136.14
cdf_db,off,1,2878,134.76
cdf_db,off,1,2879,161.97
cdf_db,off,1,2880,163.489
cdf_db,off,1,2881,186.14
cdf_db,off,1,2882,184.929
cdf_db,off,1,2883,154.711
cdf_db,off,1,2884,136.7
cdf_db,off,1,2885,134.08
cdf_db,off,1,2886,138.571
cdf_db,off,1,2887,132.57
cdf_db,off,1,2888,135.71
cdf_db,off,1,2889,200.72
cdf_db,off,1,2890,134.83
cdf_db,off,1,2891,131.87
cdf_db,off,1,2892,145.0
cdf_db,off,1,2893,134.37
cdf_db,off,1,2894,131.03
cdf_db,off,1,2895,141.51
cdf_db,off,1,2896,178.42
cdf_db,off,1,2897,130.92
cdf_db,off,1,2898,133.88
cdf_db,off,1,2899,129.92
cdf_db,off,1,2900,133.95
cdf_db,off,1,2901,128.08
cdf_db,off,1,2902,143.78
cdf_db,off,1,2903,175.99
cdf_db,off,1,2904,134.1
cdf_db,off,1,2905,132.43
cdf_db,off,1,2906,139.62
cdf_db,off,1,2907,129.04
cdf_db,off,1,2908,137.83
cdf_db,off,1,2909,137.63
cdf_db,off,1,2910,181.95
cdf_db,off,1,2911,134.19
cdf_db,off,1,2912,136.13
cdf_db,off,1,2913,134.25
cdf_db,off,1,2914,137.88
cdf_db,off,1,2915,130.46
cdf_db,off,1,2916,144.46
cdf_db,off,1,2917,178.82
cdf_db,off,1,2918,132.311
cdf_db,off,1,2919,129.51
cdf_db,off,1,2920,131.14
cdf_db,off,1,2921,143.49
cdf_db,off,1,2922,129.15
cdf_db,off,1,2923,137.96
cdf_db,off,1,2924,179.12
cdf_db,off,1,2925,130.69
cdf_db,off,1,2926,131.09
cdf_db,off,1,2927,147.94
cdf_db,off,1,2928,168.52
cdf_db,off,1,2929,139.25
cdf_db,off,1,2930,139.31
cdf_db,off,1,2931,176.59
cdf_db,off,1,2932,132.78
cdf_db,off,1,2933,134.27
cdf_db,off,1,2934,130.85
cdf_db,off,1,2935,134.29
cdf_db,off,1,2936,140.0
cdf_db,off,1,2937,140.52
cdf_db,off,1,2938,180.11
cdf_db,off,1,2939,129.12
cdf_db,off,1,2940,134.7
cdf_db,off,1,2941,137.0
cdf_db,off,1,2942,131.89
cdf_db,off,1,2943,127.35
cdf_db,off,1,2944,148.17
cdf_db,off,1,2945,196.79
cdf_db,off,1,2946,134.79
cdf_db,off,1,2947,135.58
cdf_db,off,1,2948,133.169
cdf_db,off,1,2949,134.971
cdf_db,off,1,2950,134.269
cdf_db,off,1,2951,136.791
cdf_db,off,1,2952,179.18
cdf_db,off,1,2953,137.42
cdf_db,off,1,2954,132.44
cdf_db,off,1,2955,142.43
cdf_db,off,1,2956,142.32
cdf_db,off,1,2957,134.85
cdf_db,off,1,2958,238.27
cdf_db,off,1,2959,133.36
cdf_db,off,1,2960,136.82
cdf_db,off,1,2961,132.67
cdf_db,off,1,2962,130.42
cdf_db,off,1,2963,127.99
cdf_db,off,1,2964,131.08
cdf_db,off,1,2965,188.12
cdf_db,off,1,2966,133.28
cdf_db,off,1,2967,132.57
cdf_db,off,1,2968,131.26
cdf_db,off,1,2969,128.08
cdf_db,off,1,2970,130.59
cdf_db,off,1,2971,129.98
cdf_db,off,1,2972,192.89
cdf_db,off,1,2973,130.49
cdf_db,off,1,2974,135.73
cdf_db,off,1,2975,142.1
cdf_db,off,1,2976,140.0
cdf_db,off,1,2977,129.58
cdf_db,off,1,2978,128.78
cdf_db,off,1,2979,139.02
cdf_db,off,1,2980,199.411
cdf_db,off,1,2981,131.689
cdf_db,off,1,2982,133.1
cdf_db,off,1,2983,143.189
cdf_db,off,1,2984,130.17
cdf_db,off,1,2985,131.56
cdf_db,off,1,2986,188.13
cdf_db,off,1,2987,136.62
cdf_db,off,1,2988,132.65
cdf_db,off,1,2989,130.14
cdf_db,off,1,2990,134.59
cdf_db,off,1,2991,128.03
cdf_db,off,1,2992,130.2
cdf_db,off,1,2993,138.77
cdf_db,off,1,2994,172.78
cdf_db,off,1,2995,133.6
cdf_db,off,1,2996,132.97
cdf_db,off,1,2997,133.81
cdf_db,off,1,2998,158.66
cdf_db,off,1,2999,141.34
cdf_db,off,1,3000,185.17
cdf_db,off,1,3001,132.81
cdf_db,off,1,3002,139.74
cdf_db,off,1,3003,133.08
cdf_db,off,1,3004,130.6
cdf_db,off,1,3005,131.98
cdf_db,off,1,3006,130.92
cdf_db,off,1,3007,139.08
cdf_db,off,1,3008,192.0
cdf_db,off,1,3009,133.9
cdf_db,off,1,3010,157.62
cdf_db,off,1,3011,132.63
cdf_db,off,1,3012,129.73
cdf_db,off,1,3013,130.5
cdf_db,off,1,3014,189.82
cdf_db,off,1,3015,132.801
cdf_db,off,1,3016,130.5
cdf_db,off,1,3017,131.3
cdf_db,off,1,3018,133.131
cdf_db,off,1,3019,147.66
cdf_db,off,1,3020,151.491
cdf_db,off,1,3021,184.79
cdf_db,off,1,3022,137.61
cdf_db,off,1,3023,130.36
cdf_db,off,1,3024,129.27
cdf_db,off,1,3025,132.06
cdf_db,off,1,3026,130.14
cdf_db,off,1,3027,141.42
cdf_db,off,1,3028,209.04
cdf_db,off,1,3029,143.62
cdf_db,off,1,3030,129.5
cdf_db,off,1,3031,133.82
cdf_db,off,1,3032,135.4
cdf_db,off,1,3033,131.49
cdf_db,off,1,3034,162.97
cdf_db,off,1,3035,192.94
cdf_db,off,1,3036,131.37
cdf_db,off,1,3037,131.57
cdf_db,off,1,3038,129.33
cdf_db,off,1,3039,129.61
cdf_db,off,1,3040,128.73
cdf_db,off,1,3041,181.05
cdf_db,off,1,3042,180.74
cdf_db,off,1,3043,132.36
cdf_db,off,1,3044,132.37
cdf_db,off,1,3045,129.58
cdf_db,off,1,3046,151.95
cdf_db,off,1,3047,128.72
cdf_db,off,1,3048,138.089
cdf_db,off,1,3049,396.251
cdf_db,off,1,3050,158.98
cdf_db,off,1,3051,136.231
cdf_db,off,1,3052,142.72
cdf_db,off,1,3053,140.8
cdf_db,off,1,3054,181.55
cdf_db,off,1,3055,133.46
cdf_db,off,1,3056,131.95
cdf_db,off,1,3057,133.92
cdf_db,off,1,3058,130.95
cdf_db,off,1,3059,130.17
cdf_db,off,1,3060,132.07
cdf_db,off,1,3061,185.94
cdf_db,off,1,3062,132.32
cdf_db,off,1,3063,131.3
cdf_db,off,1,3064,131.89
cdf_db,off,1,3065,133.89
cdf_db,off,1,3066,155.56
cdf_db,off,1,3067,139.4
cdf_db,off,1,3068,186.88
cdf_db,off,1,3069,135.08
cdf_db,off,1,3070,132.15
cdf_db,off,1,3071,133.31
cdf_db,off,1,3072,133.4
cdf_db,off,1,3073,135.14
cdf_db,off,1,3074,139.68
cdf_db,off,1,3075,189.74
cdf_db,off,1,3076,134.69
cdf_db,off,1,3077,135.11
cdf_db,off,1,3078,131.84
cdf_db,off,1,3079,127.83
cdf_db,off,1,3080,143.751
cdf_db,off,1,3081,137.289
cdf_db,off,1,3082,181.049
cdf_db,off,1,3083,135.749
cdf_db,off,1,3084,133.431
cdf_db,off,1,3085,160.061
cdf_db,off,1,3086,132.06
cdf_db,off,1,3087,134.28
cdf_db,off,1,3088,136.03
cdf_db,off,1,3089,176.59
cdf_db,off,1,3090,131.17
cdf_db,off,1,3091,129.18
cdf_db,off,1,3092,134.51
cdf_db,off,1,3093,132.75
cdf_db,off,1,3094,130.44
cdf_db,off,1,3095,137.84
cdf_db,off,1,3096,178.1
cdf_db,off,1,3097,130.45
cdf_db,off,1,3098,131.38
cdf_db,off,1,3099,154.52
cdf_db,off,1,3100,137.86
cdf_db,off,1,3101,131.36
cdf_db,off,1,3102,152.77
cdf_db,off,1,3103,199.54
cdf_db,off,1,3104,138.35
cdf_db,off,1,3105,132.04
cdf_db,off,1,3106,131.03
cdf_db,off,1,3107,131.71
cdf_db,off,1,3108,133.3
cdf_db,off,1,3109,156.0
cdf_db,off,1,3110,174.08
cdf_db,off,1,3111,129.46
cdf_db,off,1,3112,144.98
cdf_db,off,1,3113,129.13
cdf_db,off,1,3114,130.02
cdf_db,off,1,3115,130.08
cdf_db,off,1,3116,139.12
cdf_db,off,1,3117,205.03
cdf_db,off,1,3118,131.37
cdf_db,off,1,3119,133.39
cdf_db,off,1,3120,130.06
cdf_db,off,1,3121,127.19
cdf_db,off,1,3122,134.42
cdf_db,off,1,3123,154.54
cdf_db,off,1,3124,177.31
cdf_db,off,1,3125,133.78
cdf_db,off,1,3126,133.44
cdf_db,off,1,3127,154.05
cdf_db,off,1,3128,128.61
cdf_db,off,1,3129,132.7
cdf_db,off,1,3130,165.27
cdf_db,off,1,3131,177.18
cdf_db,off,1,3132,130.73
cdf_db,off,1,3133,159.06
cdf_db,off,1,3134,155.64
cdf_db,off,1,3135,178.79
cdf_db,off,1,3136,138.87
cdf_db,off,1,3137,177.98
cdf_db,off,1,3138,135.63
cdf_db,off,1,3139,132.46
cdf_db,off,1,3140,130.0
cdf_db,off,1,3141,135.64
cdf_db,off,1,3142,133.55
cdf_db,off,1,3143,136.36
cdf_db,off,1,3144,183.46
cdf_db,off,1,3145,135.65
cdf_db,off,1,3146,129.441
cdf_db,off,1,3147,136.56
cdf_db,off,1,3148,131.32
cdf_db,off,1,3149,130.93
cdf_db,off,1,3150,140.97
cdf_db,off,1,3151,189.74
cdf_db,off,1,3152,131.9
cdf_db,off,1,3153,133.57
cdf_db,off,1,3154,130.63
cdf_db,off,1,3155,130.96
cdf_db,off,1,3156,128.88
cdf_db,off,1,3157,128.81
cdf_db,off,1,3158,195.25
cdf_db,off,1,3159,137.63
cdf_db,off,1,3160,155.36
cdf_db,off,1,3161,134.98
cdf_db,off,1,3162,132.31
cdf_db,off,1,3163,131.3
cdf_db,off,1,3164,140.64
cdf_db,off,1,3165,179.3
cdf_db,off,1,3166,131.01
cdf_db,off,1,3167,132.26
cdf_db,off,1,3168,128.97
cdf_db,off,1,3169,129.0
cdf_db,off,1,3170,130.83
cdf_db,off,1,3171,130.39
cdf_db,off,1,3172,182.47
cdf_db,off,1,3173,132.12
cdf_db,off,1,3174,127.49
cdf_db,off,1,3175,148.77
cdf_db,off,1,3176,128.15
cdf_db,off,1,3177,130.99
cdf_db,off,1,3178,158.37
cdf_db,off,1,3179,203.52
cdf_db,off,1,3180,129.89
cdf_db,off,1,3181,131.68
cdf_db,off,1,3182,133.04
cdf_db,off,1,3183,135.411
cdf_db,off,1,3184,143.251
cdf_db,off,1,3185,135.109
cdf_db,off,1,3186,187.209
cdf_db,off,1,3187,137.411
cdf_db,off,1,3188,128.01
cdf_db,off,1,3189,142.8
cdf_db,off,1,3190,132.73
cdf_db,off,1,3191,136.78
cdf_db,off,1,3192,172.42
cdf_db,off,1,3193,182.91
cdf_db,off,1,3194,139.03
cdf_db,off,1,3195,135.91
cdf_db,off,1,3196,134.85
cdf_db,off,1,3197,135.05
cdf_db,off,1,3198,130.7
cdf_db,off,1,3199,141.1
cdf_db,off,1,3200,178.41
cdf_db,off,1,3201,129.73
cdf_db,off,1,3202,138.65
cdf_db,off,1,3203,135.83
cdf_db,off,1,3204,127.75
cdf_db,off,1,3205,129.0
cdf_db,off,1,3206,150.19
cdf_db,off,1,3207,181.51
cdf_db,off,1,3208,130.48
cdf_db,off,1,3209,140.69
cdf_db,off,1,3210,130.26
cdf_db,off,1,3211,162.33
cdf_db,off,1,3212,135.56
cdf_db,off,1,3213,146.41
cdf_db,off,1,3214,178.591
cdf_db,off,1,3215,142.909
cdf_db,off,1,3216,135.1
cdf_db,off,1,3217,130.969
cdf_db,off,1,3218,144.329
cdf_db,off,1,3219,132.391
cdf_db,off,1,3220,207.72
cdf_db,off,1,3221,140.23
cdf_db,off,1,3222,134.83
cdf_db,off,1,3223,140.48
cdf_db,off,1,3224,136.12
cdf_db,off,1,3225,132.05
cdf_db,off,1,3226,136.34
cdf_db,off,1,3227,196.84
cdf_db,off,1,3228,138.67
cdf_db,off,1,3229,140.76
cdf_db,off,1,3230,137.04
cdf_db,off,1,3231,145.52
cdf_db,off,1,3232,134.12
cdf_db,off,1,3233,139.9
cdf_db,off,1,3234,177.25
cdf_db,off,1,3235,138.64
cdf_db,off,1,3236,133.3
cdf_db,off,1,3237,135.56
cdf_db,off,1,3238,160.3
cdf_db,off,1,3239,130.78
cdf_db,off,1,3240,145.44
cdf_db,off,1,3241,183.31
cdf_db,off,1,3242,130.57
cdf_db,off,1,3243,139.24
cdf_db,off,1,3244,135.67
cdf_db,off,1,3245,130.83
cdf_db,off,1,3246,139.17
cdf_db,off,1,3247,136.549
cdf_db,off,1,3248,196.369
cdf_db,off,1,3249,139.78
cdf_db,off,1,3250,136.78
cdf_db,off,1,3251,131.971
cdf_db,off,1,3252,139.149
cdf_db,off,1,3253,133.91
cdf_db,off,1,3254,136.22
cdf_db,off,1,3255,197.91
cdf_db,off,1,3256,134.46
cdf_db,off,1,3257,134.94
cdf_db,off,1,3258,155.76
cdf_db,off,1,3259,139.2
cdf_db,off,1,3260,133.13
cdf_db,off,1,3261,191.27
cdf_db,off,1,3262,138.3
cdf_db,off,1,3263,864.92
cdf_db,off,1,3264,350.25
cdf_db,off,1,3265,220.45
cdf_db,off,1,3266,162.56
cdf_db,off,1,3267,180.38
cdf_db,off,1,3268,252.47
cdf_db,off,1,3269,148.36
cdf_db,off,1,3270,155.07
cdf_db,off,1,3271,153.591
cdf_db,off,1,3272,147.72
cdf_db,off,1,3273,233.309
cdf_db,off,1,3274,144.68
cdf_db,off,1,3275,148.53
cdf_db,off,1,3276,144.82
cdf_db,off,1,3277,138.42
cdf_db,off,1,3278,141.37
cdf_db,off,1,3279,145.35
cdf_db,off,1,3280,185.09
cdf_db,off,1,3281,139.14
cdf_db,off,1,3282,154.85
cdf_db,off,1,3283,136.89
cdf_db,off,1,3284,174.12
cdf_db,off,1,3285,139.14
cdf_db,off,1,3286,201.25
cdf_db,off,1,3287,138.62
cdf_db,off,1,3288,140.11
cdf_db,off,1,3289,146.37
cdf_db,off,1,3290,136.39
cdf_db,off,1,3291,135.33
cdf_db,off,1,3292,143.61
cdf_db,off,1,3293,208.39
cdf_db,off,1,3294,137.41
cdf_db,off,1,3295,137.76
cdf_db,off,1,3296,139.39
cdf_db,off,1,3297,154.63
cdf_db,off,1,3298,134.11
cdf_db,off,1,3299,140.18
cdf_db,off,1,3300,218.05
cdf_db,off,1,3301,137.7
cdf_db,off,1,3302,135.0
cdf_db,off,1,3303,146.21
cdf_db,off,1,3304,162.24
cdf_db,off,1,3305,141.18
cdf_db,off,1,3306,187.801
cdf_db,off,1,3307,175.871
cdf_db,off,1,3308,138.511
cdf_db,off,1,3309,163.0
cdf_db,off,1,3310,138.96
cdf_db,off,1,3311,157.86
cdf_db,off,1,3312,212.94
cdf_db,off,1,3313,189.79
cdf_db,off,1,3314,140.38
cdf_db,off,1,3315,137.38
cdf_db,off,1,3316,134.21
cdf_db,off,1,3317,132.38
cdf_db,off,1,3318,145.19
cdf_db,off,1,3319,180.45
cdf_db,off,1,3320,140.17
cdf_db,off,1,3321,156.0
cdf_db,off,1,3322,131.22
cdf_db,off,1,3323,139.25
cdf_db,off,1,3324,144.06
cdf_db,off,1,3325,211.01
cdf_db,off,1,3326,152.86
cdf_db,off,1,3327,141.04
cdf_db,off,1,3328,136.15
cdf_db,off,1,3329,139.61
cdf_db,off,1,3330,135.29
cdf_db,off,1,3331,148.98
cdf_db,off,1,3332,186.15
cdf_db,off,1,3333,147.26
cdf_db,off,1,3334,145.16
cdf_db,off,1,3335,136.02
cdf_db,off,1,3336,149.7
cdf_db,off,1,3337,143.5
cdf_db,off,1,3338,225.18
cdf_db,off,1,3339,149.12
cdf_db,off,1,3340,135.241
cdf_db,off,1,3341,142.51
cdf_db,off,1,3342,132.14
cdf_db,off,1,3343,139.54
cdf_db,off,1,3344,149.63
cdf_db,off,1,3345,178.44
cdf_db,off,1,3346,145.02
cdf_db,off,1,3347,138.47
cdf_db,off,1,3348,141.34
cdf_db,off,1,3349,137.57
cdf_db,off,1,3350,138.28
cdf_db,off,1,3351,141.94
cdf_db,off,1,3352,180.85
cdf_db,off,1,3353,141.4
cdf_db,off,1,3354,134.57
cdf_db,off,1,3355,138.04
cdf_db,off,1,3356,130.97
cdf_db,off,1,3357,138.99
cdf_db,off,1,3358,136.97
cdf_db,off,1,3359,179.21
cdf_db,off,1,3360,141.01
cdf_db,off,1,3361,140.37
cdf_db,off,1,3362,134.14
cdf_db,off,1,3363,136.89
cdf_db,off,1,3364,135.83
cdf_db,off,1,3365,151.21
cdf_db,off,1,3366,184.09
cdf_db,off,1,3367,141.49
cdf_db,off,1,3368,141.011
cdf_db,off,1,3369,135.531
cdf_db,off,1,3370,141.4
cdf_db,off,1,3371,137.169
cdf_db,off,1,3372,197.66
cdf_db,off,1,3373,161.26
cdf_db,off,1,3374,143.43
cdf_db,off,1,3375,136.8
cdf_db,off,1,3376,140.08
cdf_db,off,1,3377,137.23
cdf_db,off,1,3378,139.42
cdf_db,off,1,3379,187.99
cdf_db,off,1,3380,132.67
cdf_db,off,1,3381,143.91
cdf_db,off,1,3382,131.75
cdf_db,off,1,3383,130.23
cdf_db,off,1,3384,143.33
cdf_db,off,1,3385,137.66
cdf_db,off,1,3386,195.94
cdf_db,off,1,3387,133.09
cdf_db,off,1,3388,145.67
cdf_db,off,1,3389,132.19
cdf_db,off,1,3390,142.5
cdf_db,off,1,3391,133.1
cdf_db,off,1,3392,149.71
cdf_db,off,1,3393,184.11
cdf_db,off,1,3394,143.08
cdf_db,off,1,3395,143.74
cdf_db,off,1,3396,134.79
cdf_db,off,1,3397,138.31
cdf_db,off,1,3398,141.08
cdf_db,off,1,3399,209.6
cdf_db,off,1,3400,142.06
cdf_db,off,1,3401,155.111
cdf_db,off,1,3402,140.82
cdf_db,off,1,3403,129.5
cdf_db,off,1,3404,128.96
cdf_db,off,1,3405,149.38
cdf_db,off,1,3406,197.771
cdf_db,off,1,3407,135.93
cdf_db,off,1,3408,161.43
cdf_db,off,1,3409,138.58
cdf_db,off,1,3410,140.52
cdf_db,off,1,3411,141.02
cdf_db,off,1,3412,194.63
cdf_db,off,1,3413,129.89
cdf_db,off,1,3414,146.32
cdf_db,off,1,3415,140.16
cdf_db,off,1,3416,130.38
cdf_db,off,1,3417,138.01
cdf_db,off,1,3418,139.66
cdf_db,off,1,3419,196.06
cdf_db,off,1,3420,141.96
cdf_db,off,1,3421,133.07
cdf_db,off,1,3422,140.95
cdf_db,off,1,3423,157.56
cdf_db,off,1,3424,135.75
cdf_db,off,1,3425,143.8
cdf_db,off,1,3426,187.54
cdf_db,off,1,3427,141.65
cdf_db,off,1,3428,134.97
cdf_db,off,1,3429,136.53
cdf_db,off,1,3430,142.2
cdf_db,off,1,3431,134.95
cdf_db,off,1,3432,148.12
cdf_db,off,1,3433,178.909
cdf_db,off,1,3434,145.5
cdf_db,off,1,3435,139.82
cdf_db,off,1,3436,131.9
cdf_db,off,1,3437,139.571
cdf_db,off,1,3438,138.05
cdf_db,off,1,3439,221.19
cdf_db,off,1,3440,133.34
cdf_db,off,1,3441,147.13
cdf_db,off,1,3442,148.22
cdf_db,off,1,3443,134.49
cdf_db,off,1,3444,142.42
cdf_db,off,1,3445,130.41
cdf_db,off,1,3446,196.08
cdf_db,off,1,3447,144.67
cdf_db,off,1,3448,133.44
cdf_db,off,1,3449,136.55
cdf_db,off,1,3450,140.82
cdf_db,off,1,3451,155.1
cdf_db,off,1,3452,146.86
cdf_db,off,1,3453,187.05
cdf_db,off,1,3454,134.13
cdf_db,off,1,3455,141.51
cdf_db,off,1,3456,136.14
cdf_db,off,1,3457,138.77
cdf_db,off,1,3458,135.89
cdf_db,off,1,3459,140.34
cdf_db,off,1,3460,197.73
cdf_db,off,1,3461,139.12
cdf_db,off,1,3462,139.86
cdf_db,off,1,3463,134.24
cdf_db,off,1,3464,139.47
cdf_db,off,1,3465,137.24
cdf_db,off,1,3466,198.48
cdf_db,off,1,3467,174.141
cdf_db,off,1,3468,131.66
cdf_db,off,1,3469,139.08
cdf_db,off,1,3470,130.69
cdf_db,off,1,3471,132.7
cdf_db,off,1,3472,145.05
cdf_db,off,1,3473,218.63
cdf_db,off,1,3474,137.67
cdf_db,off,1,3475,146.17
cdf_db,off,1,3476,162.49
cdf_db,off,1,3477,135.72
cdf_db,off,1,3478,165.56
cdf_db,off,1,3479,206.27
cdf_db,off,1,3480,132.85
cdf_db,off,1,3481,159.88
cdf_db,off,1,3482,173.42
cdf_db,off,1,3483,409.35
cdf_db,off,1,3484,203.49
cdf_db,off,1,3485,132.71
cdf_db,off,1,3486,141.97
cdf_db,off,1,3487,134.36
cdf_db,off,1,3488,133.74
cdf_db,off,1,3489,131.49
cdf_db,off,1,3490,191.13
cdf_db,off,1,3491,132.41
cdf_db,off,1,3492,130.08
cdf_db,off,1,3493,135.4
cdf_db,off,1,3494,133.67
cdf_db,off,1,3495,131.57
cdf_db,off,1,3496,132.61
cdf_db,off,1,3497,141.47
cdf_db,off,1,3498,173.16
cdf_db,off,1,3499,134.231
cdf_db,off,1,3500,133.65
cdf_db,off,1,3501,131.97
cdf_db,off,1,3502,131.58
cdf_db,off,1,3503,128.87
cdf_db,off,1,3504,139.61
cdf_db,off,1,3505,179.11
cdf_db,off,1,3506,133.96
cdf_db,off,1,3507,133.35
cdf_db,off,1,3508,130.27
cdf_db,off,1,3509,136.31
cdf_db,off,1,3510,131.66
cdf_db,off,1,3511,135.72
cdf_db,off,1,3512,180.06
cdf_db,off,1,3513,131.42
cdf_db,off,1,3514,131.82
cdf_db,off,1,3515,134.72
cdf_db,off,1,3516,134.06
cdf_db,off,1,3517,132.99
cdf_db,off,1,3518,137.48
cdf_db,off,1,3519,181.61
cdf_db,off,1,3520,131.41
cdf_db,off,1,3521,137.45
cdf_db,off,1,3522,131.13
cdf_db,off,1,3523,133.37
cdf_db,off,1,3524,134.58
cdf_db,off,1,3525,142.11
cdf_db,off,1,3526,180.45
cdf_db,off,1,3527,134.15
cdf_db,off,1,3528,134.34
cdf_db,off,1,3529,134.08
cdf_db,off,1,3530,133.28
cdf_db,off,1,3531,164.32
cdf_db,off,1,3532,140.84
cdf_db,off,1,3533,177.569
cdf_db,off,1,3534,136.371
cdf_db,off,1,3535,135.6
cdf_db,off,1,3536,132.02
cdf_db,off,1,3537,131.31
cdf_db,off,1,3538,133.04
cdf_db,off,1,3539,132.44
cdf_db,off,1,3540,189.78
cdf_db,off,1,3541,130.96
cdf_db,off,1,3542,132.71
cdf_db,off,1,3543,136.58
cdf_db,off,1,3544,131.23
cdf_db,off,1,3545,130.9
cdf_db,off,1,3546,139.17
cdf_db,off,1,3547,198.73
cdf_db,off,1,3548,134.28
cdf_db,off,1,3549,135.95
cdf_db,off,1,3550,134.94
cdf_db,off,1,3551,132.5
cdf_db,off,1,3552,135.26
cdf_db,off,1,3553,135.86
cdf_db,off,1,3554,181.73
cdf_db,off,1,3555,131.97
cdf_db,off,1,3556,129.96
cdf_db,off,1,3557,134.39
cdf_db,off,1,3558,131.1
cdf_db,off,1,3559,132.71
cdf_db,off,1,3560,144.96
cdf_db,off,1,3561,177.98
cdf_db,off,1,3562,161.901
cdf_db,off,1,3563,136.9
cdf_db,off,1,3564,131.74
cdf_db,off,1,3565,136.4
cdf_db,off,1,3566,131.029
cdf_db,off,1,3567,141.9
cdf_db,off,1,3568,181.609
cdf_db,off,1,3569,131.0
cdf_db,off,1,3570,134.091
cdf_db,off,1,3571,134.7
cdf_db,off,1,3572,129.66
cdf_db,off,1,3573,129.77
cdf_db,off,1,3574,134.75
cdf_db,off,1,3575,175.62
cdf_db,off,1,3576,131.62
cdf_db,off,1,3577,133.64
cdf_db,off,1,3578,129.15
cdf_db,off,1,3579,132.33
cdf_db,off,1,3580,135.36
cdf_db,off,1,3581,128.9
cdf_db,off,1,3582,182.49
cdf_db,off,1,3583,135.19
cdf_db,off,1,3584,132.68
cdf_db,off,1,3585,155.83
cdf_db,off,1,3586,133.3
cdf_db,off,1,3587,131.98
cdf_db,off,1,3588,137.91
cdf_db,off,1,3589,180.15
cdf_db,off,1,3590,133.84
cdf_db,off,1,3591,133.6
cdf_db,off,1,3592,130.79
cdf_db,off,1,3593,131.2
cdf_db,off,1,3594,128.41
cdf_db,off,1,3595,131.61
cdf_db,off,1,3596,188.089
cdf_db,off,1,3597,134.169
cdf_db,off,1,3598,131.869
cdf_db,off,1,3599,131.809
cdf_db,off,1,3600,130.28
cdf_db,off,1,3601,154.651
cdf_db,off,1,3602,131.85
cdf_db,off,1,3603,188.0
cdf_db,off,1,3604,133.68
cdf_db,off,1,3605,133.53
cdf_db,off,1,3606,131.64
cdf_db,off,1,3607,131.35
cdf_db,off,1,3608,130.15
cdf_db,off,1,3609,131.15
cdf_db,off,1,3610,186.72
cdf_db,off,1,3611,131.85
cdf_db,off,1,3612,134.78
cdf_db,off,1,3613,142.69
cdf_db,off,1,3614,155.66
cdf_db,off,1,3615,130.99
cdf_db,off,1,3616,138.26
cdf_db,off,1,3617,197.1
cdf_db,off,1,3618,133.03
cdf_db,off,1,3619,133.95
cdf_db,off,1,3620,131.58
cdf_db,off,1,3621,128.07
cdf_db,off,1,3622,133.2
cdf_db,off,1,3623,161.49
cdf_db,off,1,3624,179.51
cdf_db,off,1,3625,135.45
cdf_db,off,1,3626,134.85
cdf_db,off,1,3627,131.63
cdf_db,off,1,3628,130.89
cdf_db,off,1,3629,130.84
cdf_db,off,1,3630,168.77
cdf_db,off,1,3631,188.57
cdf_db,off,1,3632,136.52
cdf_db,off,1,3633,138.08
cdf_db,off,1,3634,136.84
cdf_db,off,1,3635,140.229
cdf_db,off,1,3636,155.8
cdf_db,off,1,3637,196.53
cdf_db,off,1,3638,137.04
cdf_db,off,1,3639,153.97
cdf_db,off,1,3640,156.99
cdf_db,off,1,3641,139.02
cdf_db,off,1,3642,134.17
cdf_db,off,1,3643,161.71
cdf_db,off,1,3644,186.33
cdf_db,off,1,3645,160.78
cdf_db,off,1,3646,162.14
cdf_db,off,1,3647,182.55
cdf_db,off,1,3648,134.31
cdf_db,off,1,3649,131.51
cdf_db,off,1,3650,190.63
cdf_db,off,1,3651,134.24
cdf_db,off,1,3652,133.69
cdf_db,off,1,3653,131.98
cdf_db,off,1,3654,132.09
cdf_db,off,1,3655,131.07
cdf_db,off,1,3656,131.01
cdf_db,off,1,3657,186.02
cdf_db,off,1,3658,133.41
cdf_db,off,1,3659,136.17
cdf_db,off,1,3660,132.49
cdf_db,off,1,3661,134.84
cdf_db,off,1,3662,134.28
cdf_db,off,1,3663,132.37
cdf_db,off,1,3664,188.36
cdf_db,off,1,3665,135.069
cdf_db,off,1,3666,132.311
cdf_db,off,1,3667,144.549
cdf_db,off,1,3668,133.071
cdf_db,off,1,3669,128.33
cdf_db,off,1,3670,131.91
cdf_db,off,1,3671,187.12
cdf_db,off,1,3672,132.4
cdf_db,off,1,3673,133.06
cdf_db,off,1,3674,131.6
cdf_db,off,1,3675,131.21
cdf_db,off,1,3676,132.42
cdf_db,off,1,3677,140.27
cdf_db,off,1,3678,185.39
cdf_db,off,1,3679,141.14
cdf_db,off,1,3680,133.94
cdf_db,off,1,3681,138.66
cdf_db,off,1,3682,148.82
cdf_db,off,1,3683,133.05
cdf_db,off,1,3684,141.86
cdf_db,off,1,3685,186.87
cdf_db,off,1,3686,156.86
cdf_db,off,1,3687,144.46
cdf_db,off,1,3688,132.86
cdf_db,off,1,3689,142.93
cdf_db,off,1,3690,133.57
cdf_db,off,1,3691,149.23
cdf_db,off,1,3692,203.76
cdf_db,off,1,3693,136.61
cdf_db,off,1,3694,144.35
cdf_db,off,1,3695,159.65
cdf_db,off,1,3696,132.46
cdf_db,off,1,3697,138.761
cdf_db,off,1,3698,187.94
cdf_db,off,1,3699,139.609
cdf_db,off,1,3700,134.489
cdf_db,off,1,3701,136.391
cdf_db,off,1,3702,135.27
cdf_db,off,1,3703,136.15
cdf_db,off,1,3704,135.56
cdf_db,off,1,3705,198.83
cdf_db,off,1,3706,135.66
cdf_db,off,1,3707,141.6
cdf_db,off,1,3708,133.91
cdf_db,off,1,3709,130.99
cdf_db,off,1,3710,135.94
cdf_db,off,1,3711,129.56
cdf_db,off,1,3712,197.82
cdf_db,off,1,3713,135.25
cdf_db,off,1,3714,136.29
cdf_db,off,1,3715,139.01
cdf_db,off,1,3716,133.52
cdf_db,off,1,3717,131.02
cdf_db,off,1,3718,138.56
cdf_db,off,1,3719,195.06
cdf_db,off,1,3720,134.31
cdf_db,off,1,3721,141.05
cdf_db,off,1,3722,131.43
cdf_db,off,1,3723,131.65
cdf_db,off,1,3724,130.11
cdf_db,off,1,3725,160.31
cdf_db,off,1,3726,186.56
cdf_db,off,1,3727,134.01
cdf_db,off,1,3728,135.83
cdf_db,off,1,3729,131.251
cdf_db,off,1,3730,132.411
cdf_db,off,1,3731,137.651
cdf_db,off,1,3732,138.3
cdf_db,off,1,3733,183.469
cdf_db,off,1,3734,132.16
cdf_db,off,1,3735,131.851
cdf_db,off,1,3736,134.84
cdf_db,off,1,3737,129.53
cdf_db,off,1,3738,133.49
cdf_db,off,1,3739,136.49
cdf_db,off,1,3740,185.43
cdf_db,off,1,3741,134.31
cdf_db,off,1,3742,130.26
cdf_db,off,1,3743,134.08
cdf_db,off,1,3744,133.23
cdf_db,off,1,3745,132.75
cdf_db,off,1,3746,142.13
cdf_db,off,1,3747,181.56
cdf_db,off,1,3748,161.61
cdf_db,off,1,3749,134.29
cdf_db,off,1,3750,134.64
cdf_db,off,1,3751,130.66
cdf_db,off,1,3752,132.1
cdf_db,off,1,3753,142.77
cdf_db,off,1,3754,184.5
cdf_db,off,1,3755,135.11
cdf_db,off,1,3756,138.89
cdf_db,off,1,3757,136.04
cdf_db,off,1,3758,145.71
cdf_db,off,1,3759,146.79
cdf_db,off,1,3760,134.16
cdf_db,off,1,3761,194.861
cdf_db,off,1,3762,134.48
cdf_db,off,1,3763,135.969
cdf_db,off,1,3764,165.871
cdf_db,off,1,3765,334.12
cdf_db,off,1,3766,364.121
cdf_db,off,1,3767,222.91
cdf_db,off,1,3768,192.57
cdf_db,off,1,3769,156.9
cdf_db,off,1,3770,223.34
cdf_db,off,1,3771,155.63
cdf_db,off,1,3772,142.35
cdf_db,off,1,3773,143.4
cdf_db,off,1,3774,144.67
cdf_db,off,1,3775,140.38
cdf_db,off,1,3776,138.87
cdf_db,off,1,3777,219.52
cdf_db,off,1,3778,138.42
cdf_db,off,1,3779,140.95
cdf_db,off,1,3780,133.14
cdf_db,off,1,3781,137.97
cdf_db,off,1,3782,140.04
cdf_db,off,1,3783,194.03
cdf_db,off,1,3784,138.36
cdf_db,off,1,3785,142.97
cdf_db,off,1,3786,142.04
cdf_db,off,1,3787,159.67
cdf_db,off,1,3788,134.9
cdf_db,off,1,3789,141.41
cdf_db,off,1,3790,180.35
cdf_db,off,1,3791,138.3
cdf_db,off,1,3792,135.911
cdf_db,off,1,3793,136.28
cdf_db,off,1,3794,158.789
cdf_db,off,1,3795,132.581
cdf_db,off,1,3796,141.75
cdf_db,off,1,3797,178.93
cdf_db,off,1,3798,132.71
cdf_db,off,1,3799,136.37
cdf_db,off,1,3800,154.83
cdf_db,off,1,3801,132.65
cdf_db,off,1,3802,133.63
cdf_db,off,1,3803,133.86
cdf_db,off,1,3804,201.39
cdf_db,off,1,3805,134.16
cdf_db,off,1,3806,131.0
cdf_db,off,1,3807,154.5
cdf_db,off,1,3808,131.96
cdf_db,off,1,3809,155.44
cdf_db,off,1,3810,210.26
cdf_db,off,1,3811,184.96
cdf_db,off,1,3812,132.01
cdf_db,off,1,3813,137.81
cdf_db,off,1,3814,143.47
cdf_db,off,1,3815,134.88
cdf_db,off,1,3816,136.03
cdf_db,off,1,3817,179.7
cdf_db,off,1,3818,132.4
cdf_db,off,1,3819,135.82
cdf_db,off,1,3820,132.43
cdf_db,off,1,3821,133.51
cdf_db,off,1,3822,131.41
cdf_db,off,1,3823,147.16
cdf_db,off,1,3824,179.32
cdf_db,off,1,3825,133.12
cdf_db,off,1,3826,136.431
cdf_db,off,1,3827,131.451
cdf_db,off,1,3828,132.06
cdf_db,off,1,3829,133.46
cdf_db,off,1,3830,148.45
cdf_db,off,1,3831,181.11
cdf_db,off,1,3832,147.41
cdf_db,off,1,3833,139.43
cdf_db,off,1,3834,137.95
cdf_db,off,1,3835,136.33
cdf_db,off,1,3836,132.38
cdf_db,off,1,3837,144.82
cdf_db,off,1,3838,192.47
cdf_db,off,1,3839,132.4
cdf_db,off,1,3840,133.57
cdf_db,off,1,3841,129.87
cdf_db,off,1,3842,131.79
cdf_db,off,1,3843,132.41
cdf_db,off,1,3844,139.43
cdf_db,off,1,3845,174.13
cdf_db,off,1,3846,130.99
cdf_db,off,1,3847,131.94
cdf_db,off,1,3848,132.75
cdf_db,off,1,3849,132.19
cdf_db,off,1,3850,130.81
cdf_db,off,1,3851,134.87
cdf_db,off,1,3852,200.9
cdf_db,off,1,3853,131.07
cdf_db,off,1,3854,134.2
cdf_db,off,1,3855,131.28
cdf_db,off,1,3856,130.46
cdf_db,off,1,3857,135.99
cdf_db,off,1,3858,137.89
cdf_db,off,1,3859,210.941
cdf_db,off,1,3860,132.769
cdf_db,off,1,3861,134.62
cdf_db,off,1,3862,135.34
cdf_db,off,1,3863,131.271
cdf_db,off,1,3864,129.311
cdf_db,off,1,3865,136.48
cdf_db,off,1,3866,176.04
cdf_db,off,1,3867,130.89
cdf_db,off,1,3868,134.07
cdf_db,off,1,3869,129.24
cdf_db,off,1,3870,132.68
cdf_db,off,1,3871,131.98
cdf_db,off,1,3872,138.19
cdf_db,off,1,3873,180.25
cdf_db,off,1,3874,133.83
cdf_db,off,1,3875,134.67
cdf_db,off,1,3876,130.56
cdf_db,off,1,3877,131.45
cdf_db,off,1,3878,141.06
cdf_db,off,1,3879,135.21
cdf_db,off,1,3880,183.47
cdf_db,off,1,3881,138.82
cdf_db,off,1,3882,197.73
cdf_db,off,1,3883,161.81
cdf_db,off,1,3884,213.42
cdf_db,off,1,3885,215.76
cdf_db,off,1,3886,202.75
cdf_db,off,1,3887,159.94
cdf_db,off,1,3888,196.39
cdf_db,off,1,3889,181.92
cdf_db,off,1,3890,196.869
cdf_db,off,1,3891,196.089
cdf_db,off,1,3892,195.18
cdf_db,off,1,3893,156.0
cdf_db,off,1,3894,194.029
cdf_db,off,1,3895,154.001
cdf_db,off,1,3896,259.78
cdf_db,off,1,3897,160.41
cdf_db,off,1,3898,198.27
cdf_db,off,1,3899,156.88
cdf_db,off,1,3900,201.07
cdf_db,off,1,3901,221.81
cdf_db,off,1,3902,193.09
cdf_db,off,1,3903,153.43
cdf_db,off,1,3904,197.81
cdf_db,off,1,3905,167.68
cdf_db,off,1,3906,202.18
cdf_db,off,1,3907,211.12
cdf_db,off,1,3908,191.64
cdf_db,off,1,3909,155.27
cdf_db,off,1,3910,191.36
cdf_db,off,1,3911,183.5
cdf_db,off,1,3912,235.65
cdf_db,off,1,3913,153.12
cdf_db,off,1,3914,190.37
cdf_db,off,1,3915,155.7
cdf_db,off,1,3916,189.149
cdf_db,off,1,3917,209.509
cdf_db,off,1,3918,193.331
cdf_db,off,1,3919,151.6
cdf_db,off,1,3920,197.62
cdf_db,off,1,3921,154.87
cdf_db,off,1,3922,196.34
cdf_db,off,1,3923,195.56
cdf_db,off,1,3924,191.22
cdf_db,off,1,3925,152.41
cdf_db,off,1,3926,188.82
cdf_db,off,1,3927,153.44
cdf_db,off,1,3928,242.99
cdf_db,off,1,3929,174.8
cdf_db,off,1,3930,191.0
cdf_db,off,1,3931,151.8
cdf_db,off,1,3932,190.2
cdf_db,off,1,3933,209.33
cdf_db,off,1,3934,419.44
cdf_db,off,1,3935,184.17
cdf_db,off,1,3936,195.55
cdf_db,off,1,3937,213.06
cdf_db,off,1,3938,194.59
cdf_db,off,1,3939,155.06
cdf_db,off,1,3940,201.05
cdf_db,off,1,3941,182.06
cdf_db,off,1,3942,192.7
cdf_db,off,1,3943,195.87
cdf_db,off,1,3944,191.33
cdf_db,off,1,3945,156.09
cdf_db,off,1,3946,192.62
cdf_db,off,1,3947,154.53
cdf_db,off,1,3948,242.1
cdf_db,off,1,3949,158.33
cdf_db,off,1,3950,189.4
cdf_db,off,1,3951,176.08
cdf_db,off,1,3952,193.69
cdf_db,off,1,3953,215.01
cdf_db,off,1,3954,199.43
cdf_db,off,1,3955,154.56
cdf_db,off,1,3956,193.06
cdf_db,off,1,3957,154.73
cdf_db,off,1,3958,215.38
cdf_db,off,1,3959,199.73
cdf_db,off,1,3960,190.84
cdf_db,off,1,3961,156.66
cdf_db,off,1,3962,190.4
cdf_db,off,1,3963,153.78
cdf_db,off,1,3964,243.29
cdf_db,off,1,3965,154.001
cdf_db,off,1,3966,192.651
cdf_db,off,1,3967,152.669
cdf_db,off,1,3968,189.731
cdf_db,off,1,3969,230.75
cdf_db,off,1,3970,188.51
cdf_db,off,1,3971,150.26
cdf_db,off,1,3972,188.9
cdf_db,off,1,3973,178.53
cdf_db,off,1,3974,197.52
cdf_db,off,1,3975,207.24
cdf_db,off,1,3976,186.54
cdf_db,off,1,3977,213.2
cdf_db,off,1,3978,213.96
cdf_db,off,1,3979,194.13
cdf_db,off,1,3980,215.05
cdf_db,off,1,3981,190.25
cdf_db,off,1,3982,159.52
cdf_db,off,1,3983,190.1
cdf_db,off,1,3984,153.99
cdf_db,off,1,3985,245.79
cdf_db,off,1,3986,153.58
cdf_db,off,1,3987,190.75
cdf_db,off,1,3988,153.23
cdf_db,off,1,3989,188.92
cdf_db,off,1,3990,207.22
cdf_db,off,1,3991,193.63
cdf_db,off,1,3992,153.57
cdf_db,off,1,3993,187.8
cdf_db,off,1,3994,154.78
cdf_db,off,1,3995,196.169
cdf_db,off,1,3996,200.689
cdf_db,off,1,3997,192.22
cdf_db,off,1,3998,155.03
cdf_db,off,1,3999,192.83
cdf_db,off,1,4000,157.75
cdf_db,off,1,4001,243.9
cdf_db,off,1,4002,154.56
cdf_db,off,1,4003,210.38
cdf_db,off,1,4004,153.83
cdf_db,off,1,4005,193.16
cdf_db,off,1,4006,159.5
cdf_db,off,1,4007,244.5
cdf_db,off,1,4008,159.41
cdf_db,off,1,4009,197.24
cdf_db,off,1,4010,161.42
cdf_db,off,1,4011,200.22
cdf_db,off,1,4012,197.67
cdf_db,off,1,4013,197.67
cdf_db,off,1,4014,150.78
cdf_db,off,1,4015,189.86
cdf_db,off,1,4016,155.61
cdf_db,off,1,4017,245.82
cdf_db,off,1,4018,151.66
cdf_db,off,1,4019,190.44
cdf_db,off,1,4020,153.629
cdf_db,off,1,4021,192.031
cdf_db,off,1,4022,178.711
cdf_db,off,1,4023,239.99
cdf_db,off,1,4024,154.62
cdf_db,off,1,4025,193.52
cdf_db,off,1,4026,159.38
cdf_db,off,1,4027,190.85
cdf_db,off,1,4028,208.62
cdf_db,off,1,4029,193.43
cdf_db,off,1,4030,156.5
cdf_db,off,1,4031,188.28
cdf_db,off,1,4032,155.69
cdf_db,off,1,4033,191.96
cdf_db,off,1,4034,200.28
cdf_db,off,1,4035,192.69
cdf_db,off,1,4036,176.1
cdf_db,off,1,4037,203.85
cdf_db,off,1,4038,160.11
cdf_db,off,1,4039,236.87
cdf_db,off,1,4040,154.79
cdf_db,off,1,4041,192.75
cdf_db,off,1,4042,154.65
cdf_db,off,1,4043,192.0
cdf_db,off,1,4044,206.549
cdf_db,off,1,4045,191.96
cdf_db,off,1,4046,175.951
cdf_db,off,1,4047,189.76
cdf_db,off,1,4048,152.46
cdf_db,off,1,4049,194.9
cdf_db,off,1,4050,201.4
cdf_db,off,1,4051,207.32
cdf_db,off,1,4052,156.95
cdf_db,off,1,4053,190.67
cdf_db,off,1,4054,181.9
cdf_db,off,1,4055,254.92
cdf_db,off,1,4056,152.05
cdf_db,off,1,4057,188.97
cdf_db,off,1,4058,153.75
cdf_db,off,1,4059,188.09
cdf_db,off,1,4060,230.99
cdf_db,off,1,4061,190.01
cdf_db,off,1,4062,155.86
cdf_db,off,1,4063,189.46
cdf_db,off,1,4064,174.31
cdf_db,off,1,4065,200.6
cdf_db,off,1,4066,199.7
cdf_db,off,1,4067,221.33
cdf_db,off,1,4068,152.201
cdf_db,off,1,4069,193.86
cdf_db,off,1,4070,180.38
cdf_db,off,1,4071,277.84
cdf_db,off,1,4072,153.95
cdf_db,off,1,4073,188.8
cdf_db,off,1,4074,151.63
cdf_db,off,1,4075,194.15
cdf_db,off,1,4076,197.16
cdf_db,off,1,4077,191.01
cdf_db,off,1,4078,153.32
cdf_db,off,1,4079,189.25
cdf_db,off,1,4080,155.48
cdf_db,off,1,4081,246.81
cdf_db,off,1,4082,153.04
cdf_db,off,1,4083,193.2
cdf_db,off,1,4084,152.35
cdf_db,off,1,4085,187.64
cdf_db,off,1,4086,162.46
cdf_db,off,1,4087,239.82
cdf_db,off,1,4088,154.19
cdf_db,off,1,4089,189.18
cdf_db,off,1,4090,151.96
cdf_db,off,1,4091,190.37
cdf_db,off,1,4092,221.96
cdf_db,off,1,4093,192.38
cdf_db,off,1,4094,152.19
cdf_db,off,1,4095,188.58
cdf_db,off,1,4096,176.12
cdf_db,off,1,4097,191.411
cdf_db,off,1,4098,198.92
cdf_db,off,1,4099,191.66
cdf_db,off,1,4100,151.69
cdf_db,off,1,4101,188.64
cdf_db,off,1,4102,153.34
cdf_db,off,1,4103,247.66
cdf_db,off,1,4104,152.65
cdf_db,off,1,4105,190.56
cdf_db,off,1,4106,152.43
cdf_db,off,1,4107,191.21
cdf_db,off,1,4108,151.52
cdf_db,off,1,4109,235.1
cdf_db,off,1,4110,153.28
cdf_db,off,1,4111,190.55
cdf_db,off,1,4112,151.57
cdf_db,off,1,4113,190.36
cdf_db,off,1,4114,208.48
cdf_db,off,1,4115,212.77
cdf_db,off,1,4116,151.61
cdf_db,off,1,4117,189.46
cdf_db,off,1,4118,152.4
cdf_db,off,1,4119,197.79
cdf_db,off,1,4120,195.04
cdf_db,off,1,4121,194.17
cdf_db,off,1,4122,154.33
cdf_db,off,1,4123,194.41
cdf_db,off,1,4124,175.209
cdf_db,off,1,4125,260.62
cdf_db,off,1,4126,157.631
cdf_db,off,1,4127,190.17
cdf_db,off,1,4128,157.49
cdf_db,off,1,4129,191.7
cdf_db,off,1,4130,207.17
cdf_db,off,1,4131,194.14
cdf_db,off,1,4132,157.72
cdf_db,off,1,4133,192.21
cdf_db,off,1,4134,152.51
cdf_db,off,1,4135,206.45
cdf_db,off,1,4136,211.48
cdf_db,off,1,4137,194.38
cdf_db,off,1,4138,155.97
cdf_db,off,1,4139,190.96
cdf_db,off,1,4140,186.06
cdf_db,off,1,4141,243.01
cdf_db,off,1,4142,160.09
cdf_db,off,1,4143,193.72
cdf_db,off,1,4144,160.09
cdf_db,off,1,4145,195.57
cdf_db,off,1,4146,197.32
cdf_db,off,1,4147,191.6
cdf_db,off,1,4148,152.84
cdf_db,off,1,4149,187.889
cdf_db,off,1,4150,151.631
cdf_db,off,1,4151,189.22
cdf_db,off,1,4152,201.19
cdf_db,off,1,4153,190.71
cdf_db,off,1,4154,155.36
cdf_db,off,1,4155,196.11
cdf_db,off,1,4156,153.24
cdf_db,off,1,4157,247.26
cdf_db,off,1,4158,152.56
cdf_db,off,1,4159,190.91
cdf_db,off,1,4160,154.17
cdf_db,off,1,4161,193.21
cdf_db,off,1,4162,208.57
cdf_db,off,1,4163,148.35
cdf_db,off,1,4164,190.42
cdf_db,off,1,4165,154.88
cdf_db,off,1,4166,193.07
cdf_db,off,1,4167,180.25
cdf_db,off,1,4168,238.69
cdf_db,off,1,4169,154.2
cdf_db,off,1,4170,191.55
cdf_db,off,1,4171,153.96
cdf_db,off,1,4172,189.3
cdf_db,off,1,4173,206.371
cdf_db,off,1,4174,191.351
cdf_db,off,1,4175,152.369
cdf_db,off,1,4176,188.331
cdf_db,off,1,4177,153.031
cdf_db,off,1,4178,193.93
cdf_db,off,1,4179,210.1
cdf_db,off,1,4180,191.09
cdf_db,off,1,4181,152.62
cdf_db,off,1,4182,194.16
cdf_db,off,1,4183,152.89
cdf_db,off,1,4184,249.33
cdf_db,off,1,4185,151.77
cdf_db,off,1,4186,194.16
cdf_db,off,1,4187,157.91
cdf_db,off,1,4188,216.9
cdf_db,off,1,4189,164.78
cdf_db,off,1,4190,246.26
cdf_db,off,1,4191,155.35
cdf_db,off,1,4192,191.37
cdf_db,off,1,4193,154.59
cdf_db,off,1,4194,197.53
cdf_db,off,1,4195,202.81
cdf_db,off,1,4196,193.16
cdf_db,off,1,4197,167.06
cdf_db,off,1,4198,190.391
cdf_db,off,1,4199,158.169
cdf_db,off,1,4200,269.72
cdf_db,off,1,4201,162.111
cdf_db,off,1,4202,189.409
cdf_db,off,1,4203,158.26
cdf_db,off,1,4204,214.89
cdf_db,off,1,4205,207.21
cdf_db,off,1,4206,194.49
cdf_db,off,1,4207,154.91
cdf_db,off,1,4208,195.71
cdf_db,off,1,4209,150.83
cdf_db,off,1,4210,192.74
cdf_db,off,1,4211,204.81
cdf_db,off,1,4212,193.01
cdf_db,off,1,4213,152.1
cdf_db,off,1,4214,188.77
cdf_db,off,1,4215,153.33
cdf_db,off,1,4216,266.16
cdf_db,off,1,4217,154.74
cdf_db,off,1,4218,194.43
cdf_db,off,1,4219,151.37
cdf_db,off,1,4220,197.03
cdf_db,off,1,4221,162.06
cdf_db,off,1,4222,254.91
cdf_db,off,1,4223,155.61
cdf_db,off,1,4224,193.07
cdf_db,off,1,4225,178.58
cdf_db,off,1,4226,199.26
cdf_db,off,1,4227,202.65
cdf_db,off,1,4228,193.049
cdf_db,off,1,4229,153.44
cdf_db,off,1,4230,189.43
cdf_db,off,1,4231,176.99
cdf_db,off,1,4232,243.4
cdf_db,off,1,4233,151.25
cdf_db,off,1,4234,189.61
cdf_db,off,1,4235,154.54
cdf_db,off,1,4236,223.54
cdf_db,off,1,4237,223.81
cdf_db,off,1,4238,195.2
cdf_db,off,1,4239,154.81
cdf_db,off,1,4240,214.63
cdf_db,off,1,4241,156.11
cdf_db,off,1,4242,201.1
cdf_db,off,1,4243,224.57
cdf_db,off,1,4244,193.23
cdf_db,off,1,4245,203.25
cdf_db,off,1,4246,195.51
cdf_db,off,1,4247,224.77
cdf_db,off,1,4248,195.75
cdf_db,off,1,4249,156.97
cdf_db,off,1,4250,189.66
cdf_db,off,1,4251,156.48
cdf_db,off,1,4252,193.7
cdf_db,off,1,4253,202.9
cdf_db,off,1,4254,198.44
cdf_db,off,1,4255,156.25
cdf_db,off,1,4256,190.18
cdf_db,off,1,4257,159.83
cdf_db,off,1,4258,244.15
cdf_db,off,1,4259,150.97
cdf_db,off,1,4260,192.03
cdf_db,off,1,4261,152.96
cdf_db,off,1,4262,190.82
cdf_db,off,1,4263,157.31
cdf_db,off,1,4264,233.72
cdf_db,off,1,4265,149.98
cdf_db,off,1,4266,192.7
cdf_db,off,1,4267,152.95
cdf_db,off,1,4268,188.55
cdf_db,off,1,4269,209.39
cdf_db,off,1,4270,206.6
cdf_db,off,1,4271,155.03
cdf_db,off,1,4272,191.22
cdf_db,off,1,4273,151.89
cdf_db,off,1,4274,205.19
cdf_db,off,1,4275,219.1
cdf_db,off,1,4276,192.53
cdf_db,off,1,4277,153.21
cdf_db,off,1,4278,189.12
cdf_db,off,1,4279,162.16
cdf_db,off,1,4280,241.22
cdf_db,off,1,4281,152.01
cdf_db,off,1,4282,190.64
cdf_db,off,1,4283,152.79
cdf_db,off,1,4284,188.01
cdf_db,off,1,4285,205.36
cdf_db,off,1,4286,193.84
cdf_db,off,1,4287,151.29
cdf_db,off,1,4288,187.7
cdf_db,off,1,4289,154.02
cdf_db,off,1,4290,193.95
cdf_db,off,1,4291,201.27
cdf_db,off,1,4292,194.64
cdf_db,off,1,4293,158.74
cdf_db,off,1,4294,194.42
cdf_db,off,1,4295,155.56
cdf_db,off,1,4296,822.84
cdf_db,off,1,4297,453.811
cdf_db,off,1,4298,171.711
cdf_db,off,1,4299,192.491
cdf_db,off,1,4300,181.88
cdf_db,off,1,4301,148.76
cdf_db,off,1,4302,204.151
cdf_db,off,1,4303,141.589
cdf_db,off,1,4304,142.44
cdf_db,off,1,4305,139.53
cdf_db,off,1,4306,142.22
cdf_db,off,1,4307,137.66
cdf_db,off,1,4308,140.29
cdf_db,off,1,4309,201.27
cdf_db,off,1,4310,138.77
cdf_db,off,1,4311,135.82
cdf_db,off,1,4312,135.58
cdf_db,off,1,4313,131.15
cdf_db,off,1,4314,132.16
cdf_db,off,1,4315,145.53
cdf_db,off,1,4316,182.97
cdf_db,off,1,4317,131.34
cdf_db,off,1,4318,132.69
cdf_db,off,1,4319,133.05
cdf_db,off,1,4320,130.67
cdf_db,off,1,4321,130.3
cdf_db,off,1,4322,151.04
cdf_db,off,1,4323,178.8
cdf_db,off,1,4324,130.82
cdf_db,off,1,4325,134.34
cdf_db,off,1,4326,134.08
cdf_db,off,1,4327,154.41
cdf_db,off,1,4328,132.17
cdf_db,off,1,4329,134.451
cdf_db,off,1,4330,188.609
cdf_db,off,1,4331,133.231
cdf_db,off,1,4332,133.349
cdf_db,off,1,4333,129.849
cdf_db,off,1,4334,131.92
cdf_db,off,1,4335,131.44
cdf_db,off,1,4336,135.29
cdf_db,off,1,4337,186.66
cdf_db,off,1,4338,136.95
cdf_db,off,1,4339,130.8
cdf_db,off,1,4340,133.3
cdf_db,off,1,4341,129.18
cdf_db,off,1,4342,132.71
cdf_db,off,1,4343,156.24
cdf_db,off,1,4344,201.5
cdf_db,off,1,4345,131.36
cdf_db,off,1,4346,135.56
cdf_db,off,1,4347,128.53
cdf_db,off,1,4348,130.39
cdf_db,off,1,4349,156.83
cdf_db,off,1,4350,148.79
cdf_db,off,1,4351,185.65
cdf_db,off,1,4352,135.67
cdf_db,off,1,4353,140.21
cdf_db,off,1,4354,132.57
cdf_db,off,1,4355,128.62
cdf_db,off,1,4356,136.47
cdf_db,off,1,4357,143.7
cdf_db,off,1,4358,178.2
cdf_db,off,1,4359,134.66
cdf_db,off,1,4360,132.07
cdf_db,off,1,4361,132.53
cdf_db,off,1,4362,133.16
cdf_db,off,1,4363,132.25
cdf_db,off,1,4364,141.71
cdf_db,off,1,4365,203.38
cdf_db,off,1,4366,133.6
cdf_db,off,1,4367,133.189
cdf_db,off,1,4368,133.06
cdf_db,off,1,4369,134.8
cdf_db,off,1,4370,133.48
cdf_db,off,1,4371,140.68
cdf_db,off,1,4372,174.17
cdf_db,off,1,4373,133.44
cdf_db,off,1,4374,136.84
cdf_db,off,1,4375,131.73
cdf_db,off,1,4376,129.69
cdf_db,off,1,4377,375.1
cdf_db,off,1,4378,223.55
cdf_db,off,1,4379,131.68
cdf_db,off,1,4380,140.54
cdf_db,off,1,4381,136.55
cdf_db,off,1,4382,132.57
cdf_db,off,1,4383,136.6
cdf_db,off,1,4384,177.11
cdf_db,off,1,4385,136.29
cdf_db,off,1,4386,134.25
cdf_db,off,1,4387,153.83
cdf_db,off,1,4388,130.76
cdf_db,off,1,4389,130.31
cdf_db,off,1,4390,134.65
cdf_db,off,1,4391,175.19
cdf_db,off,1,4392,134.22
cdf_db,off,1,4393,157.05
cdf_db,off,1,4394,131.4
cdf_db,off,1,4395,131.12
cdf_db,off,1,4396,130.19
cdf_db,off,1,4397,133.69
cdf_db,off,1,4398,194.321
cdf_db,off,1,4399,130.2
cdf_db,off,1,4400,129.429
cdf_db,off,1,4401,132.271
cdf_db,off,1,4402,157.15
cdf_db,off,1,4403,127.4
cdf_db,off,1,4404,144.18
cdf_db,off,1,4405,198.0
cdf_db,off,1,4406,132.59
cdf_db,off,1,4407,147.05
cdf_db,off,1,4408,156.58
cdf_db,off,1,4409,153.65
cdf_db,off,1,4410,184.47
cdf_db,off,1,4411,178.53
cdf_db,off,1,4412,128.98
cdf_db,off,1,4413,133.33
cdf_db,off,1,4414,132.01
cdf_db,off,1,4415,130.12
cdf_db,off,1,4416,145.68
cdf_db,off,1,4417,138.34
cdf_db,off,1,4418,189.8
cdf_db,off,1,4419,134.95
cdf_db,off,1,4420,131.05
cdf_db,off,1,4421,129.74
cdf_db,off,1,4422,132.88
cdf_db,off,1,4423,136.43
cdf_db,off,1,4424,141.7
cdf_db,off,1,4425,186.8
cdf_db,off,1,4426,133.46
cdf_db,off,1,4427,137.95
cdf_db,off,1,4428,131.0
cdf_db,off,1,4429,137.17
cdf_db,off,1,4430,131.111
cdf_db,off,1,4431,136.271
cdf_db,off,1,4432,180.931
cdf_db,off,1,4433,131.28
cdf_db,off,1,4434,150.201
cdf_db,off,1,4435,170.4
cdf_db,off,1,4436,129.57
cdf_db,off,1,4437,142.5
cdf_db,off,1,4438,184.98
cdf_db,off,1,4439,136.59
cdf_db,off,1,4440,131.94
cdf_db,off,1,4441,136.56
cdf_db,off,1,4442,129.5
cdf_db,off,1,4443,133.85
cdf_db,off,1,4444,129.25
cdf_db,off,1,4445,185.87
cdf_db,off,1,4446,137.35
cdf_db,off,1,4447,132.12
cdf_db,off,1,4448,135.36
cdf_db,off,1,4449,132.2
cdf_db,off,1,4450,126.7
cdf_db,off,1,4451,138.58
cdf_db,off,1,4452,131.58
cdf_db,off,1,4453,178.05
cdf_db,off,1,4454,133.81
cdf_db,off,1,4455,128.63
cdf_db,off,1,4456,129.89
cdf_db,off,1,4457,132.92
cdf_db,off,1,4458,152.63
cdf_db,off,1,4459,129.38
cdf_db,off,1,4460,175.87
cdf_db,off,1,4461,132.6
cdf_db,off,1,4462,129.8
cdf_db,off,1,4463,128.089
cdf_db,off,1,4464,128.34
cdf_db,off,1,4465,128.48
cdf_db,off,1,4466,136.42
cdf_db,off,1,4467,181.34
cdf_db,off,1,4468,129.88
cdf_db,off,1,4469,131.98
cdf_db,off,1,4470,130.669
cdf_db,off,1,4471,131.61
cdf_db,off,1,4472,130.1
cdf_db,off,1,4473,128.14
cdf_db,off,1,4474,184.33
cdf_db,off,1,4475,141.36
cdf_db,off,1,4476,134.39
cdf_db,off,1,4477,132.59
cdf_db,off,1,4478,131.0
cdf_db,off,1,4479,128.52
cdf_db,off,1,4480,128.37
cdf_db,off,1,4481,199.68
cdf_db,off,1,4482,137.88
cdf_db,off,1,4483,132.76
cdf_db,off,1,4484,137.49
cdf_db,off,1,4485,138.87
cdf_db,off,1,4486,132.54
cdf_db,off,1,4487,125.32
cdf_db,off,1,4488,214.7
cdf_db,off,1,4489,149.57
cdf_db,off,1,4490,137.65
cdf_db,off,1,4491,135.29
cdf_db,off,1,4492,133.22
cdf_db,off,1,4493,133.62
cdf_db,off,1,4494,140.25
cdf_db,off,1,4495,210.181
cdf_db,off,1,4496,143.82
cdf_db,off,1,4497,146.291
cdf_db,off,1,4498,139.48
cdf_db,off,1,4499,140.849
cdf_db,off,1,4500,130.889
cdf_db,off,1,4501,137.14
cdf_db,off,1,4502,179.16
cdf_db,off,1,4503,137.37
cdf_db,off,1,4504,130.0
cdf_db,off,1,4505,129.65
cdf_db,off,1,4506,125.88
cdf_db,off,1,4507,124.8
cdf_db,off,1,4508,129.7
cdf_db,off,1,4509,177.72
cdf_db,off,1,4510,157.08
cdf_db,off,1,4511,131.6
cdf_db,off,1,4512,127.61
cdf_db,off,1,4513,130.1
cdf_db,off,1,4514,127.83
cdf_db,off,1,4515,137.72
cdf_db,off,1,4516,176.2
cdf_db,off,1,4517,132.2
cdf_db,off,1,4518,130.0
cdf_db,off,1,4519,129.05
cdf_db,off,1,4520,129.29
cdf_db,off,1,4521,128.33
cdf_db,off,1,4522,129.4
cdf_db,off,1,4523,182.21
cdf_db,off,1,4524,134.35
cdf_db,off,1,4525,133.34
cdf_db,off,1,4526,131.06
cdf_db,off,1,4527,155.35
cdf_db,off,1,4528,132.29
cdf_db,off,1,4529,127.43
cdf_db,off,1,4530,180.93
cdf_db,off,1,4531,131.89
cdf_db,off,1,4532,129.88
cdf_db,off,1,4533,131.731
cdf_db,off,1,4534,130.46
cdf_db,off,1,4535,129.549
cdf_db,off,1,4536,130.63
cdf_db,off,1,4537,178.89
cdf_db,off,1,4538,132.12
cdf_db,off,1,4539,129.65
cdf_db,off,1,4540,163.49
cdf_db,off,1,4541,132.09
cdf_db,off,1,4542,130.64
cdf_db,off,1,4543,132.66
cdf_db,off,1,4544,186.69
cdf_db,off,1,4545,130.25
cdf_db,off,1,4546,130.7
cdf_db,off,1,4547,128.63
cdf_db,off,1,4548,133.33
cdf_db,off,1,4549,133.32
cdf_db,off,1,4550,153.74
cdf_db,off,1,4551,179.4
cdf_db,off,1,4552,132.05
cdf_db,off,1,4553,130.89
cdf_db,off,1,4554,126.98
cdf_db,off,1,4555,134.32
cdf_db,off,1,4556,129.94
cdf_db,off,1,4557,152.45
cdf_db,off,1,4558,196.43
cdf_db,off,1,4559,130.03
cdf_db,off,1,4560,131.44
cdf_db,off,1,4561,129.46
cdf_db,off,1,4562,176.63
cdf_db,off,1,4563,127.02
cdf_db,off,1,4564,131.19
cdf_db,off,1,4565,219.23
cdf_db,off,1,4566,155.52
cdf_db,off,1,4567,129.38
cdf_db,off,1,4568,131.809
cdf_db,off,1,4569,151.181
cdf_db,off,1,4570,134.69
cdf_db,off,1,4571,140.06
cdf_db,off,1,4572,204.34
cdf_db,off,1,4573,152.1
cdf_db,off,1,4574,169.74
cdf_db,off,1,4575,134.37
cdf_db,off,1,4576,129.02
cdf_db,off,1,4577,129.29
cdf_db,off,1,4578,184.2
cdf_db,off,1,4579,130.17
cdf_db,off,1,4580,129.58
cdf_db,off,1,4581,136.03
cdf_db,off,1,4582,127.58
cdf_db,off,1,4583,132.03
cdf_db,off,1,4584,135.72
cdf_db,off,1,4585,183.85
cdf_db,off,1,4586,131.66
cdf_db,off,1,4587,131.37
cdf_db,off,1,4588,134.98
cdf_db,off,1,4589,131.29
cdf_db,off,1,4590,128.83
cdf_db,off,1,4591,130.52
cdf_db,off,1,4592,154.48
cdf_db,off,1,4593,173.62
cdf_db,off,1,4594,128.03
cdf_db,off,1,4595,133.34
cdf_db,off,1,4596,131.38
cdf_db,off,1,4597,126.53
cdf_db,off,1,4598,127.38
cdf_db,off,1,4599,135.82
cdf_db,off,1,4600,176.381
cdf_db,off,1,4601,131.5
cdf_db,off,1,4602,132.48
cdf_db,off,1,4603,129.551
cdf_db,off,1,4604,129.92
cdf_db,off,1,4605,130.63
cdf_db,off,1,4606,137.82
cdf_db,off,1,4607,176.6
cdf_db,off,1,4608,128.91
cdf_db,off,1,4609,132.71
cdf_db,off,1,4610,128.41
cdf_db,off,1,4611,132.49
cdf_db,off,1,4612,131.14
cdf_db,off,1,4613,133.7
cdf_db,off,1,4614,185.45
cdf_db,off,1,4615,133.63
cdf_db,off,1,4616,131.15
cdf_db,off,1,4617,130.28
cdf_db,off,1,4618,130.9
cdf_db,off,1,4619,130.7
cdf_db,off,1,4620,129.88
cdf_db,off,1,4621,213.55
cdf_db,off,1,4622,133.62
cdf_db,off,1,4623,130.98
cdf_db,off,1,4624,130.67
cdf_db,off,1,4625,131.21
cdf_db,off,1,4626,128.81
cdf_db,off,1,4627,128.72
cdf_db,off,1,4628,181.02
cdf_db,off,1,4629,132.13
cdf_db,off,1,4630,131.21
cdf_db,off,1,4631,130.41
cdf_db,off,1,4632,130.59
cdf_db,off,1,4633,128.31
cdf_db,off,1,4634,124.58
cdf_db,off,1,4635,144.309
cdf_db,off,1,4636,194.96
cdf_db,off,1,4637,132.4
cdf_db,off,1,4638,134.491
cdf_db,off,1,4639,128.831
cdf_db,off,1,4640,129.209
cdf_db,off,1,4641,128.831
cdf_db,off,1,4642,136.13
cdf_db,off,1,4643,176.11
cdf_db,off,1,4644,134.56
cdf_db,off,1,4645,131.5
cdf_db,off,1,4646,128.98
cdf_db,off,1,4647,133.31
cdf_db,off,1,4648,130.66
cdf_db,off,1,4649,136.27
cdf_db,off,1,4650,181.02
cdf_db,off,1,4651,163.62
cdf_db,off,1,4652,132.75
cdf_db,off,1,4653,132.46
cdf_db,off,1,4654,134.39
cdf_db,off,1,4655,131.32
cdf_db,off,1,4656,136.76
cdf_db,off,1,4657,179.24
cdf_db,off,1,4658,133.3
cdf_db,off,1,4659,134.48
cdf_db,off,1,4660,133.22
cdf_db,off,1,4661,132.55
cdf_db,off,1,4662,133.14
cdf_db,off,1,4663,138.13
cdf_db,off,1,4664,191.95
cdf_db,off,1,4665,134.251
cdf_db,off,1,4666,131.169
cdf_db,off,1,4667,131.06
cdf_db,off,1,4668,126.931
cdf_db,off,1,4669,132.34
cdf_db,off,1,4670,135.169
cdf_db,off,1,4671,186.189
cdf_db,off,1,4672,136.209
cdf_db,off,1,4673,156.65
cdf_db,off,1,4674,131.65
cdf_db,off,1,4675,132.45
cdf_db,off,1,4676,126.79
cdf_db,off,1,4677,140.06
cdf_db,off,1,4678,180.75
cdf_db,off,1,4679,131.76
cdf_db,off,1,4680,141.55
cdf_db,off,1,4681,130.35
cdf_db,off,1,4682,127.55
cdf_db,off,1,4683,129.73
cdf_db,off,1,4684,134.67
cdf_db,off,1,4685,177.12
cdf_db,off,1,4686,128.65
cdf_db,off,1,4687,129.81
cdf_db,off,1,4688,133.14
cdf_db,off,1,4689,129.78
cdf_db,off,1,4690,153.6
cdf_db,off,1,4691,129.16
cdf_db,off,1,4692,181.4
cdf_db,off,1,4693,130.93
cdf_db,off,1,4694,130.83
cdf_db,off,1,4695,130.7
cdf_db,off,1,4696,128.38
cdf_db,off,1,4697,128.69
cdf_db,off,1,4698,137.99
cdf_db,off,1,4699,182.27
cdf_db,off,1,4700,130.92
cdf_db,off,1,4701,130.66
cdf_db,off,1,4702,155.98
cdf_db,off,1,4703,132.009
cdf_db,off,1,4704,130.909
cdf_db,off,1,4705,132.5
cdf_db,off,1,4706,186.121
cdf_db,off,1,4707,131.89
cdf_db,off,1,4708,145.46
cdf_db,off,1,4709,131.96
cdf_db,off,1,4710,133.44
cdf_db,off,1,4711,131.85
cdf_db,off,1,4712,150.88
cdf_db,off,1,4713,204.8
cdf_db,off,1,4714,135.03
cdf_db,off,1,4715,132.78
cdf_db,off,1,4716,129.82
cdf_db,off,1,4717,128.78
cdf_db,off,1,4718,136.87
cdf_db,off,1,4719,138.19
cdf_db,off,1,4720,211.75
cdf_db,off,1,4721,132.04
cdf_db,off,1,4722,131.46
cdf_db,off,1,4723,131.65
cdf_db,off,1,4724,133.8
cdf_db,off,1,4725,154.94
cdf_db,off,1,4726,154.5
cdf_db,off,1,4727,187.83
cdf_db,off,1,4728,132.43
cdf_db,off,1,4729,167.17
cdf_db,off,1,4730,133.42
cdf_db,off,1,4731,132.8
cdf_db,off,1,4732,133.53
cdf_db,off,1,4733,193.22
cdf_db,off,1,4734,164.73
cdf_db,off,1,4735,129.07
cdf_db,off,1,4736,127.549
cdf_db,off,1,4737,133.391
cdf_db,off,1,4738,132.54
cdf_db,off,1,4739,127.761
cdf_db,off,1,4740,192.81
cdf_db,off,1,4741,136.27
cdf_db,off,1,4742,133.34
cdf_db,off,1,4743,129.37
cdf_db,off,1,4744,132.13
cdf_db,off,1,4745,134.22
cdf_db,off,1,4746,138.55
cdf_db,off,1,4747,191.09
cdf_db,off,1,4748,134.83
cdf_db,off,1,4749,130.62
cdf_db,off,1,4750,128.87
cdf_db,off,1,4751,129.31
cdf_db,off,1,4752,129.17
cdf_db,off,1,4753,131.02
cdf_db,off,1,4754,131.57
cdf_db,off,1,4755,173.42
cdf_db,off,1,4756,136.83
cdf_db,off,1,4757,131.92
cdf_db,off,1,4758,132.64
cdf_db,off,1,4759,154.84
cdf_db,off,1,4760,132.45
cdf_db,off,1,4761,134.37
cdf_db,off,1,4762,176.43
cdf_db,off,1,4763,134.01
cdf_db,off,1,4764,129.47
cdf_db,off,1,4765,142.43
cdf_db,off,1,4766,132.83
cdf_db,off,1,4767,128.85
cdf_db,off,1,4768,139.53
cdf_db,off,1,4769,177.13
cdf_db,off,1,4770,133.4
cdf_db,off,1,4771,133.81
cdf_db,off,1,4772,129.189
cdf_db,off,1,4773,130.64
cdf_db,off,1,4774,142.0
cdf_db,off,1,4775,139.44
cdf_db,off,1,4776,177.92
cdf_db,off,1,4777,148.98
cdf_db,off,1,4778,155.6
cdf_db,off,1,4779,131.43
cdf_db,off,1,4780,131.11
cdf_db,off,1,4781,142.26
cdf_db,off,1,4782,140.11
cdf_db,off,1,4783,193.32
cdf_db,off,1,4784,135.85
cdf_db,off,1,4785,131.13
cdf_db,off,1,4786,129.23
cdf_db,off,1,4787,129.88
cdf_db,off,1,4788,134.57
cdf_db,off,1,4789,143.35
cdf_db,off,1,4790,181.71
cdf_db,off,1,4791,162.76
cdf_db,off,1,4792,136.35
cdf_db,off,1,4793,154.97
cdf_db,off,1,4794,137.91
cdf_db,off,1,4795,131.98
cdf_db,off,1,4796,190.02
cdf_db,off,1,4797,141.19
cdf_db,off,1,4798,132.12
cdf_db,off,1,4799,136.14
cdf_db,off,1,4800,131.76
cdf_db,off,1,4801,141.63
cdf_db,off,1,4802,170.01
cdf_db,off,1,4803,277.061
cdf_db,off,1,4804,151.72
cdf_db,off,1,4805,142.22
cdf_db,off,1,4806,137.351
cdf_db,off,1,4807,544.11
cdf_db,off,1,4808,165.71
cdf_db,off,1,4809,156.97
cdf_db,off,1,4810,174.43
cdf_db,off,1,4811,144.41
cdf_db,off,1,4812,144.83
cdf_db,off,1,4813,190.45
cdf_db,off,1,4814,138.55
cdf_db,off,1,4815,136.18
cdf_db,off,1,4816,377.37
cdf_db,off,1,4817,204.01
cdf_db,off,1,4818,131.58
cdf_db,off,1,4819,139.11
cdf_db,off,1,4820,159.54
cdf_db,off,1,4821,130.69
cdf_db,off,1,4822,132.1
cdf_db,off,1,4823,154.66
cdf_db,off,1,4824,187.57
cdf_db,off,1,4825,135.39
cdf_db,off,1,4826,157.22
cdf_db,off,1,4827,161.04
cdf_db,off,1,4828,169.76
cdf_db,off,1,4829,130.271
cdf_db,off,1,4830,133.609
cdf_db,off,1,4831,177.04
cdf_db,off,1,4832,133.24
cdf_db,off,1,4833,131.851
cdf_db,off,1,4834,129.52
cdf_db,off,1,4835,132.561
cdf_db,off,1,4836,130.26
cdf_db,off,1,4837,136.65
cdf_db,off,1,4838,179.02
cdf_db,off,1,4839,129.55
cdf_db,off,1,4840,133.12
cdf_db,off,1,4841,132.81
cdf_db,off,1,4842,130.21
cdf_db,off,1,4843,128.96
cdf_db,off,1,4844,129.3
cdf_db,off,1,4845,184.48
cdf_db,off,1,4846,129.77
cdf_db,off,1,4847,131.25
cdf_db,off,1,4848,130.69
cdf_db,off,1,4849,129.17
cdf_db,off,1,4850,129.7
cdf_db,off,1,4851,130.17
cdf_db,off,1,4852,183.89
cdf_db,off,1,4853,152.37
cdf_db,off,1,4854,144.52
cdf_db,off,1,4855,127.73
cdf_db,off,1,4856,130.25
cdf_db,off,1,4857,134.18
cdf_db,off,1,4858,131.53
cdf_db,off,1,4859,204.88
cdf_db,off,1,4860,137.16
cdf_db,off,1,4861,135.48
cdf_db,off,1,4862,131.26
cdf_db,off,1,4863,130.16
cdf_db,off,1,4864,125.84
cdf_db,off,1,4865,127.769
cdf_db,off,1,4866,182.2
cdf_db,off,1,4867,132.411
cdf_db,off,1,4868,127.511
cdf_db,off,1,4869,133.52
cdf_db,off,1,4870,131.93
cdf_db,off,1,4871,154.47
cdf_db,off,1,4872,130.2
cdf_db,off,1,4873,183.61
cdf_db,off,1,4874,129.66
cdf_db,off,1,4875,133.35
cdf_db,off,1,4876,131.16
cdf_db,off,1,4877,129.79
cdf_db,off,1,4878,130.62
cdf_db,off,1,4879,130.24
cdf_db,off,1,4880,140.82
cdf_db,off,1,4881,171.49
cdf_db,off,1,4882,131.22
cdf_db,off,1,4883,130.94
cdf_db,off,1,4884,150.54
cdf_db,off,1,4885,132.47
cdf_db,off,1,4886,128.11
cdf_db,off,1,4887,129.99
cdf_db,off,1,4888,174.1
cdf_db,off,1,4889,132.55
cdf_db,off,1,4890,130.16
cdf_db,off,1,4891,129.34
cdf_db,off,1,4892,135.19
cdf_db,off,1,4893,130.37
cdf_db,off,1,4894,142.64
cdf_db,off,1,4895,181.18
cdf_db,off,1,4896,132.03
cdf_db,off,1,4897,132.971
cdf_db,off,1,4898,128.671
cdf_db,off,1,4899,128.78
cdf_db,off,1,4900,133.251
cdf_db,off,1,4901,137.471
cdf_db,off,1,4902,178.4
cdf_db,off,1,4903,154.45
cdf_db,off,1,4904,131.3
cdf_db,off,1,4905,132.33
cdf_db,off,1,4906,129.54
cdf_db,off,1,4907,129.11
cdf_db,off,1,4908,135.92
cdf_db,off,1,4909,181.21
cdf_db,off,1,4910,131.54
cdf_db,off,1,4911,131.54
cdf_db,off,1,4912,137.2
cdf_db,off,1,4913,133.9
cdf_db,off,1,4914,130.68
cdf_db,off,1,4915,132.08
cdf_db,off,1,4916,184.82
cdf_db,off,1,4917,132.25
cdf_db,off,1,4918,131.63
cdf_db,off,1,4919,132.11
cdf_db,off,1,4920,131.11
cdf_db,off,1,4921,127.31
cdf_db,off,1,4922,130.95
cdf_db,off,1,4923,184.57
cdf_db,off,1,4924,131.75
cdf_db,off,1,4925,133.05
cdf_db,off,1,4926,130.94
cdf_db,off,1,4927,139.38
cdf_db,off,1,4928,131.4
cdf_db,off,1,4929,133.77
cdf_db,off,1,4930,234.74
cdf_db,off,1,4931,137.05
cdf_db,off,1,4932,141.11
cdf_db,off,1,4933,130.85
cdf_db,off,1,4934,132.47
cdf_db,off,1,4935,129.03
cdf_db,off,1,4936,143.729
cdf_db,off,1,4937,181.129
cdf_db,off,1,4938,129.56
cdf_db,off,1,4939,128.461
cdf_db,off,1,4940,129.93
cdf_db,off,1,4941,133.03
cdf_db,off,1,4942,131.21
cdf_db,off,1,4943,128.88
cdf_db,off,1,4944,182.92
cdf_db,off,1,4945,133.25
cdf_db,off,1,4946,130.05
cdf_db,off,1,4947,130.99
cdf_db,off,1,4948,131.28
cdf_db,off,1,4949,133.08
cdf_db,off,1,4950,151.86
cdf_db,off,1,4951,191.88
cdf_db,off,1,4952,131.81
cdf_db,off,1,4953,131.03
cdf_db,off,1,4954,131.11
cdf_db,off,1,4955,129.88
cdf_db,off,1,4956,129.36
cdf_db,off,1,4957,130.78
cdf_db,off,1,4958,182.57
cdf_db,off,1,4959,131.76
cdf_db,off,1,4960,129.06
cdf_db,off,1,4961,130.15
cdf_db,off,1,4962,144.31
cdf_db,off,1,4963,128.6
cdf_db,off,1,4964,130.8
cdf_db,off,1,4965,138.59
cdf_db,off,1,4966,199.42
cdf_db,off,1,4967,128.741
cdf_db,off,1,4968,130.6
cdf_db,off,1,4969,131.32
cdf_db,off,1,4970,127.38
cdf_db,off,1,4971,128.84
cdf_db,off,1,4972,133.909
cdf_db,off,1,4973,170.4
cdf_db,off,1,4974,128.54
cdf_db,off,1,4975,129.92
cdf_db,off,1,4976,128.22
cdf_db,off,1,4977,166.03
cdf_db,off,1,4978,131.78
cdf_db,off,1,4979,134.56
cdf_db,off,1,4980,176.75
cdf_db,off,1,4981,132.28
cdf_db,off,1,4982,130.64
cdf_db,off,1,4983,127.76
cdf_db,off,1,4984,129.47
cdf_db,off,1,4985,130.25
cdf_db,off,1,4986,159.17
cdf_db,off,1,4987,173.83
cdf_db,off,1,4988,130.85
cdf_db,off,1,4989,125.19
cdf_db,off,1,4990,132.92
cdf_db,off,1,4991,129.64
cdf_db,off,1,4992,129.58
cdf_db,off,1,4993,168.82
cdf_db,off,1,4994,177.67
cdf_db,off,1,4995,136.91
cdf_db,off,1,4996,134.06
cdf_db,off,1,4997,135.57
cdf_db,off,1,4998,154.56
cdf_db,off,1,4999,132.48
cdf_db,ebpf,1,0,234.87
cdf_db,ebpf,1,1,217.13
cdf_db,ebpf,1,2,228.77
cdf_db,ebpf,1,3,215.39
cdf_db,ebpf,1,4,224.36
cdf_db,ebpf,1,5,227.26
cdf_db,ebpf,1,6,235.7
cdf_db,ebpf,1,7,230.02
cdf_db,ebpf,1,8,220.67
cdf_db,ebpf,1,9,213.71
cdf_db,ebpf,1,10,225.7
cdf_db,ebpf,1,11,226.12
cdf_db,ebpf,1,12,229.06
cdf_db,ebpf,1,13,217.26
cdf_db,ebpf,1,14,233.431
cdf_db,ebpf,1,15,218.96
cdf_db,ebpf,1,16,217.711
cdf_db,ebpf,1,17,229.13
cdf_db,ebpf,1,18,223.29
cdf_db,ebpf,1,19,226.03
cdf_db,ebpf,1,20,217.55
cdf_db,ebpf,1,21,232.68
cdf_db,ebpf,1,22,227.3
cdf_db,ebpf,1,23,227.57
cdf_db,ebpf,1,24,223.33
cdf_db,ebpf,1,25,229.08
cdf_db,ebpf,1,26,224.06
cdf_db,ebpf,1,27,212.9
cdf_db,ebpf,1,28,233.89
cdf_db,ebpf,1,29,217.11
cdf_db,ebpf,1,30,224.1
cdf_db,ebpf,1,31,216.68
cdf_db,ebpf,1,32,224.86
cdf_db,ebpf,1,33,214.17
cdf_db,ebpf,1,34,218.79
cdf_db,ebpf,1,35,212.81
cdf_db,ebpf,1,36,212.189
cdf_db,ebpf,1,37,248.271
cdf_db,ebpf,1,38,223.941
cdf_db,ebpf,1,39,280.02
cdf_db,ebpf,1,40,231.59
cdf_db,ebpf,1,41,349.97
cdf_db,ebpf,1,42,239.53
cdf_db,ebpf,1,43,221.27
cdf_db,ebpf,1,44,224.29
cdf_db,ebpf,1,45,236.59
cdf_db,ebpf,1,46,218.94
cdf_db,ebpf,1,47,249.46
cdf_db,ebpf,1,48,220.53
cdf_db,ebpf,1,49,226.66
cdf_db,ebpf,1,50,216.22
cdf_db,ebpf,1,51,216.14
cdf_db,ebpf,1,52,215.28
cdf_db,ebpf,1,53,219.61
cdf_db,ebpf,1,54,221.54
cdf_db,ebpf,1,55,238.94
cdf_db,ebpf,1,56,214.96
cdf_db,ebpf,1,57,213.87
cdf_db,ebpf,1,58,230.76
cdf_db,ebpf,1,59,228.54
cdf_db,ebpf,1,60,210.241
cdf_db,ebpf,1,61,219.69
cdf_db,ebpf,1,62,216.11
cdf_db,ebpf,1,63,220.64
cdf_db,ebpf,1,64,217.27
cdf_db,ebpf,1,65,216.57
cdf_db,ebpf,1,66,209.39
cdf_db,ebpf,1,67,220.42
cdf_db,ebpf,1,68,229.81
cdf_db,ebpf,1,69,217.23
cdf_db,ebpf,1,70,222.08
cdf_db,ebpf,1,71,214.5
cdf_db,ebpf,1,72,224.55
cdf_db,ebpf,1,73,224.12
cdf_db,ebpf,1,74,229.72
cdf_db,ebpf,1,75,219.07
cdf_db,ebpf,1,76,226.68
cdf_db,ebpf,1,77,281.04
cdf_db,ebpf,1,78,225.51
cdf_db,ebpf,1,79,218.82
cdf_db,ebpf,1,80,215.2
cdf_db,ebpf,1,81,222.009
cdf_db,ebpf,1,82,219.921
cdf_db,ebpf,1,83,213.78
cdf_db,ebpf,1,84,226.91
cdf_db,ebpf,1,85,246.33
cdf_db,ebpf,1,86,223.37
cdf_db,ebpf,1,87,227.37
cdf_db,ebpf,1,88,219.45
cdf_db,ebpf,1,89,222.17
cdf_db,ebpf,1,90,235.67
cdf_db,ebpf,1,91,218.79
cdf_db,ebpf,1,92,214.56
cdf_db,ebpf,1,93,222.71
cdf_db,ebpf,1,94,223.45
cdf_db,ebpf,1,95,228.85
cdf_db,ebpf,1,96,213.18
cdf_db,ebpf,1,97,210.45
cdf_db,ebpf,1,98,231.82
cdf_db,ebpf,1,99,228.1
cdf_db,ebpf,1,100,208.82
cdf_db,ebpf,1,101,226.191
cdf_db,ebpf,1,102,219.66
cdf_db,ebpf,1,103,225.31
cdf_db,ebpf,1,104,228.73
cdf_db,ebpf,1,105,221.74
cdf_db,ebpf,1,106,213.04
cdf_db,ebpf,1,107,230.13
cdf_db,ebpf,1,108,231.09
cdf_db,ebpf,1,109,210.29
cdf_db,ebpf,1,110,217.36
cdf_db,ebpf,1,111,316.31
cdf_db,ebpf,1,112,236.79
cdf_db,ebpf,1,113,227.18
cdf_db,ebpf,1,114,234.1
cdf_db,ebpf,1,115,211.28
cdf_db,ebpf,1,116,226.25
cdf_db,ebpf,1,117,217.25
cdf_db,ebpf,1,118,221.85
cdf_db,ebpf,1,119,222.26
cdf_db,ebpf,1,120,218.841
cdf_db,ebpf,1,121,215.82
cdf_db,ebpf,1,122,226.629
cdf_db,ebpf,1,123,215.42
cdf_db,ebpf,1,124,208.28
cdf_db,ebpf,1,125,232.1
cdf_db,ebpf,1,126,214.43
cdf_db,ebpf,1,127,213.91
cdf_db,ebpf,1,128,223.41
cdf_db,ebpf,1,129,224.02
cdf_db,ebpf,1,130,221.12
cdf_db,ebpf,1,131,219.38
cdf_db,ebpf,1,132,222.08
cdf_db,ebpf,1,133,227.01
cdf_db,ebpf,1,134,248.79
cdf_db,ebpf,1,135,217.36
cdf_db,ebpf,1,136,219.03
cdf_db,ebpf,1,137,215.64
cdf_db,ebpf,1,138,240.96
cdf_db,ebpf,1,139,220.1
cdf_db,ebpf,1,140,234.37
cdf_db,ebpf,1,141,221.55
cdf_db,ebpf,1,142,215.18
cdf_db,ebpf,1,143,235.16
cdf_db,ebpf,1,144,212.96
cdf_db,ebpf,1,145,219.031
cdf_db,ebpf,1,146,214.11
cdf_db,ebpf,1,147,212.54
cdf_db,ebpf,1,148,214.67
cdf_db,ebpf,1,149,212.0
cdf_db,ebpf,1,150,226.37
cdf_db,ebpf,1,151,240.93
cdf_db,ebpf,1,152,226.94
cdf_db,ebpf,1,153,213.09
cdf_db,ebpf,1,154,217.41
cdf_db,ebpf,1,155,210.5
cdf_db,ebpf,1,156,219.29
cdf_db,ebpf,1,157,232.15
cdf_db,ebpf,1,158,224.55
cdf_db,ebpf,1,159,220.98
cdf_db,ebpf,1,160,234.26
cdf_db,ebpf,1,161,223.07
cdf_db,ebpf,1,162,212.04
cdf_db,ebpf,1,163,217.06
cdf_db,ebpf,1,164,211.8
cdf_db,ebpf,1,165,223.83
cdf_db,ebpf,1,166,220.56
cdf_db,ebpf,1,167,213.109
cdf_db,ebpf,1,168,211.141
cdf_db,ebpf,1,169,214.66
cdf_db,ebpf,1,170,221.39
cdf_db,ebpf,1,171,209.95
cdf_db,ebpf,1,172,214.78
cdf_db,ebpf,1,173,221.63
cdf_db,ebpf,1,174,222.34
cdf_db,ebpf,1,175,221.08
cdf_db,ebpf,1,176,215.66
cdf_db,ebpf,1,177,216.97
cdf_db,ebpf,1,178,223.31
cdf_db,ebpf,1,179,229.09
cdf_db,ebpf,1,180,217.27
cdf_db,ebpf,1,181,223.07
cdf_db,ebpf,1,182,226.48
cdf_db,ebpf,1,183,221.16
cdf_db,ebpf,1,184,241.71
cdf_db,ebpf,1,185,228.34
cdf_db,ebpf,1,186,218.03
cdf_db,ebpf,1,187,223.461
cdf_db,ebpf,1,188,223.009
cdf_db,ebpf,1,189,223.409
cdf_db,ebpf,1,190,220.091
cdf_db,ebpf,1,191,220.88
cdf_db,ebpf,1,192,225.57
cdf_db,ebpf,1,193,218.89
cdf_db,ebpf,1,194,214.75
cdf_db,ebpf,1,195,218.87
cdf_db,ebpf,1,196,211.5
cdf_db,ebpf,1,197,221.9
cdf_db,ebpf,1,198,225.21
cdf_db,ebpf,1,199,216.83
cdf_db,ebpf,1,200,218.31
cdf_db,ebpf,1,201,222.62
cdf_db,ebpf,1,202,218.06
cdf_db,ebpf,1,203,212.65
cdf_db,ebpf,1,204,215.77
cdf_db,ebpf,1,205,221.48
cdf_db,ebpf,1,206,218.93
cdf_db,ebpf,1,207,221.59
cdf_db,ebpf,1,208,254.711
cdf_db,ebpf,1,209,279.809
cdf_db,ebpf,1,210,223.891
cdf_db,ebpf,1,211,218.38
cdf_db,ebpf,1,212,232.29
cdf_db,ebpf,1,213,215.53
cdf_db,ebpf,1,214,224.21
cdf_db,ebpf,1,215,227.09
cdf_db,ebpf,1,216,1415.5
cdf_db,ebpf,1,217,606.83
cdf_db,ebpf,1,218,255.85
cdf_db,ebpf,1,219,276.59
cdf_db,ebpf,1,220,317.7
cdf_db,ebpf,1,221,241.42
cdf_db,ebpf,1,222,279.971
cdf_db,ebpf,1,223,233.109
cdf_db,ebpf,1,224,290.64
cdf_db,ebpf,1,225,278.92
cdf_db,ebpf,1,226,223.25
cdf_db,ebpf,1,227,278.42
cdf_db,ebpf,1,228,268.66
cdf_db,ebpf,1,229,275.08
cdf_db,ebpf,1,230,229.71
cdf_db,ebpf,1,231,261.86
cdf_db,ebpf,1,232,236.79
cdf_db,ebpf,1,233,263.0
cdf_db,ebpf,1,234,256.85
cdf_db,ebpf,1,235,280.61
cdf_db,ebpf,1,236,248.31
cdf_db,ebpf,1,237,264.76
cdf_db,ebpf,1,238,239.22
cdf_db,ebpf,1,239,271.48
cdf_db,ebpf,1,240,243.329
cdf_db,ebpf,1,241,266.32
cdf_db,ebpf,1,242,237.221
cdf_db,ebpf,1,243,270.39
cdf_db,ebpf,1,244,246.08
cdf_db,ebpf,1,245,263.56
cdf_db,ebpf,1,246,237.26
cdf_db,ebpf,1,247,275.93
cdf_db,ebpf,1,248,249.59
cdf_db,ebpf,1,249,264.4
cdf_db,ebpf,1,250,237.73
cdf_db,ebpf,1,251,268.35
cdf_db,ebpf,1,252,237.84
cdf_db,ebpf,1,253,265.37
cdf_db,ebpf,1,254,250.57
cdf_db,ebpf,1,255,275.99
cdf_db,ebpf,1,256,307.1
cdf_db,ebpf,1,257,323.57
cdf_db,ebpf,1,258,245.24
cdf_db,ebpf,1,259,282.691
cdf_db,ebpf,1,260,250.36
cdf_db,ebpf,1,261,268.271
cdf_db,ebpf,1,262,245.14
cdf_db,ebpf,1,263,270.04
cdf_db,ebpf,1,264,235.83
cdf_db,ebpf,1,265,261.03
cdf_db,ebpf,1,266,248.46
cdf_db,ebpf,1,267,267.17
cdf_db,ebpf,1,268,241.64
cdf_db,ebpf,1,269,269.67
cdf_db,ebpf,1,270,250.79
cdf_db,ebpf,1,271,270.04
cdf_db,ebpf,1,272,249.64
cdf_db,ebpf,1,273,266.07
cdf_db,ebpf,1,274,256.32
cdf_db,ebpf,1,275,272.88
cdf_db,ebpf,1,276,238.85
cdf_db,ebpf,1,277,265.32
cdf_db,ebpf,1,278,251.8
cdf_db,ebpf,1,279,269.66
cdf_db,ebpf,1,280,229.831
cdf_db,ebpf,1,281,260.87
cdf_db,ebpf,1,282,259.59
cdf_db,ebpf,1,283,300.47
cdf_db,ebpf,1,284,232.93
cdf_db,ebpf,1,285,242.83
cdf_db,ebpf,1,286,268.8
cdf_db,ebpf,1,287,229.35
cdf_db,ebpf,1,288,258.2
cdf_db,ebpf,1,289,242.75
cdf_db,ebpf,1,290,274.05
cdf_db,ebpf,1,291,235.25
cdf_db,ebpf,1,292,264.55
cdf_db,ebpf,1,293,240.4
cdf_db,ebpf,1,294,273.36
cdf_db,ebpf,1,295,238.73
cdf_db,ebpf,1,296,297.821
cdf_db,ebpf,1,297,226.751
cdf_db,ebpf,1,298,269.351
cdf_db,ebpf,1,299,237.94
cdf_db,ebpf,1,300,265.42
cdf_db,ebpf,1,301,255.32
cdf_db,ebpf,1,302,297.51
cdf_db,ebpf,1,303,224.65
cdf_db,ebpf,1,304,262.72
cdf_db,ebpf,1,305,343.99
cdf_db,ebpf,1,306,340.23
cdf_db,ebpf,1,307,241.54
cdf_db,ebpf,1,308,271.27
cdf_db,ebpf,1,309,238.05
cdf_db,ebpf,1,310,266.48
cdf_db,ebpf,1,311,248.72
cdf_db,ebpf,1,312,282.3
cdf_db,ebpf,1,313,233.401
cdf_db,ebpf,1,314,263.149
cdf_db,ebpf,1,315,237.649
cdf_db,ebpf,1,316,267.4
cdf_db,ebpf,1,317,244.34
cdf_db,ebpf,1,318,263.701
cdf_db,ebpf,1,319,237.97
cdf_db,ebpf,1,320,280.89
cdf_db,ebpf,1,321,228.36
cdf_db,ebpf,1,322,235.23
cdf_db,ebpf,1,323,266.66
cdf_db,ebpf,1,324,237.45
cdf_db,ebpf,1,325,269.8
cdf_db,ebpf,1,326,235.83
cdf_db,ebpf,1,327,264.79
cdf_db,ebpf,1,328,242.83
cdf_db,ebpf,1,329,274.4
cdf_db,ebpf,1,330,235.04
cdf_db,ebpf,1,331,276.07
cdf_db,ebpf,1,332,253.321
cdf_db,ebpf,1,333,265.82
cdf_db,ebpf,1,334,228.431
cdf_db,ebpf,1,335,259.5
cdf_db,ebpf,1,336,259.141
cdf_db,ebpf,1,337,273.15
cdf_db,ebpf,1,338,223.81
cdf_db,ebpf,1,339,258.69
cdf_db,ebpf,1,340,251.95
cdf_db,ebpf,1,341,265.74
cdf_db,ebpf,1,342,239.29
cdf_db,ebpf,1,343,276.51
cdf_db,ebpf,1,344,229.53
cdf_db,ebpf,1,345,257.38
cdf_db,ebpf,1,346,234.12
cdf_db,ebpf,1,347,277.23
cdf_db,ebpf,1,348,226.93
cdf_db,ebpf,1,349,258.55
cdf_db,ebpf,1,350,235.61
cdf_db,ebpf,1,351,280.13
cdf_db,ebpf,1,352,231.43
cdf_db,ebpf,1,353,261.191
cdf_db,ebpf,1,354,238.84
cdf_db,ebpf,1,355,273.871
cdf_db,ebpf,1,356,300.48
cdf_db,ebpf,1,357,268.39
cdf_db,ebpf,1,358,230.15
cdf_db,ebpf,1,359,269.99
cdf_db,ebpf,1,360,245.6
cdf_db,ebpf,1,361,264.82
cdf_db,ebpf,1,362,236.91
cdf_db,ebpf,1,363,272.92
cdf_db,ebpf,1,364,235.74
cdf_db,ebpf,1,365,271.64
cdf_db,ebpf,1,366,239.02
cdf_db,ebpf,1,367,291.63
cdf_db,ebpf,1,368,230.23
cdf_db,ebpf,1,369,227.66
cdf_db,ebpf,1,370,261.55
cdf_db,ebpf,1,371,235.74
cdf_db,ebpf,1,372,266.251
cdf_db,ebpf,1,373,239.831
cdf_db,ebpf,1,374,280.88
cdf_db,ebpf,1,375,249.14
cdf_db,ebpf,1,376,263.06
cdf_db,ebpf,1,377,243.75
cdf_db,ebpf,1,378,275.29
cdf_db,ebpf,1,379,326.59
cdf_db,ebpf,1,380,267.61
cdf_db,ebpf,1,381,245.46
cdf_db,ebpf,1,382,286.26
cdf_db,ebpf,1,383,228.36
cdf_db,ebpf,1,384,268.87
cdf_db,ebpf,1,385,447.92
cdf_db,ebpf,1,386,279.48
cdf_db,ebpf,1,387,177.97
cdf_db,ebpf,1,388,213.01
cdf_db,ebpf,1,389,166.61
cdf_db,ebpf,1,390,205.41
cdf_db,ebpf,1,391,225.82
cdf_db,ebpf,1,392,202.24
cdf_db,ebpf,1,393,172.6
cdf_db,ebpf,1,394,241.651
cdf_db,ebpf,1,395,242.541
cdf_db,ebpf,1,396,216.19
cdf_db,ebpf,1,397,166.34
cdf_db,ebpf,1,398,200.3
cdf_db,ebpf,1,399,161.17
cdf_db,ebpf,1,400,350.04
cdf_db,ebpf,1,401,168.33
cdf_db,ebpf,1,402,203.71
cdf_db,ebpf,1,403,176.94
cdf_db,ebpf,1,404,207.53
cdf_db,ebpf,1,405,238.3
cdf_db,ebpf,1,406,202.2
cdf_db,ebpf,1,407,172.83
cdf_db,ebpf,1,408,210.46
cdf_db,ebpf,1,409,173.02
cdf_db,ebpf,1,410,252.86
cdf_db,ebpf,1,411,172.96
cdf_db,ebpf,1,412,203.021
cdf_db,ebpf,1,413,169.36
cdf_db,ebpf,1,414,206.709
cdf_db,ebpf,1,415,219.58
cdf_db,ebpf,1,416,203.271
cdf_db,ebpf,1,417,181.411
cdf_db,ebpf,1,418,203.751
cdf_db,ebpf,1,419,178.23
cdf_db,ebpf,1,420,251.27
cdf_db,ebpf,1,421,165.42
cdf_db,ebpf,1,422,238.96
cdf_db,ebpf,1,423,164.39
cdf_db,ebpf,1,424,207.79
cdf_db,ebpf,1,425,216.86
cdf_db,ebpf,1,426,200.79
cdf_db,ebpf,1,427,163.85
cdf_db,ebpf,1,428,205.85
cdf_db,ebpf,1,429,177.15
cdf_db,ebpf,1,430,253.58
cdf_db,ebpf,1,431,171.67
cdf_db,ebpf,1,432,205.39
cdf_db,ebpf,1,433,177.86
cdf_db,ebpf,1,434,211.23
cdf_db,ebpf,1,435,210.83
cdf_db,ebpf,1,436,201.46
cdf_db,ebpf,1,437,173.161
cdf_db,ebpf,1,438,198.9
cdf_db,ebpf,1,439,175.209
cdf_db,ebpf,1,440,252.78
cdf_db,ebpf,1,441,172.081
cdf_db,ebpf,1,442,200.13
cdf_db,ebpf,1,443,166.73
cdf_db,ebpf,1,444,208.94
cdf_db,ebpf,1,445,212.73
cdf_db,ebpf,1,446,202.29
cdf_db,ebpf,1,447,163.85
cdf_db,ebpf,1,448,198.72
cdf_db,ebpf,1,449,169.51
cdf_db,ebpf,1,450,256.73
cdf_db,ebpf,1,451,164.35
cdf_db,ebpf,1,452,207.3
cdf_db,ebpf,1,453,170.75
cdf_db,ebpf,1,454,198.42
cdf_db,ebpf,1,455,220.82
cdf_db,ebpf,1,456,199.13
cdf_db,ebpf,1,457,173.1
cdf_db,ebpf,1,458,198.88
cdf_db,ebpf,1,459,164.89
cdf_db,ebpf,1,460,259.1
cdf_db,ebpf,1,461,171.56
cdf_db,ebpf,1,462,200.331
cdf_db,ebpf,1,463,213.991
cdf_db,ebpf,1,464,206.61
cdf_db,ebpf,1,465,214.88
cdf_db,ebpf,1,466,204.63
cdf_db,ebpf,1,467,172.92
cdf_db,ebpf,1,468,199.12
cdf_db,ebpf,1,469,169.27
cdf_db,ebpf,1,470,254.59
cdf_db,ebpf,1,471,166.41
cdf_db,ebpf,1,472,199.41
cdf_db,ebpf,1,473,179.98
cdf_db,ebpf,1,474,199.22
cdf_db,ebpf,1,475,240.5
cdf_db,ebpf,1,476,207.85
cdf_db,ebpf,1,477,174.66
cdf_db,ebpf,1,478,198.89
cdf_db,ebpf,1,479,168.39
cdf_db,ebpf,1,480,253.95
cdf_db,ebpf,1,481,168.56
cdf_db,ebpf,1,482,209.03
cdf_db,ebpf,1,483,205.71
cdf_db,ebpf,1,484,216.33
cdf_db,ebpf,1,485,217.05
cdf_db,ebpf,1,486,201.011
cdf_db,ebpf,1,487,164.769
cdf_db,ebpf,1,488,202.06
cdf_db,ebpf,1,489,168.53
cdf_db,ebpf,1,490,252.1
cdf_db,ebpf,1,491,164.17
cdf_db,ebpf,1,492,200.85
cdf_db,ebpf,1,493,212.18
cdf_db,ebpf,1,494,206.88
cdf_db,ebpf,1,495,215.4
cdf_db,ebpf,1,496,202.42
cdf_db,ebpf,1,497,169.63
cdf_db,ebpf,1,498,236.82
cdf_db,ebpf,1,499,193.5
cdf_db,ebpf,1,500,247.27
cdf_db,ebpf,1,501,235.22
cdf_db,ebpf,1,502,197.98
cdf_db,ebpf,1,503,177.77
cdf_db,ebpf,1,504,257.38
cdf_db,ebpf,1,505,173.81
cdf_db,ebpf,1,506,200.89
cdf_db,ebpf,1,507,165.12
cdf_db,ebpf,1,508,198.78
cdf_db,ebpf,1,509,237.33
cdf_db,ebpf,1,510,200.66
cdf_db,ebpf,1,511,171.371
cdf_db,ebpf,1,512,196.86
cdf_db,ebpf,1,513,167.14
cdf_db,ebpf,1,514,250.74
cdf_db,ebpf,1,515,172.821
cdf_db,ebpf,1,516,201.64
cdf_db,ebpf,1,517,162.6
cdf_db,ebpf,1,518,197.16
cdf_db,ebpf,1,519,165.85
cdf_db,ebpf,1,520,243.67
cdf_db,ebpf,1,521,162.89
cdf_db,ebpf,1,522,196.7
cdf_db,ebpf,1,523,162.06
cdf_db,ebpf,1,524,203.54
cdf_db,ebpf,1,525,218.66
cdf_db,ebpf,1,526,199.73
cdf_db,ebpf,1,527,165.02
cdf_db,ebpf,1,528,198.4
cdf_db,ebpf,1,529,175.52
cdf_db,ebpf,1,530,250.32
cdf_db,ebpf,1,531,162.95
cdf_db,ebpf,1,532,199.39
cdf_db,ebpf,1,533,170.27
cdf_db,ebpf,1,534,199.02
cdf_db,ebpf,1,535,219.689
cdf_db,ebpf,1,536,200.009
cdf_db,ebpf,1,537,180.82
cdf_db,ebpf,1,538,199.129
cdf_db,ebpf,1,539,167.909
cdf_db,ebpf,1,540,258.4
cdf_db,ebpf,1,541,170.56
cdf_db,ebpf,1,542,199.2
cdf_db,ebpf,1,543,167.77
cdf_db,ebpf,1,544,201.87
cdf_db,ebpf,1,545,220.67
cdf_db,ebpf,1,546,226.79
cdf_db,ebpf,1,547,163.61
cdf_db,ebpf,1,548,200.3
cdf_db,ebpf,1,549,167.32
cdf_db,ebpf,1,550,305.3
cdf_db,ebpf,1,551,165.11
cdf_db,ebpf,1,552,200.63
cdf_db,ebpf,1,553,170.69
cdf_db,ebpf,1,554,198.52
cdf_db,ebpf,1,555,217.83
cdf_db,ebpf,1,556,199.27
cdf_db,ebpf,1,557,171.02
cdf_db,ebpf,1,558,201.681
cdf_db,ebpf,1,559,164.92
cdf_db,ebpf,1,560,253.091
cdf_db,ebpf,1,561,171.48
cdf_db,ebpf,1,562,198.24
cdf_db,ebpf,1,563,164.791
cdf_db,ebpf,1,564,199.89
cdf_db,ebpf,1,565,225.52
cdf_db,ebpf,1,566,200.63
cdf_db,ebpf,1,567,167.55
cdf_db,ebpf,1,568,199.78
cdf_db,ebpf,1,569,170.82
cdf_db,ebpf,1,570,258.18
cdf_db,ebpf,1,571,167.73
cdf_db,ebpf,1,572,206.01
cdf_db,ebpf,1,573,170.23
cdf_db,ebpf,1,574,197.54
cdf_db,ebpf,1,575,218.18
cdf_db,ebpf,1,576,202.25
cdf_db,ebpf,1,577,170.2
cdf_db,ebpf,1,578,198.47
cdf_db,ebpf,1,579,165.36
cdf_db,ebpf,1,580,201.61
cdf_db,ebpf,1,581,215.06
cdf_db,ebpf,1,582,197.18
cdf_db,ebpf,1,583,163.371
cdf_db,ebpf,1,584,203.329
cdf_db,ebpf,1,585,176.211
cdf_db,ebpf,1,586,249.701
cdf_db,ebpf,1,587,163.52
cdf_db,ebpf,1,588,199.83
cdf_db,ebpf,1,589,171.0
cdf_db,ebpf,1,590,206.31
cdf_db,ebpf,1,591,213.11
cdf_db,ebpf,1,592,202.32
cdf_db,ebpf,1,593,171.18
cdf_db,ebpf,1,594,201.83
cdf_db,ebpf,1,595,171.9
cdf_db,ebpf,1,596,254.57
cdf_db,ebpf,1,597,172.23
cdf_db,ebpf,1,598,202.28
cdf_db,ebpf,1,599,165.4
cdf_db,ebpf,1,600,212.39
cdf_db,ebpf,1,601,226.89
cdf_db,ebpf,1,602,205.12
cdf_db,ebpf,1,603,164.0
cdf_db,ebpf,1,604,201.68
cdf_db,ebpf,1,605,172.15
cdf_db,ebpf,1,606,259.87
cdf_db,ebpf,1,607,165.591
cdf_db,ebpf,1,608,203.92
cdf_db,ebpf,1,609,174.16
cdf_db,ebpf,1,610,209.881
cdf_db,ebpf,1,611,210.97
cdf_db,ebpf,1,612,206.07
cdf_db,ebpf,1,613,170.55
cdf_db,ebpf,1,614,197.91
cdf_db,ebpf,1,615,163.17
cdf_db,ebpf,1,616,252.24
cdf_db,ebpf,1,617,170.63
cdf_db,ebpf,1,618,210.5
cdf_db,ebpf,1,619,187.13
cdf_db,ebpf,1,620,202.2
cdf_db,ebpf,1,621,237.31
cdf_db,ebpf,1,622,208.0
cdf_db,ebpf,1,623,174.48
cdf_db,ebpf,1,624,206.88
cdf_db,ebpf,1,625,165.78
cdf_db,ebpf,1,626,260.2
cdf_db,ebpf,1,627,171.25
cdf_db,ebpf,1,628,199.66
cdf_db,ebpf,1,629,165.19
cdf_db,ebpf,1,630,201.65
cdf_db,ebpf,1,631,274.27
cdf_db,ebpf,1,632,201.31
cdf_db,ebpf,1,633,181.83
cdf_db,ebpf,1,634,199.38
cdf_db,ebpf,1,635,172.931
cdf_db,ebpf,1,636,250.64
cdf_db,ebpf,1,637,172.641
cdf_db,ebpf,1,638,200.43
cdf_db,ebpf,1,639,167.46
cdf_db,ebpf,1,640,215.18
cdf_db,ebpf,1,641,227.84
cdf_db,ebpf,1,642,200.59
cdf_db,ebpf,1,643,166.89
cdf_db,ebpf,1,644,200.83
cdf_db,ebpf,1,645,180.46
cdf_db,ebpf,1,646,261.2
cdf_db,ebpf,1,647,164.75
cdf_db,ebpf,1,648,197.86
cdf_db,ebpf,1,649,183.89
cdf_db,ebpf,1,650,218.36
cdf_db,ebpf,1,651,223.62
cdf_db,ebpf,1,652,214.01
cdf_db,ebpf,1,653,239.71
cdf_db,ebpf,1,654,169.4
cdf_db,ebpf,1,655,212.57
cdf_db,ebpf,1,656,217.181
cdf_db,ebpf,1,657,200.6
cdf_db,ebpf,1,658,174.68
cdf_db,ebpf,1,659,197.66
cdf_db,ebpf,1,660,225.921
cdf_db,ebpf,1,661,207.78
cdf_db,ebpf,1,662,176.18
cdf_db,ebpf,1,663,207.74
cdf_db,ebpf,1,664,209.33
cdf_db,ebpf,1,665,258.78
cdf_db,ebpf,1,666,164.34
cdf_db,ebpf,1,667,198.22
cdf_db,ebpf,1,668,171.13
cdf_db,ebpf,1,669,248.88
cdf_db,ebpf,1,670,216.58
cdf_db,ebpf,1,671,210.17
cdf_db,ebpf,1,672,230.2
cdf_db,ebpf,1,673,198.59
cdf_db,ebpf,1,674,183.27
cdf_db,ebpf,1,675,255.81
cdf_db,ebpf,1,676,176.98
cdf_db,ebpf,1,677,209.93
cdf_db,ebpf,1,678,172.88
cdf_db,ebpf,1,679,204.27
cdf_db,ebpf,1,680,212.491
cdf_db,ebpf,1,681,214.451
cdf_db,ebpf,1,682,183.0
cdf_db,ebpf,1,683,199.9
cdf_db,ebpf,1,684,187.23
cdf_db,ebpf,1,685,260.42
cdf_db,ebpf,1,686,169.99
cdf_db,ebpf,1,687,200.16
cdf_db,ebpf,1,688,173.93
cdf_db,ebpf,1,689,212.07
cdf_db,ebpf,1,690,218.79
cdf_db,ebpf,1,691,197.49
cdf_db,ebpf,1,692,190.33
cdf_db,ebpf,1,693,230.7
cdf_db,ebpf,1,694,241.71
cdf_db,ebpf,1,695,211.04
cdf_db,ebpf,1,696,169.77
cdf_db,ebpf,1,697,199.83
cdf_db,ebpf,1,698,171.08
cdf_db,ebpf,1,699,253.06
cdf_db,ebpf,1,700,178.23
cdf_db,ebpf,1,701,204.07
cdf_db,ebpf,1,702,173.691
cdf_db,ebpf,1,703,660.091
cdf_db,ebpf,1,704,239.351
cdf_db,ebpf,1,705,212.39
cdf_db,ebpf,1,706,197.07
cdf_db,ebpf,1,707,210.33
cdf_db,ebpf,1,708,182.77
cdf_db,ebpf,1,709,169.91
cdf_db,ebpf,1,710,166.15
cdf_db,ebpf,1,711,156.82
cdf_db,ebpf,1,712,218.08
cdf_db,ebpf,1,713,158.66
cdf_db,ebpf,1,714,154.06
cdf_db,ebpf,1,715,160.39
cdf_db,ebpf,1,716,154.68
cdf_db,ebpf,1,717,150.04
cdf_db,ebpf,1,718,212.63
cdf_db,ebpf,1,719,157.56
cdf_db,ebpf,1,720,153.05
cdf_db,ebpf,1,721,204.6
cdf_db,ebpf,1,722,158.94
cdf_db,ebpf,1,723,179.46
cdf_db,ebpf,1,724,211.06
cdf_db,ebpf,1,725,168.78
cdf_db,ebpf,1,726,155.29
cdf_db,ebpf,1,727,158.329
cdf_db,ebpf,1,728,151.9
cdf_db,ebpf,1,729,158.751
cdf_db,ebpf,1,730,204.79
cdf_db,ebpf,1,731,152.64
cdf_db,ebpf,1,732,155.57
cdf_db,ebpf,1,733,155.31
cdf_db,ebpf,1,734,149.43
cdf_db,ebpf,1,735,151.71
cdf_db,ebpf,1,736,216.3
cdf_db,ebpf,1,737,173.38
cdf_db,ebpf,1,738,150.74
cdf_db,ebpf,1,739,154.24
cdf_db,ebpf,1,740,149.21
cdf_db,ebpf,1,741,152.5
cdf_db,ebpf,1,742,200.33
cdf_db,ebpf,1,743,149.57
cdf_db,ebpf,1,744,151.81
cdf_db,ebpf,1,745,154.18
cdf_db,ebpf,1,746,163.83
cdf_db,ebpf,1,747,155.49
cdf_db,ebpf,1,748,205.35
cdf_db,ebpf,1,749,163.45
cdf_db,ebpf,1,750,156.09
cdf_db,ebpf,1,751,170.45
cdf_db,ebpf,1,752,157.13
cdf_db,ebpf,1,753,152.5
cdf_db,ebpf,1,754,200.16
cdf_db,ebpf,1,755,151.63
cdf_db,ebpf,1,756,155.08
cdf_db,ebpf,1,757,153.97
cdf_db,ebpf,1,758,147.94
cdf_db,ebpf,1,759,152.921
cdf_db,ebpf,1,760,200.251
cdf_db,ebpf,1,761,164.369
cdf_db,ebpf,1,762,154.581
cdf_db,ebpf,1,763,158.49
cdf_db,ebpf,1,764,148.73
cdf_db,ebpf,1,765,174.76
cdf_db,ebpf,1,766,221.54
cdf_db,ebpf,1,767,150.56
cdf_db,ebpf,1,768,160.62
cdf_db,ebpf,1,769,153.49
cdf_db,ebpf,1,770,147.06
cdf_db,ebpf,1,771,152.13
cdf_db,ebpf,1,772,206.85
cdf_db,ebpf,1,773,152.11
cdf_db,ebpf,1,774,153.9
cdf_db,ebpf,1,775,149.89
cdf_db,ebpf,1,776,147.76
cdf_db,ebpf,1,777,146.04
cdf_db,ebpf,1,778,150.95
cdf_db,ebpf,1,779,200.92
cdf_db,ebpf,1,780,155.08
cdf_db,ebpf,1,781,151.58
cdf_db,ebpf,1,782,150.88
cdf_db,ebpf,1,783,151.01
cdf_db,ebpf,1,784,203.69
cdf_db,ebpf,1,785,186.83
cdf_db,ebpf,1,786,154.01
cdf_db,ebpf,1,787,150.391
cdf_db,ebpf,1,788,149.48
cdf_db,ebpf,1,789,150.451
cdf_db,ebpf,1,790,150.311
cdf_db,ebpf,1,791,197.32
cdf_db,ebpf,1,792,167.11
cdf_db,ebpf,1,793,150.9
cdf_db,ebpf,1,794,154.19
cdf_db,ebpf,1,795,151.7
cdf_db,ebpf,1,796,150.14
cdf_db,ebpf,1,797,199.28
cdf_db,ebpf,1,798,153.1
cdf_db,ebpf,1,799,148.33
cdf_db,ebpf,1,800,146.83
cdf_db,ebpf,1,801,152.22
cdf_db,ebpf,1,802,149.65
cdf_db,ebpf,1,803,206.39
cdf_db,ebpf,1,804,159.05
cdf_db,ebpf,1,805,147.79
cdf_db,ebpf,1,806,163.07
cdf_db,ebpf,1,807,153.23
cdf_db,ebpf,1,808,149.44
cdf_db,ebpf,1,809,158.16
cdf_db,ebpf,1,810,193.62
cdf_db,ebpf,1,811,150.83
cdf_db,ebpf,1,812,155.33
cdf_db,ebpf,1,813,154.27
cdf_db,ebpf,1,814,154.54
cdf_db,ebpf,1,815,259.3
cdf_db,ebpf,1,816,169.3
cdf_db,ebpf,1,817,159.74
cdf_db,ebpf,1,818,157.14
cdf_db,ebpf,1,819,152.169
cdf_db,ebpf,1,820,147.48
cdf_db,ebpf,1,821,197.8
cdf_db,ebpf,1,822,160.2
cdf_db,ebpf,1,823,149.29
cdf_db,ebpf,1,824,163.83
cdf_db,ebpf,1,825,148.93
cdf_db,ebpf,1,826,146.33
cdf_db,ebpf,1,827,163.78
cdf_db,ebpf,1,828,195.29
cdf_db,ebpf,1,829,148.17
cdf_db,ebpf,1,830,153.13
cdf_db,ebpf,1,831,196.86
cdf_db,ebpf,1,832,150.61
cdf_db,ebpf,1,833,207.96
cdf_db,ebpf,1,834,156.9
cdf_db,ebpf,1,835,154.58
cdf_db,ebpf,1,836,151.81
cdf_db,ebpf,1,837,148.82
cdf_db,ebpf,1,838,160.06
cdf_db,ebpf,1,839,252.86
cdf_db,ebpf,1,840,153.54
cdf_db,ebpf,1,841,149.96
cdf_db,ebpf,1,842,154.24
cdf_db,ebpf,1,843,185.83
cdf_db,ebpf,1,844,221.351
cdf_db,ebpf,1,845,191.211
cdf_db,ebpf,1,846,150.289
cdf_db,ebpf,1,847,153.709
cdf_db,ebpf,1,848,149.66
cdf_db,ebpf,1,849,149.94
cdf_db,ebpf,1,850,421.15
cdf_db,ebpf,1,851,220.4
cdf_db,ebpf,1,852,149.87
cdf_db,ebpf,1,853,161.13
cdf_db,ebpf,1,854,149.97
cdf_db,ebpf,1,855,197.59
cdf_db,ebpf,1,856,157.47
cdf_db,ebpf,1,857,146.13
cdf_db,ebpf,1,858,154.28
cdf_db,ebpf,1,859,151.39
cdf_db,ebpf,1,860,148.1
cdf_db,ebpf,1,861,165.83
cdf_db,ebpf,1,862,190.42
cdf_db,ebpf,1,863,161.01
cdf_db,ebpf,1,864,153.55
cdf_db,ebpf,1,865,148.32
cdf_db,ebpf,1,866,147.11
cdf_db,ebpf,1,867,155.76
cdf_db,ebpf,1,868,199.88
cdf_db,ebpf,1,869,149.52
cdf_db,ebpf,1,870,141.12
cdf_db,ebpf,1,871,151.12
cdf_db,ebpf,1,872,147.42
cdf_db,ebpf,1,873,149.51
cdf_db,ebpf,1,874,204.22
cdf_db,ebpf,1,875,153.831
cdf_db,ebpf,1,876,157.56
cdf_db,ebpf,1,877,149.5
cdf_db,ebpf,1,878,150.581
cdf_db,ebpf,1,879,150.68
cdf_db,ebpf,1,880,206.66
cdf_db,ebpf,1,881,164.06
cdf_db,ebpf,1,882,163.99
cdf_db,ebpf,1,883,153.33
cdf_db,ebpf,1,884,148.82
cdf_db,ebpf,1,885,159.33
cdf_db,ebpf,1,886,198.55
cdf_db,ebpf,1,887,172.63
cdf_db,ebpf,1,888,150.32
cdf_db,ebpf,1,889,151.37
cdf_db,ebpf,1,890,147.78
cdf_db,ebpf,1,891,149.3
cdf_db,ebpf,1,892,157.22
cdf_db,ebpf,1,893,225.9
cdf_db,ebpf,1,894,146.38
cdf_db,ebpf,1,895,152.85
cdf_db,ebpf,1,896,148.38
cdf_db,ebpf,1,897,148.38
cdf_db,ebpf,1,898,158.78
cdf_db,ebpf,1,899,187.09
cdf_db,ebpf,1,900,148.61
cdf_db,ebpf,1,901,153.87
cdf_db,ebpf,1,902,151.08
cdf_db,ebpf,1,903,144.63
cdf_db,ebpf,1,904,151.02
cdf_db,ebpf,1,905,192.951
cdf_db,ebpf,1,906,146.691
cdf_db,ebpf,1,907,152.589
cdf_db,ebpf,1,908,149.87
cdf_db,ebpf,1,909,147.38
cdf_db,ebpf,1,910,163.4
cdf_db,ebpf,1,911,214.9
cdf_db,ebpf,1,912,165.3
cdf_db,ebpf,1,913,156.82
cdf_db,ebpf,1,914,148.33
cdf_db,ebpf,1,915,150.2
cdf_db,ebpf,1,916,148.99
cdf_db,ebpf,1,917,195.1
cdf_db,ebpf,1,918,149.19
cdf_db,ebpf,1,919,161.61
cdf_db,ebpf,1,920,152.6
cdf_db,ebpf,1,921,147.37
cdf_db,ebpf,1,922,152.7
cdf_db,ebpf,1,923,156.45
cdf_db,ebpf,1,924,189.24
cdf_db,ebpf,1,925,154.3
cdf_db,ebpf,1,926,147.85
cdf_db,ebpf,1,927,151.73
cdf_db,ebpf,1,928,149.9
cdf_db,ebpf,1,929,148.46
cdf_db,ebpf,1,930,203.55
cdf_db,ebpf,1,931,149.43
cdf_db,ebpf,1,932,148.73
cdf_db,ebpf,1,933,156.14
cdf_db,ebpf,1,934,150.39
cdf_db,ebpf,1,935,160.531
cdf_db,ebpf,1,936,199.06
cdf_db,ebpf,1,937,154.82
cdf_db,ebpf,1,938,152.771
cdf_db,ebpf,1,939,158.44
cdf_db,ebpf,1,940,154.24
cdf_db,ebpf,1,941,157.72
cdf_db,ebpf,1,942,198.49
cdf_db,ebpf,1,943,153.06
cdf_db,ebpf,1,944,149.06
cdf_db,ebpf,1,945,151.1
cdf_db,ebpf,1,946,146.94
cdf_db,ebpf,1,947,149.42
cdf_db,ebpf,1,948,155.07
cdf_db,ebpf,1,949,189.4
cdf_db,ebpf,1,950,150.84
cdf_db,ebpf,1,951,149.15
cdf_db,ebpf,1,952,153.0
cdf_db,ebpf,1,953,146.7
cdf_db,ebpf,1,954,150.32
cdf_db,ebpf,1,955,243.02
cdf_db,ebpf,1,956,150.38
cdf_db,ebpf,1,957,149.71
cdf_db,ebpf,1,958,153.85
cdf_db,ebpf,1,959,147.86
cdf_db,ebpf,1,960,150.16
cdf_db,ebpf,1,961,199.71
cdf_db,ebpf,1,962,151.601
cdf_db,ebpf,1,963,148.6
cdf_db,ebpf,1,964,156.709
cdf_db,ebpf,1,965,149.329
cdf_db,ebpf,1,966,150.64
cdf_db,ebpf,1,967,200.58
cdf_db,ebpf,1,968,149.409
cdf_db,ebpf,1,969,150.561
cdf_db,ebpf,1,970,155.41
cdf_db,ebpf,1,971,149.68
cdf_db,ebpf,1,972,150.19
cdf_db,ebpf,1,973,159.79
cdf_db,ebpf,1,974,186.93
cdf_db,ebpf,1,975,150.26
cdf_db,ebpf,1,976,153.1
cdf_db,ebpf,1,977,149.83
cdf_db,ebpf,1,978,149.28
cdf_db,ebpf,1,979,155.57
cdf_db,ebpf,1,980,194.22
cdf_db,ebpf,1,981,152.06
cdf_db,ebpf,1,982,154.49
cdf_db,ebpf,1,983,160.21
cdf_db,ebpf,1,984,150.91
cdf_db,ebpf,1,985,155.97
cdf_db,ebpf,1,986,249.49
cdf_db,ebpf,1,987,150.35
cdf_db,ebpf,1,988,156.56
cdf_db,ebpf,1,989,149.15
cdf_db,ebpf,1,990,151.6
cdf_db,ebpf,1,991,163.181
cdf_db,ebpf,1,992,190.831
cdf_db,ebpf,1,993,151.949
cdf_db,ebpf,1,994,154.929
cdf_db,ebpf,1,995,149.811
cdf_db,ebpf,1,996,148.76
cdf_db,ebpf,1,997,154.9
cdf_db,ebpf,1,998,198.161
cdf_db,ebpf,1,999,153.13
cdf_db,ebpf,1,1000,157.48
cdf_db,ebpf,1,1001,147.92
cdf_db,ebpf,1,1002,152.38
cdf_db,ebpf,1,1003,153.54
cdf_db,ebpf,1,1004,201.1
cdf_db,ebpf,1,1005,153.21
cdf_db,ebpf,1,1006,156.08
cdf_db,ebpf,1,1007,150.73
cdf_db,ebpf,1,1008,149.98
cdf_db,ebpf,1,1009,153.07
cdf_db,ebpf,1,1010,152.34
cdf_db,ebpf,1,1011,192.97
cdf_db,ebpf,1,1012,154.15
cdf_db,ebpf,1,1013,148.41
cdf_db,ebpf,1,1014,150.93
cdf_db,ebpf,1,1015,156.77
cdf_db,ebpf,1,1016,152.94
cdf_db,ebpf,1,1017,191.2
cdf_db,ebpf,1,1018,153.74
cdf_db,ebpf,1,1019,151.76
cdf_db,ebpf,1,1020,153.29
cdf_db,ebpf,1,1021,155.99
cdf_db,ebpf,1,1022,149.68
cdf_db,ebpf,1,1023,239.76
cdf_db,ebpf,1,1024,154.811
cdf_db,ebpf,1,1025,150.809
cdf_db,ebpf,1,1026,150.68
cdf_db,ebpf,1,1027,155.13
cdf_db,ebpf,1,1028,146.99
cdf_db,ebpf,1,1029,198.11
cdf_db,ebpf,1,1030,154.27
cdf_db,ebpf,1,1031,153.25
cdf_db,ebpf,1,1032,152.77
cdf_db,ebpf,1,1033,152.77
cdf_db,ebpf,1,1034,186.27
cdf_db,ebpf,1,1035,199.59
cdf_db,ebpf,1,1036,157.89
cdf_db,ebpf,1,1037,150.67
cdf_db,ebpf,1,1038,152.9
cdf_db,ebpf,1,1039,150.22
cdf_db,ebpf,1,1040,150.86
cdf_db,ebpf,1,1041,200.79
cdf_db,ebpf,1,1042,151.97
cdf_db,ebpf,1,1043,188.36
cdf_db,ebpf,1,1044,150.93
cdf_db,ebpf,1,1045,151.42
cdf_db,ebpf,1,1046,148.42
cdf_db,ebpf,1,1047,199.58
cdf_db,ebpf,1,1048,152.07
cdf_db,ebpf,1,1049,186.33
cdf_db,ebpf,1,1050,152.13
cdf_db,ebpf,1,1051,149.11
cdf_db,ebpf,1,1052,147.63
cdf_db,ebpf,1,1053,198.2
cdf_db,ebpf,1,1054,184.44
cdf_db,ebpf,1,1055,147.589
cdf_db,ebpf,1,1056,170.051
cdf_db,ebpf,1,1057,149.85
cdf_db,ebpf,1,1058,189.45
cdf_db,ebpf,1,1059,212.15
cdf_db,ebpf,1,1060,151.01
cdf_db,ebpf,1,1061,185.08
cdf_db,ebpf,1,1062,153.63
cdf_db,ebpf,1,1063,200.55
cdf_db,ebpf,1,1064,161.82
cdf_db,ebpf,1,1065,240.0
cdf_db,ebpf,1,1066,190.53
cdf_db,ebpf,1,1067,191.41
cdf_db,ebpf,1,1068,214.85
cdf_db,ebpf,1,1069,153.86
cdf_db,ebpf,1,1070,190.29
cdf_db,ebpf,1,1071,152.83
cdf_db,ebpf,1,1072,149.23
cdf_db,ebpf,1,1073,152.44
cdf_db,ebpf,1,1074,152.2
cdf_db,ebpf,1,1075,151.57
cdf_db,ebpf,1,1076,210.84
cdf_db,ebpf,1,1077,192.93
cdf_db,ebpf,1,1078,157.19
cdf_db,ebpf,1,1079,159.54
cdf_db,ebpf,1,1080,162.86
cdf_db,ebpf,1,1081,153.571
cdf_db,ebpf,1,1082,201.02
cdf_db,ebpf,1,1083,153.249
cdf_db,ebpf,1,1084,148.09
cdf_db,ebpf,1,1085,156.23
cdf_db,ebpf,1,1086,151.95
cdf_db,ebpf,1,1087,148.85
cdf_db,ebpf,1,1088,207.72
cdf_db,ebpf,1,1089,155.93
cdf_db,ebpf,1,1090,156.8
cdf_db,ebpf,1,1091,156.24
cdf_db,ebpf,1,1092,189.23
cdf_db,ebpf,1,1093,156.33
cdf_db,ebpf,1,1094,193.45
cdf_db,ebpf,1,1095,148.96
cdf_db,ebpf,1,1096,151.17
cdf_db,ebpf,1,1097,152.92
cdf_db,ebpf,1,1098,147.3
cdf_db,ebpf,1,1099,148.96
cdf_db,ebpf,1,1100,200.84
cdf_db,ebpf,1,1101,152.85
cdf_db,ebpf,1,1102,146.88
cdf_db,ebpf,1,1103,155.14
cdf_db,ebpf,1,1104,148.77
cdf_db,ebpf,1,1105,152.39
cdf_db,ebpf,1,1106,202.0
cdf_db,ebpf,1,1107,150.72
cdf_db,ebpf,1,1108,145.91
cdf_db,ebpf,1,1109,192.48
cdf_db,ebpf,1,1110,147.12
cdf_db,ebpf,1,1111,150.529
cdf_db,ebpf,1,1112,163.06
cdf_db,ebpf,1,1113,185.86
cdf_db,ebpf,1,1114,146.411
cdf_db,ebpf,1,1115,152.66
cdf_db,ebpf,1,1116,147.0
cdf_db,ebpf,1,1117,148.281
cdf_db,ebpf,1,1118,163.34
cdf_db,ebpf,1,1119,195.12
cdf_db,ebpf,1,1120,152.47
cdf_db,ebpf,1,1121,154.24
cdf_db,ebpf,1,1122,187.87
cdf_db,ebpf,1,1123,148.84
cdf_db,ebpf,1,1124,158.79
cdf_db,ebpf,1,1125,189.75
cdf_db,ebpf,1,1126,149.06
cdf_db,ebpf,1,1127,153.12
cdf_db,ebpf,1,1128,151.1
cdf_db,ebpf,1,1129,161.52
cdf_db,ebpf,1,1130,150.76
cdf_db,ebpf,1,1131,214.57
cdf_db,ebpf,1,1132,188.37
cdf_db,ebpf,1,1133,153.42
cdf_db,ebpf,1,1134,149.25
cdf_db,ebpf,1,1135,147.78
cdf_db,ebpf,1,1136,153.46
cdf_db,ebpf,1,1137,200.851
cdf_db,ebpf,1,1138,149.531
cdf_db,ebpf,1,1139,192.5
cdf_db,ebpf,1,1140,150.991
cdf_db,ebpf,1,1141,153.24
cdf_db,ebpf,1,1142,159.909
cdf_db,ebpf,1,1143,198.82
cdf_db,ebpf,1,1144,152.821
cdf_db,ebpf,1,1145,191.29
cdf_db,ebpf,1,1146,149.82
cdf_db,ebpf,1,1147,156.59
cdf_db,ebpf,1,1148,153.77
cdf_db,ebpf,1,1149,196.81
cdf_db,ebpf,1,1150,192.86
cdf_db,ebpf,1,1151,149.05
cdf_db,ebpf,1,1152,151.31
cdf_db,ebpf,1,1153,188.71
cdf_db,ebpf,1,1154,160.17
cdf_db,ebpf,1,1155,236.18
cdf_db,ebpf,1,1156,155.64
cdf_db,ebpf,1,1157,188.02
cdf_db,ebpf,1,1158,191.0
cdf_db,ebpf,1,1159,197.41
cdf_db,ebpf,1,1160,226.62
cdf_db,ebpf,1,1161,187.79
cdf_db,ebpf,1,1162,212.75
cdf_db,ebpf,1,1163,147.76
cdf_db,ebpf,1,1164,148.65
cdf_db,ebpf,1,1165,199.37
cdf_db,ebpf,1,1166,149.56
cdf_db,ebpf,1,1167,152.99
cdf_db,ebpf,1,1168,151.99
cdf_db,ebpf,1,1169,147.28
cdf_db,ebpf,1,1170,146.131
cdf_db,ebpf,1,1171,152.351
cdf_db,ebpf,1,1172,182.23
cdf_db,ebpf,1,1173,149.4
cdf_db,ebpf,1,1174,151.58
cdf_db,ebpf,1,1175,147.6
cdf_db,ebpf,1,1176,150.14
cdf_db,ebpf,1,1177,152.43
cdf_db,ebpf,1,1178,197.64
cdf_db,ebpf,1,1179,149.69
cdf_db,ebpf,1,1180,153.75
cdf_db,ebpf,1,1181,145.81
cdf_db,ebpf,1,1182,148.95
cdf_db,ebpf,1,1183,152.64
cdf_db,ebpf,1,1184,192.14
cdf_db,ebpf,1,1185,150.09
cdf_db,ebpf,1,1186,192.6
cdf_db,ebpf,1,1187,149.16
cdf_db,ebpf,1,1188,150.44
cdf_db,ebpf,1,1189,151.61
cdf_db,ebpf,1,1190,196.87
cdf_db,ebpf,1,1191,150.08
cdf_db,ebpf,1,1192,151.2
cdf_db,ebpf,1,1193,145.87
cdf_db,ebpf,1,1194,147.95
cdf_db,ebpf,1,1195,147.75
cdf_db,ebpf,1,1196,147.16
cdf_db,ebpf,1,1197,188.4
cdf_db,ebpf,1,1198,148.84
cdf_db,ebpf,1,1199,148.109
cdf_db,ebpf,1,1200,152.64
cdf_db,ebpf,1,1201,150.121
cdf_db,ebpf,1,1202,170.74
cdf_db,ebpf,1,1203,221.61
cdf_db,ebpf,1,1204,200.34
cdf_db,ebpf,1,1205,154.25
cdf_db,ebpf,1,1206,152.74
cdf_db,ebpf,1,1207,155.35
cdf_db,ebpf,1,1208,158.31
cdf_db,ebpf,1,1209,205.31
cdf_db,ebpf,1,1210,153.04
cdf_db,ebpf,1,1211,596.32
cdf_db,ebpf,1,1212,472.07
cdf_db,ebpf,1,1213,228.51
cdf_db,ebpf,1,1214,174.38
cdf_db,ebpf,1,1215,201.3
cdf_db,ebpf,1,1216,215.13
cdf_db,ebpf,1,1217,199.47
cdf_db,ebpf,1,1218,244.38
cdf_db,ebpf,1,1219,164.15
cdf_db,ebpf,1,1220,168.21
cdf_db,ebpf,1,1221,209.99
cdf_db,ebpf,1,1222,162.38
cdf_db,ebpf,1,1223,161.94
cdf_db,ebpf,1,1224,158.851
cdf_db,ebpf,1,1225,161.24
cdf_db,ebpf,1,1226,212.931
cdf_db,ebpf,1,1227,158.24
cdf_db,ebpf,1,1228,209.0
cdf_db,ebpf,1,1229,159.46
cdf_db,ebpf,1,1230,159.71
cdf_db,ebpf,1,1231,160.79
cdf_db,ebpf,1,1232,212.65
cdf_db,ebpf,1,1233,162.69
cdf_db,ebpf,1,1234,165.72
cdf_db,ebpf,1,1235,159.65
cdf_db,ebpf,1,1236,197.78
cdf_db,ebpf,1,1237,162.47
cdf_db,ebpf,1,1238,210.63
cdf_db,ebpf,1,1239,159.7
cdf_db,ebpf,1,1240,158.05
cdf_db,ebpf,1,1241,189.2
cdf_db,ebpf,1,1242,187.76
cdf_db,ebpf,1,1243,209.47
cdf_db,ebpf,1,1244,154.79
cdf_db,ebpf,1,1245,156.64
cdf_db,ebpf,1,1246,197.8
cdf_db,ebpf,1,1247,153.26
cdf_db,ebpf,1,1248,150.681
cdf_db,ebpf,1,1249,245.9
cdf_db,ebpf,1,1250,154.449
cdf_db,ebpf,1,1251,195.44
cdf_db,ebpf,1,1252,158.34
cdf_db,ebpf,1,1253,193.04
cdf_db,ebpf,1,1254,241.75
cdf_db,ebpf,1,1255,221.66
cdf_db,ebpf,1,1256,155.42
cdf_db,ebpf,1,1257,152.97
cdf_db,ebpf,1,1258,157.39
cdf_db,ebpf,1,1259,156.73
cdf_db,ebpf,1,1260,199.07
cdf_db,ebpf,1,1261,152.46
cdf_db,ebpf,1,1262,184.73
cdf_db,ebpf,1,1263,155.07
cdf_db,ebpf,1,1264,151.03
cdf_db,ebpf,1,1265,155.53
cdf_db,ebpf,1,1266,201.98
cdf_db,ebpf,1,1267,151.09
cdf_db,ebpf,1,1268,160.29
cdf_db,ebpf,1,1269,163.42
cdf_db,ebpf,1,1270,154.01
cdf_db,ebpf,1,1271,161.06
cdf_db,ebpf,1,1272,203.6
cdf_db,ebpf,1,1273,155.53
cdf_db,ebpf,1,1274,154.69
cdf_db,ebpf,1,1275,174.82
cdf_db,ebpf,1,1276,150.921
cdf_db,ebpf,1,1277,170.74
cdf_db,ebpf,1,1278,223.689
cdf_db,ebpf,1,1279,192.0
cdf_db,ebpf,1,1280,476.391
cdf_db,ebpf,1,1281,239.68
cdf_db,ebpf,1,1282,155.01
cdf_db,ebpf,1,1283,160.67
cdf_db,ebpf,1,1284,156.68
cdf_db,ebpf,1,1285,154.29
cdf_db,ebpf,1,1286,157.6
cdf_db,ebpf,1,1287,206.71
cdf_db,ebpf,1,1288,155.58
cdf_db,ebpf,1,1289,151.1
cdf_db,ebpf,1,1290,153.94
cdf_db,ebpf,1,1291,154.98
cdf_db,ebpf,1,1292,159.34
cdf_db,ebpf,1,1293,205.15
cdf_db,ebpf,1,1294,153.85
cdf_db,ebpf,1,1295,165.47
cdf_db,ebpf,1,1296,155.71
cdf_db,ebpf,1,1297,151.84
cdf_db,ebpf,1,1298,192.46
cdf_db,ebpf,1,1299,205.51
cdf_db,ebpf,1,1300,153.26
cdf_db,ebpf,1,1301,151.33
cdf_db,ebpf,1,1302,154.851
cdf_db,ebpf,1,1303,152.26
cdf_db,ebpf,1,1304,148.56
cdf_db,ebpf,1,1305,205.75
cdf_db,ebpf,1,1306,158.09
cdf_db,ebpf,1,1307,155.99
cdf_db,ebpf,1,1308,157.68
cdf_db,ebpf,1,1309,157.04
cdf_db,ebpf,1,1310,157.53
cdf_db,ebpf,1,1311,256.29
cdf_db,ebpf,1,1312,153.37
cdf_db,ebpf,1,1313,149.31
cdf_db,ebpf,1,1314,151.18
cdf_db,ebpf,1,1315,152.68
cdf_db,ebpf,1,1316,149.77
cdf_db,ebpf,1,1317,202.8
cdf_db,ebpf,1,1318,150.4
cdf_db,ebpf,1,1319,148.0
cdf_db,ebpf,1,1320,149.88
cdf_db,ebpf,1,1321,151.6
cdf_db,ebpf,1,1322,198.91
cdf_db,ebpf,1,1323,200.56
cdf_db,ebpf,1,1324,151.32
cdf_db,ebpf,1,1325,159.01
cdf_db,ebpf,1,1326,152.68
cdf_db,ebpf,1,1327,150.57
cdf_db,ebpf,1,1328,150.76
cdf_db,ebpf,1,1329,263.26
cdf_db,ebpf,1,1330,152.61
cdf_db,ebpf,1,1331,149.861
cdf_db,ebpf,1,1332,150.251
cdf_db,ebpf,1,1333,150.529
cdf_db,ebpf,1,1334,155.95
cdf_db,ebpf,1,1335,204.5
cdf_db,ebpf,1,1336,152.91
cdf_db,ebpf,1,1337,148.6
cdf_db,ebpf,1,1338,148.29
cdf_db,ebpf,1,1339,149.83
cdf_db,ebpf,1,1340,197.03
cdf_db,ebpf,1,1341,201.51
cdf_db,ebpf,1,1342,151.01
cdf_db,ebpf,1,1343,161.71
cdf_db,ebpf,1,1344,152.07
cdf_db,ebpf,1,1345,152.08
cdf_db,ebpf,1,1346,149.41
cdf_db,ebpf,1,1347,220.09
cdf_db,ebpf,1,1348,159.46
cdf_db,ebpf,1,1349,151.04
cdf_db,ebpf,1,1350,153.58
cdf_db,ebpf,1,1351,154.14
cdf_db,ebpf,1,1352,162.31
cdf_db,ebpf,1,1353,220.36
cdf_db,ebpf,1,1354,150.5
cdf_db,ebpf,1,1355,147.6
cdf_db,ebpf,1,1356,149.71
cdf_db,ebpf,1,1357,150.84
cdf_db,ebpf,1,1358,157.99
cdf_db,ebpf,1,1359,159.84
cdf_db,ebpf,1,1360,195.2
cdf_db,ebpf,1,1361,147.16
cdf_db,ebpf,1,1362,151.631
cdf_db,ebpf,1,1363,149.551
cdf_db,ebpf,1,1364,149.66
cdf_db,ebpf,1,1365,156.031
cdf_db,ebpf,1,1366,242.631
cdf_db,ebpf,1,1367,148.09
cdf_db,ebpf,1,1368,151.02
cdf_db,ebpf,1,1369,152.74
cdf_db,ebpf,1,1370,152.44
cdf_db,ebpf,1,1371,159.18
cdf_db,ebpf,1,1372,200.56
cdf_db,ebpf,1,1373,156.48
cdf_db,ebpf,1,1374,154.58
cdf_db,ebpf,1,1375,153.54
cdf_db,ebpf,1,1376,147.72
cdf_db,ebpf,1,1377,155.67
cdf_db,ebpf,1,1378,199.06
cdf_db,ebpf,1,1379,169.53
cdf_db,ebpf,1,1380,148.78
cdf_db,ebpf,1,1381,151.11
cdf_db,ebpf,1,1382,152.62
cdf_db,ebpf,1,1383,150.92
cdf_db,ebpf,1,1384,204.81
cdf_db,ebpf,1,1385,189.45
cdf_db,ebpf,1,1386,146.34
cdf_db,ebpf,1,1387,150.22
cdf_db,ebpf,1,1388,148.18
cdf_db,ebpf,1,1389,149.05
cdf_db,ebpf,1,1390,202.22
cdf_db,ebpf,1,1391,171.68
cdf_db,ebpf,1,1392,148.729
cdf_db,ebpf,1,1393,150.02
cdf_db,ebpf,1,1394,142.869
cdf_db,ebpf,1,1395,146.66
cdf_db,ebpf,1,1396,209.121
cdf_db,ebpf,1,1397,161.28
cdf_db,ebpf,1,1398,152.19
cdf_db,ebpf,1,1399,193.26
cdf_db,ebpf,1,1400,152.37
cdf_db,ebpf,1,1401,150.62
cdf_db,ebpf,1,1402,208.78
cdf_db,ebpf,1,1403,148.72
cdf_db,ebpf,1,1404,149.06
cdf_db,ebpf,1,1405,154.97
cdf_db,ebpf,1,1406,156.06
cdf_db,ebpf,1,1407,147.41
cdf_db,ebpf,1,1408,207.97
cdf_db,ebpf,1,1409,162.26
cdf_db,ebpf,1,1410,189.71
cdf_db,ebpf,1,1411,152.91
cdf_db,ebpf,1,1412,147.12
cdf_db,ebpf,1,1413,147.94
cdf_db,ebpf,1,1414,204.1
cdf_db,ebpf,1,1415,158.85
cdf_db,ebpf,1,1416,152.14
cdf_db,ebpf,1,1417,149.41
cdf_db,ebpf,1,1418,186.89
cdf_db,ebpf,1,1419,146.171
cdf_db,ebpf,1,1420,212.34
cdf_db,ebpf,1,1421,150.84
cdf_db,ebpf,1,1422,150.309
cdf_db,ebpf,1,1423,154.609
cdf_db,ebpf,1,1424,185.229
cdf_db,ebpf,1,1425,149.301
cdf_db,ebpf,1,1426,216.99
cdf_db,ebpf,1,1427,152.51
cdf_db,ebpf,1,1428,189.53
cdf_db,ebpf,1,1429,151.19
cdf_db,ebpf,1,1430,166.74
cdf_db,ebpf,1,1431,148.19
cdf_db,ebpf,1,1432,242.35
cdf_db,ebpf,1,1433,154.06
cdf_db,ebpf,1,1434,155.26
cdf_db,ebpf,1,1435,197.45
cdf_db,ebpf,1,1436,204.0
cdf_db,ebpf,1,1437,272.09
cdf_db,ebpf,1,1438,152.41
cdf_db,ebpf,1,1439,147.66
cdf_db,ebpf,1,1440,152.5
cdf_db,ebpf,1,1441,152.01
cdf_db,ebpf,1,1442,155.39
cdf_db,ebpf,1,1443,202.47
cdf_db,ebpf,1,1444,149.01
cdf_db,ebpf,1,1445,147.85
cdf_db,ebpf,1,1446,146.22
cdf_db,ebpf,1,1447,177.06
cdf_db,ebpf,1,1448,147.12
cdf_db,ebpf,1,1449,200.9
cdf_db,ebpf,1,1450,152.7
cdf_db,ebpf,1,1451,149.99
cdf_db,ebpf,1,1452,146.11
cdf_db,ebpf,1,1453,153.73
cdf_db,ebpf,1,1454,159.5
cdf_db,ebpf,1,1455,150.12
cdf_db,ebpf,1,1456,195.67
cdf_db,ebpf,1,1457,146.55
cdf_db,ebpf,1,1458,153.98
cdf_db,ebpf,1,1459,148.75
cdf_db,ebpf,1,1460,148.95
cdf_db,ebpf,1,1461,191.31
cdf_db,ebpf,1,1462,200.99
cdf_db,ebpf,1,1463,164.26
cdf_db,ebpf,1,1464,150.59
cdf_db,ebpf,1,1465,149.01
cdf_db,ebpf,1,1466,149.36
cdf_db,ebpf,1,1467,151.01
cdf_db,ebpf,1,1468,203.39
cdf_db,ebpf,1,1469,158.21
cdf_db,ebpf,1,1470,147.84
cdf_db,ebpf,1,1471,153.38
cdf_db,ebpf,1,1472,149.17
cdf_db,ebpf,1,1473,149.12
cdf_db,ebpf,1,1474,202.18
cdf_db,ebpf,1,1475,150.91
cdf_db,ebpf,1,1476,147.99
cdf_db,ebpf,1,1477,152.801
cdf_db,ebpf,1,1478,152.3
cdf_db,ebpf,1,1479,147.949
cdf_db,ebpf,1,1480,245.08
cdf_db,ebpf,1,1481,147.91
cdf_db,ebpf,1,1482,151.3
cdf_db,ebpf,1,1483,149.41
cdf_db,ebpf,1,1484,147.13
cdf_db,ebpf,1,1485,148.97
cdf_db,ebpf,1,1486,200.09
cdf_db,ebpf,1,1487,153.71
cdf_db,ebpf,1,1488,146.36
cdf_db,ebpf,1,1489,147.8
cdf_db,ebpf,1,1490,149.84
cdf_db,ebpf,1,1491,147.83
cdf_db,ebpf,1,1492,154.54
cdf_db,ebpf,1,1493,210.9
cdf_db,ebpf,1,1494,147.93
cdf_db,ebpf,1,1495,150.9
cdf_db,ebpf,1,1496,151.82
cdf_db,ebpf,1,1497,148.69
cdf_db,ebpf,1,1498,153.79
cdf_db,ebpf,1,1499,217.11
cdf_db,ebpf,1,1500,148.75
cdf_db,ebpf,1,1501,151.12
cdf_db,ebpf,1,1502,153.12
cdf_db,ebpf,1,1503,146.73
cdf_db,ebpf,1,1504,146.67
cdf_db,ebpf,1,1505,204.46
cdf_db,ebpf,1,1506,197.42
cdf_db,ebpf,1,1507,149.5
cdf_db,ebpf,1,1508,149.06
cdf_db,ebpf,1,1509,146.12
cdf_db,ebpf,1,1510,151.51
cdf_db,ebpf,1,1511,200.62
cdf_db,ebpf,1,1512,148.8
cdf_db,ebpf,1,1513,149.711
cdf_db,ebpf,1,1514,149.75
cdf_db,ebpf,1,1515,149.32
cdf_db,ebpf,1,1516,149.63
cdf_db,ebpf,1,1517,159.21
cdf_db,ebpf,1,1518,194.26
cdf_db,ebpf,1,1519,153.63
cdf_db,ebpf,1,1520,153.43
cdf_db,ebpf,1,1521,149.55
cdf_db,ebpf,1,1522,148.98
cdf_db,ebpf,1,1523,153.96
cdf_db,ebpf,1,1524,196.46
cdf_db,ebpf,1,1525,149.61
cdf_db,ebpf,1,1526,149.45
cdf_db,ebpf,1,1527,149.82
cdf_db,ebpf,1,1528,145.18
cdf_db,ebpf,1,1529,147.89
cdf_db,ebpf,1,1530,204.11
cdf_db,ebpf,1,1531,154.26
cdf_db,ebpf,1,1532,147.73
cdf_db,ebpf,1,1533,193.79
cdf_db,ebpf,1,1534,152.55
cdf_db,ebpf,1,1535,148.91
cdf_db,ebpf,1,1536,208.4
cdf_db,ebpf,1,1537,153.61
cdf_db,ebpf,1,1538,156.38
cdf_db,ebpf,1,1539,152.829
cdf_db,ebpf,1,1540,150.251
cdf_db,ebpf,1,1541,151.549
cdf_db,ebpf,1,1542,208.529
cdf_db,ebpf,1,1543,149.831
cdf_db,ebpf,1,1544,149.3
cdf_db,ebpf,1,1545,151.75
cdf_db,ebpf,1,1546,151.67
cdf_db,ebpf,1,1547,150.44
cdf_db,ebpf,1,1548,201.13
cdf_db,ebpf,1,1549,152.21
cdf_db,ebpf,1,1550,152.38
cdf_db,ebpf,1,1551,150.22
cdf_db,ebpf,1,1552,151.46
cdf_db,ebpf,1,1553,150.81
cdf_db,ebpf,1,1554,245.14
cdf_db,ebpf,1,1555,150.88
cdf_db,ebpf,1,1556,146.92
cdf_db,ebpf,1,1557,153.26
cdf_db,ebpf,1,1558,149.49
cdf_db,ebpf,1,1559,148.55
cdf_db,ebpf,1,1560,157.41
cdf_db,ebpf,1,1561,196.87
cdf_db,ebpf,1,1562,152.63
cdf_db,ebpf,1,1563,152.91
cdf_db,ebpf,1,1564,153.45
cdf_db,ebpf,1,1565,151.62
cdf_db,ebpf,1,1566,168.57
cdf_db,ebpf,1,1567,214.391
cdf_db,ebpf,1,1568,149.249
cdf_db,ebpf,1,1569,158.34
cdf_db,ebpf,1,1570,188.669
cdf_db,ebpf,1,1571,149.68
cdf_db,ebpf,1,1572,157.74
cdf_db,ebpf,1,1573,195.521
cdf_db,ebpf,1,1574,155.08
cdf_db,ebpf,1,1575,150.55
cdf_db,ebpf,1,1576,152.91
cdf_db,ebpf,1,1577,153.27
cdf_db,ebpf,1,1578,156.18
cdf_db,ebpf,1,1579,214.64
cdf_db,ebpf,1,1580,150.21
cdf_db,ebpf,1,1581,187.9
cdf_db,ebpf,1,1582,150.35
cdf_db,ebpf,1,1583,148.46
cdf_db,ebpf,1,1584,160.39
cdf_db,ebpf,1,1585,206.71
cdf_db,ebpf,1,1586,154.09
cdf_db,ebpf,1,1587,156.85
cdf_db,ebpf,1,1588,156.56
cdf_db,ebpf,1,1589,152.34
cdf_db,ebpf,1,1590,195.8
cdf_db,ebpf,1,1591,194.68
cdf_db,ebpf,1,1592,148.38
cdf_db,ebpf,1,1593,152.54
cdf_db,ebpf,1,1594,147.14
cdf_db,ebpf,1,1595,150.501
cdf_db,ebpf,1,1596,155.271
cdf_db,ebpf,1,1597,248.42
cdf_db,ebpf,1,1598,148.209
cdf_db,ebpf,1,1599,150.349
cdf_db,ebpf,1,1600,151.901
cdf_db,ebpf,1,1601,151.03
cdf_db,ebpf,1,1602,190.73
cdf_db,ebpf,1,1603,192.58
cdf_db,ebpf,1,1604,149.47
cdf_db,ebpf,1,1605,190.55
cdf_db,ebpf,1,1606,150.0
cdf_db,ebpf,1,1607,149.34
cdf_db,ebpf,1,1608,199.35
cdf_db,ebpf,1,1609,199.03
cdf_db,ebpf,1,1610,192.16
cdf_db,ebpf,1,1611,189.41
cdf_db,ebpf,1,1612,220.98
cdf_db,ebpf,1,1613,155.1
cdf_db,ebpf,1,1614,195.29
cdf_db,ebpf,1,1615,151.48
cdf_db,ebpf,1,1616,151.75
cdf_db,ebpf,1,1617,146.95
cdf_db,ebpf,1,1618,150.36
cdf_db,ebpf,1,1619,147.63
cdf_db,ebpf,1,1620,198.74
cdf_db,ebpf,1,1621,146.14
cdf_db,ebpf,1,1622,147.57
cdf_db,ebpf,1,1623,149.54
cdf_db,ebpf,1,1624,145.821
cdf_db,ebpf,1,1625,144.089
cdf_db,ebpf,1,1626,203.84
cdf_db,ebpf,1,1627,145.951
cdf_db,ebpf,1,1628,147.39
cdf_db,ebpf,1,1629,152.57
cdf_db,ebpf,1,1630,147.97
cdf_db,ebpf,1,1631,144.84
cdf_db,ebpf,1,1632,182.85
cdf_db,ebpf,1,1633,195.24
cdf_db,ebpf,1,1634,149.98
cdf_db,ebpf,1,1635,151.64
cdf_db,ebpf,1,1636,190.25
cdf_db,ebpf,1,1637,145.18
cdf_db,ebpf,1,1638,158.98
cdf_db,ebpf,1,1639,212.2
cdf_db,ebpf,1,1640,150.24
cdf_db,ebpf,1,1641,152.03
cdf_db,ebpf,1,1642,152.5
cdf_db,ebpf,1,1643,150.48
cdf_db,ebpf,1,1644,155.28
cdf_db,ebpf,1,1645,217.94
cdf_db,ebpf,1,1646,148.24
cdf_db,ebpf,1,1647,152.1
cdf_db,ebpf,1,1648,146.48
cdf_db,ebpf,1,1649,151.74
cdf_db,ebpf,1,1650,158.57
cdf_db,ebpf,1,1651,199.18
cdf_db,ebpf,1,1652,151.97
cdf_db,ebpf,1,1653,151.74
cdf_db,ebpf,1,1654,147.67
cdf_db,ebpf,1,1655,147.8
cdf_db,ebpf,1,1656,146.35
cdf_db,ebpf,1,1657,198.43
cdf_db,ebpf,1,1658,149.28
cdf_db,ebpf,1,1659,147.471
cdf_db,ebpf,1,1660,145.83
cdf_db,ebpf,1,1661,147.21
cdf_db,ebpf,1,1662,149.01
cdf_db,ebpf,1,1663,163.93
cdf_db,ebpf,1,1664,194.87
cdf_db,ebpf,1,1665,148.99
cdf_db,ebpf,1,1666,151.32
cdf_db,ebpf,1,1667,151.12
cdf_db,ebpf,1,1668,147.33
cdf_db,ebpf,1,1669,153.38
cdf_db,ebpf,1,1670,202.67
cdf_db,ebpf,1,1671,196.32
cdf_db,ebpf,1,1672,145.88
cdf_db,ebpf,1,1673,151.39
cdf_db,ebpf,1,1674,150.34
cdf_db,ebpf,1,1675,155.69
cdf_db,ebpf,1,1676,194.89
cdf_db,ebpf,1,1677,148.07
cdf_db,ebpf,1,1678,143.03
cdf_db,ebpf,1,1679,149.5
cdf_db,ebpf,1,1680,149.99
cdf_db,ebpf,1,1681,147.4
cdf_db,ebpf,1,1682,204.15
cdf_db,ebpf,1,1683,149.68
cdf_db,ebpf,1,1684,144.95
cdf_db,ebpf,1,1685,149.42
cdf_db,ebpf,1,1686,144.361
cdf_db,ebpf,1,1687,150.26
cdf_db,ebpf,1,1688,158.18
cdf_db,ebpf,1,1689,202.989
cdf_db,ebpf,1,1690,235.23
cdf_db,ebpf,1,1691,183.39
cdf_db,ebpf,1,1692,215.15
cdf_db,ebpf,1,1693,187.87
cdf_db,ebpf,1,1694,263.79
cdf_db,ebpf,1,1695,172.99
cdf_db,ebpf,1,1696,214.5
cdf_db,ebpf,1,1697,175.35
cdf_db,ebpf,1,1698,272.01
cdf_db,ebpf,1,1699,224.33
cdf_db,ebpf,1,1700,169.7
cdf_db,ebpf,1,1701,213.07
cdf_db,ebpf,1,1702,180.37
cdf_db,ebpf,1,1703,280.18
cdf_db,ebpf,1,1704,178.85
cdf_db,ebpf,1,1705,210.01
cdf_db,ebpf,1,1706,177.14
cdf_db,ebpf,1,1707,839.761
cdf_db,ebpf,1,1708,290.609
cdf_db,ebpf,1,1709,247.42
cdf_db,ebpf,1,1710,169.8
cdf_db,ebpf,1,1711,159.231
cdf_db,ebpf,1,1712,184.14
cdf_db,ebpf,1,1713,171.73
cdf_db,ebpf,1,1714,156.74
cdf_db,ebpf,1,1715,218.41
cdf_db,ebpf,1,1716,160.22
cdf_db,ebpf,1,1717,151.5
cdf_db,ebpf,1,1718,160.1
cdf_db,ebpf,1,1719,152.02
cdf_db,ebpf,1,1720,167.76
cdf_db,ebpf,1,1721,247.27
cdf_db,ebpf,1,1722,153.21
cdf_db,ebpf,1,1723,150.02
cdf_db,ebpf,1,1724,432.93
cdf_db,ebpf,1,1725,223.87
cdf_db,ebpf,1,1726,163.84
cdf_db,ebpf,1,1727,155.89
cdf_db,ebpf,1,1728,158.61
cdf_db,ebpf,1,1729,155.15
cdf_db,ebpf,1,1730,170.761
cdf_db,ebpf,1,1731,200.811
cdf_db,ebpf,1,1732,151.78
cdf_db,ebpf,1,1733,166.629
cdf_db,ebpf,1,1734,151.651
cdf_db,ebpf,1,1735,148.06
cdf_db,ebpf,1,1736,161.97
cdf_db,ebpf,1,1737,192.8
cdf_db,ebpf,1,1738,202.65
cdf_db,ebpf,1,1739,155.94
cdf_db,ebpf,1,1740,158.44
cdf_db,ebpf,1,1741,153.04
cdf_db,ebpf,1,1742,208.76
cdf_db,ebpf,1,1743,167.04
cdf_db,ebpf,1,1744,160.54
cdf_db,ebpf,1,1745,157.78
cdf_db,ebpf,1,1746,157.49
cdf_db,ebpf,1,1747,150.74
cdf_db,ebpf,1,1748,206.58
cdf_db,ebpf,1,1749,198.54
cdf_db,ebpf,1,1750,151.0
cdf_db,ebpf,1,1751,151.97
cdf_db,ebpf,1,1752,151.27
cdf_db,ebpf,1,1753,160.44
cdf_db,ebpf,1,1754,202.15
cdf_db,ebpf,1,1755,151.36
cdf_db,ebpf,1,1756,167.27
cdf_db,ebpf,1,1757,147.17
cdf_db,ebpf,1,1758,202.29
cdf_db,ebpf,1,1759,150.65
cdf_db,ebpf,1,1760,204.16
cdf_db,ebpf,1,1761,158.651
cdf_db,ebpf,1,1762,152.84
cdf_db,ebpf,1,1763,151.689
cdf_db,ebpf,1,1764,155.98
cdf_db,ebpf,1,1765,191.7
cdf_db,ebpf,1,1766,202.54
cdf_db,ebpf,1,1767,155.42
cdf_db,ebpf,1,1768,150.94
cdf_db,ebpf,1,1769,153.22
cdf_db,ebpf,1,1770,152.9
cdf_db,ebpf,1,1771,190.79
cdf_db,ebpf,1,1772,197.56
cdf_db,ebpf,1,1773,152.75
cdf_db,ebpf,1,1774,199.17
cdf_db,ebpf,1,1775,149.68
cdf_db,ebpf,1,1776,193.32
cdf_db,ebpf,1,1777,168.4
cdf_db,ebpf,1,1778,197.5
cdf_db,ebpf,1,1779,190.45
cdf_db,ebpf,1,1780,200.39
cdf_db,ebpf,1,1781,220.99
cdf_db,ebpf,1,1782,168.86
cdf_db,ebpf,1,1783,207.14
cdf_db,ebpf,1,1784,164.37
cdf_db,ebpf,1,1785,153.36
cdf_db,ebpf,1,1786,155.93
cdf_db,ebpf,1,1787,153.01
cdf_db,ebpf,1,1788,152.79
cdf_db,ebpf,1,1789,229.271
cdf_db,ebpf,1,1790,152.36
cdf_db,ebpf,1,1791,154.011
cdf_db,ebpf,1,1792,153.931
cdf_db,ebpf,1,1793,148.05
cdf_db,ebpf,1,1794,153.21
cdf_db,ebpf,1,1795,200.98
cdf_db,ebpf,1,1796,150.55
cdf_db,ebpf,1,1797,145.9
cdf_db,ebpf,1,1798,156.11
cdf_db,ebpf,1,1799,145.95
cdf_db,ebpf,1,1800,152.87
cdf_db,ebpf,1,1801,206.01
cdf_db,ebpf,1,1802,158.04
cdf_db,ebpf,1,1803,154.55
cdf_db,ebpf,1,1804,156.62
cdf_db,ebpf,1,1805,148.37
cdf_db,ebpf,1,1806,147.25
cdf_db,ebpf,1,1807,211.77
cdf_db,ebpf,1,1808,155.84
cdf_db,ebpf,1,1809,148.59
cdf_db,ebpf,1,1810,153.83
cdf_db,ebpf,1,1811,145.66
cdf_db,ebpf,1,1812,149.81
cdf_db,ebpf,1,1813,209.45
cdf_db,ebpf,1,1814,150.23
cdf_db,ebpf,1,1815,152.58
cdf_db,ebpf,1,1816,156.05
cdf_db,ebpf,1,1817,170.26
cdf_db,ebpf,1,1818,149.19
cdf_db,ebpf,1,1819,208.61
cdf_db,ebpf,1,1820,152.32
cdf_db,ebpf,1,1821,147.731
cdf_db,ebpf,1,1822,156.08
cdf_db,ebpf,1,1823,147.31
cdf_db,ebpf,1,1824,146.0
cdf_db,ebpf,1,1825,162.92
cdf_db,ebpf,1,1826,193.32
cdf_db,ebpf,1,1827,149.7
cdf_db,ebpf,1,1828,156.68
cdf_db,ebpf,1,1829,194.9
cdf_db,ebpf,1,1830,148.25
cdf_db,ebpf,1,1831,168.12
cdf_db,ebpf,1,1832,197.53
cdf_db,ebpf,1,1833,153.2
cdf_db,ebpf,1,1834,156.3
cdf_db,ebpf,1,1835,149.97
cdf_db,ebpf,1,1836,147.1
cdf_db,ebpf,1,1837,162.82
cdf_db,ebpf,1,1838,196.44
cdf_db,ebpf,1,1839,148.44
cdf_db,ebpf,1,1840,151.97
cdf_db,ebpf,1,1841,154.7
cdf_db,ebpf,1,1842,143.65
cdf_db,ebpf,1,1843,154.23
cdf_db,ebpf,1,1844,201.67
cdf_db,ebpf,1,1845,150.79
cdf_db,ebpf,1,1846,144.43
cdf_db,ebpf,1,1847,156.99
cdf_db,ebpf,1,1848,142.22
cdf_db,ebpf,1,1849,149.249
cdf_db,ebpf,1,1850,222.191
cdf_db,ebpf,1,1851,148.6
cdf_db,ebpf,1,1852,147.549
cdf_db,ebpf,1,1853,157.04
cdf_db,ebpf,1,1854,143.62
cdf_db,ebpf,1,1855,146.89
cdf_db,ebpf,1,1856,208.3
cdf_db,ebpf,1,1857,159.41
cdf_db,ebpf,1,1858,145.15
cdf_db,ebpf,1,1859,154.97
cdf_db,ebpf,1,1860,184.66
cdf_db,ebpf,1,1861,148.53
cdf_db,ebpf,1,1862,229.24
cdf_db,ebpf,1,1863,150.78
cdf_db,ebpf,1,1864,146.98
cdf_db,ebpf,1,1865,156.92
cdf_db,ebpf,1,1866,143.82
cdf_db,ebpf,1,1867,153.15
cdf_db,ebpf,1,1868,167.47
cdf_db,ebpf,1,1869,197.94
cdf_db,ebpf,1,1870,146.54
cdf_db,ebpf,1,1871,161.91
cdf_db,ebpf,1,1872,149.13
cdf_db,ebpf,1,1873,148.43
cdf_db,ebpf,1,1874,150.21
cdf_db,ebpf,1,1875,201.96
cdf_db,ebpf,1,1876,154.28
cdf_db,ebpf,1,1877,150.949
cdf_db,ebpf,1,1878,155.58
cdf_db,ebpf,1,1879,151.589
cdf_db,ebpf,1,1880,152.589
cdf_db,ebpf,1,1881,200.129
cdf_db,ebpf,1,1882,145.941
cdf_db,ebpf,1,1883,184.77
cdf_db,ebpf,1,1884,156.12
cdf_db,ebpf,1,1885,149.56
cdf_db,ebpf,1,1886,146.16
cdf_db,ebpf,1,1887,212.53
cdf_db,ebpf,1,1888,147.01
cdf_db,ebpf,1,1889,154.93
cdf_db,ebpf,1,1890,155.25
cdf_db,ebpf,1,1891,146.43
cdf_db,ebpf,1,1892,145.43
cdf_db,ebpf,1,1893,207.17
cdf_db,ebpf,1,1894,146.11
cdf_db,ebpf,1,1895,151.26
cdf_db,ebpf,1,1896,154.61
cdf_db,ebpf,1,1897,144.17
cdf_db,ebpf,1,1898,146.49
cdf_db,ebpf,1,1899,250.77
cdf_db,ebpf,1,1900,147.52
cdf_db,ebpf,1,1901,151.77
cdf_db,ebpf,1,1902,158.44
cdf_db,ebpf,1,1903,149.21
cdf_db,ebpf,1,1904,148.42
cdf_db,ebpf,1,1905,218.16
cdf_db,ebpf,1,1906,149.48
cdf_db,ebpf,1,1907,150.76
cdf_db,ebpf,1,1908,154.9
cdf_db,ebpf,1,1909,147.529
cdf_db,ebpf,1,1910,145.531
cdf_db,ebpf,1,1911,158.451
cdf_db,ebpf,1,1912,229.97
cdf_db,ebpf,1,1913,151.48
cdf_db,ebpf,1,1914,157.52
cdf_db,ebpf,1,1915,150.03
cdf_db,ebpf,1,1916,147.59
cdf_db,ebpf,1,1917,175.85
cdf_db,ebpf,1,1918,197.26
cdf_db,ebpf,1,1919,147.43
cdf_db,ebpf,1,1920,157.67
cdf_db,ebpf,1,1921,184.07
cdf_db,ebpf,1,1922,146.84
cdf_db,ebpf,1,1923,157.16
cdf_db,ebpf,1,1924,192.01
cdf_db,ebpf,1,1925,144.7
cdf_db,ebpf,1,1926,157.28
cdf_db,ebpf,1,1927,147.94
cdf_db,ebpf,1,1928,190.07
cdf_db,ebpf,1,1929,155.5
cdf_db,ebpf,1,1930,202.69
cdf_db,ebpf,1,1931,159.69
cdf_db,ebpf,1,1932,161.36
cdf_db,ebpf,1,1933,161.73
cdf_db,ebpf,1,1934,188.11
cdf_db,ebpf,1,1935,227.93
cdf_db,ebpf,1,1936,153.19
cdf_db,ebpf,1,1937,151.431
cdf_db,ebpf,1,1938,204.871
cdf_db,ebpf,1,1939,144.861
cdf_db,ebpf,1,1940,150.0
cdf_db,ebpf,1,1941,258.97
cdf_db,ebpf,1,1942,151.59
cdf_db,ebpf,1,1943,190.02
cdf_db,ebpf,1,1944,200.95
cdf_db,ebpf,1,1945,217.5
cdf_db,ebpf,1,1946,201.74
cdf_db,ebpf,1,1947,156.62
cdf_db,ebpf,1,1948,149.54
cdf_db,ebpf,1,1949,150.3
cdf_db,ebpf,1,1950,157.74
cdf_db,ebpf,1,1951,153.09
cdf_db,ebpf,1,1952,200.3
cdf_db,ebpf,1,1953,157.64
cdf_db,ebpf,1,1954,145.96
cdf_db,ebpf,1,1955,151.01
cdf_db,ebpf,1,1956,153.93
cdf_db,ebpf,1,1957,147.27
cdf_db,ebpf,1,1958,157.44
cdf_db,ebpf,1,1959,197.16
cdf_db,ebpf,1,1960,144.01
cdf_db,ebpf,1,1961,153.86
cdf_db,ebpf,1,1962,155.15
cdf_db,ebpf,1,1963,145.3
cdf_db,ebpf,1,1964,150.29
cdf_db,ebpf,1,1965,199.531
cdf_db,ebpf,1,1966,151.631
cdf_db,ebpf,1,1967,149.911
cdf_db,ebpf,1,1968,157.011
cdf_db,ebpf,1,1969,145.4
cdf_db,ebpf,1,1970,148.25
cdf_db,ebpf,1,1971,197.25
cdf_db,ebpf,1,1972,157.94
cdf_db,ebpf,1,1973,147.26
cdf_db,ebpf,1,1974,152.63
cdf_db,ebpf,1,1975,155.55
cdf_db,ebpf,1,1976,146.29
cdf_db,ebpf,1,1977,201.26
cdf_db,ebpf,1,1978,154.69
cdf_db,ebpf,1,1979,146.41
cdf_db,ebpf,1,1980,148.85
cdf_db,ebpf,1,1981,152.39
cdf_db,ebpf,1,1982,146.27
cdf_db,ebpf,1,1983,161.4
cdf_db,ebpf,1,1984,206.81
cdf_db,ebpf,1,1985,150.21
cdf_db,ebpf,1,1986,152.41
cdf_db,ebpf,1,1987,156.87
cdf_db,ebpf,1,1988,148.1
cdf_db,ebpf,1,1989,148.67
cdf_db,ebpf,1,1990,201.34
cdf_db,ebpf,1,1991,147.49
cdf_db,ebpf,1,1992,153.19
cdf_db,ebpf,1,1993,200.83
cdf_db,ebpf,1,1994,147.631
cdf_db,ebpf,1,1995,150.56
cdf_db,ebpf,1,1996,198.26
cdf_db,ebpf,1,1997,154.229
cdf_db,ebpf,1,1998,157.62
cdf_db,ebpf,1,1999,151.909
cdf_db,ebpf,1,2000,146.28
cdf_db,ebpf,1,2001,155.62
cdf_db,ebpf,1,2002,225.48
cdf_db,ebpf,1,2003,161.27
cdf_db,ebpf,1,2004,157.19
cdf_db,ebpf,1,2005,149.16
cdf_db,ebpf,1,2006,148.19
cdf_db,ebpf,1,2007,154.19
cdf_db,ebpf,1,2008,218.66
cdf_db,ebpf,1,2009,150.37
cdf_db,ebpf,1,2010,152.93
cdf_db,ebpf,1,2011,149.94
cdf_db,ebpf,1,2012,146.08
cdf_db,ebpf,1,2013,153.36
cdf_db,ebpf,1,2014,213.41
cdf_db,ebpf,1,2015,153.3
cdf_db,ebpf,1,2016,147.51
cdf_db,ebpf,1,2017,155.39
cdf_db,ebpf,1,2018,146.17
cdf_db,ebpf,1,2019,152.1
cdf_db,ebpf,1,2020,209.22
cdf_db,ebpf,1,2021,150.7
cdf_db,ebpf,1,2022,148.46
cdf_db,ebpf,1,2023,201.6
cdf_db,ebpf,1,2024,147.64
cdf_db,ebpf,1,2025,154.029
cdf_db,ebpf,1,2026,205.131
cdf_db,ebpf,1,2027,150.429
cdf_db,ebpf,1,2028,148.58
cdf_db,ebpf,1,2029,163.5
cdf_db,ebpf,1,2030,149.95
cdf_db,ebpf,1,2031,149.86
cdf_db,ebpf,1,2032,214.79
cdf_db,ebpf,1,2033,152.28
cdf_db,ebpf,1,2034,154.6
cdf_db,ebpf,1,2035,148.66
cdf_db,ebpf,1,2036,158.76
cdf_db,ebpf,1,2037,148.89
cdf_db,ebpf,1,2038,148.26
cdf_db,ebpf,1,2039,201.0
cdf_db,ebpf,1,2040,149.74
cdf_db,ebpf,1,2041,151.06
cdf_db,ebpf,1,2042,155.4
cdf_db,ebpf,1,2043,151.41
cdf_db,ebpf,1,2044,154.98
cdf_db,ebpf,1,2045,203.85
cdf_db,ebpf,1,2046,190.0
cdf_db,ebpf,1,2047,147.21
cdf_db,ebpf,1,2048,153.2
cdf_db,ebpf,1,2049,159.07
cdf_db,ebpf,1,2050,149.95
cdf_db,ebpf,1,2051,206.41
cdf_db,ebpf,1,2052,156.76
cdf_db,ebpf,1,2053,154.13
cdf_db,ebpf,1,2054,151.491
cdf_db,ebpf,1,2055,161.24
cdf_db,ebpf,1,2056,149.24
cdf_db,ebpf,1,2057,199.17
cdf_db,ebpf,1,2058,155.66
cdf_db,ebpf,1,2059,153.67
cdf_db,ebpf,1,2060,149.77
cdf_db,ebpf,1,2061,156.72
cdf_db,ebpf,1,2062,146.23
cdf_db,ebpf,1,2063,244.7
cdf_db,ebpf,1,2064,158.72
cdf_db,ebpf,1,2065,153.2
cdf_db,ebpf,1,2066,152.63
cdf_db,ebpf,1,2067,158.29
cdf_db,ebpf,1,2068,144.5
cdf_db,ebpf,1,2069,206.17
cdf_db,ebpf,1,2070,157.94
cdf_db,ebpf,1,2071,152.22
cdf_db,ebpf,1,2072,157.33
cdf_db,ebpf,1,2073,150.59
cdf_db,ebpf,1,2074,153.59
cdf_db,ebpf,1,2075,221.66
cdf_db,ebpf,1,2076,198.16
cdf_db,ebpf,1,2077,151.09
cdf_db,ebpf,1,2078,157.51
cdf_db,ebpf,1,2079,153.12
cdf_db,ebpf,1,2080,153.67
cdf_db,ebpf,1,2081,352.45
cdf_db,ebpf,1,2082,148.03
cdf_db,ebpf,1,2083,156.511
cdf_db,ebpf,1,2084,159.38
cdf_db,ebpf,1,2085,190.73
cdf_db,ebpf,1,2086,199.55
cdf_db,ebpf,1,2087,157.84
cdf_db,ebpf,1,2088,147.15
cdf_db,ebpf,1,2089,151.41
cdf_db,ebpf,1,2090,147.47
cdf_db,ebpf,1,2091,158.88
cdf_db,ebpf,1,2092,236.62
cdf_db,ebpf,1,2093,151.28
cdf_db,ebpf,1,2094,158.57
cdf_db,ebpf,1,2095,148.0
cdf_db,ebpf,1,2096,145.75
cdf_db,ebpf,1,2097,156.07
cdf_db,ebpf,1,2098,261.28
cdf_db,ebpf,1,2099,150.82
cdf_db,ebpf,1,2100,157.09
cdf_db,ebpf,1,2101,150.3
cdf_db,ebpf,1,2102,181.91
cdf_db,ebpf,1,2103,162.78
cdf_db,ebpf,1,2104,197.74
cdf_db,ebpf,1,2105,187.72
cdf_db,ebpf,1,2106,155.92
cdf_db,ebpf,1,2107,179.44
cdf_db,ebpf,1,2108,149.57
cdf_db,ebpf,1,2109,262.24
cdf_db,ebpf,1,2110,148.911
cdf_db,ebpf,1,2111,158.4
cdf_db,ebpf,1,2112,151.86
cdf_db,ebpf,1,2113,146.77
cdf_db,ebpf,1,2114,156.06
cdf_db,ebpf,1,2115,222.09
cdf_db,ebpf,1,2116,154.73
cdf_db,ebpf,1,2117,156.53
cdf_db,ebpf,1,2118,149.58
cdf_db,ebpf,1,2119,147.17
cdf_db,ebpf,1,2120,155.78
cdf_db,ebpf,1,2121,202.2
cdf_db,ebpf,1,2122,151.0
cdf_db,ebpf,1,2123,150.21
cdf_db,ebpf,1,2124,155.49
cdf_db,ebpf,1,2125,143.02
cdf_db,ebpf,1,2126,147.01
cdf_db,ebpf,1,2127,157.1
cdf_db,ebpf,1,2128,192.78
cdf_db,ebpf,1,2129,149.47
cdf_db,ebpf,1,2130,160.69
cdf_db,ebpf,1,2131,151.98
cdf_db,ebpf,1,2132,152.21
cdf_db,ebpf,1,2133,201.37
cdf_db,ebpf,1,2134,195.2
cdf_db,ebpf,1,2135,150.02
cdf_db,ebpf,1,2136,158.1
cdf_db,ebpf,1,2137,148.61
cdf_db,ebpf,1,2138,152.13
cdf_db,ebpf,1,2139,159.21
cdf_db,ebpf,1,2140,196.07
cdf_db,ebpf,1,2141,148.091
cdf_db,ebpf,1,2142,154.12
cdf_db,ebpf,1,2143,148.909
cdf_db,ebpf,1,2144,155.7
cdf_db,ebpf,1,2145,166.071
cdf_db,ebpf,1,2146,201.73
cdf_db,ebpf,1,2147,147.88
cdf_db,ebpf,1,2148,154.04
cdf_db,ebpf,1,2149,161.46
cdf_db,ebpf,1,2150,147.95
cdf_db,ebpf,1,2151,205.11
cdf_db,ebpf,1,2152,215.21
cdf_db,ebpf,1,2153,155.59
cdf_db,ebpf,1,2154,153.08
cdf_db,ebpf,1,2155,150.03
cdf_db,ebpf,1,2156,154.57
cdf_db,ebpf,1,2157,155.21
cdf_db,ebpf,1,2158,203.19
cdf_db,ebpf,1,2159,156.52
cdf_db,ebpf,1,2160,148.49
cdf_db,ebpf,1,2161,148.67
cdf_db,ebpf,1,2162,154.95
cdf_db,ebpf,1,2163,147.53
cdf_db,ebpf,1,2164,201.65
cdf_db,ebpf,1,2165,530.95
cdf_db,ebpf,1,2166,174.871
cdf_db,ebpf,1,2167,161.689
cdf_db,ebpf,1,2168,210.12
cdf_db,ebpf,1,2169,150.531
cdf_db,ebpf,1,2170,154.36
cdf_db,ebpf,1,2171,158.991
cdf_db,ebpf,1,2172,148.02
cdf_db,ebpf,1,2173,156.06
cdf_db,ebpf,1,2174,251.37
cdf_db,ebpf,1,2175,147.38
cdf_db,ebpf,1,2176,149.27
cdf_db,ebpf,1,2177,155.59
cdf_db,ebpf,1,2178,146.1
cdf_db,ebpf,1,2179,144.25
cdf_db,ebpf,1,2180,208.77
cdf_db,ebpf,1,2181,146.62
cdf_db,ebpf,1,2182,188.78
cdf_db,ebpf,1,2183,149.74
cdf_db,ebpf,1,2184,157.43
cdf_db,ebpf,1,2185,154.27
cdf_db,ebpf,1,2186,198.47
cdf_db,ebpf,1,2187,178.74
cdf_db,ebpf,1,2188,188.02
cdf_db,ebpf,1,2189,149.26
cdf_db,ebpf,1,2190,160.69
cdf_db,ebpf,1,2191,151.02
cdf_db,ebpf,1,2192,198.43
cdf_db,ebpf,1,2193,208.85
cdf_db,ebpf,1,2194,151.42
cdf_db,ebpf,1,2195,154.711
cdf_db,ebpf,1,2196,200.009
cdf_db,ebpf,1,2197,205.611
cdf_db,ebpf,1,2198,151.04
cdf_db,ebpf,1,2199,199.74
cdf_db,ebpf,1,2200,147.88
cdf_db,ebpf,1,2201,182.96
cdf_db,ebpf,1,2202,287.9
cdf_db,ebpf,1,2203,154.68
cdf_db,ebpf,1,2204,155.55
cdf_db,ebpf,1,2205,158.33
cdf_db,ebpf,1,2206,147.22
cdf_db,ebpf,1,2207,141.47
cdf_db,ebpf,1,2208,163.66
cdf_db,ebpf,1,2209,190.54
cdf_db,ebpf,1,2210,149.28
cdf_db,ebpf,1,2211,153.01
cdf_db,ebpf,1,2212,146.46
cdf_db,ebpf,1,2213,142.05
cdf_db,ebpf,1,2214,157.79
cdf_db,ebpf,1,2215,198.69
cdf_db,ebpf,1,2216,868.04
cdf_db,ebpf,1,2217,437.701
cdf_db,ebpf,1,2218,224.3
cdf_db,ebpf,1,2219,177.38
cdf_db,ebpf,1,2220,224.88
cdf_db,ebpf,1,2221,212.45
cdf_db,ebpf,1,2222,197.07
cdf_db,ebpf,1,2223,162.31
cdf_db,ebpf,1,2224,159.47
cdf_db,ebpf,1,2225,169.82
cdf_db,ebpf,1,2226,283.62
cdf_db,ebpf,1,2227,227.54
cdf_db,ebpf,1,2228,179.39
cdf_db,ebpf,1,2229,216.06
cdf_db,ebpf,1,2230,235.16
cdf_db,ebpf,1,2231,216.1
cdf_db,ebpf,1,2232,175.71
cdf_db,ebpf,1,2233,213.5
cdf_db,ebpf,1,2234,199.45
cdf_db,ebpf,1,2235,269.26
cdf_db,ebpf,1,2236,182.24
cdf_db,ebpf,1,2237,212.52
cdf_db,ebpf,1,2238,174.86
cdf_db,ebpf,1,2239,222.82
cdf_db,ebpf,1,2240,216.21
cdf_db,ebpf,1,2241,210.49
cdf_db,ebpf,1,2242,176.72
cdf_db,ebpf,1,2243,211.421
cdf_db,ebpf,1,2244,265.531
cdf_db,ebpf,1,2245,210.149
cdf_db,ebpf,1,2246,171.58
cdf_db,ebpf,1,2247,210.54
cdf_db,ebpf,1,2248,173.68
cdf_db,ebpf,1,2249,265.55
cdf_db,ebpf,1,2250,178.26
cdf_db,ebpf,1,2251,215.25
cdf_db,ebpf,1,2252,210.91
cdf_db,ebpf,1,2253,220.23
cdf_db,ebpf,1,2254,223.46
cdf_db,ebpf,1,2255,210.93
cdf_db,ebpf,1,2256,176.49
cdf_db,ebpf,1,2257,222.39
cdf_db,ebpf,1,2258,274.45
cdf_db,ebpf,1,2259,214.73
cdf_db,ebpf,1,2260,174.42
cdf_db,ebpf,1,2261,166.45
cdf_db,ebpf,1,2262,210.92
cdf_db,ebpf,1,2263,228.3
cdf_db,ebpf,1,2264,213.2
cdf_db,ebpf,1,2265,174.851
cdf_db,ebpf,1,2266,210.551
cdf_db,ebpf,1,2267,172.84
cdf_db,ebpf,1,2268,311.871
cdf_db,ebpf,1,2269,175.79
cdf_db,ebpf,1,2270,211.36
cdf_db,ebpf,1,2271,169.29
cdf_db,ebpf,1,2272,221.78
cdf_db,ebpf,1,2273,224.27
cdf_db,ebpf,1,2274,213.92
cdf_db,ebpf,1,2275,168.08
cdf_db,ebpf,1,2276,208.24
cdf_db,ebpf,1,2277,187.74
cdf_db,ebpf,1,2278,253.34
cdf_db,ebpf,1,2279,170.88
cdf_db,ebpf,1,2280,220.01
cdf_db,ebpf,1,2281,173.48
cdf_db,ebpf,1,2282,264.27
cdf_db,ebpf,1,2283,218.82
cdf_db,ebpf,1,2284,214.78
cdf_db,ebpf,1,2285,173.67
cdf_db,ebpf,1,2286,216.05
cdf_db,ebpf,1,2287,231.711
cdf_db,ebpf,1,2288,219.049
cdf_db,ebpf,1,2289,173.189
cdf_db,ebpf,1,2290,207.711
cdf_db,ebpf,1,2291,171.191
cdf_db,ebpf,1,2292,262.231
cdf_db,ebpf,1,2293,173.76
cdf_db,ebpf,1,2294,219.53
cdf_db,ebpf,1,2295,177.41
cdf_db,ebpf,1,2296,229.09
cdf_db,ebpf,1,2297,233.13
cdf_db,ebpf,1,2298,206.51
cdf_db,ebpf,1,2299,173.94
cdf_db,ebpf,1,2300,206.01
cdf_db,ebpf,1,2301,176.82
cdf_db,ebpf,1,2302,251.68
cdf_db,ebpf,1,2303,168.61
cdf_db,ebpf,1,2304,210.64
cdf_db,ebpf,1,2305,168.37
cdf_db,ebpf,1,2306,212.81
cdf_db,ebpf,1,2307,211.65
cdf_db,ebpf,1,2308,251.02
cdf_db,ebpf,1,2309,172.3
cdf_db,ebpf,1,2310,213.21
cdf_db,ebpf,1,2311,174.02
cdf_db,ebpf,1,2312,259.26
cdf_db,ebpf,1,2313,180.569
cdf_db,ebpf,1,2314,208.291
cdf_db,ebpf,1,2315,169.81
cdf_db,ebpf,1,2316,217.23
cdf_db,ebpf,1,2317,224.35
cdf_db,ebpf,1,2318,209.58
cdf_db,ebpf,1,2319,169.38
cdf_db,ebpf,1,2320,212.68
cdf_db,ebpf,1,2321,230.17
cdf_db,ebpf,1,2322,162.46
cdf_db,ebpf,1,2323,206.21
cdf_db,ebpf,1,2324,169.13
cdf_db,ebpf,1,2325,207.62
cdf_db,ebpf,1,2326,221.52
cdf_db,ebpf,1,2327,206.5
cdf_db,ebpf,1,2328,209.93
cdf_db,ebpf,1,2329,207.91
cdf_db,ebpf,1,2330,170.96
cdf_db,ebpf,1,2331,261.55
cdf_db,ebpf,1,2332,173.47
cdf_db,ebpf,1,2333,208.44
cdf_db,ebpf,1,2334,170.321
cdf_db,ebpf,1,2335,210.509
cdf_db,ebpf,1,2336,226.0
cdf_db,ebpf,1,2337,214.17
cdf_db,ebpf,1,2338,169.3
cdf_db,ebpf,1,2339,206.39
cdf_db,ebpf,1,2340,172.42
cdf_db,ebpf,1,2341,263.44
cdf_db,ebpf,1,2342,171.94
cdf_db,ebpf,1,2343,246.8
cdf_db,ebpf,1,2344,170.43
cdf_db,ebpf,1,2345,213.76
cdf_db,ebpf,1,2346,212.78
cdf_db,ebpf,1,2347,206.55
cdf_db,ebpf,1,2348,170.65
cdf_db,ebpf,1,2349,209.65
cdf_db,ebpf,1,2350,174.4
cdf_db,ebpf,1,2351,254.32
cdf_db,ebpf,1,2352,173.36
cdf_db,ebpf,1,2353,207.71
cdf_db,ebpf,1,2354,206.32
cdf_db,ebpf,1,2355,215.99
cdf_db,ebpf,1,2356,216.18
cdf_db,ebpf,1,2357,208.06
cdf_db,ebpf,1,2358,169.93
cdf_db,ebpf,1,2359,208.0
cdf_db,ebpf,1,2360,180.86
cdf_db,ebpf,1,2361,249.36
cdf_db,ebpf,1,2362,203.18
cdf_db,ebpf,1,2363,206.11
cdf_db,ebpf,1,2364,170.89
cdf_db,ebpf,1,2365,217.61
cdf_db,ebpf,1,2366,211.66
cdf_db,ebpf,1,2367,221.9
cdf_db,ebpf,1,2368,206.39
cdf_db,ebpf,1,2369,209.41
cdf_db,ebpf,1,2370,232.65
cdf_db,ebpf,1,2371,207.56
cdf_db,ebpf,1,2372,198.66
cdf_db,ebpf,1,2373,241.4
cdf_db,ebpf,1,2374,176.08
cdf_db,ebpf,1,2375,259.6
cdf_db,ebpf,1,2376,170.94
cdf_db,ebpf,1,2377,245.78
cdf_db,ebpf,1,2378,167.03
cdf_db,ebpf,1,2379,210.15
cdf_db,ebpf,1,2380,260.66
cdf_db,ebpf,1,2381,247.53
cdf_db,ebpf,1,2382,237.361
cdf_db,ebpf,1,2383,221.22
cdf_db,ebpf,1,2384,228.78
cdf_db,ebpf,1,2385,209.33
cdf_db,ebpf,1,2386,178.53
cdf_db,ebpf,1,2387,209.46
cdf_db,ebpf,1,2388,173.71
cdf_db,ebpf,1,2389,250.93
cdf_db,ebpf,1,2390,167.29
cdf_db,ebpf,1,2391,207.47
cdf_db,ebpf,1,2392,169.71
cdf_db,ebpf,1,2393,215.06
cdf_db,ebpf,1,2394,222.87
cdf_db,ebpf,1,2395,206.78
cdf_db,ebpf,1,2396,168.17
cdf_db,ebpf,1,2397,207.44
cdf_db,ebpf,1,2398,174.3
cdf_db,ebpf,1,2399,252.16
cdf_db,ebpf,1,2400,174.23
cdf_db,ebpf,1,2401,205.73
cdf_db,ebpf,1,2402,169.6
cdf_db,ebpf,1,2403,215.63
cdf_db,ebpf,1,2404,219.75
cdf_db,ebpf,1,2405,207.6
cdf_db,ebpf,1,2406,170.971
cdf_db,ebpf,1,2407,246.949
cdf_db,ebpf,1,2408,223.75
cdf_db,ebpf,1,2409,207.12
cdf_db,ebpf,1,2410,169.78
cdf_db,ebpf,1,2411,205.53
cdf_db,ebpf,1,2412,168.65
cdf_db,ebpf,1,2413,258.62
cdf_db,ebpf,1,2414,168.92
cdf_db,ebpf,1,2415,205.93
cdf_db,ebpf,1,2416,170.55
cdf_db,ebpf,1,2417,206.39
cdf_db,ebpf,1,2418,219.94
cdf_db,ebpf,1,2419,207.91
cdf_db,ebpf,1,2420,170.88
cdf_db,ebpf,1,2421,208.4
cdf_db,ebpf,1,2422,168.87
cdf_db,ebpf,1,2423,260.61
cdf_db,ebpf,1,2424,170.38
cdf_db,ebpf,1,2425,211.79
cdf_db,ebpf,1,2426,168.73
cdf_db,ebpf,1,2427,210.491
cdf_db,ebpf,1,2428,225.98
cdf_db,ebpf,1,2429,208.671
cdf_db,ebpf,1,2430,171.171
cdf_db,ebpf,1,2431,207.28
cdf_db,ebpf,1,2432,169.76
cdf_db,ebpf,1,2433,262.88
cdf_db,ebpf,1,2434,167.5
cdf_db,ebpf,1,2435,209.06
cdf_db,ebpf,1,2436,166.74
cdf_db,ebpf,1,2437,205.28
cdf_db,ebpf,1,2438,223.77
cdf_db,ebpf,1,2439,211.14
cdf_db,ebpf,1,2440,179.89
cdf_db,ebpf,1,2441,209.92
cdf_db,ebpf,1,2442,171.3
cdf_db,ebpf,1,2443,277.67
cdf_db,ebpf,1,2444,179.43
cdf_db,ebpf,1,2445,205.98
cdf_db,ebpf,1,2446,172.95
cdf_db,ebpf,1,2447,206.74
cdf_db,ebpf,1,2448,224.64
cdf_db,ebpf,1,2449,207.32
cdf_db,ebpf,1,2450,171.73
cdf_db,ebpf,1,2451,209.03
cdf_db,ebpf,1,2452,171.46
cdf_db,ebpf,1,2453,261.58
cdf_db,ebpf,1,2454,207.231
cdf_db,ebpf,1,2455,210.031
cdf_db,ebpf,1,2456,168.83
cdf_db,ebpf,1,2457,212.12
cdf_db,ebpf,1,2458,219.95
cdf_db,ebpf,1,2459,210.83
cdf_db,ebpf,1,2460,167.84
cdf_db,ebpf,1,2461,207.19
cdf_db,ebpf,1,2462,177.15
cdf_db,ebpf,1,2463,262.97
cdf_db,ebpf,1,2464,172.24
cdf_db,ebpf,1,2465,207.95
cdf_db,ebpf,1,2466,169.98
cdf_db,ebpf,1,2467,213.24
cdf_db,ebpf,1,2468,216.08
cdf_db,ebpf,1,2469,207.32
cdf_db,ebpf,1,2470,171.19
cdf_db,ebpf,1,2471,209.14
cdf_db,ebpf,1,2472,171.42
cdf_db,ebpf,1,2473,254.48
cdf_db,ebpf,1,2474,168.82
cdf_db,ebpf,1,2475,208.17
cdf_db,ebpf,1,2476,167.83
cdf_db,ebpf,1,2477,218.35
cdf_db,ebpf,1,2478,218.571
cdf_db,ebpf,1,2479,209.78
cdf_db,ebpf,1,2480,201.9
cdf_db,ebpf,1,2481,204.63
cdf_db,ebpf,1,2482,178.62
cdf_db,ebpf,1,2483,253.35
cdf_db,ebpf,1,2484,167.99
cdf_db,ebpf,1,2485,206.62
cdf_db,ebpf,1,2486,171.53
cdf_db,ebpf,1,2487,218.12
cdf_db,ebpf,1,2488,213.16
cdf_db,ebpf,1,2489,208.37
cdf_db,ebpf,1,2490,170.9
cdf_db,ebpf,1,2491,209.74
cdf_db,ebpf,1,2492,222.52
cdf_db,ebpf,1,2493,208.39
cdf_db,ebpf,1,2494,173.44
cdf_db,ebpf,1,2495,210.99
cdf_db,ebpf,1,2496,174.66
cdf_db,ebpf,1,2497,266.89
cdf_db,ebpf,1,2498,172.0
cdf_db,ebpf,1,2499,215.53
cdf_db,ebpf,1,2500,208.92
cdf_db,ebpf,1,2501,211.191
cdf_db,ebpf,1,2502,236.931
cdf_db,ebpf,1,2503,220.491
cdf_db,ebpf,1,2504,172.82
cdf_db,ebpf,1,2505,210.85
cdf_db,ebpf,1,2506,182.06
cdf_db,ebpf,1,2507,261.56
cdf_db,ebpf,1,2508,170.45
cdf_db,ebpf,1,2509,212.1
cdf_db,ebpf,1,2510,170.65
cdf_db,ebpf,1,2511,211.84
cdf_db,ebpf,1,2512,217.98
cdf_db,ebpf,1,2513,223.6
cdf_db,ebpf,1,2514,208.07
cdf_db,ebpf,1,2515,208.41
cdf_db,ebpf,1,2516,176.02
cdf_db,ebpf,1,2517,270.72
cdf_db,ebpf,1,2518,172.9
cdf_db,ebpf,1,2519,208.24
cdf_db,ebpf,1,2520,168.7
cdf_db,ebpf,1,2521,259.18
cdf_db,ebpf,1,2522,170.04
cdf_db,ebpf,1,2523,209.32
cdf_db,ebpf,1,2524,169.549
cdf_db,ebpf,1,2525,246.16
cdf_db,ebpf,1,2526,224.611
cdf_db,ebpf,1,2527,209.691
cdf_db,ebpf,1,2528,168.59
cdf_db,ebpf,1,2529,209.27
cdf_db,ebpf,1,2530,168.32
cdf_db,ebpf,1,2531,267.0
cdf_db,ebpf,1,2532,167.96
cdf_db,ebpf,1,2533,244.93
cdf_db,ebpf,1,2534,165.53
cdf_db,ebpf,1,2535,214.35
cdf_db,ebpf,1,2536,215.17
cdf_db,ebpf,1,2537,215.53
cdf_db,ebpf,1,2538,169.89
cdf_db,ebpf,1,2539,242.16
cdf_db,ebpf,1,2540,177.25
cdf_db,ebpf,1,2541,257.37
cdf_db,ebpf,1,2542,167.85
cdf_db,ebpf,1,2543,209.75
cdf_db,ebpf,1,2544,209.41
cdf_db,ebpf,1,2545,216.731
cdf_db,ebpf,1,2546,211.729
cdf_db,ebpf,1,2547,213.98
cdf_db,ebpf,1,2548,209.9
cdf_db,ebpf,1,2549,211.151
cdf_db,ebpf,1,2550,236.82
cdf_db,ebpf,1,2551,249.16
cdf_db,ebpf,1,2552,251.78
cdf_db,ebpf,1,2553,208.3
cdf_db,ebpf,1,2554,232.73
cdf_db,ebpf,1,2555,206.68
cdf_db,ebpf,1,2556,172.34
cdf_db,ebpf,1,2557,238.71
cdf_db,ebpf,1,2558,175.04
cdf_db,ebpf,1,2559,270.03
cdf_db,ebpf,1,2560,172.39
cdf_db,ebpf,1,2561,208.49
cdf_db,ebpf,1,2562,166.95
cdf_db,ebpf,1,2563,208.67
cdf_db,ebpf,1,2564,234.09
cdf_db,ebpf,1,2565,209.68
cdf_db,ebpf,1,2566,164.05
cdf_db,ebpf,1,2567,205.82
cdf_db,ebpf,1,2568,173.6
cdf_db,ebpf,1,2569,262.34
cdf_db,ebpf,1,2570,166.83
cdf_db,ebpf,1,2571,212.29
cdf_db,ebpf,1,2572,167.569
cdf_db,ebpf,1,2573,209.231
cdf_db,ebpf,1,2574,215.19
cdf_db,ebpf,1,2575,208.71
cdf_db,ebpf,1,2576,167.27
cdf_db,ebpf,1,2577,209.57
cdf_db,ebpf,1,2578,171.43
cdf_db,ebpf,1,2579,263.77
cdf_db,ebpf,1,2580,168.52
cdf_db,ebpf,1,2581,208.08
cdf_db,ebpf,1,2582,168.85
cdf_db,ebpf,1,2583,216.36
cdf_db,ebpf,1,2584,214.18
cdf_db,ebpf,1,2585,206.2
cdf_db,ebpf,1,2586,179.67
cdf_db,ebpf,1,2587,210.67
cdf_db,ebpf,1,2588,175.67
cdf_db,ebpf,1,2589,274.84
cdf_db,ebpf,1,2590,170.5
cdf_db,ebpf,1,2591,206.79
cdf_db,ebpf,1,2592,170.81
cdf_db,ebpf,1,2593,213.42
cdf_db,ebpf,1,2594,212.86
cdf_db,ebpf,1,2595,207.85
cdf_db,ebpf,1,2596,169.389
cdf_db,ebpf,1,2597,211.371
cdf_db,ebpf,1,2598,179.15
cdf_db,ebpf,1,2599,261.88
cdf_db,ebpf,1,2600,215.25
cdf_db,ebpf,1,2601,214.96
cdf_db,ebpf,1,2602,168.44
cdf_db,ebpf,1,2603,220.51
cdf_db,ebpf,1,2604,521.54
cdf_db,ebpf,1,2605,236.02
cdf_db,ebpf,1,2606,186.61
cdf_db,ebpf,1,2607,266.17
cdf_db,ebpf,1,2608,172.54
cdf_db,ebpf,1,2609,206.24
cdf_db,ebpf,1,2610,173.8
cdf_db,ebpf,1,2611,219.13
cdf_db,ebpf,1,2612,223.26
cdf_db,ebpf,1,2613,204.57
cdf_db,ebpf,1,2614,170.12
cdf_db,ebpf,1,2615,208.17
cdf_db,ebpf,1,2616,224.541
cdf_db,ebpf,1,2617,208.22
cdf_db,ebpf,1,2618,168.311
cdf_db,ebpf,1,2619,206.481
cdf_db,ebpf,1,2620,172.9
cdf_db,ebpf,1,2621,267.33
cdf_db,ebpf,1,2622,169.35
cdf_db,ebpf,1,2623,211.36
cdf_db,ebpf,1,2624,171.55
cdf_db,ebpf,1,2625,208.91
cdf_db,ebpf,1,2626,224.13
cdf_db,ebpf,1,2627,207.76
cdf_db,ebpf,1,2628,173.42
cdf_db,ebpf,1,2629,205.72
cdf_db,ebpf,1,2630,169.88
cdf_db,ebpf,1,2631,311.01
cdf_db,ebpf,1,2632,176.62
cdf_db,ebpf,1,2633,209.52
cdf_db,ebpf,1,2634,170.81
cdf_db,ebpf,1,2635,214.41
cdf_db,ebpf,1,2636,218.78
cdf_db,ebpf,1,2637,212.42
cdf_db,ebpf,1,2638,168.61
cdf_db,ebpf,1,2639,210.31
cdf_db,ebpf,1,2640,171.589
cdf_db,ebpf,1,2641,258.84
cdf_db,ebpf,1,2642,169.9
cdf_db,ebpf,1,2643,210.109
cdf_db,ebpf,1,2644,169.249
cdf_db,ebpf,1,2645,215.811
cdf_db,ebpf,1,2646,213.62
cdf_db,ebpf,1,2647,208.32
cdf_db,ebpf,1,2648,168.38
cdf_db,ebpf,1,2649,206.97
cdf_db,ebpf,1,2650,173.29
cdf_db,ebpf,1,2651,259.15
cdf_db,ebpf,1,2652,167.0
cdf_db,ebpf,1,2653,207.46
cdf_db,ebpf,1,2654,207.6
cdf_db,ebpf,1,2655,216.27
cdf_db,ebpf,1,2656,215.6
cdf_db,ebpf,1,2657,210.38
cdf_db,ebpf,1,2658,167.87
cdf_db,ebpf,1,2659,218.92
cdf_db,ebpf,1,2660,186.42
cdf_db,ebpf,1,2661,273.79
cdf_db,ebpf,1,2662,168.551
cdf_db,ebpf,1,2663,208.811
cdf_db,ebpf,1,2664,171.389
cdf_db,ebpf,1,2665,215.72
cdf_db,ebpf,1,2666,213.289
cdf_db,ebpf,1,2667,208.33
cdf_db,ebpf,1,2668,170.2
cdf_db,ebpf,1,2669,210.56
cdf_db,ebpf,1,2670,261.61
cdf_db,ebpf,1,2671,210.69
cdf_db,ebpf,1,2672,167.16
cdf_db,ebpf,1,2673,204.93
cdf_db,ebpf,1,2674,170.29
cdf_db,ebpf,1,2675,266.13
cdf_db,ebpf,1,2676,170.62
cdf_db,ebpf,1,2677,208.87
cdf_db,ebpf,1,2678,169.8
cdf_db,ebpf,1,2679,206.87
cdf_db,ebpf,1,2680,225.24
cdf_db,ebpf,1,2681,212.18
cdf_db,ebpf,1,2682,166.99
cdf_db,ebpf,1,2683,247.66
cdf_db,ebpf,1,2684,178.14
cdf_db,ebpf,1,2685,258.26
cdf_db,ebpf,1,2686,165.75
cdf_db,ebpf,1,2687,207.341
cdf_db,ebpf,1,2688,168.86
cdf_db,ebpf,1,2689,218.809
cdf_db,ebpf,1,2690,215.461
cdf_db,ebpf,1,2691,214.19
cdf_db,ebpf,1,2692,171.25
cdf_db,ebpf,1,2693,254.17
cdf_db,ebpf,1,2694,172.19
cdf_db,ebpf,1,2695,256.49
cdf_db,ebpf,1,2696,167.58
cdf_db,ebpf,1,2697,206.04
cdf_db,ebpf,1,2698,167.3
cdf_db,ebpf,1,2699,215.79
cdf_db,ebpf,1,2700,253.54
cdf_db,ebpf,1,2701,210.57
cdf_db,ebpf,1,2702,169.67
cdf_db,ebpf,1,2703,207.54
cdf_db,ebpf,1,2704,226.42
cdf_db,ebpf,1,2705,245.43
cdf_db,ebpf,1,2706,169.87
cdf_db,ebpf,1,2707,207.7
cdf_db,ebpf,1,2708,173.77
cdf_db,ebpf,1,2709,300.37
cdf_db,ebpf,1,2710,166.511
cdf_db,ebpf,1,2711,208.56
cdf_db,ebpf,1,2712,203.991
cdf_db,ebpf,1,2713,212.671
cdf_db,ebpf,1,2714,234.12
cdf_db,ebpf,1,2715,204.57
cdf_db,ebpf,1,2716,250.05
cdf_db,ebpf,1,2717,970.81
cdf_db,ebpf,1,2718,306.67
cdf_db,ebpf,1,2719,258.34
cdf_db,ebpf,1,2720,180.28
cdf_db,ebpf,1,2721,176.95
cdf_db,ebpf,1,2722,173.28
cdf_db,ebpf,1,2723,156.91
cdf_db,ebpf,1,2724,212.17
cdf_db,ebpf,1,2725,159.25
cdf_db,ebpf,1,2726,155.99
cdf_db,ebpf,1,2727,153.54
cdf_db,ebpf,1,2728,155.2
cdf_db,ebpf,1,2729,150.13
cdf_db,ebpf,1,2730,210.17
cdf_db,ebpf,1,2731,178.861
cdf_db,ebpf,1,2732,154.66
cdf_db,ebpf,1,2733,155.54
cdf_db,ebpf,1,2734,156.33
cdf_db,ebpf,1,2735,159.7
cdf_db,ebpf,1,2736,220.92
cdf_db,ebpf,1,2737,153.35
cdf_db,ebpf,1,2738,155.0
cdf_db,ebpf,1,2739,153.98
cdf_db,ebpf,1,2740,159.51
cdf_db,ebpf,1,2741,158.37
cdf_db,ebpf,1,2742,243.42
cdf_db,ebpf,1,2743,163.08
cdf_db,ebpf,1,2744,152.69
cdf_db,ebpf,1,2745,183.79
cdf_db,ebpf,1,2746,150.61
cdf_db,ebpf,1,2747,157.0
cdf_db,ebpf,1,2748,197.34
cdf_db,ebpf,1,2749,153.17
cdf_db,ebpf,1,2750,153.75
cdf_db,ebpf,1,2751,151.72
cdf_db,ebpf,1,2752,152.33
cdf_db,ebpf,1,2753,156.93
cdf_db,ebpf,1,2754,194.78
cdf_db,ebpf,1,2755,150.23
cdf_db,ebpf,1,2756,151.04
cdf_db,ebpf,1,2757,152.57
cdf_db,ebpf,1,2758,147.8
cdf_db,ebpf,1,2759,152.89
cdf_db,ebpf,1,2760,204.381
cdf_db,ebpf,1,2761,151.629
cdf_db,ebpf,1,2762,155.531
cdf_db,ebpf,1,2763,159.549
cdf_db,ebpf,1,2764,154.62
cdf_db,ebpf,1,2765,195.269
cdf_db,ebpf,1,2766,205.6
cdf_db,ebpf,1,2767,153.17
cdf_db,ebpf,1,2768,153.81
cdf_db,ebpf,1,2769,155.61
cdf_db,ebpf,1,2770,154.38
cdf_db,ebpf,1,2771,150.89
cdf_db,ebpf,1,2772,209.52
cdf_db,ebpf,1,2773,150.55
cdf_db,ebpf,1,2774,152.04
cdf_db,ebpf,1,2775,155.58
cdf_db,ebpf,1,2776,153.26
cdf_db,ebpf,1,2777,153.77
cdf_db,ebpf,1,2778,208.6
cdf_db,ebpf,1,2779,154.65
cdf_db,ebpf,1,2780,154.27
cdf_db,ebpf,1,2781,171.06
cdf_db,ebpf,1,2782,166.78
cdf_db,ebpf,1,2783,150.62
cdf_db,ebpf,1,2784,207.43
cdf_db,ebpf,1,2785,157.0
cdf_db,ebpf,1,2786,151.49
cdf_db,ebpf,1,2787,151.44
cdf_db,ebpf,1,2788,152.551
cdf_db,ebpf,1,2789,150.5
cdf_db,ebpf,1,2790,204.42
cdf_db,ebpf,1,2791,152.429
cdf_db,ebpf,1,2792,148.029
cdf_db,ebpf,1,2793,153.74
cdf_db,ebpf,1,2794,150.46
cdf_db,ebpf,1,2795,190.351
cdf_db,ebpf,1,2796,204.65
cdf_db,ebpf,1,2797,149.77
cdf_db,ebpf,1,2798,149.48
cdf_db,ebpf,1,2799,152.25
cdf_db,ebpf,1,2800,148.56
cdf_db,ebpf,1,2801,148.76
cdf_db,ebpf,1,2802,162.93
cdf_db,ebpf,1,2803,209.05
cdf_db,ebpf,1,2804,170.25
cdf_db,ebpf,1,2805,156.63
cdf_db,ebpf,1,2806,154.39
cdf_db,ebpf,1,2807,157.2
cdf_db,ebpf,1,2808,154.53
cdf_db,ebpf,1,2809,208.42
cdf_db,ebpf,1,2810,150.21
cdf_db,ebpf,1,2811,148.54
cdf_db,ebpf,1,2812,150.11
cdf_db,ebpf,1,2813,148.84
cdf_db,ebpf,1,2814,152.59
cdf_db,ebpf,1,2815,195.05
cdf_db,ebpf,1,2816,154.26
cdf_db,ebpf,1,2817,151.91
cdf_db,ebpf,1,2818,196.631
cdf_db,ebpf,1,2819,149.06
cdf_db,ebpf,1,2820,153.06
cdf_db,ebpf,1,2821,199.38
cdf_db,ebpf,1,2822,150.38
cdf_db,ebpf,1,2823,151.65
cdf_db,ebpf,1,2824,150.5
cdf_db,ebpf,1,2825,150.8
cdf_db,ebpf,1,2826,149.69
cdf_db,ebpf,1,2827,203.48
cdf_db,ebpf,1,2828,149.66
cdf_db,ebpf,1,2829,150.8
cdf_db,ebpf,1,2830,151.19
cdf_db,ebpf,1,2831,149.86
cdf_db,ebpf,1,2832,149.67
cdf_db,ebpf,1,2833,201.86
cdf_db,ebpf,1,2834,150.38
cdf_db,ebpf,1,2835,204.17
cdf_db,ebpf,1,2836,149.62
cdf_db,ebpf,1,2837,148.22
cdf_db,ebpf,1,2838,147.24
cdf_db,ebpf,1,2839,204.8
cdf_db,ebpf,1,2840,151.89
cdf_db,ebpf,1,2841,154.12
cdf_db,ebpf,1,2842,150.88
cdf_db,ebpf,1,2843,151.23
cdf_db,ebpf,1,2844,149.09
cdf_db,ebpf,1,2845,149.79
cdf_db,ebpf,1,2846,194.31
cdf_db,ebpf,1,2847,153.33
cdf_db,ebpf,1,2848,188.831
cdf_db,ebpf,1,2849,150.269
cdf_db,ebpf,1,2850,149.069
cdf_db,ebpf,1,2851,152.17
cdf_db,ebpf,1,2852,195.21
cdf_db,ebpf,1,2853,151.33
cdf_db,ebpf,1,2854,149.81
cdf_db,ebpf,1,2855,152.87
cdf_db,ebpf,1,2856,151.79
cdf_db,ebpf,1,2857,156.34
cdf_db,ebpf,1,2858,238.55
cdf_db,ebpf,1,2859,151.3
cdf_db,ebpf,1,2860,149.83
cdf_db,ebpf,1,2861,152.24
cdf_db,ebpf,1,2862,149.33
cdf_db,ebpf,1,2863,155.71
cdf_db,ebpf,1,2864,238.02
cdf_db,ebpf,1,2865,152.09
cdf_db,ebpf,1,2866,150.46
cdf_db,ebpf,1,2867,151.36
cdf_db,ebpf,1,2868,150.06
cdf_db,ebpf,1,2869,202.67
cdf_db,ebpf,1,2870,192.48
cdf_db,ebpf,1,2871,148.7
cdf_db,ebpf,1,2872,153.54
cdf_db,ebpf,1,2873,191.33
cdf_db,ebpf,1,2874,150.38
cdf_db,ebpf,1,2875,152.88
cdf_db,ebpf,1,2876,234.52
cdf_db,ebpf,1,2877,165.541
cdf_db,ebpf,1,2878,152.069
cdf_db,ebpf,1,2879,193.74
cdf_db,ebpf,1,2880,194.59
cdf_db,ebpf,1,2881,283.69
cdf_db,ebpf,1,2882,150.58
cdf_db,ebpf,1,2883,153.09
cdf_db,ebpf,1,2884,151.24
cdf_db,ebpf,1,2885,155.87
cdf_db,ebpf,1,2886,157.56
cdf_db,ebpf,1,2887,201.49
cdf_db,ebpf,1,2888,152.45
cdf_db,ebpf,1,2889,154.98
cdf_db,ebpf,1,2890,152.28
cdf_db,ebpf,1,2891,149.76
cdf_db,ebpf,1,2892,161.0
cdf_db,ebpf,1,2893,198.84
cdf_db,ebpf,1,2894,152.26
cdf_db,ebpf,1,2895,153.69
cdf_db,ebpf,1,2896,148.25
cdf_db,ebpf,1,2897,148.43
cdf_db,ebpf,1,2898,150.76
cdf_db,ebpf,1,2899,203.44
cdf_db,ebpf,1,2900,146.96
cdf_db,ebpf,1,2901,151.22
cdf_db,ebpf,1,2902,154.32
cdf_db,ebpf,1,2903,151.25
cdf_db,ebpf,1,2904,151.06
cdf_db,ebpf,1,2905,212.33
cdf_db,ebpf,1,2906,151.2
cdf_db,ebpf,1,2907,155.34
cdf_db,ebpf,1,2908,155.629
cdf_db,ebpf,1,2909,147.971
cdf_db,ebpf,1,2910,148.06
cdf_db,ebpf,1,2911,158.76
cdf_db,ebpf,1,2912,190.03
cdf_db,ebpf,1,2913,149.59
cdf_db,ebpf,1,2914,151.32
cdf_db,ebpf,1,2915,149.79
cdf_db,ebpf,1,2916,148.28
cdf_db,ebpf,1,2917,154.73
cdf_db,ebpf,1,2918,193.24
cdf_db,ebpf,1,2919,153.56
cdf_db,ebpf,1,2920,151.96
cdf_db,ebpf,1,2921,151.64
cdf_db,ebpf,1,2922,147.02
cdf_db,ebpf,1,2923,152.64
cdf_db,ebpf,1,2924,196.82
cdf_db,ebpf,1,2925,153.66
cdf_db,ebpf,1,2926,150.73
cdf_db,ebpf,1,2927,180.18
cdf_db,ebpf,1,2928,192.73
cdf_db,ebpf,1,2929,158.63
cdf_db,ebpf,1,2930,199.13
cdf_db,ebpf,1,2931,152.25
cdf_db,ebpf,1,2932,150.66
cdf_db,ebpf,1,2933,152.39
cdf_db,ebpf,1,2934,151.83
cdf_db,ebpf,1,2935,149.651
cdf_db,ebpf,1,2936,206.02
cdf_db,ebpf,1,2937,155.44
cdf_db,ebpf,1,2938,154.451
cdf_db,ebpf,1,2939,155.209
cdf_db,ebpf,1,2940,153.371
cdf_db,ebpf,1,2941,152.62
cdf_db,ebpf,1,2942,214.331
cdf_db,ebpf,1,2943,153.62
cdf_db,ebpf,1,2944,158.73
cdf_db,ebpf,1,2945,153.4
cdf_db,ebpf,1,2946,155.96
cdf_db,ebpf,1,2947,149.36
cdf_db,ebpf,1,2948,214.25
cdf_db,ebpf,1,2949,151.67
cdf_db,ebpf,1,2950,165.33
cdf_db,ebpf,1,2951,155.73
cdf_db,ebpf,1,2952,151.01
cdf_db,ebpf,1,2953,156.26
cdf_db,ebpf,1,2954,230.51
cdf_db,ebpf,1,2955,151.36
cdf_db,ebpf,1,2956,152.11
cdf_db,ebpf,1,2957,153.41
cdf_db,ebpf,1,2958,188.21
cdf_db,ebpf,1,2959,147.95
cdf_db,ebpf,1,2960,206.19
cdf_db,ebpf,1,2961,152.36
cdf_db,ebpf,1,2962,149.89
cdf_db,ebpf,1,2963,153.86
cdf_db,ebpf,1,2964,147.91
cdf_db,ebpf,1,2965,149.44
cdf_db,ebpf,1,2966,202.669
cdf_db,ebpf,1,2967,153.48
cdf_db,ebpf,1,2968,146.271
cdf_db,ebpf,1,2969,151.831
cdf_db,ebpf,1,2970,148.451
cdf_db,ebpf,1,2971,151.94
cdf_db,ebpf,1,2972,156.3
cdf_db,ebpf,1,2973,198.95
cdf_db,ebpf,1,2974,146.99
cdf_db,ebpf,1,2975,152.88
cdf_db,ebpf,1,2976,151.52
cdf_db,ebpf,1,2977,150.43
cdf_db,ebpf,1,2978,146.29
cdf_db,ebpf,1,2979,201.91
cdf_db,ebpf,1,2980,189.66
cdf_db,ebpf,1,2981,149.96
cdf_db,ebpf,1,2982,147.02
cdf_db,ebpf,1,2983,151.24
cdf_db,ebpf,1,2984,147.13
cdf_db,ebpf,1,2985,202.13
cdf_db,ebpf,1,2986,149.46
cdf_db,ebpf,1,2987,150.82
cdf_db,ebpf,1,2988,149.13
cdf_db,ebpf,1,2989,147.72
cdf_db,ebpf,1,2990,148.37
cdf_db,ebpf,1,2991,202.42
cdf_db,ebpf,1,2992,149.24
cdf_db,ebpf,1,2993,148.9
cdf_db,ebpf,1,2994,151.34
cdf_db,ebpf,1,2995,149.01
cdf_db,ebpf,1,2996,148.66
cdf_db,ebpf,1,2997,161.009
cdf_db,ebpf,1,2998,235.951
cdf_db,ebpf,1,2999,153.18
cdf_db,ebpf,1,3000,153.45
cdf_db,ebpf,1,3001,152.68
cdf_db,ebpf,1,3002,150.85
cdf_db,ebpf,1,3003,151.38
cdf_db,ebpf,1,3004,196.76
cdf_db,ebpf,1,3005,153.82
cdf_db,ebpf,1,3006,149.86
cdf_db,ebpf,1,3007,150.51
cdf_db,ebpf,1,3008,153.57
cdf_db,ebpf,1,3009,160.22
cdf_db,ebpf,1,3010,245.1
cdf_db,ebpf,1,3011,154.02
cdf_db,ebpf,1,3012,150.03
cdf_db,ebpf,1,3013,150.73
cdf_db,ebpf,1,3014,148.02
cdf_db,ebpf,1,3015,154.32
cdf_db,ebpf,1,3016,201.98
cdf_db,ebpf,1,3017,149.31
cdf_db,ebpf,1,3018,158.43
cdf_db,ebpf,1,3019,160.29
cdf_db,ebpf,1,3020,195.56
cdf_db,ebpf,1,3021,158.98
cdf_db,ebpf,1,3022,211.95
cdf_db,ebpf,1,3023,163.45
cdf_db,ebpf,1,3024,150.5
cdf_db,ebpf,1,3025,151.6
cdf_db,ebpf,1,3026,151.05
cdf_db,ebpf,1,3027,156.2
cdf_db,ebpf,1,3028,261.429
cdf_db,ebpf,1,3029,150.68
cdf_db,ebpf,1,3030,158.06
cdf_db,ebpf,1,3031,152.05
cdf_db,ebpf,1,3032,150.12
cdf_db,ebpf,1,3033,161.39
cdf_db,ebpf,1,3034,230.23
cdf_db,ebpf,1,3035,149.23
cdf_db,ebpf,1,3036,151.15
cdf_db,ebpf,1,3037,149.32
cdf_db,ebpf,1,3038,145.7
cdf_db,ebpf,1,3039,153.55
cdf_db,ebpf,1,3040,193.33
cdf_db,ebpf,1,3041,198.66
cdf_db,ebpf,1,3042,153.31
cdf_db,ebpf,1,3043,151.6
cdf_db,ebpf,1,3044,153.59
cdf_db,ebpf,1,3045,163.8
cdf_db,ebpf,1,3046,194.39
cdf_db,ebpf,1,3047,151.0
cdf_db,ebpf,1,3048,154.11
cdf_db,ebpf,1,3049,416.42
cdf_db,ebpf,1,3050,231.86
cdf_db,ebpf,1,3051,153.22
cdf_db,ebpf,1,3052,154.82
cdf_db,ebpf,1,3053,153.631
cdf_db,ebpf,1,3054,154.111
cdf_db,ebpf,1,3055,158.831
cdf_db,ebpf,1,3056,196.44
cdf_db,ebpf,1,3057,152.791
cdf_db,ebpf,1,3058,151.19
cdf_db,ebpf,1,3059,152.91
cdf_db,ebpf,1,3060,152.24
cdf_db,ebpf,1,3061,148.28
cdf_db,ebpf,1,3062,204.05
cdf_db,ebpf,1,3063,150.56
cdf_db,ebpf,1,3064,149.39
cdf_db,ebpf,1,3065,156.01
cdf_db,ebpf,1,3066,191.32
cdf_db,ebpf,1,3067,150.35
cdf_db,ebpf,1,3068,215.57
cdf_db,ebpf,1,3069,157.13
cdf_db,ebpf,1,3070,156.5
cdf_db,ebpf,1,3071,151.09
cdf_db,ebpf,1,3072,156.01
cdf_db,ebpf,1,3073,151.59
cdf_db,ebpf,1,3074,218.01
cdf_db,ebpf,1,3075,148.57
cdf_db,ebpf,1,3076,157.43
cdf_db,ebpf,1,3077,150.55
cdf_db,ebpf,1,3078,151.47
cdf_db,ebpf,1,3079,154.92
cdf_db,ebpf,1,3080,219.43
cdf_db,ebpf,1,3081,154.471
cdf_db,ebpf,1,3082,151.971
cdf_db,ebpf,1,3083,153.631
cdf_db,ebpf,1,3084,148.26
cdf_db,ebpf,1,3085,190.231
cdf_db,ebpf,1,3086,203.07
cdf_db,ebpf,1,3087,152.27
cdf_db,ebpf,1,3088,147.15
cdf_db,ebpf,1,3089,149.2
cdf_db,ebpf,1,3090,148.57
cdf_db,ebpf,1,3091,146.56
cdf_db,ebpf,1,3092,158.9
cdf_db,ebpf,1,3093,197.44
cdf_db,ebpf,1,3094,148.12
cdf_db,ebpf,1,3095,150.88
cdf_db,ebpf,1,3096,165.14
cdf_db,ebpf,1,3097,146.94
cdf_db,ebpf,1,3098,156.24
cdf_db,ebpf,1,3099,256.21
cdf_db,ebpf,1,3100,147.59
cdf_db,ebpf,1,3101,151.51
cdf_db,ebpf,1,3102,154.77
cdf_db,ebpf,1,3103,148.54
cdf_db,ebpf,1,3104,153.68
cdf_db,ebpf,1,3105,199.36
cdf_db,ebpf,1,3106,152.31
cdf_db,ebpf,1,3107,150.3
cdf_db,ebpf,1,3108,155.23
cdf_db,ebpf,1,3109,192.04
cdf_db,ebpf,1,3110,158.991
cdf_db,ebpf,1,3111,192.9
cdf_db,ebpf,1,3112,178.16
cdf_db,ebpf,1,3113,149.351
cdf_db,ebpf,1,3114,152.051
cdf_db,ebpf,1,3115,153.36
cdf_db,ebpf,1,3116,151.981
cdf_db,ebpf,1,3117,234.67
cdf_db,ebpf,1,3118,150.46
cdf_db,ebpf,1,3119,151.34
cdf_db,ebpf,1,3120,154.74
cdf_db,ebpf,1,3121,148.86
cdf_db,ebpf,1,3122,162.41
cdf_db,ebpf,1,3123,248.72
cdf_db,ebpf,1,3124,153.91
cdf_db,ebpf,1,3125,147.75
cdf_db,ebpf,1,3126,151.25
cdf_db,ebpf,1,3127,188.84
cdf_db,ebpf,1,3128,201.69
cdf_db,ebpf,1,3129,152.31
cdf_db,ebpf,1,3130,190.76
cdf_db,ebpf,1,3131,153.26
cdf_db,ebpf,1,3132,151.03
cdf_db,ebpf,1,3133,190.93
cdf_db,ebpf,1,3134,251.23
cdf_db,ebpf,1,3135,222.44
cdf_db,ebpf,1,3136,154.05
cdf_db,ebpf,1,3137,152.901
cdf_db,ebpf,1,3138,153.331
cdf_db,ebpf,1,3139,202.509
cdf_db,ebpf,1,3140,151.471
cdf_db,ebpf,1,3141,150.46
cdf_db,ebpf,1,3142,153.11
cdf_db,ebpf,1,3143,151.14
cdf_db,ebpf,1,3144,150.04
cdf_db,ebpf,1,3145,157.67
cdf_db,ebpf,1,3146,197.66
cdf_db,ebpf,1,3147,154.68
cdf_db,ebpf,1,3148,155.99
cdf_db,ebpf,1,3149,151.34
cdf_db,ebpf,1,3150,150.9
cdf_db,ebpf,1,3151,157.54
cdf_db,ebpf,1,3152,197.88
cdf_db,ebpf,1,3153,151.52
cdf_db,ebpf,1,3154,152.49
cdf_db,ebpf,1,3155,152.85
cdf_db,ebpf,1,3156,148.13
cdf_db,ebpf,1,3157,152.65
cdf_db,ebpf,1,3158,208.6
cdf_db,ebpf,1,3159,154.1
cdf_db,ebpf,1,3160,186.17
cdf_db,ebpf,1,3161,154.53
cdf_db,ebpf,1,3162,151.88
cdf_db,ebpf,1,3163,152.08
cdf_db,ebpf,1,3164,208.43
cdf_db,ebpf,1,3165,148.8
cdf_db,ebpf,1,3166,150.61
cdf_db,ebpf,1,3167,150.47
cdf_db,ebpf,1,3168,147.59
cdf_db,ebpf,1,3169,161.66
cdf_db,ebpf,1,3170,227.32
cdf_db,ebpf,1,3171,152.349
cdf_db,ebpf,1,3172,157.949
cdf_db,ebpf,1,3173,151.47
cdf_db,ebpf,1,3174,149.13
cdf_db,ebpf,1,3175,149.94
cdf_db,ebpf,1,3176,205.36
cdf_db,ebpf,1,3177,149.95
cdf_db,ebpf,1,3178,187.71
cdf_db,ebpf,1,3179,150.33
cdf_db,ebpf,1,3180,150.98
cdf_db,ebpf,1,3181,157.82
cdf_db,ebpf,1,3182,206.55
cdf_db,ebpf,1,3183,158.06
cdf_db,ebpf,1,3184,151.5
cdf_db,ebpf,1,3185,148.43
cdf_db,ebpf,1,3186,154.61
cdf_db,ebpf,1,3187,151.48
cdf_db,ebpf,1,3188,202.27
cdf_db,ebpf,1,3189,149.1
cdf_db,ebpf,1,3190,151.82
cdf_db,ebpf,1,3191,148.43
cdf_db,ebpf,1,3192,184.66
cdf_db,ebpf,1,3193,148.58
cdf_db,ebpf,1,3194,206.16
cdf_db,ebpf,1,3195,151.4
cdf_db,ebpf,1,3196,151.53
cdf_db,ebpf,1,3197,150.23
cdf_db,ebpf,1,3198,147.97
cdf_db,ebpf,1,3199,148.99
cdf_db,ebpf,1,3200,157.261
cdf_db,ebpf,1,3201,191.611
cdf_db,ebpf,1,3202,151.46
cdf_db,ebpf,1,3203,149.98
cdf_db,ebpf,1,3204,619.57
cdf_db,ebpf,1,3205,357.8
cdf_db,ebpf,1,3206,209.3
cdf_db,ebpf,1,3207,180.9
cdf_db,ebpf,1,3208,180.43
cdf_db,ebpf,1,3209,206.19
cdf_db,ebpf,1,3210,170.72
cdf_db,ebpf,1,3211,200.85
cdf_db,ebpf,1,3212,152.9
cdf_db,ebpf,1,3213,232.19
cdf_db,ebpf,1,3214,231.9
cdf_db,ebpf,1,3215,213.04
cdf_db,ebpf,1,3216,179.41
cdf_db,ebpf,1,3217,208.89
cdf_db,ebpf,1,3218,173.0
cdf_db,ebpf,1,3219,244.94
cdf_db,ebpf,1,3220,173.62
cdf_db,ebpf,1,3221,203.29
cdf_db,ebpf,1,3222,169.74
cdf_db,ebpf,1,3223,209.411
cdf_db,ebpf,1,3224,216.531
cdf_db,ebpf,1,3225,207.59
cdf_db,ebpf,1,3226,169.18
cdf_db,ebpf,1,3227,203.27
cdf_db,ebpf,1,3228,180.32
cdf_db,ebpf,1,3229,247.04
cdf_db,ebpf,1,3230,167.67
cdf_db,ebpf,1,3231,202.71
cdf_db,ebpf,1,3232,176.64
cdf_db,ebpf,1,3233,206.79
cdf_db,ebpf,1,3234,207.48
cdf_db,ebpf,1,3235,203.32
cdf_db,ebpf,1,3236,174.71
cdf_db,ebpf,1,3237,204.88
cdf_db,ebpf,1,3238,214.73
cdf_db,ebpf,1,3239,245.91
cdf_db,ebpf,1,3240,170.03
cdf_db,ebpf,1,3241,206.07
cdf_db,ebpf,1,3242,185.35
cdf_db,ebpf,1,3243,203.071
cdf_db,ebpf,1,3244,221.66
cdf_db,ebpf,1,3245,205.529
cdf_db,ebpf,1,3246,173.04
cdf_db,ebpf,1,3247,201.9
cdf_db,ebpf,1,3248,170.409
cdf_db,ebpf,1,3249,243.521
cdf_db,ebpf,1,3250,168.44
cdf_db,ebpf,1,3251,203.99
cdf_db,ebpf,1,3252,168.12
cdf_db,ebpf,1,3253,215.6
cdf_db,ebpf,1,3254,211.88
cdf_db,ebpf,1,3255,203.78
cdf_db,ebpf,1,3256,165.24
cdf_db,ebpf,1,3257,202.33
cdf_db,ebpf,1,3258,206.46
cdf_db,ebpf,1,3259,241.22
cdf_db,ebpf,1,3260,167.68
cdf_db,ebpf,1,3261,200.45
cdf_db,ebpf,1,3262,171.61
cdf_db,ebpf,1,3263,207.39
cdf_db,ebpf,1,3264,205.62
cdf_db,ebpf,1,3265,202.37
cdf_db,ebpf,1,3266,169.81
cdf_db,ebpf,1,3267,203.78
cdf_db,ebpf,1,3268,173.35
cdf_db,ebpf,1,3269,245.1
cdf_db,ebpf,1,3270,170.34
cdf_db,ebpf,1,3271,203.02
cdf_db,ebpf,1,3272,170.08
cdf_db,ebpf,1,3273,247.12
cdf_db,ebpf,1,3274,215.45
cdf_db,ebpf,1,3275,161.25
cdf_db,ebpf,1,3276,206.91
cdf_db,ebpf,1,3277,172.6
cdf_db,ebpf,1,3278,211.14
cdf_db,ebpf,1,3279,209.15
cdf_db,ebpf,1,3280,206.32
cdf_db,ebpf,1,3281,172.94
cdf_db,ebpf,1,3282,208.96
cdf_db,ebpf,1,3283,173.85
cdf_db,ebpf,1,3284,286.0
cdf_db,ebpf,1,3285,168.33
cdf_db,ebpf,1,3286,205.14
cdf_db,ebpf,1,3287,175.58
cdf_db,ebpf,1,3288,212.5
cdf_db,ebpf,1,3289,218.51
cdf_db,ebpf,1,3290,210.14
cdf_db,ebpf,1,3291,173.32
cdf_db,ebpf,1,3292,202.64
cdf_db,ebpf,1,3293,219.43
cdf_db,ebpf,1,3294,244.971
cdf_db,ebpf,1,3295,169.449
cdf_db,ebpf,1,3296,204.56
cdf_db,ebpf,1,3297,194.671
cdf_db,ebpf,1,3298,251.19
cdf_db,ebpf,1,3299,173.01
cdf_db,ebpf,1,3300,236.08
cdf_db,ebpf,1,3301,166.9
cdf_db,ebpf,1,3302,200.0
cdf_db,ebpf,1,3303,220.31
cdf_db,ebpf,1,3304,239.27
cdf_db,ebpf,1,3305,173.05
cdf_db,ebpf,1,3306,203.5
cdf_db,ebpf,1,3307,211.34
cdf_db,ebpf,1,3308,247.43
cdf_db,ebpf,1,3309,205.54
cdf_db,ebpf,1,3310,203.64
cdf_db,ebpf,1,3311,204.48
cdf_db,ebpf,1,3312,246.45
cdf_db,ebpf,1,3313,273.69
cdf_db,ebpf,1,3314,216.56
cdf_db,ebpf,1,3315,166.74
cdf_db,ebpf,1,3316,200.76
cdf_db,ebpf,1,3317,234.961
cdf_db,ebpf,1,3318,202.14
cdf_db,ebpf,1,3319,167.24
cdf_db,ebpf,1,3320,201.44
cdf_db,ebpf,1,3321,172.22
cdf_db,ebpf,1,3322,249.35
cdf_db,ebpf,1,3323,165.67
cdf_db,ebpf,1,3324,201.85
cdf_db,ebpf,1,3325,173.48
cdf_db,ebpf,1,3326,201.84
cdf_db,ebpf,1,3327,213.83
cdf_db,ebpf,1,3328,204.14
cdf_db,ebpf,1,3329,171.11
cdf_db,ebpf,1,3330,200.69
cdf_db,ebpf,1,3331,168.17
cdf_db,ebpf,1,3332,246.22
cdf_db,ebpf,1,3333,178.63
cdf_db,ebpf,1,3334,200.99
cdf_db,ebpf,1,3335,167.72
cdf_db,ebpf,1,3336,202.67
cdf_db,ebpf,1,3337,224.0
cdf_db,ebpf,1,3338,243.57
cdf_db,ebpf,1,3339,166.28
cdf_db,ebpf,1,3340,202.38
cdf_db,ebpf,1,3341,173.44
cdf_db,ebpf,1,3342,247.351
cdf_db,ebpf,1,3343,167.06
cdf_db,ebpf,1,3344,203.99
cdf_db,ebpf,1,3345,168.33
cdf_db,ebpf,1,3346,199.16
cdf_db,ebpf,1,3347,210.69
cdf_db,ebpf,1,3348,201.74
cdf_db,ebpf,1,3349,169.05
cdf_db,ebpf,1,3350,200.47
cdf_db,ebpf,1,3351,168.8
cdf_db,ebpf,1,3352,200.67
cdf_db,ebpf,1,3353,212.03
cdf_db,ebpf,1,3354,206.11
cdf_db,ebpf,1,3355,166.15
cdf_db,ebpf,1,3356,203.25
cdf_db,ebpf,1,3357,179.28
cdf_db,ebpf,1,3358,245.33
cdf_db,ebpf,1,3359,163.16
cdf_db,ebpf,1,3360,200.61
cdf_db,ebpf,1,3361,170.82
cdf_db,ebpf,1,3362,206.98
cdf_db,ebpf,1,3363,205.46
cdf_db,ebpf,1,3364,199.821
cdf_db,ebpf,1,3365,169.22
cdf_db,ebpf,1,3366,199.84
cdf_db,ebpf,1,3367,165.94
cdf_db,ebpf,1,3368,249.649
cdf_db,ebpf,1,3369,173.069
cdf_db,ebpf,1,3370,200.61
cdf_db,ebpf,1,3371,164.3
cdf_db,ebpf,1,3372,198.65
cdf_db,ebpf,1,3373,261.2
cdf_db,ebpf,1,3374,201.93
cdf_db,ebpf,1,3375,168.69
cdf_db,ebpf,1,3376,209.14
cdf_db,ebpf,1,3377,176.08
cdf_db,ebpf,1,3378,245.27
cdf_db,ebpf,1,3379,168.75
cdf_db,ebpf,1,3380,203.64
cdf_db,ebpf,1,3381,165.32
cdf_db,ebpf,1,3382,207.22
cdf_db,ebpf,1,3383,213.02
cdf_db,ebpf,1,3384,199.15
cdf_db,ebpf,1,3385,165.43
cdf_db,ebpf,1,3386,200.75
cdf_db,ebpf,1,3387,181.75
cdf_db,ebpf,1,3388,262.32
cdf_db,ebpf,1,3389,162.12
cdf_db,ebpf,1,3390,200.9
cdf_db,ebpf,1,3391,171.02
cdf_db,ebpf,1,3392,198.191
cdf_db,ebpf,1,3393,219.39
cdf_db,ebpf,1,3394,202.34
cdf_db,ebpf,1,3395,171.83
cdf_db,ebpf,1,3396,200.01
cdf_db,ebpf,1,3397,169.26
cdf_db,ebpf,1,3398,252.31
cdf_db,ebpf,1,3399,172.27
cdf_db,ebpf,1,3400,201.96
cdf_db,ebpf,1,3401,204.14
cdf_db,ebpf,1,3402,202.13
cdf_db,ebpf,1,3403,222.27
cdf_db,ebpf,1,3404,206.83
cdf_db,ebpf,1,3405,167.07
cdf_db,ebpf,1,3406,204.03
cdf_db,ebpf,1,3407,166.12
cdf_db,ebpf,1,3408,254.24
cdf_db,ebpf,1,3409,169.83
cdf_db,ebpf,1,3410,200.65
cdf_db,ebpf,1,3411,168.31
cdf_db,ebpf,1,3412,204.27
cdf_db,ebpf,1,3413,218.15
cdf_db,ebpf,1,3414,204.29
cdf_db,ebpf,1,3415,166.23
cdf_db,ebpf,1,3416,196.46
cdf_db,ebpf,1,3417,169.391
cdf_db,ebpf,1,3418,250.91
cdf_db,ebpf,1,3419,164.94
cdf_db,ebpf,1,3420,196.94
cdf_db,ebpf,1,3421,169.41
cdf_db,ebpf,1,3422,198.88
cdf_db,ebpf,1,3423,251.35
cdf_db,ebpf,1,3424,204.55
cdf_db,ebpf,1,3425,167.47
cdf_db,ebpf,1,3426,199.63
cdf_db,ebpf,1,3427,166.18
cdf_db,ebpf,1,3428,201.84
cdf_db,ebpf,1,3429,206.34
cdf_db,ebpf,1,3430,201.39
cdf_db,ebpf,1,3431,167.61
cdf_db,ebpf,1,3432,200.41
cdf_db,ebpf,1,3433,174.16
cdf_db,ebpf,1,3434,242.62
cdf_db,ebpf,1,3435,165.69
cdf_db,ebpf,1,3436,208.52
cdf_db,ebpf,1,3437,170.98
cdf_db,ebpf,1,3438,207.1
cdf_db,ebpf,1,3439,238.74
cdf_db,ebpf,1,3440,203.049
cdf_db,ebpf,1,3441,169.411
cdf_db,ebpf,1,3442,199.32
cdf_db,ebpf,1,3443,172.77
cdf_db,ebpf,1,3444,246.29
cdf_db,ebpf,1,3445,164.71
cdf_db,ebpf,1,3446,202.84
cdf_db,ebpf,1,3447,173.3
cdf_db,ebpf,1,3448,206.98
cdf_db,ebpf,1,3449,213.72
cdf_db,ebpf,1,3450,203.77
cdf_db,ebpf,1,3451,209.68
cdf_db,ebpf,1,3452,199.0
cdf_db,ebpf,1,3453,176.98
cdf_db,ebpf,1,3454,247.93
cdf_db,ebpf,1,3455,170.72
cdf_db,ebpf,1,3456,203.03
cdf_db,ebpf,1,3457,171.98
cdf_db,ebpf,1,3458,209.46
cdf_db,ebpf,1,3459,224.6
cdf_db,ebpf,1,3460,211.62
cdf_db,ebpf,1,3461,200.95
cdf_db,ebpf,1,3462,169.51
cdf_db,ebpf,1,3463,208.9
cdf_db,ebpf,1,3464,225.61
cdf_db,ebpf,1,3465,206.84
cdf_db,ebpf,1,3466,179.969
cdf_db,ebpf,1,3467,235.951
cdf_db,ebpf,1,3468,215.041
cdf_db,ebpf,1,3469,162.2
cdf_db,ebpf,1,3470,205.04
cdf_db,ebpf,1,3471,166.25
cdf_db,ebpf,1,3472,199.95
cdf_db,ebpf,1,3473,215.69
cdf_db,ebpf,1,3474,238.19
cdf_db,ebpf,1,3475,167.49
cdf_db,ebpf,1,3476,237.16
cdf_db,ebpf,1,3477,171.14
cdf_db,ebpf,1,3478,283.8
cdf_db,ebpf,1,3479,172.66
cdf_db,ebpf,1,3480,201.23
cdf_db,ebpf,1,3481,204.21
cdf_db,ebpf,1,3482,265.86
cdf_db,ebpf,1,3483,548.83
cdf_db,ebpf,1,3484,234.86
cdf_db,ebpf,1,3485,179.42
cdf_db,ebpf,1,3486,208.5
cdf_db,ebpf,1,3487,201.269
cdf_db,ebpf,1,3488,167.991
cdf_db,ebpf,1,3489,202.11
cdf_db,ebpf,1,3490,169.76
cdf_db,ebpf,1,3491,249.3
cdf_db,ebpf,1,3492,167.14
cdf_db,ebpf,1,3493,200.94
cdf_db,ebpf,1,3494,167.68
cdf_db,ebpf,1,3495,203.51
cdf_db,ebpf,1,3496,214.43
cdf_db,ebpf,1,3497,205.32
cdf_db,ebpf,1,3498,168.99
cdf_db,ebpf,1,3499,201.67
cdf_db,ebpf,1,3500,164.51
cdf_db,ebpf,1,3501,253.89
cdf_db,ebpf,1,3502,168.05
cdf_db,ebpf,1,3503,202.08
cdf_db,ebpf,1,3504,175.14
cdf_db,ebpf,1,3505,201.66
cdf_db,ebpf,1,3506,229.78
cdf_db,ebpf,1,3507,206.36
cdf_db,ebpf,1,3508,165.93
cdf_db,ebpf,1,3509,204.911
cdf_db,ebpf,1,3510,171.14
cdf_db,ebpf,1,3511,258.469
cdf_db,ebpf,1,3512,166.251
cdf_db,ebpf,1,3513,200.54
cdf_db,ebpf,1,3514,168.87
cdf_db,ebpf,1,3515,207.23
cdf_db,ebpf,1,3516,222.62
cdf_db,ebpf,1,3517,203.81
cdf_db,ebpf,1,3518,165.17
cdf_db,ebpf,1,3519,200.62
cdf_db,ebpf,1,3520,168.09
cdf_db,ebpf,1,3521,204.41
cdf_db,ebpf,1,3522,211.79
cdf_db,ebpf,1,3523,203.38
cdf_db,ebpf,1,3524,164.17
cdf_db,ebpf,1,3525,202.58
cdf_db,ebpf,1,3526,174.44
cdf_db,ebpf,1,3527,245.66
cdf_db,ebpf,1,3528,164.82
cdf_db,ebpf,1,3529,201.11
cdf_db,ebpf,1,3530,168.92
cdf_db,ebpf,1,3531,251.99
cdf_db,ebpf,1,3532,206.4
cdf_db,ebpf,1,3533,217.43
cdf_db,ebpf,1,3534,172.2
cdf_db,ebpf,1,3535,203.011
cdf_db,ebpf,1,3536,169.88
cdf_db,ebpf,1,3537,257.24
cdf_db,ebpf,1,3538,165.09
cdf_db,ebpf,1,3539,201.1
cdf_db,ebpf,1,3540,169.8
cdf_db,ebpf,1,3541,206.43
cdf_db,ebpf,1,3542,207.48
cdf_db,ebpf,1,3543,203.89
cdf_db,ebpf,1,3544,174.32
cdf_db,ebpf,1,3545,201.21
cdf_db,ebpf,1,3546,172.57
cdf_db,ebpf,1,3547,252.03
cdf_db,ebpf,1,3548,171.72
cdf_db,ebpf,1,3549,201.43
cdf_db,ebpf,1,3550,166.52
cdf_db,ebpf,1,3551,207.4
cdf_db,ebpf,1,3552,209.51
cdf_db,ebpf,1,3553,202.97
cdf_db,ebpf,1,3554,166.79
cdf_db,ebpf,1,3555,199.79
cdf_db,ebpf,1,3556,167.78
cdf_db,ebpf,1,3557,249.23
cdf_db,ebpf,1,3558,165.95
cdf_db,ebpf,1,3559,202.36
cdf_db,ebpf,1,3560,168.691
cdf_db,ebpf,1,3561,200.321
cdf_db,ebpf,1,3562,252.04
cdf_db,ebpf,1,3563,202.56
cdf_db,ebpf,1,3564,168.8
cdf_db,ebpf,1,3565,204.64
cdf_db,ebpf,1,3566,168.16
cdf_db,ebpf,1,3567,248.53
cdf_db,ebpf,1,3568,167.98
cdf_db,ebpf,1,3569,198.94
cdf_db,ebpf,1,3570,166.98
cdf_db,ebpf,1,3571,202.77
cdf_db,ebpf,1,3572,218.59
cdf_db,ebpf,1,3573,200.12
cdf_db,ebpf,1,3574,165.7
cdf_db,ebpf,1,3575,199.82
cdf_db,ebpf,1,3576,169.45
cdf_db,ebpf,1,3577,248.79
cdf_db,ebpf,1,3578,165.92
cdf_db,ebpf,1,3579,200.07
cdf_db,ebpf,1,3580,172.58
cdf_db,ebpf,1,3581,156.88
cdf_db,ebpf,1,3582,206.1
cdf_db,ebpf,1,3583,210.47
cdf_db,ebpf,1,3584,203.08
cdf_db,ebpf,1,3585,204.14
cdf_db,ebpf,1,3586,210.069
cdf_db,ebpf,1,3587,216.209
cdf_db,ebpf,1,3588,202.811
cdf_db,ebpf,1,3589,167.42
cdf_db,ebpf,1,3590,201.5
cdf_db,ebpf,1,3591,171.11
cdf_db,ebpf,1,3592,201.7
cdf_db,ebpf,1,3593,209.25
cdf_db,ebpf,1,3594,204.12
cdf_db,ebpf,1,3595,166.85
cdf_db,ebpf,1,3596,199.25
cdf_db,ebpf,1,3597,172.17
cdf_db,ebpf,1,3598,242.29
cdf_db,ebpf,1,3599,163.77
cdf_db,ebpf,1,3600,203.31
cdf_db,ebpf,1,3601,216.96
cdf_db,ebpf,1,3602,215.09
cdf_db,ebpf,1,3603,209.05
cdf_db,ebpf,1,3604,202.8
cdf_db,ebpf,1,3605,177.5
cdf_db,ebpf,1,3606,219.3
cdf_db,ebpf,1,3607,167.01
cdf_db,ebpf,1,3608,258.509
cdf_db,ebpf,1,3609,172.011
cdf_db,ebpf,1,3610,199.389
cdf_db,ebpf,1,3611,165.571
cdf_db,ebpf,1,3612,211.74
cdf_db,ebpf,1,3613,210.67
cdf_db,ebpf,1,3614,240.27
cdf_db,ebpf,1,3615,167.04
cdf_db,ebpf,1,3616,199.7
cdf_db,ebpf,1,3617,179.43
cdf_db,ebpf,1,3618,242.15
cdf_db,ebpf,1,3619,165.23
cdf_db,ebpf,1,3620,202.25
cdf_db,ebpf,1,3621,171.36
cdf_db,ebpf,1,3622,209.35
cdf_db,ebpf,1,3623,243.48
cdf_db,ebpf,1,3624,199.78
cdf_db,ebpf,1,3625,170.23
cdf_db,ebpf,1,3626,199.19
cdf_db,ebpf,1,3627,169.29
cdf_db,ebpf,1,3628,237.7
cdf_db,ebpf,1,3629,168.27
cdf_db,ebpf,1,3630,232.99
cdf_db,ebpf,1,3631,168.581
cdf_db,ebpf,1,3632,167.42
cdf_db,ebpf,1,3633,241.771
cdf_db,ebpf,1,3634,164.84
cdf_db,ebpf,1,3635,200.881
cdf_db,ebpf,1,3636,207.4
cdf_db,ebpf,1,3637,205.8
cdf_db,ebpf,1,3638,210.7
cdf_db,ebpf,1,3639,210.91
cdf_db,ebpf,1,3640,214.34
cdf_db,ebpf,1,3641,201.56
cdf_db,ebpf,1,3642,216.58
cdf_db,ebpf,1,3643,249.97
cdf_db,ebpf,1,3644,176.94
cdf_db,ebpf,1,3645,237.42
cdf_db,ebpf,1,3646,221.21
cdf_db,ebpf,1,3647,309.89
cdf_db,ebpf,1,3648,169.07
cdf_db,ebpf,1,3649,161.21
cdf_db,ebpf,1,3650,200.88
cdf_db,ebpf,1,3651,173.55
cdf_db,ebpf,1,3652,247.01
cdf_db,ebpf,1,3653,174.93
cdf_db,ebpf,1,3654,204.05
cdf_db,ebpf,1,3655,179.889
cdf_db,ebpf,1,3656,213.2
cdf_db,ebpf,1,3657,208.4
cdf_db,ebpf,1,3658,201.35
cdf_db,ebpf,1,3659,165.91
cdf_db,ebpf,1,3660,202.68
cdf_db,ebpf,1,3661,178.81
cdf_db,ebpf,1,3662,246.15
cdf_db,ebpf,1,3663,166.87
cdf_db,ebpf,1,3664,202.24
cdf_db,ebpf,1,3665,169.38
cdf_db,ebpf,1,3666,205.63
cdf_db,ebpf,1,3667,228.77
cdf_db,ebpf,1,3668,197.82
cdf_db,ebpf,1,3669,170.4
cdf_db,ebpf,1,3670,197.95
cdf_db,ebpf,1,3671,164.39
cdf_db,ebpf,1,3672,249.15
cdf_db,ebpf,1,3673,167.57
cdf_db,ebpf,1,3674,200.72
cdf_db,ebpf,1,3675,166.15
cdf_db,ebpf,1,3676,199.29
cdf_db,ebpf,1,3677,218.42
cdf_db,ebpf,1,3678,200.11
cdf_db,ebpf,1,3679,179.17
cdf_db,ebpf,1,3680,198.451
cdf_db,ebpf,1,3681,167.621
cdf_db,ebpf,1,3682,262.5
cdf_db,ebpf,1,3683,169.96
cdf_db,ebpf,1,3684,199.38
cdf_db,ebpf,1,3685,170.14
cdf_db,ebpf,1,3686,199.47
cdf_db,ebpf,1,3687,302.68
cdf_db,ebpf,1,3688,201.59
cdf_db,ebpf,1,3689,171.36
cdf_db,ebpf,1,3690,200.58
cdf_db,ebpf,1,3691,173.44
cdf_db,ebpf,1,3692,245.44
cdf_db,ebpf,1,3693,168.81
cdf_db,ebpf,1,3694,197.81
cdf_db,ebpf,1,3695,208.49
cdf_db,ebpf,1,3696,205.92
cdf_db,ebpf,1,3697,212.1
cdf_db,ebpf,1,3698,199.58
cdf_db,ebpf,1,3699,165.17
cdf_db,ebpf,1,3700,199.79
cdf_db,ebpf,1,3701,169.16
cdf_db,ebpf,1,3702,250.97
cdf_db,ebpf,1,3703,166.82
cdf_db,ebpf,1,3704,197.97
cdf_db,ebpf,1,3705,170.331
cdf_db,ebpf,1,3706,206.591
cdf_db,ebpf,1,3707,223.091
cdf_db,ebpf,1,3708,205.871
cdf_db,ebpf,1,3709,168.0
cdf_db,ebpf,1,3710,199.55
cdf_db,ebpf,1,3711,168.57
cdf_db,ebpf,1,3712,251.17
cdf_db,ebpf,1,3713,169.87
cdf_db,ebpf,1,3714,200.71
cdf_db,ebpf,1,3715,168.28
cdf_db,ebpf,1,3716,210.55
cdf_db,ebpf,1,3717,218.12
cdf_db,ebpf,1,3718,201.67
cdf_db,ebpf,1,3719,561.25
cdf_db,ebpf,1,3720,288.47
cdf_db,ebpf,1,3721,225.45
cdf_db,ebpf,1,3722,195.55
cdf_db,ebpf,1,3723,204.93
cdf_db,ebpf,1,3724,182.02
cdf_db,ebpf,1,3725,293.38
cdf_db,ebpf,1,3726,175.951
cdf_db,ebpf,1,3727,204.08
cdf_db,ebpf,1,3728,170.469
cdf_db,ebpf,1,3729,212.811
cdf_db,ebpf,1,3730,238.92
cdf_db,ebpf,1,3731,154.85
cdf_db,ebpf,1,3732,199.89
cdf_db,ebpf,1,3733,171.92
cdf_db,ebpf,1,3734,206.88
cdf_db,ebpf,1,3735,212.52
cdf_db,ebpf,1,3736,202.01
cdf_db,ebpf,1,3737,176.15
cdf_db,ebpf,1,3738,201.4
cdf_db,ebpf,1,3739,172.67
cdf_db,ebpf,1,3740,249.4
cdf_db,ebpf,1,3741,175.89
cdf_db,ebpf,1,3742,199.57
cdf_db,ebpf,1,3743,166.36
cdf_db,ebpf,1,3744,206.19
cdf_db,ebpf,1,3745,220.07
cdf_db,ebpf,1,3746,224.6
cdf_db,ebpf,1,3747,176.02
cdf_db,ebpf,1,3748,199.75
cdf_db,ebpf,1,3749,204.521
cdf_db,ebpf,1,3750,235.64
cdf_db,ebpf,1,3751,201.709
cdf_db,ebpf,1,3752,186.891
cdf_db,ebpf,1,3753,200.2
cdf_db,ebpf,1,3754,246.02
cdf_db,ebpf,1,3755,205.45
cdf_db,ebpf,1,3756,179.82
cdf_db,ebpf,1,3757,202.14
cdf_db,ebpf,1,3758,179.02
cdf_db,ebpf,1,3759,265.08
cdf_db,ebpf,1,3760,176.37
cdf_db,ebpf,1,3761,204.68
cdf_db,ebpf,1,3762,173.18
cdf_db,ebpf,1,3763,200.54
cdf_db,ebpf,1,3764,272.46
cdf_db,ebpf,1,3765,201.99
cdf_db,ebpf,1,3766,170.41
cdf_db,ebpf,1,3767,201.52
cdf_db,ebpf,1,3768,174.19
cdf_db,ebpf,1,3769,256.48
cdf_db,ebpf,1,3770,173.11
cdf_db,ebpf,1,3771,202.74
cdf_db,ebpf,1,3772,177.641
cdf_db,ebpf,1,3773,215.269
cdf_db,ebpf,1,3774,221.451
cdf_db,ebpf,1,3775,205.5
cdf_db,ebpf,1,3776,175.161
cdf_db,ebpf,1,3777,246.56
cdf_db,ebpf,1,3778,182.17
cdf_db,ebpf,1,3779,250.73
cdf_db,ebpf,1,3780,178.66
cdf_db,ebpf,1,3781,202.79
cdf_db,ebpf,1,3782,174.0
cdf_db,ebpf,1,3783,212.48
cdf_db,ebpf,1,3784,223.8
cdf_db,ebpf,1,3785,205.47
cdf_db,ebpf,1,3786,176.57
cdf_db,ebpf,1,3787,243.98
cdf_db,ebpf,1,3788,234.16
cdf_db,ebpf,1,3789,162.4
cdf_db,ebpf,1,3790,202.05
cdf_db,ebpf,1,3791,177.66
cdf_db,ebpf,1,3792,203.96
cdf_db,ebpf,1,3793,229.34
cdf_db,ebpf,1,3794,244.94
cdf_db,ebpf,1,3795,167.98
cdf_db,ebpf,1,3796,205.85
cdf_db,ebpf,1,3797,172.96
cdf_db,ebpf,1,3798,207.82
cdf_db,ebpf,1,3799,202.16
cdf_db,ebpf,1,3800,206.0
cdf_db,ebpf,1,3801,202.371
cdf_db,ebpf,1,3802,169.57
cdf_db,ebpf,1,3803,251.11
cdf_db,ebpf,1,3804,201.12
cdf_db,ebpf,1,3805,202.31
cdf_db,ebpf,1,3806,167.22
cdf_db,ebpf,1,3807,248.7
cdf_db,ebpf,1,3808,224.34
cdf_db,ebpf,1,3809,238.78
cdf_db,ebpf,1,3810,211.31
cdf_db,ebpf,1,3811,268.17
cdf_db,ebpf,1,3812,223.39
cdf_db,ebpf,1,3813,204.31
cdf_db,ebpf,1,3814,171.57
cdf_db,ebpf,1,3815,203.01
cdf_db,ebpf,1,3816,171.78
cdf_db,ebpf,1,3817,263.61
cdf_db,ebpf,1,3818,176.37
cdf_db,ebpf,1,3819,207.94
cdf_db,ebpf,1,3820,168.64
cdf_db,ebpf,1,3821,201.111
cdf_db,ebpf,1,3822,228.411
cdf_db,ebpf,1,3823,201.64
cdf_db,ebpf,1,3824,184.7
cdf_db,ebpf,1,3825,203.78
cdf_db,ebpf,1,3826,170.22
cdf_db,ebpf,1,3827,277.74
cdf_db,ebpf,1,3828,172.28
cdf_db,ebpf,1,3829,199.71
cdf_db,ebpf,1,3830,166.87
cdf_db,ebpf,1,3831,202.39
cdf_db,ebpf,1,3832,223.94
cdf_db,ebpf,1,3833,203.1
cdf_db,ebpf,1,3834,167.32
cdf_db,ebpf,1,3835,199.32
cdf_db,ebpf,1,3836,170.92
cdf_db,ebpf,1,3837,258.45
cdf_db,ebpf,1,3838,164.91
cdf_db,ebpf,1,3839,201.71
cdf_db,ebpf,1,3840,172.31
cdf_db,ebpf,1,3841,201.71
cdf_db,ebpf,1,3842,545.15
cdf_db,ebpf,1,3843,347.609
cdf_db,ebpf,1,3844,196.391
cdf_db,ebpf,1,3845,232.84
cdf_db,ebpf,1,3846,198.07
cdf_db,ebpf,1,3847,165.44
cdf_db,ebpf,1,3848,164.31
cdf_db,ebpf,1,3849,162.54
cdf_db,ebpf,1,3850,213.46
cdf_db,ebpf,1,3851,161.3
cdf_db,ebpf,1,3852,188.63
cdf_db,ebpf,1,3853,156.46
cdf_db,ebpf,1,3854,154.68
cdf_db,ebpf,1,3855,164.28
cdf_db,ebpf,1,3856,198.05
cdf_db,ebpf,1,3857,152.4
cdf_db,ebpf,1,3858,155.7
cdf_db,ebpf,1,3859,200.85
cdf_db,ebpf,1,3860,152.32
cdf_db,ebpf,1,3861,161.99
cdf_db,ebpf,1,3862,202.28
cdf_db,ebpf,1,3863,156.08
cdf_db,ebpf,1,3864,171.66
cdf_db,ebpf,1,3865,162.04
cdf_db,ebpf,1,3866,151.99
cdf_db,ebpf,1,3867,165.731
cdf_db,ebpf,1,3868,196.46
cdf_db,ebpf,1,3869,150.049
cdf_db,ebpf,1,3870,155.471
cdf_db,ebpf,1,3871,154.331
cdf_db,ebpf,1,3872,153.531
cdf_db,ebpf,1,3873,157.62
cdf_db,ebpf,1,3874,206.631
cdf_db,ebpf,1,3875,155.49
cdf_db,ebpf,1,3876,148.39
cdf_db,ebpf,1,3877,149.11
cdf_db,ebpf,1,3878,150.8
cdf_db,ebpf,1,3879,146.51
cdf_db,ebpf,1,3880,203.0
cdf_db,ebpf,1,3881,154.9
cdf_db,ebpf,1,3882,154.78
cdf_db,ebpf,1,3883,151.06
cdf_db,ebpf,1,3884,155.24
cdf_db,ebpf,1,3885,148.24
cdf_db,ebpf,1,3886,203.64
cdf_db,ebpf,1,3887,149.57
cdf_db,ebpf,1,3888,147.52
cdf_db,ebpf,1,3889,188.88
cdf_db,ebpf,1,3890,148.29
cdf_db,ebpf,1,3891,148.0
cdf_db,ebpf,1,3892,201.82
cdf_db,ebpf,1,3893,149.02
cdf_db,ebpf,1,3894,149.6
cdf_db,ebpf,1,3895,149.96
cdf_db,ebpf,1,3896,148.86
cdf_db,ebpf,1,3897,169.281
cdf_db,ebpf,1,3898,157.431
cdf_db,ebpf,1,3899,217.16
cdf_db,ebpf,1,3900,147.76
cdf_db,ebpf,1,3901,146.72
cdf_db,ebpf,1,3902,150.489
cdf_db,ebpf,1,3903,147.43
cdf_db,ebpf,1,3904,155.0
cdf_db,ebpf,1,3905,193.16
cdf_db,ebpf,1,3906,147.84
cdf_db,ebpf,1,3907,149.32
cdf_db,ebpf,1,3908,150.97
cdf_db,ebpf,1,3909,148.5
cdf_db,ebpf,1,3910,150.99
cdf_db,ebpf,1,3911,253.9
cdf_db,ebpf,1,3912,147.15
cdf_db,ebpf,1,3913,147.47
cdf_db,ebpf,1,3914,153.06
cdf_db,ebpf,1,3915,145.34
cdf_db,ebpf,1,3916,145.75
cdf_db,ebpf,1,3917,200.15
cdf_db,ebpf,1,3918,147.96
cdf_db,ebpf,1,3919,149.23
cdf_db,ebpf,1,3920,151.76
cdf_db,ebpf,1,3921,146.99
cdf_db,ebpf,1,3922,149.29
cdf_db,ebpf,1,3923,210.12
cdf_db,ebpf,1,3924,148.27
cdf_db,ebpf,1,3925,144.18
cdf_db,ebpf,1,3926,151.97
cdf_db,ebpf,1,3927,145.33
cdf_db,ebpf,1,3928,145.37
cdf_db,ebpf,1,3929,199.05
cdf_db,ebpf,1,3930,188.27
cdf_db,ebpf,1,3931,147.94
cdf_db,ebpf,1,3932,153.469
cdf_db,ebpf,1,3933,146.36
cdf_db,ebpf,1,3934,419.111
cdf_db,ebpf,1,3935,231.47
cdf_db,ebpf,1,3936,151.9
cdf_db,ebpf,1,3937,155.54
cdf_db,ebpf,1,3938,147.88
cdf_db,ebpf,1,3939,150.32
cdf_db,ebpf,1,3940,205.81
cdf_db,ebpf,1,3941,195.5
cdf_db,ebpf,1,3942,145.01
cdf_db,ebpf,1,3943,152.51
cdf_db,ebpf,1,3944,155.02
cdf_db,ebpf,1,3945,149.75
cdf_db,ebpf,1,3946,203.42
cdf_db,ebpf,1,3947,152.7
cdf_db,ebpf,1,3948,144.92
cdf_db,ebpf,1,3949,150.58
cdf_db,ebpf,1,3950,149.16
cdf_db,ebpf,1,3951,183.07
cdf_db,ebpf,1,3952,204.02
cdf_db,ebpf,1,3953,149.55
cdf_db,ebpf,1,3954,146.46
cdf_db,ebpf,1,3955,150.01
cdf_db,ebpf,1,3956,150.83
cdf_db,ebpf,1,3957,144.93
cdf_db,ebpf,1,3958,237.241
cdf_db,ebpf,1,3959,148.051
cdf_db,ebpf,1,3960,146.269
cdf_db,ebpf,1,3961,150.65
cdf_db,ebpf,1,3962,148.05
cdf_db,ebpf,1,3963,145.07
cdf_db,ebpf,1,3964,148.49
cdf_db,ebpf,1,3965,189.96
cdf_db,ebpf,1,3966,145.28
cdf_db,ebpf,1,3967,145.34
cdf_db,ebpf,1,3968,148.43
cdf_db,ebpf,1,3969,186.72
cdf_db,ebpf,1,3970,169.09
cdf_db,ebpf,1,3971,213.69
cdf_db,ebpf,1,3972,146.31
cdf_db,ebpf,1,3973,193.52
cdf_db,ebpf,1,3974,153.16
cdf_db,ebpf,1,3975,146.35
cdf_db,ebpf,1,3976,251.92
cdf_db,ebpf,1,3977,181.48
cdf_db,ebpf,1,3978,217.8
cdf_db,ebpf,1,3979,148.55
cdf_db,ebpf,1,3980,146.08
cdf_db,ebpf,1,3981,151.65
cdf_db,ebpf,1,3982,196.57
cdf_db,ebpf,1,3983,147.47
cdf_db,ebpf,1,3984,152.62
cdf_db,ebpf,1,3985,147.72
cdf_db,ebpf,1,3986,148.821
cdf_db,ebpf,1,3987,151.94
cdf_db,ebpf,1,3988,198.38
cdf_db,ebpf,1,3989,144.18
cdf_db,ebpf,1,3990,148.03
cdf_db,ebpf,1,3991,144.64
cdf_db,ebpf,1,3992,145.84
cdf_db,ebpf,1,3993,147.19
cdf_db,ebpf,1,3994,151.14
cdf_db,ebpf,1,3995,188.74
cdf_db,ebpf,1,3996,149.91
cdf_db,ebpf,1,3997,146.33
cdf_db,ebpf,1,3998,148.04
cdf_db,ebpf,1,3999,150.16
cdf_db,ebpf,1,4000,145.34
cdf_db,ebpf,1,4001,198.89
cdf_db,ebpf,1,4002,148.2
cdf_db,ebpf,1,4003,183.27
cdf_db,ebpf,1,4004,149.38
cdf_db,ebpf,1,4005,151.35
cdf_db,ebpf,1,4006,149.67
cdf_db,ebpf,1,4007,193.86
cdf_db,ebpf,1,4008,147.11
cdf_db,ebpf,1,4009,145.44
cdf_db,ebpf,1,4010,148.12
cdf_db,ebpf,1,4011,148.89
cdf_db,ebpf,1,4012,143.45
cdf_db,ebpf,1,4013,152.85
cdf_db,ebpf,1,4014,196.05
cdf_db,ebpf,1,4015,146.021
cdf_db,ebpf,1,4016,145.651
cdf_db,ebpf,1,4017,149.531
cdf_db,ebpf,1,4018,145.0
cdf_db,ebpf,1,4019,142.08
cdf_db,ebpf,1,4020,200.24
cdf_db,ebpf,1,4021,149.129
cdf_db,ebpf,1,4022,179.661
cdf_db,ebpf,1,4023,149.13
cdf_db,ebpf,1,4024,147.88
cdf_db,ebpf,1,4025,144.61
cdf_db,ebpf,1,4026,198.64
cdf_db,ebpf,1,4027,145.22
cdf_db,ebpf,1,4028,144.51
cdf_db,ebpf,1,4029,148.45
cdf_db,ebpf,1,4030,146.49
cdf_db,ebpf,1,4031,146.85
cdf_db,ebpf,1,4032,154.01
cdf_db,ebpf,1,4033,190.57
cdf_db,ebpf,1,4034,147.55
cdf_db,ebpf,1,4035,151.37
cdf_db,ebpf,1,4036,185.49
cdf_db,ebpf,1,4037,172.44
cdf_db,ebpf,1,4038,153.2
cdf_db,ebpf,1,4039,191.02
cdf_db,ebpf,1,4040,146.42
cdf_db,ebpf,1,4041,149.81
cdf_db,ebpf,1,4042,148.71
cdf_db,ebpf,1,4043,156.36
cdf_db,ebpf,1,4044,149.53
cdf_db,ebpf,1,4045,217.131
cdf_db,ebpf,1,4046,192.42
cdf_db,ebpf,1,4047,151.311
cdf_db,ebpf,1,4048,152.1
cdf_db,ebpf,1,4049,154.16
cdf_db,ebpf,1,4050,153.62
cdf_db,ebpf,1,4051,200.071
cdf_db,ebpf,1,4052,148.03
cdf_db,ebpf,1,4053,154.36
cdf_db,ebpf,1,4054,187.94
cdf_db,ebpf,1,4055,145.6
cdf_db,ebpf,1,4056,148.86
cdf_db,ebpf,1,4057,191.31
cdf_db,ebpf,1,4058,146.47
cdf_db,ebpf,1,4059,146.07
cdf_db,ebpf,1,4060,183.84
cdf_db,ebpf,1,4061,147.45
cdf_db,ebpf,1,4062,149.69
cdf_db,ebpf,1,4063,198.42
cdf_db,ebpf,1,4064,182.83
cdf_db,ebpf,1,4065,149.44
cdf_db,ebpf,1,4066,147.53
cdf_db,ebpf,1,4067,182.88
cdf_db,ebpf,1,4068,151.58
cdf_db,ebpf,1,4069,196.8
cdf_db,ebpf,1,4070,184.41
cdf_db,ebpf,1,4071,217.52
cdf_db,ebpf,1,4072,148.77
cdf_db,ebpf,1,4073,144.87
cdf_db,ebpf,1,4074,155.68
cdf_db,ebpf,1,4075,189.42
cdf_db,ebpf,1,4076,143.87
cdf_db,ebpf,1,4077,146.861
cdf_db,ebpf,1,4078,148.0
cdf_db,ebpf,1,4079,145.36
cdf_db,ebpf,1,4080,151.331
cdf_db,ebpf,1,4081,200.44
cdf_db,ebpf,1,4082,144.34
cdf_db,ebpf,1,4083,147.71
cdf_db,ebpf,1,4084,148.74
cdf_db,ebpf,1,4085,145.15
cdf_db,ebpf,1,4086,142.55
cdf_db,ebpf,1,4087,154.05
cdf_db,ebpf,1,4088,194.26
cdf_db,ebpf,1,4089,150.97
cdf_db,ebpf,1,4090,148.75
cdf_db,ebpf,1,4091,150.2
cdf_db,ebpf,1,4092,147.9
cdf_db,ebpf,1,4093,143.06
cdf_db,ebpf,1,4094,196.43
cdf_db,ebpf,1,4095,147.14
cdf_db,ebpf,1,4096,183.88
cdf_db,ebpf,1,4097,145.97
cdf_db,ebpf,1,4098,150.16
cdf_db,ebpf,1,4099,143.81
cdf_db,ebpf,1,4100,194.54
cdf_db,ebpf,1,4101,147.08
cdf_db,ebpf,1,4102,144.38
cdf_db,ebpf,1,4103,146.56
cdf_db,ebpf,1,4104,144.45
cdf_db,ebpf,1,4105,142.52
cdf_db,ebpf,1,4106,147.31
cdf_db,ebpf,1,4107,194.721
cdf_db,ebpf,1,4108,144.9
cdf_db,ebpf,1,4109,157.6
cdf_db,ebpf,1,4110,149.88
cdf_db,ebpf,1,4111,144.641
cdf_db,ebpf,1,4112,147.18
cdf_db,ebpf,1,4113,204.15
cdf_db,ebpf,1,4114,147.96
cdf_db,ebpf,1,4115,187.42
cdf_db,ebpf,1,4116,171.41
cdf_db,ebpf,1,4117,150.85
cdf_db,ebpf,1,4118,149.41
cdf_db,ebpf,1,4119,221.15
cdf_db,ebpf,1,4120,148.56
cdf_db,ebpf,1,4121,146.67
cdf_db,ebpf,1,4122,149.85
cdf_db,ebpf,1,4123,146.21
cdf_db,ebpf,1,4124,146.15
cdf_db,ebpf,1,4125,201.74
cdf_db,ebpf,1,4126,148.06
cdf_db,ebpf,1,4127,143.96
cdf_db,ebpf,1,4128,151.98
cdf_db,ebpf,1,4129,144.49
cdf_db,ebpf,1,4130,143.07
cdf_db,ebpf,1,4131,152.3
cdf_db,ebpf,1,4132,189.53
cdf_db,ebpf,1,4133,147.34
cdf_db,ebpf,1,4134,147.23
cdf_db,ebpf,1,4135,147.27
cdf_db,ebpf,1,4136,146.07
cdf_db,ebpf,1,4137,149.52
cdf_db,ebpf,1,4138,198.94
cdf_db,ebpf,1,4139,145.869
cdf_db,ebpf,1,4140,190.16
cdf_db,ebpf,1,4141,146.56
cdf_db,ebpf,1,4142,147.15
cdf_db,ebpf,1,4143,148.38
cdf_db,ebpf,1,4144,207.24
cdf_db,ebpf,1,4145,147.61
cdf_db,ebpf,1,4146,148.05
cdf_db,ebpf,1,4147,146.61
cdf_db,ebpf,1,4148,145.42
cdf_db,ebpf,1,4149,146.57
cdf_db,ebpf,1,4150,153.6
cdf_db,ebpf,1,4151,187.58
cdf_db,ebpf,1,4152,151.55
cdf_db,ebpf,1,4153,146.98
cdf_db,ebpf,1,4154,144.08
cdf_db,ebpf,1,4155,152.18
cdf_db,ebpf,1,4156,154.98
cdf_db,ebpf,1,4157,207.85
cdf_db,ebpf,1,4158,145.26
cdf_db,ebpf,1,4159,146.26
cdf_db,ebpf,1,4160,147.97
cdf_db,ebpf,1,4161,148.39
cdf_db,ebpf,1,4162,143.03
cdf_db,ebpf,1,4163,146.94
cdf_db,ebpf,1,4164,192.87
cdf_db,ebpf,1,4165,149.44
cdf_db,ebpf,1,4166,148.43
cdf_db,ebpf,1,4167,187.78
cdf_db,ebpf,1,4168,145.9
cdf_db,ebpf,1,4169,149.671
cdf_db,ebpf,1,4170,195.36
cdf_db,ebpf,1,4171,145.331
cdf_db,ebpf,1,4172,146.491
cdf_db,ebpf,1,4173,148.231
cdf_db,ebpf,1,4174,145.041
cdf_db,ebpf,1,4175,146.52
cdf_db,ebpf,1,4176,204.96
cdf_db,ebpf,1,4177,145.76
cdf_db,ebpf,1,4178,147.28
cdf_db,ebpf,1,4179,153.15
cdf_db,ebpf,1,4180,150.27
cdf_db,ebpf,1,4181,160.04
cdf_db,ebpf,1,4182,212.68
cdf_db,ebpf,1,4183,146.99
cdf_db,ebpf,1,4184,145.4
cdf_db,ebpf,1,4185,148.23
cdf_db,ebpf,1,4186,149.86
cdf_db,ebpf,1,4187,158.02
cdf_db,ebpf,1,4188,240.35
cdf_db,ebpf,1,4189,157.38
cdf_db,ebpf,1,4190,143.66
cdf_db,ebpf,1,4191,150.56
cdf_db,ebpf,1,4192,915.86
cdf_db,ebpf,1,4193,288.0
cdf_db,ebpf,1,4194,198.549
cdf_db,ebpf,1,4195,239.14
cdf_db,ebpf,1,4196,173.91
cdf_db,ebpf,1,4197,233.97
cdf_db,ebpf,1,4198,164.89
cdf_db,ebpf,1,4199,163.51
cdf_db,ebpf,1,4200,215.5
cdf_db,ebpf,1,4201,158.67
cdf_db,ebpf,1,4202,161.96
cdf_db,ebpf,1,4203,159.21
cdf_db,ebpf,1,4204,201.21
cdf_db,ebpf,1,4205,162.75
cdf_db,ebpf,1,4206,201.68
cdf_db,ebpf,1,4207,158.65
cdf_db,ebpf,1,4208,158.0
cdf_db,ebpf,1,4209,156.18
cdf_db,ebpf,1,4210,153.91
cdf_db,ebpf,1,4211,161.92
cdf_db,ebpf,1,4212,206.15
cdf_db,ebpf,1,4213,161.91
cdf_db,ebpf,1,4214,155.02
cdf_db,ebpf,1,4215,153.96
cdf_db,ebpf,1,4216,195.31
cdf_db,ebpf,1,4217,162.7
cdf_db,ebpf,1,4218,203.06
cdf_db,ebpf,1,4219,180.57
cdf_db,ebpf,1,4220,155.411
cdf_db,ebpf,1,4221,151.56
cdf_db,ebpf,1,4222,179.531
cdf_db,ebpf,1,4223,204.101
cdf_db,ebpf,1,4224,152.98
cdf_db,ebpf,1,4225,202.54
cdf_db,ebpf,1,4226,154.92
cdf_db,ebpf,1,4227,153.57
cdf_db,ebpf,1,4228,154.11
cdf_db,ebpf,1,4229,208.71
cdf_db,ebpf,1,4230,153.29
cdf_db,ebpf,1,4231,192.35
cdf_db,ebpf,1,4232,150.33
cdf_db,ebpf,1,4233,152.7
cdf_db,ebpf,1,4234,154.08
cdf_db,ebpf,1,4235,202.99
cdf_db,ebpf,1,4236,196.02
cdf_db,ebpf,1,4237,155.42
cdf_db,ebpf,1,4238,153.77
cdf_db,ebpf,1,4239,155.94
cdf_db,ebpf,1,4240,201.01
cdf_db,ebpf,1,4241,199.19
cdf_db,ebpf,1,4242,151.94
cdf_db,ebpf,1,4243,191.31
cdf_db,ebpf,1,4244,157.54
cdf_db,ebpf,1,4245,256.33
cdf_db,ebpf,1,4246,223.82
cdf_db,ebpf,1,4247,159.561
cdf_db,ebpf,1,4248,154.2
cdf_db,ebpf,1,4249,159.02
cdf_db,ebpf,1,4250,157.011
cdf_db,ebpf,1,4251,163.19
cdf_db,ebpf,1,4252,205.95
cdf_db,ebpf,1,4253,158.32
cdf_db,ebpf,1,4254,152.21
cdf_db,ebpf,1,4255,160.82
cdf_db,ebpf,1,4256,157.31
cdf_db,ebpf,1,4257,157.13
cdf_db,ebpf,1,4258,204.59
cdf_db,ebpf,1,4259,161.48
cdf_db,ebpf,1,4260,151.43
cdf_db,ebpf,1,4261,174.96
cdf_db,ebpf,1,4262,161.36
cdf_db,ebpf,1,4263,154.7
cdf_db,ebpf,1,4264,222.16
cdf_db,ebpf,1,4265,159.94
cdf_db,ebpf,1,4266,151.45
cdf_db,ebpf,1,4267,159.81
cdf_db,ebpf,1,4268,157.34
cdf_db,ebpf,1,4269,157.67
cdf_db,ebpf,1,4270,201.49
cdf_db,ebpf,1,4271,155.55
cdf_db,ebpf,1,4272,153.54
cdf_db,ebpf,1,4273,160.76
cdf_db,ebpf,1,4274,156.67
cdf_db,ebpf,1,4275,160.94
cdf_db,ebpf,1,4276,206.27
cdf_db,ebpf,1,4277,162.211
cdf_db,ebpf,1,4278,153.46
cdf_db,ebpf,1,4279,165.929
cdf_db,ebpf,1,4280,158.089
cdf_db,ebpf,1,4281,156.891
cdf_db,ebpf,1,4282,205.761
cdf_db,ebpf,1,4283,159.38
cdf_db,ebpf,1,4284,153.24
cdf_db,ebpf,1,4285,159.91
cdf_db,ebpf,1,4286,157.32
cdf_db,ebpf,1,4287,154.26
cdf_db,ebpf,1,4288,204.28
cdf_db,ebpf,1,4289,152.43
cdf_db,ebpf,1,4290,153.93
cdf_db,ebpf,1,4291,158.5
cdf_db,ebpf,1,4292,161.57
cdf_db,ebpf,1,4293,166.72
cdf_db,ebpf,1,4294,206.26
cdf_db,ebpf,1,4295,156.87
cdf_db,ebpf,1,4296,155.54
cdf_db,ebpf,1,4297,198.83
cdf_db,ebpf,1,4298,157.08
cdf_db,ebpf,1,4299,161.3
cdf_db,ebpf,1,4300,204.62
cdf_db,ebpf,1,4301,159.62
cdf_db,ebpf,1,4302,149.07
cdf_db,ebpf,1,4303,161.19
cdf_db,ebpf,1,4304,158.9
cdf_db,ebpf,1,4305,160.151
cdf_db,ebpf,1,4306,209.691
cdf_db,ebpf,1,4307,156.16
cdf_db,ebpf,1,4308,151.089
cdf_db,ebpf,1,4309,161.74
cdf_db,ebpf,1,4310,155.471
cdf_db,ebpf,1,4311,167.651
cdf_db,ebpf,1,4312,203.09
cdf_db,ebpf,1,4313,157.54
cdf_db,ebpf,1,4314,157.1
cdf_db,ebpf,1,4315,157.61
cdf_db,ebpf,1,4316,152.75
cdf_db,ebpf,1,4317,164.26
cdf_db,ebpf,1,4318,204.0
cdf_db,ebpf,1,4319,155.71
cdf_db,ebpf,1,4320,154.54
cdf_db,ebpf,1,4321,159.74
cdf_db,ebpf,1,4322,154.03
cdf_db,ebpf,1,4323,163.48
cdf_db,ebpf,1,4324,199.03
cdf_db,ebpf,1,4325,154.88
cdf_db,ebpf,1,4326,150.53
cdf_db,ebpf,1,4327,204.24
cdf_db,ebpf,1,4328,156.69
cdf_db,ebpf,1,4329,205.91
cdf_db,ebpf,1,4330,159.14
cdf_db,ebpf,1,4331,157.21
cdf_db,ebpf,1,4332,154.05
cdf_db,ebpf,1,4333,157.22
cdf_db,ebpf,1,4334,177.641
cdf_db,ebpf,1,4335,224.909
cdf_db,ebpf,1,4336,159.309
cdf_db,ebpf,1,4337,152.36
cdf_db,ebpf,1,4338,150.4
cdf_db,ebpf,1,4339,156.8
cdf_db,ebpf,1,4340,157.29
cdf_db,ebpf,1,4341,203.89
cdf_db,ebpf,1,4342,155.3
cdf_db,ebpf,1,4343,149.4
cdf_db,ebpf,1,4344,156.46
cdf_db,ebpf,1,4345,152.91
cdf_db,ebpf,1,4346,150.88
cdf_db,ebpf,1,4347,227.36
cdf_db,ebpf,1,4348,157.02
cdf_db,ebpf,1,4349,189.4
cdf_db,ebpf,1,4350,156.49
cdf_db,ebpf,1,4351,155.36
cdf_db,ebpf,1,4352,150.42
cdf_db,ebpf,1,4353,212.22
cdf_db,ebpf,1,4354,157.64
cdf_db,ebpf,1,4355,149.25
cdf_db,ebpf,1,4356,158.68
cdf_db,ebpf,1,4357,155.56
cdf_db,ebpf,1,4358,151.75
cdf_db,ebpf,1,4359,212.56
cdf_db,ebpf,1,4360,157.2
cdf_db,ebpf,1,4361,152.85
cdf_db,ebpf,1,4362,156.29
cdf_db,ebpf,1,4363,153.64
cdf_db,ebpf,1,4364,157.271
cdf_db,ebpf,1,4365,255.491
cdf_db,ebpf,1,4366,161.12
cdf_db,ebpf,1,4367,150.88
cdf_db,ebpf,1,4368,158.1
cdf_db,ebpf,1,4369,154.22
cdf_db,ebpf,1,4370,152.21
cdf_db,ebpf,1,4371,212.36
cdf_db,ebpf,1,4372,158.78
cdf_db,ebpf,1,4373,153.97
cdf_db,ebpf,1,4374,157.64
cdf_db,ebpf,1,4375,156.81
cdf_db,ebpf,1,4376,152.92
cdf_db,ebpf,1,4377,509.96
cdf_db,ebpf,1,4378,236.7
cdf_db,ebpf,1,4379,154.35
cdf_db,ebpf,1,4380,169.04
cdf_db,ebpf,1,4381,202.98
cdf_db,ebpf,1,4382,171.78
cdf_db,ebpf,1,4383,159.88
cdf_db,ebpf,1,4384,153.58
cdf_db,ebpf,1,4385,157.74
cdf_db,ebpf,1,4386,157.41
cdf_db,ebpf,1,4387,261.12
cdf_db,ebpf,1,4388,161.231
cdf_db,ebpf,1,4389,156.92
cdf_db,ebpf,1,4390,155.989
cdf_db,ebpf,1,4391,157.35
cdf_db,ebpf,1,4392,210.36
cdf_db,ebpf,1,4393,189.57
cdf_db,ebpf,1,4394,159.98
cdf_db,ebpf,1,4395,157.83
cdf_db,ebpf,1,4396,151.59
cdf_db,ebpf,1,4397,156.12
cdf_db,ebpf,1,4398,245.86
cdf_db,ebpf,1,4399,150.75
cdf_db,ebpf,1,4400,160.48
cdf_db,ebpf,1,4401,158.5
cdf_db,ebpf,1,4402,194.06
cdf_db,ebpf,1,4403,160.22
cdf_db,ebpf,1,4404,202.39
cdf_db,ebpf,1,4405,190.38
cdf_db,ebpf,1,4406,159.4
cdf_db,ebpf,1,4407,195.04
cdf_db,ebpf,1,4408,198.84
cdf_db,ebpf,1,4409,280.06
cdf_db,ebpf,1,4410,239.22
cdf_db,ebpf,1,4411,152.57
cdf_db,ebpf,1,4412,162.93
cdf_db,ebpf,1,4413,170.58
cdf_db,ebpf,1,4414,199.97
cdf_db,ebpf,1,4415,161.11
cdf_db,ebpf,1,4416,159.0
cdf_db,ebpf,1,4417,152.77
cdf_db,ebpf,1,4418,155.98
cdf_db,ebpf,1,4419,163.169
cdf_db,ebpf,1,4420,204.011
cdf_db,ebpf,1,4421,159.851
cdf_db,ebpf,1,4422,154.27
cdf_db,ebpf,1,4423,153.55
cdf_db,ebpf,1,4424,155.47
cdf_db,ebpf,1,4425,160.11
cdf_db,ebpf,1,4426,205.53
cdf_db,ebpf,1,4427,162.49
cdf_db,ebpf,1,4428,155.16
cdf_db,ebpf,1,4429,154.83
cdf_db,ebpf,1,4430,159.83
cdf_db,ebpf,1,4431,165.49
cdf_db,ebpf,1,4432,216.34
cdf_db,ebpf,1,4433,174.34
cdf_db,ebpf,1,4434,158.76
cdf_db,ebpf,1,4435,151.98
cdf_db,ebpf,1,4436,158.1
cdf_db,ebpf,1,4437,163.81
cdf_db,ebpf,1,4438,205.34
cdf_db,ebpf,1,4439,162.19
cdf_db,ebpf,1,4440,155.78
cdf_db,ebpf,1,4441,158.93
cdf_db,ebpf,1,4442,165.17
cdf_db,ebpf,1,4443,164.17
cdf_db,ebpf,1,4444,196.291
cdf_db,ebpf,1,4445,160.109
cdf_db,ebpf,1,4446,155.651
cdf_db,ebpf,1,4447,154.88
cdf_db,ebpf,1,4448,157.989
cdf_db,ebpf,1,4449,159.82
cdf_db,ebpf,1,4450,196.52
cdf_db,ebpf,1,4451,157.81
cdf_db,ebpf,1,4452,152.86
cdf_db,ebpf,1,4453,152.31
cdf_db,ebpf,1,4454,158.3
cdf_db,ebpf,1,4455,161.31
cdf_db,ebpf,1,4456,198.01
cdf_db,ebpf,1,4457,156.14
cdf_db,ebpf,1,4458,192.51
cdf_db,ebpf,1,4459,149.99
cdf_db,ebpf,1,4460,157.9
cdf_db,ebpf,1,4461,157.31
cdf_db,ebpf,1,4462,203.89
cdf_db,ebpf,1,4463,161.64
cdf_db,ebpf,1,4464,156.24
cdf_db,ebpf,1,4465,150.21
cdf_db,ebpf,1,4466,156.19
cdf_db,ebpf,1,4467,163.05
cdf_db,ebpf,1,4468,198.25
cdf_db,ebpf,1,4469,161.2
cdf_db,ebpf,1,4470,156.2
cdf_db,ebpf,1,4471,148.84
cdf_db,ebpf,1,4472,157.54
cdf_db,ebpf,1,4473,162.04
cdf_db,ebpf,1,4474,200.231
cdf_db,ebpf,1,4475,160.54
cdf_db,ebpf,1,4476,153.671
cdf_db,ebpf,1,4477,151.84
cdf_db,ebpf,1,4478,156.131
cdf_db,ebpf,1,4479,151.84
cdf_db,ebpf,1,4480,221.39
cdf_db,ebpf,1,4481,159.11
cdf_db,ebpf,1,4482,155.05
cdf_db,ebpf,1,4483,156.53
cdf_db,ebpf,1,4484,160.66
cdf_db,ebpf,1,4485,161.3
cdf_db,ebpf,1,4486,218.03
cdf_db,ebpf,1,4487,155.74
cdf_db,ebpf,1,4488,194.14
cdf_db,ebpf,1,4489,149.84
cdf_db,ebpf,1,4490,157.4
cdf_db,ebpf,1,4491,161.97
cdf_db,ebpf,1,4492,194.24
cdf_db,ebpf,1,4493,156.56
cdf_db,ebpf,1,4494,154.98
cdf_db,ebpf,1,4495,152.0
cdf_db,ebpf,1,4496,154.75
cdf_db,ebpf,1,4497,156.24
cdf_db,ebpf,1,4498,198.67
cdf_db,ebpf,1,4499,168.84
cdf_db,ebpf,1,4500,154.84
cdf_db,ebpf,1,4501,150.17
cdf_db,ebpf,1,4502,157.311
cdf_db,ebpf,1,4503,159.491
cdf_db,ebpf,1,4504,198.451
cdf_db,ebpf,1,4505,169.44
cdf_db,ebpf,1,4506,153.19
cdf_db,ebpf,1,4507,151.11
cdf_db,ebpf,1,4508,156.86
cdf_db,ebpf,1,4509,160.19
cdf_db,ebpf,1,4510,236.88
cdf_db,ebpf,1,4511,154.93
cdf_db,ebpf,1,4512,153.9
cdf_db,ebpf,1,4513,153.15
cdf_db,ebpf,1,4514,166.83
cdf_db,ebpf,1,4515,161.45
cdf_db,ebpf,1,4516,195.5
cdf_db,ebpf,1,4517,175.45
cdf_db,ebpf,1,4518,156.19
cdf_db,ebpf,1,4519,151.52
cdf_db,ebpf,1,4520,167.31
cdf_db,ebpf,1,4521,160.76
cdf_db,ebpf,1,4522,194.41
cdf_db,ebpf,1,4523,156.06
cdf_db,ebpf,1,4524,153.88
cdf_db,ebpf,1,4525,153.68
cdf_db,ebpf,1,4526,164.02
cdf_db,ebpf,1,4527,206.89
cdf_db,ebpf,1,4528,199.27
cdf_db,ebpf,1,4529,163.48
cdf_db,ebpf,1,4530,154.46
cdf_db,ebpf,1,4531,151.189
cdf_db,ebpf,1,4532,154.909
cdf_db,ebpf,1,4533,159.971
cdf_db,ebpf,1,4534,193.04
cdf_db,ebpf,1,4535,157.32
cdf_db,ebpf,1,4536,155.15
cdf_db,ebpf,1,4537,149.47
cdf_db,ebpf,1,4538,156.81
cdf_db,ebpf,1,4539,160.87
cdf_db,ebpf,1,4540,240.68
cdf_db,ebpf,1,4541,160.54
cdf_db,ebpf,1,4542,162.93
cdf_db,ebpf,1,4543,152.29
cdf_db,ebpf,1,4544,163.54
cdf_db,ebpf,1,4545,202.81
cdf_db,ebpf,1,4546,165.09
cdf_db,ebpf,1,4547,158.39
cdf_db,ebpf,1,4548,155.23
cdf_db,ebpf,1,4549,152.94
cdf_db,ebpf,1,4550,195.72
cdf_db,ebpf,1,4551,206.01
cdf_db,ebpf,1,4552,159.55
cdf_db,ebpf,1,4553,176.25
cdf_db,ebpf,1,4554,150.51
cdf_db,ebpf,1,4555,170.44
cdf_db,ebpf,1,4556,154.08
cdf_db,ebpf,1,4557,260.54
cdf_db,ebpf,1,4558,166.73
cdf_db,ebpf,1,4559,154.74
cdf_db,ebpf,1,4560,154.12
cdf_db,ebpf,1,4561,152.42
cdf_db,ebpf,1,4562,204.78
cdf_db,ebpf,1,4563,191.84
cdf_db,ebpf,1,4564,165.1
cdf_db,ebpf,1,4565,157.03
cdf_db,ebpf,1,4566,188.4
cdf_db,ebpf,1,4567,157.66
cdf_db,ebpf,1,4568,208.94
cdf_db,ebpf,1,4569,187.83
cdf_db,ebpf,1,4570,157.15
cdf_db,ebpf,1,4571,153.09
cdf_db,ebpf,1,4572,196.1
cdf_db,ebpf,1,4573,208.17
cdf_db,ebpf,1,4574,275.22
cdf_db,ebpf,1,4575,149.82
cdf_db,ebpf,1,4576,158.22
cdf_db,ebpf,1,4577,156.56
cdf_db,ebpf,1,4578,149.43
cdf_db,ebpf,1,4579,210.1
cdf_db,ebpf,1,4580,158.48
cdf_db,ebpf,1,4581,149.13
cdf_db,ebpf,1,4582,155.39
cdf_db,ebpf,1,4583,153.23
cdf_db,ebpf,1,4584,152.05
cdf_db,ebpf,1,4585,208.44
cdf_db,ebpf,1,4586,155.53
cdf_db,ebpf,1,4587,147.49
cdf_db,ebpf,1,4588,155.2
cdf_db,ebpf,1,4589,154.02
cdf_db,ebpf,1,4590,147.0
cdf_db,ebpf,1,4591,155.64
cdf_db,ebpf,1,4592,216.021
cdf_db,ebpf,1,4593,146.84
cdf_db,ebpf,1,4594,157.24
cdf_db,ebpf,1,4595,158.09
cdf_db,ebpf,1,4596,150.7
cdf_db,ebpf,1,4597,162.27
cdf_db,ebpf,1,4598,199.46
cdf_db,ebpf,1,4599,147.16
cdf_db,ebpf,1,4600,156.78
cdf_db,ebpf,1,4601,153.29
cdf_db,ebpf,1,4602,146.08
cdf_db,ebpf,1,4603,164.97
cdf_db,ebpf,1,4604,210.76
cdf_db,ebpf,1,4605,155.79
cdf_db,ebpf,1,4606,165.64
cdf_db,ebpf,1,4607,158.93
cdf_db,ebpf,1,4608,154.27
cdf_db,ebpf,1,4609,163.14
cdf_db,ebpf,1,4610,201.77
cdf_db,ebpf,1,4611,149.51
cdf_db,ebpf,1,4612,155.47
cdf_db,ebpf,1,4613,152.08
cdf_db,ebpf,1,4614,146.98
cdf_db,ebpf,1,4615,164.06
cdf_db,ebpf,1,4616,203.521
cdf_db,ebpf,1,4617,149.109
cdf_db,ebpf,1,4618,159.98
cdf_db,ebpf,1,4619,156.051
cdf_db,ebpf,1,4620,149.3
cdf_db,ebpf,1,4621,216.4
cdf_db,ebpf,1,4622,199.991
cdf_db,ebpf,1,4623,146.43
cdf_db,ebpf,1,4624,158.54
cdf_db,ebpf,1,4625,156.11
cdf_db,ebpf,1,4626,160.15
cdf_db,ebpf,1,4627,162.33
cdf_db,ebpf,1,4628,219.62
cdf_db,ebpf,1,4629,150.56
cdf_db,ebpf,1,4630,158.59
cdf_db,ebpf,1,4631,151.17
cdf_db,ebpf,1,4632,145.93
cdf_db,ebpf,1,4633,161.06
cdf_db,ebpf,1,4634,210.61
cdf_db,ebpf,1,4635,148.0
cdf_db,ebpf,1,4636,157.22
cdf_db,ebpf,1,4637,151.21
cdf_db,ebpf,1,4638,146.36
cdf_db,ebpf,1,4639,155.42
cdf_db,ebpf,1,4640,204.13
cdf_db,ebpf,1,4641,152.04
cdf_db,ebpf,1,4642,156.2
cdf_db,ebpf,1,4643,152.34
cdf_db,ebpf,1,4644,149.92
cdf_db,ebpf,1,4645,154.5
cdf_db,ebpf,1,4646,208.731
cdf_db,ebpf,1,4647,146.791
cdf_db,ebpf,1,4648,156.02
cdf_db,ebpf,1,4649,153.149
cdf_db,ebpf,1,4650,147.57
cdf_db,ebpf,1,4651,194.35
cdf_db,ebpf,1,4652,206.06
cdf_db,ebpf,1,4653,149.12
cdf_db,ebpf,1,4654,158.43
cdf_db,ebpf,1,4655,151.72
cdf_db,ebpf,1,4656,148.21
cdf_db,ebpf,1,4657,150.81
cdf_db,ebpf,1,4658,203.4
cdf_db,ebpf,1,4659,149.74
cdf_db,ebpf,1,4660,163.3
cdf_db,ebpf,1,4661,154.53
cdf_db,ebpf,1,4662,146.4
cdf_db,ebpf,1,4663,155.44
cdf_db,ebpf,1,4664,475.82
cdf_db,ebpf,1,4665,293.11
cdf_db,ebpf,1,4666,179.86
cdf_db,ebpf,1,4667,182.74
cdf_db,ebpf,1,4668,234.98
cdf_db,ebpf,1,4669,161.1
cdf_db,ebpf,1,4670,165.28
cdf_db,ebpf,1,4671,157.18
cdf_db,ebpf,1,4672,157.08
cdf_db,ebpf,1,4673,263.21
cdf_db,ebpf,1,4674,156.85
cdf_db,ebpf,1,4675,155.929
cdf_db,ebpf,1,4676,155.74
cdf_db,ebpf,1,4677,161.58
cdf_db,ebpf,1,4678,157.99
cdf_db,ebpf,1,4679,211.21
cdf_db,ebpf,1,4680,161.11
cdf_db,ebpf,1,4681,159.18
cdf_db,ebpf,1,4682,153.22
cdf_db,ebpf,1,4683,155.79
cdf_db,ebpf,1,4684,155.22
cdf_db,ebpf,1,4685,206.74
cdf_db,ebpf,1,4686,156.86
cdf_db,ebpf,1,4687,153.04
cdf_db,ebpf,1,4688,148.98
cdf_db,ebpf,1,4689,161.6
cdf_db,ebpf,1,4690,208.05
cdf_db,ebpf,1,4691,202.34
cdf_db,ebpf,1,4692,158.42
cdf_db,ebpf,1,4693,157.73
cdf_db,ebpf,1,4694,152.78
cdf_db,ebpf,1,4695,157.76
cdf_db,ebpf,1,4696,161.01
cdf_db,ebpf,1,4697,196.83
cdf_db,ebpf,1,4698,159.81
cdf_db,ebpf,1,4699,166.99
cdf_db,ebpf,1,4700,149.91
cdf_db,ebpf,1,4701,160.08
cdf_db,ebpf,1,4702,197.67
cdf_db,ebpf,1,4703,208.651
cdf_db,ebpf,1,4704,155.631
cdf_db,ebpf,1,4705,160.4
cdf_db,ebpf,1,4706,148.36
cdf_db,ebpf,1,4707,157.93
cdf_db,ebpf,1,4708,157.47
cdf_db,ebpf,1,4709,201.97
cdf_db,ebpf,1,4710,155.33
cdf_db,ebpf,1,4711,152.02
cdf_db,ebpf,1,4712,196.46
cdf_db,ebpf,1,4713,153.74
cdf_db,ebpf,1,4714,150.63
cdf_db,ebpf,1,4715,198.36
cdf_db,ebpf,1,4716,156.5
cdf_db,ebpf,1,4717,152.69
cdf_db,ebpf,1,4718,160.83
cdf_db,ebpf,1,4719,153.98
cdf_db,ebpf,1,4720,205.78
cdf_db,ebpf,1,4721,202.17
cdf_db,ebpf,1,4722,156.76
cdf_db,ebpf,1,4723,152.99
cdf_db,ebpf,1,4724,158.02
cdf_db,ebpf,1,4725,198.01
cdf_db,ebpf,1,4726,209.63
cdf_db,ebpf,1,4727,158.17
cdf_db,ebpf,1,4728,152.89
cdf_db,ebpf,1,4729,191.62
cdf_db,ebpf,1,4730,155.131
cdf_db,ebpf,1,4731,153.329
cdf_db,ebpf,1,4732,209.951
cdf_db,ebpf,1,4733,159.54
cdf_db,ebpf,1,4734,199.65
cdf_db,ebpf,1,4735,152.91
cdf_db,ebpf,1,4736,160.72
cdf_db,ebpf,1,4737,161.35
cdf_db,ebpf,1,4738,194.24
cdf_db,ebpf,1,4739,158.34
cdf_db,ebpf,1,4740,154.98
cdf_db,ebpf,1,4741,147.56
cdf_db,ebpf,1,4742,157.66
cdf_db,ebpf,1,4743,164.92
cdf_db,ebpf,1,4744,200.18
cdf_db,ebpf,1,4745,156.47
cdf_db,ebpf,1,4746,153.54
cdf_db,ebpf,1,4747,152.44
cdf_db,ebpf,1,4748,158.56
cdf_db,ebpf,1,4749,153.64
cdf_db,ebpf,1,4750,201.28
cdf_db,ebpf,1,4751,155.64
cdf_db,ebpf,1,4752,152.06
cdf_db,ebpf,1,4753,147.13
cdf_db,ebpf,1,4754,153.74
cdf_db,ebpf,1,4755,155.08
cdf_db,ebpf,1,4756,201.12
cdf_db,ebpf,1,4757,155.82
cdf_db,ebpf,1,4758,152.92
cdf_db,ebpf,1,4759,189.669
cdf_db,ebpf,1,4760,151.18
cdf_db,ebpf,1,4761,156.42
cdf_db,ebpf,1,4762,204.24
cdf_db,ebpf,1,4763,157.471
cdf_db,ebpf,1,4764,152.18
cdf_db,ebpf,1,4765,148.87
cdf_db,ebpf,1,4766,156.8
cdf_db,ebpf,1,4767,152.9
cdf_db,ebpf,1,4768,202.27
cdf_db,ebpf,1,4769,158.08
cdf_db,ebpf,1,4770,152.65
cdf_db,ebpf,1,4771,148.75
cdf_db,ebpf,1,4772,165.38
cdf_db,ebpf,1,4773,158.45
cdf_db,ebpf,1,4774,215.75
cdf_db,ebpf,1,4775,160.68
cdf_db,ebpf,1,4776,156.28
cdf_db,ebpf,1,4777,174.27
cdf_db,ebpf,1,4778,194.81
cdf_db,ebpf,1,4779,154.03
cdf_db,ebpf,1,4780,201.79
cdf_db,ebpf,1,4781,152.56
cdf_db,ebpf,1,4782,154.08
cdf_db,ebpf,1,4783,149.36
cdf_db,ebpf,1,4784,156.58
cdf_db,ebpf,1,4785,153.34
cdf_db,ebpf,1,4786,201.32
cdf_db,ebpf,1,4787,157.7
cdf_db,ebpf,1,4788,177.809
cdf_db,ebpf,1,4789,150.54
cdf_db,ebpf,1,4790,158.109
cdf_db,ebpf,1,4791,208.02
cdf_db,ebpf,1,4792,196.151
cdf_db,ebpf,1,4793,158.09
cdf_db,ebpf,1,4794,154.41
cdf_db,ebpf,1,4795,147.88
cdf_db,ebpf,1,4796,157.46
cdf_db,ebpf,1,4797,153.82
cdf_db,ebpf,1,4798,219.01
cdf_db,ebpf,1,4799,157.62
cdf_db,ebpf,1,4800,158.25
cdf_db,ebpf,1,4801,158.14
cdf_db,ebpf,1,4802,195.0
cdf_db,ebpf,1,4803,171.85
cdf_db,ebpf,1,4804,205.29
cdf_db,ebpf,1,4805,162.15
cdf_db,ebpf,1,4806,155.59
cdf_db,ebpf,1,4807,150.38
cdf_db,ebpf,1,4808,157.83
cdf_db,ebpf,1,4809,165.96
cdf_db,ebpf,1,4810,245.5
cdf_db,ebpf,1,4811,161.97
cdf_db,ebpf,1,4812,160.14
cdf_db,ebpf,1,4813,152.29
cdf_db,ebpf,1,4814,160.85
cdf_db,ebpf,1,4815,212.32
cdf_db,ebpf,1,4816,456.58
cdf_db,ebpf,1,4817,184.14
cdf_db,ebpf,1,4818,158.6
cdf_db,ebpf,1,4819,209.04
cdf_db,ebpf,1,4820,202.63
cdf_db,ebpf,1,4821,157.68
cdf_db,ebpf,1,4822,151.35
cdf_db,ebpf,1,4823,205.7
cdf_db,ebpf,1,4824,160.19
cdf_db,ebpf,1,4825,198.68
cdf_db,ebpf,1,4826,199.13
cdf_db,ebpf,1,4827,197.8
cdf_db,ebpf,1,4828,221.35
cdf_db,ebpf,1,4829,161.23
cdf_db,ebpf,1,4830,202.46
cdf_db,ebpf,1,4831,155.35
cdf_db,ebpf,1,4832,155.85
cdf_db,ebpf,1,4833,154.21
cdf_db,ebpf,1,4834,154.05
cdf_db,ebpf,1,4835,166.14
cdf_db,ebpf,1,4836,202.23
cdf_db,ebpf,1,4837,149.67
cdf_db,ebpf,1,4838,157.28
cdf_db,ebpf,1,4839,154.21
cdf_db,ebpf,1,4840,149.53
cdf_db,ebpf,1,4841,157.76
cdf_db,ebpf,1,4842,207.321
cdf_db,ebpf,1,4843,151.16
cdf_db,ebpf,1,4844,156.58
cdf_db,ebpf,1,4845,167.431
cdf_db,ebpf,1,4846,147.61
cdf_db,ebpf,1,4847,159.77
cdf_db,ebpf,1,4848,229.91
cdf_db,ebpf,1,4849,149.92
cdf_db,ebpf,1,4850,158.78
cdf_db,ebpf,1,4851,156.54
cdf_db,ebpf,1,4852,150.52
cdf_db,ebpf,1,4853,202.4
cdf_db,ebpf,1,4854,201.65
cdf_db,ebpf,1,4855,157.5
cdf_db,ebpf,1,4856,163.34
cdf_db,ebpf,1,4857,161.51
cdf_db,ebpf,1,4858,151.21
cdf_db,ebpf,1,4859,163.86
cdf_db,ebpf,1,4860,213.24
cdf_db,ebpf,1,4861,156.93
cdf_db,ebpf,1,4862,160.16
cdf_db,ebpf,1,4863,156.88
cdf_db,ebpf,1,4864,149.94
cdf_db,ebpf,1,4865,164.86
cdf_db,ebpf,1,4866,206.81
cdf_db,ebpf,1,4867,149.71
cdf_db,ebpf,1,4868,160.62
cdf_db,ebpf,1,4869,156.19
cdf_db,ebpf,1,4870,149.92
cdf_db,ebpf,1,4871,197.271
cdf_db,ebpf,1,4872,206.72
cdf_db,ebpf,1,4873,153.371
cdf_db,ebpf,1,4874,162.121
cdf_db,ebpf,1,4875,155.71
cdf_db,ebpf,1,4876,145.9
cdf_db,ebpf,1,4877,162.7
cdf_db,ebpf,1,4878,203.34
cdf_db,ebpf,1,4879,148.03
cdf_db,ebpf,1,4880,156.75
cdf_db,ebpf,1,4881,153.13
cdf_db,ebpf,1,4882,151.28
cdf_db,ebpf,1,4883,158.92
cdf_db,ebpf,1,4884,245.9
cdf_db,ebpf,1,4885,151.43
cdf_db,ebpf,1,4886,171.96
cdf_db,ebpf,1,4887,156.29
cdf_db,ebpf,1,4888,149.88
cdf_db,ebpf,1,4889,166.26
cdf_db,ebpf,1,4890,201.02
cdf_db,ebpf,1,4891,147.15
cdf_db,ebpf,1,4892,157.56
cdf_db,ebpf,1,4893,155.53
cdf_db,ebpf,1,4894,148.84
cdf_db,ebpf,1,4895,166.15
cdf_db,ebpf,1,4896,203.26
cdf_db,ebpf,1,4897,151.66
cdf_db,ebpf,1,4898,160.92
cdf_db,ebpf,1,4899,155.21
cdf_db,ebpf,1,4900,145.62
cdf_db,ebpf,1,4901,163.391
cdf_db,ebpf,1,4902,200.82
cdf_db,ebpf,1,4903,190.32
cdf_db,ebpf,1,4904,155.249
cdf_db,ebpf,1,4905,154.54
cdf_db,ebpf,1,4906,151.47
cdf_db,ebpf,1,4907,160.61
cdf_db,ebpf,1,4908,200.2
cdf_db,ebpf,1,4909,150.65
cdf_db,ebpf,1,4910,161.42
cdf_db,ebpf,1,4911,158.63
cdf_db,ebpf,1,4912,148.31
cdf_db,ebpf,1,4913,161.37
cdf_db,ebpf,1,4914,200.27
cdf_db,ebpf,1,4915,152.57
cdf_db,ebpf,1,4916,160.83
cdf_db,ebpf,1,4917,153.01
cdf_db,ebpf,1,4918,163.36
cdf_db,ebpf,1,4919,162.78
cdf_db,ebpf,1,4920,222.1
cdf_db,ebpf,1,4921,152.46
cdf_db,ebpf,1,4922,159.16
cdf_db,ebpf,1,4923,155.73
cdf_db,ebpf,1,4924,151.21
cdf_db,ebpf,1,4925,173.05
cdf_db,ebpf,1,4926,212.85
cdf_db,ebpf,1,4927,152.44
cdf_db,ebpf,1,4928,157.671
cdf_db,ebpf,1,4929,157.189
cdf_db,ebpf,1,4930,188.78
cdf_db,ebpf,1,4931,165.569
cdf_db,ebpf,1,4932,204.58
cdf_db,ebpf,1,4933,152.85
cdf_db,ebpf,1,4934,164.81
cdf_db,ebpf,1,4935,160.16
cdf_db,ebpf,1,4936,150.27
cdf_db,ebpf,1,4937,205.36
cdf_db,ebpf,1,4938,153.2
cdf_db,ebpf,1,4939,148.89
cdf_db,ebpf,1,4940,155.91
cdf_db,ebpf,1,4941,153.98
cdf_db,ebpf,1,4942,149.76
cdf_db,ebpf,1,4943,159.31
cdf_db,ebpf,1,4944,197.22
cdf_db,ebpf,1,4945,144.96
cdf_db,ebpf,1,4946,156.46
cdf_db,ebpf,1,4947,158.79
cdf_db,ebpf,1,4948,149.68
cdf_db,ebpf,1,4949,164.04
cdf_db,ebpf,1,4950,248.7
cdf_db,ebpf,1,4951,156.64
cdf_db,ebpf,1,4952,149.02
cdf_db,ebpf,1,4953,155.39
cdf_db,ebpf,1,4954,154.42
cdf_db,ebpf,1,4955,154.15
cdf_db,ebpf,1,4956,202.23
cdf_db,ebpf,1,4957,155.32
cdf_db,ebpf,1,4958,150.47
cdf_db,ebpf,1,4959,156.28
cdf_db,ebpf,1,4960,151.24
cdf_db,ebpf,1,4961,154.501
cdf_db,ebpf,1,4962,229.28
cdf_db,ebpf,1,4963,158.46
cdf_db,ebpf,1,4964,149.08
cdf_db,ebpf,1,4965,157.03
cdf_db,ebpf,1,4966,189.29
cdf_db,ebpf,1,4967,152.27
cdf_db,ebpf,1,4968,202.19
cdf_db,ebpf,1,4969,155.07
cdf_db,ebpf,1,4970,148.91
cdf_db,ebpf,1,4971,154.88
cdf_db,ebpf,1,4972,149.66
cdf_db,ebpf,1,4973,153.6
cdf_db,ebpf,1,4974,201.92
cdf_db,ebpf,1,4975,149.11
cdf_db,ebpf,1,4976,160.36
cdf_db,ebpf,1,4977,209.4
cdf_db,ebpf,1,4978,151.63
cdf_db,ebpf,1,4979,165.74
cdf_db,ebpf,1,4980,197.76
cdf_db,ebpf,1,4981,147.36
cdf_db,ebpf,1,4982,158.1
cdf_db,ebpf,1,4983,155.65
cdf_db,ebpf,1,4984,150.97
cdf_db,ebpf,1,4985,162.44
cdf_db,ebpf,1,4986,241.54
cdf_db,ebpf,1,4987,146.2
cdf_db,ebpf,1,4988,160.071
cdf_db,ebpf,1,4989,155.82
cdf_db,ebpf,1,4990,145.88
cdf_db,ebpf,1,4991,171.65
cdf_db,ebpf,1,4992,221.02
cdf_db,ebpf,1,4993,193.95
cdf_db,ebpf,1,4994,160.48
cdf_db,ebpf,1,4995,158.3
cdf_db,ebpf,1,4996,147.37
cdf_db,ebpf,1,4997,210.27
cdf_db,ebpf,1,4998,193.51
cdf_db,ebpf,1,4999,149.68
cdf_db,off,2,0,268.88
cdf_db,off,2,1,229.82
cdf_db,off,2,2,254.46
cdf_db,off,2,3,220.5
cdf_db,off,2,4,265.85
cdf_db,off,2,5,231.47
cdf_db,off,2,6,255.11
cdf_db,off,2,7,228.26
cdf_db,off,2,8,262.26
cdf_db,off,2,9,220.0
cdf_db,off,2,10,254.67
cdf_db,off,2,11,223.02
cdf_db,off,2,12,262.07
cdf_db,off,2,13,290.81
cdf_db,off,2,14,265.07
cdf_db,off,2,15,225.52
cdf_db,off,2,16,270.98
cdf_db,off,2,17,230.81
cdf_db,off,2,18,269.33
cdf_db,off,2,19,226.79
cdf_db,off,2,20,277.79
cdf_db,off,2,21,221.15
cdf_db,off,2,22,262.19
cdf_db,off,2,23,240.26
cdf_db,off,2,24,271.96
cdf_db,off,2,25,255.05
cdf_db,off,2,26,256.62
cdf_db,off,2,27,221.94
cdf_db,off,2,28,309.41
cdf_db,off,2,29,237.95
cdf_db,off,2,30,260.26
cdf_db,off,2,31,223.15
cdf_db,off,2,32,267.02
cdf_db,off,2,33,232.24
cdf_db,off,2,34,259.98
cdf_db,off,2,35,229.65
cdf_db,off,2,36,280.38
cdf_db,off,2,37,224.15
cdf_db,off,2,38,266.73
cdf_db,off,2,39,232.33
cdf_db,off,2,40,275.19
cdf_db,off,2,41,286.49
cdf_db,off,2,42,294.66
cdf_db,off,2,43,239.55
cdf_db,off,2,44,261.12
cdf_db,off,2,45,226.36
cdf_db,off,2,46,264.59
cdf_db,off,2,47,229.89
cdf_db,off,2,48,262.93
cdf_db,off,2,49,223.68
cdf_db,off,2,50,255.26
cdf_db,off,2,51,225.64
cdf_db,off,2,52,279.82
cdf_db,off,2,53,231.631
cdf_db,off,2,54,264.881
cdf_db,off,2,55,236.36
cdf_db,off,2,56,268.13
cdf_db,off,2,57,230.52
cdf_db,off,2,58,255.52
cdf_db,off,2,59,244.61
cdf_db,off,2,60,271.3
cdf_db,off,2,61,233.09
cdf_db,off,2,62,267.03
cdf_db,off,2,63,231.06
cdf_db,off,2,64,271.27
cdf_db,off,2,65,234.89
cdf_db,off,2,66,265.12
cdf_db,off,2,67,240.17
cdf_db,off,2,68,265.66
cdf_db,off,2,69,225.43
cdf_db,off,2,70,253.64
cdf_db,off,2,71,225.96
cdf_db,off,2,72,265.18
cdf_db,off,2,73,228.24
cdf_db,off,2,74,209.34
cdf_db,off,2,75,253.749
cdf_db,off,2,76,229.201
cdf_db,off,2,77,260.1
cdf_db,off,2,78,220.61
cdf_db,off,2,79,263.52
cdf_db,off,2,80,229.77
cdf_db,off,2,81,262.56
cdf_db,off,2,82,237.22
cdf_db,off,2,83,271.41
cdf_db,off,2,84,235.13
cdf_db,off,2,85,256.33
cdf_db,off,2,86,222.56
cdf_db,off,2,87,267.62
cdf_db,off,2,88,240.6
cdf_db,off,2,89,272.97
cdf_db,off,2,90,238.13
cdf_db,off,2,91,264.789
cdf_db,off,2,92,235.311
cdf_db,off,2,93,256.14
cdf_db,off,2,94,225.011
cdf_db,off,2,95,264.021
cdf_db,off,2,96,241.86
cdf_db,off,2,97,255.9
cdf_db,off,2,98,228.4
cdf_db,off,2,99,348.49
cdf_db,off,2,100,238.37
cdf_db,off,2,101,265.61
cdf_db,off,2,102,231.14
cdf_db,off,2,103,271.55
cdf_db,off,2,104,237.31
cdf_db,off,2,105,268.85
cdf_db,off,2,106,228.84
cdf_db,off,2,107,262.6
cdf_db,off,2,108,241.28
cdf_db,off,2,109,259.01
cdf_db,off,2,110,223.8
cdf_db,off,2,111,330.589
cdf_db,off,2,112,230.191
cdf_db,off,2,113,455.061
cdf_db,off,2,114,247.46
cdf_db,off,2,115,275.62
cdf_db,off,2,116,227.11
cdf_db,off,2,117,271.34
cdf_db,off,2,118,233.9
cdf_db,off,2,119,261.13
cdf_db,off,2,120,237.42
cdf_db,off,2,121,264.11
cdf_db,off,2,122,230.54
cdf_db,off,2,123,260.29
cdf_db,off,2,124,222.0
cdf_db,off,2,125,257.55
cdf_db,off,2,126,236.19
cdf_db,off,2,127,264.63
cdf_db,off,2,128,231.481
cdf_db,off,2,129,262.209
cdf_db,off,2,130,229.461
cdf_db,off,2,131,262.34
cdf_db,off,2,132,222.36
cdf_db,off,2,133,268.87
cdf_db,off,2,134,231.45
cdf_db,off,2,135,259.21
cdf_db,off,2,136,230.8
cdf_db,off,2,137,274.06
cdf_db,off,2,138,227.58
cdf_db,off,2,139,269.05
cdf_db,off,2,140,223.08
cdf_db,off,2,141,255.59
cdf_db,off,2,142,219.92
cdf_db,off,2,143,278.68
cdf_db,off,2,144,221.91
cdf_db,off,2,145,259.0
cdf_db,off,2,146,230.81
cdf_db,off,2,147,276.86
cdf_db,off,2,148,222.02
cdf_db,off,2,149,255.811
cdf_db,off,2,150,233.28
cdf_db,off,2,151,277.59
cdf_db,off,2,152,238.68
cdf_db,off,2,153,260.71
cdf_db,off,2,154,229.87
cdf_db,off,2,155,277.52
cdf_db,off,2,156,226.79
cdf_db,off,2,157,255.62
cdf_db,off,2,158,230.0
cdf_db,off,2,159,272.96
cdf_db,off,2,160,233.22
cdf_db,off,2,161,270.62
cdf_db,off,2,162,228.56
cdf_db,off,2,163,281.2
cdf_db,off,2,164,234.89
cdf_db,off,2,165,266.15
cdf_db,off,2,166,230.48
cdf_db,off,2,167,261.77
cdf_db,off,2,168,256.28
cdf_db,off,2,169,262.7
cdf_db,off,2,170,229.22
cdf_db,off,2,171,268.83
cdf_db,off,2,172,226.67
cdf_db,off,2,173,267.33
cdf_db,off,2,174,228.92
cdf_db,off,2,175,262.13
cdf_db,off,2,176,264.34
cdf_db,off,2,177,265.51
cdf_db,off,2,178,228.41
cdf_db,off,2,179,274.27
cdf_db,off,2,180,221.96
cdf_db,off,2,181,263.1
cdf_db,off,2,182,225.63
cdf_db,off,2,183,262.09
cdf_db,off,2,184,230.72
cdf_db,off,2,185,263.87
cdf_db,off,2,186,242.721
cdf_db,off,2,187,269.94
cdf_db,off,2,188,237.329
cdf_db,off,2,189,272.94
cdf_db,off,2,190,235.371
cdf_db,off,2,191,1858.52
cdf_db,off,2,192,276.66
cdf_db,off,2,193,257.19
cdf_db,off,2,194,216.31
cdf_db,off,2,195,220.01
cdf_db,off,2,196,221.95
cdf_db,off,2,197,285.82
cdf_db,off,2,198,205.91
cdf_db,off,2,199,213.751
cdf_db,off,2,200,221.751
cdf_db,off,2,201,207.711
cdf_db,off,2,202,217.92
cdf_db,off,2,203,212.521
cdf_db,off,2,204,200.04
cdf_db,off,2,205,216.96
cdf_db,off,2,206,205.8
cdf_db,off,2,207,198.93
cdf_db,off,2,208,251.39
cdf_db,off,2,209,207.39
cdf_db,off,2,210,210.08
cdf_db,off,2,211,209.74
cdf_db,off,2,212,222.7
cdf_db,off,2,213,206.54
cdf_db,off,2,214,210.96
cdf_db,off,2,215,213.71
cdf_db,off,2,216,206.38
cdf_db,off,2,217,200.73
cdf_db,off,2,218,208.59
cdf_db,off,2,219,211.16
cdf_db,off,2,220,199.92
cdf_db,off,2,221,205.74
cdf_db,off,2,222,207.51
cdf_db,off,2,223,203.02
cdf_db,off,2,224,210.94
cdf_db,off,2,225,205.09
cdf_db,off,2,226,199.18
cdf_db,off,2,227,207.66
cdf_db,off,2,228,203.11
cdf_db,off,2,229,205.5
cdf_db,off,2,230,223.71
cdf_db,off,2,231,215.77
cdf_db,off,2,232,199.5
cdf_db,off,2,233,212.95
cdf_db,off,2,234,226.09
cdf_db,off,2,235,211.39
cdf_db,off,2,236,213.32
cdf_db,off,2,237,205.55
cdf_db,off,2,238,211.98
cdf_db,off,2,239,227.97
cdf_db,off,2,240,206.64
cdf_db,off,2,241,202.33
cdf_db,off,2,242,219.77
cdf_db,off,2,243,228.81
cdf_db,off,2,244,206.49
cdf_db,off,2,245,214.7
cdf_db,off,2,246,198.17
cdf_db,off,2,247,211.8
cdf_db,off,2,248,230.05
cdf_db,off,2,249,198.911
cdf_db,off,2,250,207.581
cdf_db,off,2,251,202.89
cdf_db,off,2,252,206.68
cdf_db,off,2,253,237.36
cdf_db,off,2,254,207.29
cdf_db,off,2,255,225.18
cdf_db,off,2,256,219.62
cdf_db,off,2,257,272.47
cdf_db,off,2,258,207.85
cdf_db,off,2,259,204.69
cdf_db,off,2,260,212.7
cdf_db,off,2,261,217.96
cdf_db,off,2,262,207.89
cdf_db,off,2,263,207.32
cdf_db,off,2,264,211.7
cdf_db,off,2,265,200.12
cdf_db,off,2,266,207.0
cdf_db,off,2,267,203.92
cdf_db,off,2,268,201.43
cdf_db,off,2,269,301.991
cdf_db,off,2,270,203.24
cdf_db,off,2,271,216.32
cdf_db,off,2,272,206.92
cdf_db,off,2,273,204.2
cdf_db,off,2,274,202.11
cdf_db,off,2,275,215.8
cdf_db,off,2,276,210.31
cdf_db,off,2,277,207.93
cdf_db,off,2,278,205.05
cdf_db,off,2,279,210.23
cdf_db,off,2,280,222.4
cdf_db,off,2,281,218.11
cdf_db,off,2,282,214.9
cdf_db,off,2,283,239.83
cdf_db,off,2,284,210.33
cdf_db,off,2,285,212.3
cdf_db,off,2,286,213.02
cdf_db,off,2,287,210.91
cdf_db,off,2,288,205.88
cdf_db,off,2,289,204.02
cdf_db,off,2,290,220.001
cdf_db,off,2,291,208.7
cdf_db,off,2,292,211.589
cdf_db,off,2,293,221.451
cdf_db,off,2,294,208.72
cdf_db,off,2,295,207.241
cdf_db,off,2,296,240.26
cdf_db,off,2,297,205.92
cdf_db,off,2,298,207.37
cdf_db,off,2,299,225.99
cdf_db,off,2,300,209.65
cdf_db,off,2,301,200.61
cdf_db,off,2,302,229.35
cdf_db,off,2,303,221.47
cdf_db,off,2,304,202.75
cdf_db,off,2,305,266.04
cdf_db,off,2,306,265.18
cdf_db,off,2,307,201.15
cdf_db,off,2,308,231.74
cdf_db,off,2,309,206.98
cdf_db,off,2,310,208.81
cdf_db,off,2,311,206.3
cdf_db,off,2,312,205.181
cdf_db,off,2,313,204.149
cdf_db,off,2,314,203.929
cdf_db,off,2,315,204.911
cdf_db,off,2,316,206.891
cdf_db,off,2,317,228.34
cdf_db,off,2,318,208.96
cdf_db,off,2,319,202.48
cdf_db,off,2,320,206.95
cdf_db,off,2,321,204.13
cdf_db,off,2,322,213.31
cdf_db,off,2,323,209.19
cdf_db,off,2,324,205.9
cdf_db,off,2,325,198.16
cdf_db,off,2,326,211.97
cdf_db,off,2,327,218.16
cdf_db,off,2,328,207.57
cdf_db,off,2,329,227.43
cdf_db,off,2,330,205.05
cdf_db,off,2,331,203.9
cdf_db,off,2,332,215.93
cdf_db,off,2,333,204.34
cdf_db,off,2,334,202.27
cdf_db,off,2,335,216.071
cdf_db,off,2,336,216.96
cdf_db,off,2,337,202.56
cdf_db,off,2,338,207.74
cdf_db,off,2,339,203.62
cdf_db,off,2,340,196.47
cdf_db,off,2,341,215.64
cdf_db,off,2,342,206.41
cdf_db,off,2,343,198.66
cdf_db,off,2,344,203.51
cdf_db,off,2,345,203.95
cdf_db,off,2,346,210.18
cdf_db,off,2,347,203.21
cdf_db,off,2,348,211.17
cdf_db,off,2,349,204.58
cdf_db,off,2,350,202.24
cdf_db,off,2,351,222.2
cdf_db,off,2,352,216.22
cdf_db,off,2,353,205.24
cdf_db,off,2,354,199.67
cdf_db,off,2,355,230.02
cdf_db,off,2,356,246.77
cdf_db,off,2,357,197.31
cdf_db,off,2,358,208.97
cdf_db,off,2,359,204.58
cdf_db,off,2,360,200.93
cdf_db,off,2,361,211.16
cdf_db,off,2,362,208.289
cdf_db,off,2,363,213.161
cdf_db,off,2,364,202.86
cdf_db,off,2,365,216.6
cdf_db,off,2,366,200.06
cdf_db,off,2,367,214.57
cdf_db,off,2,368,201.88
cdf_db,off,2,369,196.8
cdf_db,off,2,370,226.18
cdf_db,off,2,371,210.45
cdf_db,off,2,372,200.43
cdf_db,off,2,373,214.49
cdf_db,off,2,374,219.86
cdf_db,off,2,375,201.32
cdf_db,off,2,376,204.22
cdf_db,off,2,377,202.11
cdf_db,off,2,378,197.51
cdf_db,off,2,379,212.04
cdf_db,off,2,380,204.97
cdf_db,off,2,381,203.33
cdf_db,off,2,382,209.21
cdf_db,off,2,383,203.77
cdf_db,off,2,384,200.191
cdf_db,off,2,385,408.011
cdf_db,off,2,386,165.57
cdf_db,off,2,387,136.17
cdf_db,off,2,388,140.28
cdf_db,off,2,389,200.61
cdf_db,off,2,390,144.58
cdf_db,off,2,391,146.46
cdf_db,off,2,392,141.62
cdf_db,off,2,393,132.98
cdf_db,off,2,394,168.89
cdf_db,off,2,395,144.04
cdf_db,off,2,396,178.36
cdf_db,off,2,397,139.36
cdf_db,off,2,398,137.66
cdf_db,off,2,399,130.83
cdf_db,off,2,400,151.07
cdf_db,off,2,401,139.88
cdf_db,off,2,402,132.06
cdf_db,off,2,403,211.19
cdf_db,off,2,404,140.52
cdf_db,off,2,405,138.51
cdf_db,off,2,406,134.07
cdf_db,off,2,407,134.52
cdf_db,off,2,408,134.34
cdf_db,off,2,409,201.49
cdf_db,off,2,410,150.0
cdf_db,off,2,411,138.74
cdf_db,off,2,412,140.24
cdf_db,off,2,413,133.1
cdf_db,off,2,414,143.089
cdf_db,off,2,415,130.44
cdf_db,off,2,416,187.469
cdf_db,off,2,417,135.89
cdf_db,off,2,418,132.69
cdf_db,off,2,419,135.91
cdf_db,off,2,420,147.55
cdf_db,off,2,421,135.53
cdf_db,off,2,422,166.57
cdf_db,off,2,423,183.85
cdf_db,off,2,424,136.26
cdf_db,off,2,425,135.97
cdf_db,off,2,426,135.7
cdf_db,off,2,427,130.05
cdf_db,off,2,428,137.08
cdf_db,off,2,429,143.09
cdf_db,off,2,430,178.31
cdf_db,off,2,431,137.97
cdf_db,off,2,432,136.93
cdf_db,off,2,433,143.74
cdf_db,off,2,434,140.9
cdf_db,off,2,435,139.38
cdf_db,off,2,436,159.09
cdf_db,off,2,437,186.21
cdf_db,off,2,438,136.17
cdf_db,off,2,439,139.29
cdf_db,off,2,440,135.39
cdf_db,off,2,441,138.92
cdf_db,off,2,442,133.4
cdf_db,off,2,443,188.341
cdf_db,off,2,444,136.549
cdf_db,off,2,445,131.5
cdf_db,off,2,446,149.189
cdf_db,off,2,447,136.351
cdf_db,off,2,448,153.08
cdf_db,off,2,449,132.52
cdf_db,off,2,450,196.96
cdf_db,off,2,451,136.52
cdf_db,off,2,452,140.13
cdf_db,off,2,453,132.99
cdf_db,off,2,454,137.27
cdf_db,off,2,455,137.57
cdf_db,off,2,456,137.44
cdf_db,off,2,457,184.97
cdf_db,off,2,458,135.87
cdf_db,off,2,459,137.01
cdf_db,off,2,460,132.02
cdf_db,off,2,461,149.66
cdf_db,off,2,462,129.88
cdf_db,off,2,463,168.3
cdf_db,off,2,464,182.46
cdf_db,off,2,465,129.35
cdf_db,off,2,466,141.78
cdf_db,off,2,467,135.21
cdf_db,off,2,468,128.51
cdf_db,off,2,469,137.94
cdf_db,off,2,470,143.15
cdf_db,off,2,471,187.09
cdf_db,off,2,472,137.72
cdf_db,off,2,473,146.26
cdf_db,off,2,474,130.88
cdf_db,off,2,475,140.97
cdf_db,off,2,476,132.651
cdf_db,off,2,477,204.191
cdf_db,off,2,478,150.989
cdf_db,off,2,479,131.251
cdf_db,off,2,480,132.22
cdf_db,off,2,481,140.46
cdf_db,off,2,482,132.051
cdf_db,off,2,483,160.98
cdf_db,off,2,484,200.14
cdf_db,off,2,485,131.59
cdf_db,off,2,486,148.35
cdf_db,off,2,487,135.3
cdf_db,off,2,488,142.08
cdf_db,off,2,489,134.66
cdf_db,off,2,490,140.26
cdf_db,off,2,491,175.91
cdf_db,off,2,492,137.11
cdf_db,off,2,493,161.25
cdf_db,off,2,494,132.43
cdf_db,off,2,495,138.5
cdf_db,off,2,496,134.53
cdf_db,off,2,497,142.25
cdf_db,off,2,498,195.82
cdf_db,off,2,499,155.11
cdf_db,off,2,500,135.88
cdf_db,off,2,501,172.76
cdf_db,off,2,502,140.08
cdf_db,off,2,503,149.15
cdf_db,off,2,504,184.95
cdf_db,off,2,505,142.36
cdf_db,off,2,506,154.91
cdf_db,off,2,507,136.42
cdf_db,off,2,508,140.21
cdf_db,off,2,509,139.66
cdf_db,off,2,510,137.1
cdf_db,off,2,511,186.44
cdf_db,off,2,512,133.15
cdf_db,off,2,513,132.58
cdf_db,off,2,514,139.769
cdf_db,off,2,515,143.141
cdf_db,off,2,516,137.81
cdf_db,off,2,517,132.51
cdf_db,off,2,518,182.18
cdf_db,off,2,519,136.26
cdf_db,off,2,520,136.3
cdf_db,off,2,521,138.66
cdf_db,off,2,522,129.4
cdf_db,off,2,523,143.6
cdf_db,off,2,524,147.2
cdf_db,off,2,525,182.72
cdf_db,off,2,526,140.6
cdf_db,off,2,527,137.32
cdf_db,off,2,528,136.0
cdf_db,off,2,529,136.38
cdf_db,off,2,530,135.3
cdf_db,off,2,531,186.88
cdf_db,off,2,532,140.28
cdf_db,off,2,533,130.08
cdf_db,off,2,534,138.8
cdf_db,off,2,535,137.28
cdf_db,off,2,536,137.64
cdf_db,off,2,537,136.93
cdf_db,off,2,538,187.87
cdf_db,off,2,539,133.62
cdf_db,off,2,540,141.12
cdf_db,off,2,541,131.64
cdf_db,off,2,542,136.96
cdf_db,off,2,543,140.21
cdf_db,off,2,544,133.54
cdf_db,off,2,545,196.97
cdf_db,off,2,546,148.92
cdf_db,off,2,547,131.671
cdf_db,off,2,548,148.501
cdf_db,off,2,549,131.13
cdf_db,off,2,550,159.31
cdf_db,off,2,551,135.99
cdf_db,off,2,552,200.97
cdf_db,off,2,553,137.02
cdf_db,off,2,554,135.29
cdf_db,off,2,555,131.18
cdf_db,off,2,556,135.09
cdf_db,off,2,557,133.92
cdf_db,off,2,558,130.1
cdf_db,off,2,559,186.38
cdf_db,off,2,560,137.06
cdf_db,off,2,561,137.55
cdf_db,off,2,562,144.11
cdf_db,off,2,563,133.7
cdf_db,off,2,564,138.9
cdf_db,off,2,565,144.03
cdf_db,off,2,566,182.15
cdf_db,off,2,567,137.6
cdf_db,off,2,568,138.95
cdf_db,off,2,569,135.12
cdf_db,off,2,570,131.97
cdf_db,off,2,571,136.86
cdf_db,off,2,572,162.3
cdf_db,off,2,573,174.37
cdf_db,off,2,574,141.71
cdf_db,off,2,575,131.58
cdf_db,off,2,576,147.29
cdf_db,off,2,577,138.28
cdf_db,off,2,578,136.48
cdf_db,off,2,579,186.611
cdf_db,off,2,580,143.38
cdf_db,off,2,581,143.45
cdf_db,off,2,582,136.15
cdf_db,off,2,583,133.64
cdf_db,off,2,584,143.6
cdf_db,off,2,585,136.84
cdf_db,off,2,586,191.94
cdf_db,off,2,587,137.18
cdf_db,off,2,588,133.97
cdf_db,off,2,589,137.08
cdf_db,off,2,590,155.49
cdf_db,off,2,591,140.32
cdf_db,off,2,592,137.78
cdf_db,off,2,593,185.63
cdf_db,off,2,594,137.29
cdf_db,off,2,595,135.03
cdf_db,off,2,596,132.32
cdf_db,off,2,597,140.29
cdf_db,off,2,598,133.55
cdf_db,off,2,599,139.81
cdf_db,off,2,600,187.59
cdf_db,off,2,601,131.5
cdf_db,off,2,602,144.68
cdf_db,off,2,603,133.92
cdf_db,off,2,604,153.55
cdf_db,off,2,605,134.47
cdf_db,off,2,606,137.08
cdf_db,off,2,607,189.6
cdf_db,off,2,608,139.071
cdf_db,off,2,609,140.34
cdf_db,off,2,610,150.011
cdf_db,off,2,611,137.4
cdf_db,off,2,612,129.389
cdf_db,off,2,613,198.669
cdf_db,off,2,614,137.14
cdf_db,off,2,615,135.46
cdf_db,off,2,616,133.15
cdf_db,off,2,617,136.14
cdf_db,off,2,618,146.36
cdf_db,off,2,619,141.43
cdf_db,off,2,620,206.16
cdf_db,off,2,621,144.3
cdf_db,off,2,622,134.36
cdf_db,off,2,623,138.33
cdf_db,off,2,624,132.73
cdf_db,off,2,625,135.97
cdf_db,off,2,626,145.72
cdf_db,off,2,627,182.7
cdf_db,off,2,628,136.81
cdf_db,off,2,629,147.39
cdf_db,off,2,630,133.29
cdf_db,off,2,631,162.49
cdf_db,off,2,632,142.84
cdf_db,off,2,633,163.62
cdf_db,off,2,634,184.87
cdf_db,off,2,635,138.23
cdf_db,off,2,636,156.21
cdf_db,off,2,637,131.05
cdf_db,off,2,638,140.91
cdf_db,off,2,639,158.31
cdf_db,off,2,640,179.671
cdf_db,off,2,641,140.0
cdf_db,off,2,642,136.18
cdf_db,off,2,643,130.131
cdf_db,off,2,644,138.78
cdf_db,off,2,645,129.589
cdf_db,off,2,646,143.04
cdf_db,off,2,647,189.24
cdf_db,off,2,648,147.05
cdf_db,off,2,649,138.73
cdf_db,off,2,650,131.49
cdf_db,off,2,651,137.34
cdf_db,off,2,652,138.32
cdf_db,off,2,653,160.17
cdf_db,off,2,654,193.13
cdf_db,off,2,655,136.79
cdf_db,off,2,656,133.08
cdf_db,off,2,657,152.41
cdf_db,off,2,658,138.39
cdf_db,off,2,659,140.05
cdf_db,off,2,660,206.14
cdf_db,off,2,661,135.77
cdf_db,off,2,662,145.63
cdf_db,off,2,663,140.58
cdf_db,off,2,664,173.15
cdf_db,off,2,665,141.24
cdf_db,off,2,666,140.38
cdf_db,off,2,667,197.06
cdf_db,off,2,668,139.31
cdf_db,off,2,669,155.21
cdf_db,off,2,670,164.39
cdf_db,off,2,671,148.39
cdf_db,off,2,672,180.94
cdf_db,off,2,673,201.26
cdf_db,off,2,674,139.31
cdf_db,off,2,675,134.57
cdf_db,off,2,676,149.5
cdf_db,off,2,677,142.82
cdf_db,off,2,678,130.331
cdf_db,off,2,679,151.28
cdf_db,off,2,680,181.87
cdf_db,off,2,681,137.89
cdf_db,off,2,682,147.47
cdf_db,off,2,683,135.29
cdf_db,off,2,684,133.74
cdf_db,off,2,685,141.07
cdf_db,off,2,686,191.87
cdf_db,off,2,687,142.6
cdf_db,off,2,688,142.39
cdf_db,off,2,689,139.69
cdf_db,off,2,690,130.02
cdf_db,off,2,691,134.47
cdf_db,off,2,692,171.92
cdf_db,off,2,693,207.69
cdf_db,off,2,694,142.6
cdf_db,off,2,695,131.46
cdf_db,off,2,696,143.84
cdf_db,off,2,697,136.1
cdf_db,off,2,698,133.19
cdf_db,off,2,699,134.41
cdf_db,off,2,700,183.2
cdf_db,off,2,701,137.84
cdf_db,off,2,702,143.08
cdf_db,off,2,703,593.57
cdf_db,off,2,704,290.96
cdf_db,off,2,705,234.291
cdf_db,off,2,706,164.02
cdf_db,off,2,707,160.08
cdf_db,off,2,708,251.85
cdf_db,off,2,709,146.06
cdf_db,off,2,710,145.6
cdf_db,off,2,711,138.75
cdf_db,off,2,712,142.08
cdf_db,off,2,713,146.8
cdf_db,off,2,714,192.8
cdf_db,off,2,715,140.79
cdf_db,off,2,716,143.2
cdf_db,off,2,717,142.14
cdf_db,off,2,718,140.66
cdf_db,off,2,719,150.53
cdf_db,off,2,720,142.64
cdf_db,off,2,721,212.39
cdf_db,off,2,722,141.53
cdf_db,off,2,723,142.99
cdf_db,off,2,724,138.15
cdf_db,off,2,725,146.35
cdf_db,off,2,726,139.26
cdf_db,off,2,727,142.44
cdf_db,off,2,728,196.94
cdf_db,off,2,729,139.27
cdf_db,off,2,730,136.38
cdf_db,off,2,731,136.55
cdf_db,off,2,732,138.98
cdf_db,off,2,733,133.73
cdf_db,off,2,734,193.55
cdf_db,off,2,735,133.791
cdf_db,off,2,736,138.589
cdf_db,off,2,737,137.989
cdf_db,off,2,738,137.86
cdf_db,off,2,739,139.16
cdf_db,off,2,740,132.949
cdf_db,off,2,741,192.591
cdf_db,off,2,742,141.05
cdf_db,off,2,743,142.98
cdf_db,off,2,744,133.14
cdf_db,off,2,745,137.26
cdf_db,off,2,746,132.59
cdf_db,off,2,747,131.15
cdf_db,off,2,748,201.73
cdf_db,off,2,749,133.52
cdf_db,off,2,750,137.82
cdf_db,off,2,751,139.99
cdf_db,off,2,752,132.64
cdf_db,off,2,753,148.18
cdf_db,off,2,754,139.91
cdf_db,off,2,755,186.87
cdf_db,off,2,756,138.01
cdf_db,off,2,757,131.43
cdf_db,off,2,758,132.93
cdf_db,off,2,759,135.97
cdf_db,off,2,760,140.56
cdf_db,off,2,761,136.86
cdf_db,off,2,762,181.14
cdf_db,off,2,763,141.75
cdf_db,off,2,764,144.49
cdf_db,off,2,765,165.72
cdf_db,off,2,766,156.991
cdf_db,off,2,767,136.76
cdf_db,off,2,768,216.891
cdf_db,off,2,769,139.291
cdf_db,off,2,770,134.511
cdf_db,off,2,771,134.129
cdf_db,off,2,772,137.26
cdf_db,off,2,773,139.59
cdf_db,off,2,774,136.15
cdf_db,off,2,775,189.86
cdf_db,off,2,776,136.17
cdf_db,off,2,777,147.0
cdf_db,off,2,778,134.16
cdf_db,off,2,779,134.14
cdf_db,off,2,780,144.55
cdf_db,off,2,781,140.76
cdf_db,off,2,782,180.44
cdf_db,off,2,783,140.19
cdf_db,off,2,784,164.61
cdf_db,off,2,785,144.56
cdf_db,off,2,786,138.46
cdf_db,off,2,787,131.85
cdf_db,off,2,788,143.84
cdf_db,off,2,789,176.71
cdf_db,off,2,790,138.48
cdf_db,off,2,791,139.13
cdf_db,off,2,792,133.58
cdf_db,off,2,793,139.44
cdf_db,off,2,794,135.41
cdf_db,off,2,795,193.65
cdf_db,off,2,796,135.88
cdf_db,off,2,797,150.31
cdf_db,off,2,798,139.89
cdf_db,off,2,799,155.181
cdf_db,off,2,800,138.28
cdf_db,off,2,801,155.22
cdf_db,off,2,802,198.009
cdf_db,off,2,803,133.04
cdf_db,off,2,804,134.481
cdf_db,off,2,805,138.44
cdf_db,off,2,806,131.17
cdf_db,off,2,807,129.62
cdf_db,off,2,808,152.51
cdf_db,off,2,809,196.74
cdf_db,off,2,810,205.92
cdf_db,off,2,811,179.93
cdf_db,off,2,812,153.25
cdf_db,off,2,813,143.07
cdf_db,off,2,814,143.38
cdf_db,off,2,815,271.8
cdf_db,off,2,816,161.72
cdf_db,off,2,817,193.37
cdf_db,off,2,818,169.57
cdf_db,off,2,819,213.03
cdf_db,off,2,820,219.89
cdf_db,off,2,821,159.15
cdf_db,off,2,822,193.16
cdf_db,off,2,823,159.5
cdf_db,off,2,824,197.33
cdf_db,off,2,825,203.14
cdf_db,off,2,826,192.99
cdf_db,off,2,827,163.491
cdf_db,off,2,828,196.489
cdf_db,off,2,829,159.391
cdf_db,off,2,830,243.91
cdf_db,off,2,831,182.2
cdf_db,off,2,832,192.71
cdf_db,off,2,833,156.31
cdf_db,off,2,834,194.14
cdf_db,off,2,835,160.1
cdf_db,off,2,836,242.02
cdf_db,off,2,837,167.16
cdf_db,off,2,838,171.01
cdf_db,off,2,839,176.82
cdf_db,off,2,840,197.5
cdf_db,off,2,841,230.75
cdf_db,off,2,842,192.46
cdf_db,off,2,843,185.85
cdf_db,off,2,844,228.46
cdf_db,off,2,845,165.05
cdf_db,off,2,846,244.72
cdf_db,off,2,847,171.5
cdf_db,off,2,848,201.88
cdf_db,off,2,849,163.02
cdf_db,off,2,850,425.24
cdf_db,off,2,851,231.271
cdf_db,off,2,852,199.489
cdf_db,off,2,853,172.381
cdf_db,off,2,854,199.86
cdf_db,off,2,855,205.08
cdf_db,off,2,856,192.2
cdf_db,off,2,857,162.53
cdf_db,off,2,858,190.53
cdf_db,off,2,859,158.48
cdf_db,off,2,860,243.6
cdf_db,off,2,861,156.86
cdf_db,off,2,862,191.95
cdf_db,off,2,863,157.24
cdf_db,off,2,864,190.67
cdf_db,off,2,865,162.97
cdf_db,off,2,866,235.58
cdf_db,off,2,867,153.21
cdf_db,off,2,868,204.88
cdf_db,off,2,869,175.15
cdf_db,off,2,870,202.2
cdf_db,off,2,871,204.19
cdf_db,off,2,872,194.68
cdf_db,off,2,873,158.05
cdf_db,off,2,874,191.25
cdf_db,off,2,875,157.69
cdf_db,off,2,876,240.4
cdf_db,off,2,877,153.13
cdf_db,off,2,878,188.79
cdf_db,off,2,879,161.371
cdf_db,off,2,880,197.24
cdf_db,off,2,881,171.869
cdf_db,off,2,882,237.66
cdf_db,off,2,883,156.76
cdf_db,off,2,884,192.11
cdf_db,off,2,885,160.2
cdf_db,off,2,886,197.28
cdf_db,off,2,887,214.03
cdf_db,off,2,888,192.2
cdf_db,off,2,889,154.09
cdf_db,off,2,890,190.9
cdf_db,off,2,891,169.17
cdf_db,off,2,892,246.92
cdf_db,off,2,893,180.02
cdf_db,off,2,894,200.09
cdf_db,off,2,895,158.23
cdf_db,off,2,896,199.32
cdf_db,off,2,897,223.7
cdf_db,off,2,898,198.25
cdf_db,off,2,899,158.32
cdf_db,off,2,900,192.5
cdf_db,off,2,901,160.49
cdf_db,off,2,902,192.731
cdf_db,off,2,903,197.551
cdf_db,off,2,904,189.92
cdf_db,off,2,905,156.7
cdf_db,off,2,906,189.16
cdf_db,off,2,907,153.251
cdf_db,off,2,908,245.491
cdf_db,off,2,909,154.21
cdf_db,off,2,910,194.57
cdf_db,off,2,911,170.7
cdf_db,off,2,912,190.05
cdf_db,off,2,913,230.43
cdf_db,off,2,914,194.23
cdf_db,off,2,915,159.5
cdf_db,off,2,916,189.23
cdf_db,off,2,917,157.42
cdf_db,off,2,918,196.39
cdf_db,off,2,919,204.9
cdf_db,off,2,920,145.58
cdf_db,off,2,921,189.62
cdf_db,off,2,922,156.6
cdf_db,off,2,923,191.8
cdf_db,off,2,924,208.88
cdf_db,off,2,925,198.2
cdf_db,off,2,926,155.51
cdf_db,off,2,927,191.13
cdf_db,off,2,928,155.231
cdf_db,off,2,929,201.631
cdf_db,off,2,930,206.82
cdf_db,off,2,931,190.36
cdf_db,off,2,932,155.28
cdf_db,off,2,933,190.431
cdf_db,off,2,934,155.79
cdf_db,off,2,935,249.13
cdf_db,off,2,936,151.8
cdf_db,off,2,937,191.19
cdf_db,off,2,938,154.24
cdf_db,off,2,939,186.5
cdf_db,off,2,940,208.19
cdf_db,off,2,941,194.1
cdf_db,off,2,942,155.85
cdf_db,off,2,943,189.86
cdf_db,off,2,944,156.51
cdf_db,off,2,945,196.82
cdf_db,off,2,946,201.02
cdf_db,off,2,947,191.71
cdf_db,off,2,948,151.4
cdf_db,off,2,949,191.7
cdf_db,off,2,950,155.0
cdf_db,off,2,951,246.98
cdf_db,off,2,952,153.6
cdf_db,off,2,953,193.49
cdf_db,off,2,954,164.03
cdf_db,off,2,955,219.24
cdf_db,off,2,956,171.709
cdf_db,off,2,957,240.88
cdf_db,off,2,958,155.83
cdf_db,off,2,959,189.23
cdf_db,off,2,960,157.8
cdf_db,off,2,961,194.61
cdf_db,off,2,962,201.3
cdf_db,off,2,963,192.57
cdf_db,off,2,964,154.78
cdf_db,off,2,965,190.06
cdf_db,off,2,966,156.43
cdf_db,off,2,967,246.97
cdf_db,off,2,968,152.96
cdf_db,off,2,969,196.44
cdf_db,off,2,970,157.19
cdf_db,off,2,971,190.25
cdf_db,off,2,972,161.99
cdf_db,off,2,973,252.69
cdf_db,off,2,974,161.86
cdf_db,off,2,975,191.59
cdf_db,off,2,976,159.18
cdf_db,off,2,977,196.14
cdf_db,off,2,978,202.58
cdf_db,off,2,979,190.44
cdf_db,off,2,980,155.6
cdf_db,off,2,981,189.3
cdf_db,off,2,982,156.811
cdf_db,off,2,983,201.231
cdf_db,off,2,984,301.48
cdf_db,off,2,985,190.53
cdf_db,off,2,986,181.29
cdf_db,off,2,987,191.08
cdf_db,off,2,988,232.62
cdf_db,off,2,989,192.95
cdf_db,off,2,990,157.98
cdf_db,off,2,991,192.12
cdf_db,off,2,992,159.65
cdf_db,off,2,993,243.22
cdf_db,off,2,994,154.91
cdf_db,off,2,995,190.4
cdf_db,off,2,996,155.0
cdf_db,off,2,997,192.24
cdf_db,off,2,998,162.18
cdf_db,off,2,999,239.71
cdf_db,off,2,1000,157.42
cdf_db,off,2,1001,194.23
cdf_db,off,2,1002,155.55
cdf_db,off,2,1003,193.3
cdf_db,off,2,1004,208.81
cdf_db,off,2,1005,193.5
cdf_db,off,2,1006,153.4
cdf_db,off,2,1007,188.191
cdf_db,off,2,1008,157.449
cdf_db,off,2,1009,203.62
cdf_db,off,2,1010,204.651
cdf_db,off,2,1011,198.041
cdf_db,off,2,1012,155.37
cdf_db,off,2,1013,187.61
cdf_db,off,2,1014,156.05
cdf_db,off,2,1015,254.25
cdf_db,off,2,1016,154.84
cdf_db,off,2,1017,191.41
cdf_db,off,2,1018,156.6
cdf_db,off,2,1019,188.18
cdf_db,off,2,1020,212.21
cdf_db,off,2,1021,193.35
cdf_db,off,2,1022,157.98
cdf_db,off,2,1023,212.01
cdf_db,off,2,1024,154.93
cdf_db,off,2,1025,198.12
cdf_db,off,2,1026,205.94
cdf_db,off,2,1027,190.7
cdf_db,off,2,1028,158.51
cdf_db,off,2,1029,188.76
cdf_db,off,2,1030,155.05
cdf_db,off,2,1031,245.601
cdf_db,off,2,1032,157.011
cdf_db,off,2,1033,190.18
cdf_db,off,2,1034,178.4
cdf_db,off,2,1035,191.449
cdf_db,off,2,1036,208.55
cdf_db,off,2,1037,190.79
cdf_db,off,2,1038,157.34
cdf_db,off,2,1039,194.99
cdf_db,off,2,1040,158.59
cdf_db,off,2,1041,193.0
cdf_db,off,2,1042,204.74
cdf_db,off,2,1043,213.15
cdf_db,off,2,1044,155.89
cdf_db,off,2,1045,191.39
cdf_db,off,2,1046,153.77
cdf_db,off,2,1047,244.36
cdf_db,off,2,1048,155.39
cdf_db,off,2,1049,214.45
cdf_db,off,2,1050,157.61
cdf_db,off,2,1051,189.73
cdf_db,off,2,1052,206.14
cdf_db,off,2,1053,190.66
cdf_db,off,2,1054,175.84
cdf_db,off,2,1055,190.59
cdf_db,off,2,1056,155.91
cdf_db,off,2,1057,223.051
cdf_db,off,2,1058,254.84
cdf_db,off,2,1059,150.229
cdf_db,off,2,1060,194.291
cdf_db,off,2,1061,179.191
cdf_db,off,2,1062,200.721
cdf_db,off,2,1063,224.48
cdf_db,off,2,1064,192.12
cdf_db,off,2,1065,180.06
cdf_db,off,2,1066,212.91
cdf_db,off,2,1067,187.34
cdf_db,off,2,1068,274.96
cdf_db,off,2,1069,157.73
cdf_db,off,2,1070,194.14
cdf_db,off,2,1071,159.97
cdf_db,off,2,1072,198.3
cdf_db,off,2,1073,208.45
cdf_db,off,2,1074,192.44
cdf_db,off,2,1075,155.81
cdf_db,off,2,1076,188.66
cdf_db,off,2,1077,171.17
cdf_db,off,2,1078,248.47
cdf_db,off,2,1079,156.43
cdf_db,off,2,1080,195.71
cdf_db,off,2,1081,154.28
cdf_db,off,2,1082,194.891
cdf_db,off,2,1083,217.551
cdf_db,off,2,1084,195.94
cdf_db,off,2,1085,159.851
cdf_db,off,2,1086,190.84
cdf_db,off,2,1087,156.65
cdf_db,off,2,1088,198.48
cdf_db,off,2,1089,204.71
cdf_db,off,2,1090,192.88
cdf_db,off,2,1091,156.92
cdf_db,off,2,1092,212.71
cdf_db,off,2,1093,162.24
cdf_db,off,2,1094,243.21
cdf_db,off,2,1095,157.21
cdf_db,off,2,1096,193.18
cdf_db,off,2,1097,155.77
cdf_db,off,2,1098,192.6
cdf_db,off,2,1099,215.07
cdf_db,off,2,1100,193.52
cdf_db,off,2,1101,154.79
cdf_db,off,2,1102,192.58
cdf_db,off,2,1103,154.99
cdf_db,off,2,1104,195.95
cdf_db,off,2,1105,203.31
cdf_db,off,2,1106,191.22
cdf_db,off,2,1107,158.031
cdf_db,off,2,1108,188.031
cdf_db,off,2,1109,179.051
cdf_db,off,2,1110,246.87
cdf_db,off,2,1111,156.3
cdf_db,off,2,1112,198.59
cdf_db,off,2,1113,157.38
cdf_db,off,2,1114,190.25
cdf_db,off,2,1115,211.71
cdf_db,off,2,1116,195.52
cdf_db,off,2,1117,152.59
cdf_db,off,2,1118,192.26
cdf_db,off,2,1119,154.39
cdf_db,off,2,1120,193.25
cdf_db,off,2,1121,201.97
cdf_db,off,2,1122,215.49
cdf_db,off,2,1123,158.09
cdf_db,off,2,1124,192.0
cdf_db,off,2,1125,155.68
cdf_db,off,2,1126,244.86
cdf_db,off,2,1127,158.86
cdf_db,off,2,1128,193.5
cdf_db,off,2,1129,157.93
cdf_db,off,2,1130,204.16
cdf_db,off,2,1131,243.97
cdf_db,off,2,1132,221.69
cdf_db,off,2,1133,159.45
cdf_db,off,2,1134,197.58
cdf_db,off,2,1135,160.45
cdf_db,off,2,1136,256.92
cdf_db,off,2,1137,159.631
cdf_db,off,2,1138,192.08
cdf_db,off,2,1139,178.83
cdf_db,off,2,1140,191.94
cdf_db,off,2,1141,211.35
cdf_db,off,2,1142,192.37
cdf_db,off,2,1143,159.23
cdf_db,off,2,1144,189.96
cdf_db,off,2,1145,179.62
cdf_db,off,2,1146,195.21
cdf_db,off,2,1147,206.24
cdf_db,off,2,1148,189.93
cdf_db,off,2,1149,153.33
cdf_db,off,2,1150,213.42
cdf_db,off,2,1151,156.11
cdf_db,off,2,1152,253.65
cdf_db,off,2,1153,177.76
cdf_db,off,2,1154,196.15
cdf_db,off,2,1155,177.05
cdf_db,off,2,1156,191.54
cdf_db,off,2,1157,233.25
cdf_db,off,2,1158,216.02
cdf_db,off,2,1159,182.651
cdf_db,off,2,1160,210.92
cdf_db,off,2,1161,186.52
cdf_db,off,2,1162,272.75
cdf_db,off,2,1163,157.14
cdf_db,off,2,1164,189.78
cdf_db,off,2,1165,154.6
cdf_db,off,2,1166,191.17
cdf_db,off,2,1167,210.92
cdf_db,off,2,1168,193.33
cdf_db,off,2,1169,155.03
cdf_db,off,2,1170,191.0
cdf_db,off,2,1171,157.35
cdf_db,off,2,1172,189.88
cdf_db,off,2,1173,198.17
cdf_db,off,2,1174,192.53
cdf_db,off,2,1175,154.51
cdf_db,off,2,1176,188.55
cdf_db,off,2,1177,522.9
cdf_db,off,2,1178,200.15
cdf_db,off,2,1179,208.3
cdf_db,off,2,1180,178.13
cdf_db,off,2,1181,248.651
cdf_db,off,2,1182,162.08
cdf_db,off,2,1183,195.68
cdf_db,off,2,1184,167.151
cdf_db,off,2,1185,193.789
cdf_db,off,2,1186,253.649
cdf_db,off,2,1187,195.301
cdf_db,off,2,1188,169.5
cdf_db,off,2,1189,191.4
cdf_db,off,2,1190,158.64
cdf_db,off,2,1191,193.24
cdf_db,off,2,1192,211.12
cdf_db,off,2,1193,194.77
cdf_db,off,2,1194,164.44
cdf_db,off,2,1195,193.52
cdf_db,off,2,1196,172.58
cdf_db,off,2,1197,254.35
cdf_db,off,2,1198,154.87
cdf_db,off,2,1199,192.98
cdf_db,off,2,1200,162.74
cdf_db,off,2,1201,190.43
cdf_db,off,2,1202,210.26
cdf_db,off,2,1203,212.59
cdf_db,off,2,1204,186.19
cdf_db,off,2,1205,192.1
cdf_db,off,2,1206,162.25
cdf_db,off,2,1207,265.2
cdf_db,off,2,1208,164.8
cdf_db,off,2,1209,194.78
cdf_db,off,2,1210,156.509
cdf_db,off,2,1211,193.661
cdf_db,off,2,1212,217.83
cdf_db,off,2,1213,198.79
cdf_db,off,2,1214,155.69
cdf_db,off,2,1215,191.33
cdf_db,off,2,1216,162.39
cdf_db,off,2,1217,196.96
cdf_db,off,2,1218,224.72
cdf_db,off,2,1219,189.63
cdf_db,off,2,1220,163.9
cdf_db,off,2,1221,190.41
cdf_db,off,2,1222,157.03
cdf_db,off,2,1223,246.74
cdf_db,off,2,1224,161.99
cdf_db,off,2,1225,192.09
cdf_db,off,2,1226,155.28
cdf_db,off,2,1227,189.96
cdf_db,off,2,1228,240.8
cdf_db,off,2,1229,192.19
cdf_db,off,2,1230,158.01
cdf_db,off,2,1231,193.52
cdf_db,off,2,1232,164.2
cdf_db,off,2,1233,206.46
cdf_db,off,2,1234,204.04
cdf_db,off,2,1235,194.849
cdf_db,off,2,1236,185.971
cdf_db,off,2,1237,193.411
cdf_db,off,2,1238,170.18
cdf_db,off,2,1239,249.11
cdf_db,off,2,1240,166.49
cdf_db,off,2,1241,195.01
cdf_db,off,2,1242,180.41
cdf_db,off,2,1243,198.57
cdf_db,off,2,1244,255.19
cdf_db,off,2,1245,150.8
cdf_db,off,2,1246,216.01
cdf_db,off,2,1247,166.76
cdf_db,off,2,1248,206.11
cdf_db,off,2,1249,234.29
cdf_db,off,2,1250,193.02
cdf_db,off,2,1251,183.38
cdf_db,off,2,1252,190.39
cdf_db,off,2,1253,188.23
cdf_db,off,2,1254,263.01
cdf_db,off,2,1255,197.82
cdf_db,off,2,1256,190.82
cdf_db,off,2,1257,157.26
cdf_db,off,2,1258,198.14
cdf_db,off,2,1259,206.931
cdf_db,off,2,1260,191.0
cdf_db,off,2,1261,154.641
cdf_db,off,2,1262,202.53
cdf_db,off,2,1263,164.14
cdf_db,off,2,1264,245.86
cdf_db,off,2,1265,155.9
cdf_db,off,2,1266,154.96
cdf_db,off,2,1267,193.2
cdf_db,off,2,1268,154.18
cdf_db,off,2,1269,202.15
cdf_db,off,2,1270,201.72
cdf_db,off,2,1271,190.83
cdf_db,off,2,1272,154.33
cdf_db,off,2,1273,188.1
cdf_db,off,2,1274,166.51
cdf_db,off,2,1275,243.34
cdf_db,off,2,1276,168.65
cdf_db,off,2,1277,193.65
cdf_db,off,2,1278,160.33
cdf_db,off,2,1279,214.04
cdf_db,off,2,1280,486.2
cdf_db,off,2,1281,215.56
cdf_db,off,2,1282,166.501
cdf_db,off,2,1283,203.309
cdf_db,off,2,1284,217.671
cdf_db,off,2,1285,194.74
cdf_db,off,2,1286,161.85
cdf_db,off,2,1287,191.56
cdf_db,off,2,1288,166.78
cdf_db,off,2,1289,242.41
cdf_db,off,2,1290,160.78
cdf_db,off,2,1291,191.0
cdf_db,off,2,1292,156.04
cdf_db,off,2,1293,193.72
cdf_db,off,2,1294,212.33
cdf_db,off,2,1295,193.17
cdf_db,off,2,1296,166.55
cdf_db,off,2,1297,191.65
cdf_db,off,2,1298,182.95
cdf_db,off,2,1299,199.87
cdf_db,off,2,1300,210.85
cdf_db,off,2,1301,191.74
cdf_db,off,2,1302,166.43
cdf_db,off,2,1303,204.35
cdf_db,off,2,1304,165.88
cdf_db,off,2,1305,235.52
cdf_db,off,2,1306,166.62
cdf_db,off,2,1307,202.169
cdf_db,off,2,1308,159.369
cdf_db,off,2,1309,196.82
cdf_db,off,2,1310,209.4
cdf_db,off,2,1311,211.991
cdf_db,off,2,1312,153.981
cdf_db,off,2,1313,197.24
cdf_db,off,2,1314,162.5
cdf_db,off,2,1315,242.63
cdf_db,off,2,1316,156.85
cdf_db,off,2,1317,142.6
cdf_db,off,2,1318,145.69
cdf_db,off,2,1319,187.69
cdf_db,off,2,1320,164.72
cdf_db,off,2,1321,238.29
cdf_db,off,2,1322,175.32
cdf_db,off,2,1323,189.52
cdf_db,off,2,1324,159.87
cdf_db,off,2,1325,186.84
cdf_db,off,2,1326,207.0
cdf_db,off,2,1327,199.43
cdf_db,off,2,1328,172.82
cdf_db,off,2,1329,212.99
cdf_db,off,2,1330,157.77
cdf_db,off,2,1331,247.281
cdf_db,off,2,1332,165.351
cdf_db,off,2,1333,192.52
cdf_db,off,2,1334,158.431
cdf_db,off,2,1335,194.309
cdf_db,off,2,1336,166.72
cdf_db,off,2,1337,240.25
cdf_db,off,2,1338,158.02
cdf_db,off,2,1339,155.16
cdf_db,off,2,1340,218.38
cdf_db,off,2,1341,154.8
cdf_db,off,2,1342,246.01
cdf_db,off,2,1343,173.16
cdf_db,off,2,1344,196.38
cdf_db,off,2,1345,153.93
cdf_db,off,2,1346,188.85
cdf_db,off,2,1347,221.87
cdf_db,off,2,1348,193.39
cdf_db,off,2,1349,174.68
cdf_db,off,2,1350,188.34
cdf_db,off,2,1351,154.33
cdf_db,off,2,1352,199.31
cdf_db,off,2,1353,228.9
cdf_db,off,2,1354,187.4
cdf_db,off,2,1355,152.78
cdf_db,off,2,1356,187.46
cdf_db,off,2,1357,173.92
cdf_db,off,2,1358,268.3
cdf_db,off,2,1359,157.691
cdf_db,off,2,1360,188.011
cdf_db,off,2,1361,163.811
cdf_db,off,2,1362,191.441
cdf_db,off,2,1363,209.08
cdf_db,off,2,1364,190.68
cdf_db,off,2,1365,172.18
cdf_db,off,2,1366,210.51
cdf_db,off,2,1367,156.07
cdf_db,off,2,1368,248.06
cdf_db,off,2,1369,164.22
cdf_db,off,2,1370,192.68
cdf_db,off,2,1371,155.37
cdf_db,off,2,1372,188.76
cdf_db,off,2,1373,170.79
cdf_db,off,2,1374,237.72
cdf_db,off,2,1375,156.12
cdf_db,off,2,1376,160.46
cdf_db,off,2,1377,190.44
cdf_db,off,2,1378,154.08
cdf_db,off,2,1379,244.39
cdf_db,off,2,1380,168.15
cdf_db,off,2,1381,191.63
cdf_db,off,2,1382,156.34
cdf_db,off,2,1383,203.38
cdf_db,off,2,1384,219.45
cdf_db,off,2,1385,214.111
cdf_db,off,2,1386,160.649
cdf_db,off,2,1387,190.771
cdf_db,off,2,1388,154.28
cdf_db,off,2,1389,203.46
cdf_db,off,2,1390,209.44
cdf_db,off,2,1391,200.15
cdf_db,off,2,1392,157.23
cdf_db,off,2,1393,199.88
cdf_db,off,2,1394,168.87
cdf_db,off,2,1395,239.74
cdf_db,off,2,1396,154.51
cdf_db,off,2,1397,204.03
cdf_db,off,2,1398,160.78
cdf_db,off,2,1399,218.67
cdf_db,off,2,1400,200.75
cdf_db,off,2,1401,202.39
cdf_db,off,2,1402,157.76
cdf_db,off,2,1403,190.29
cdf_db,off,2,1404,156.29
cdf_db,off,2,1405,254.27
cdf_db,off,2,1406,159.5
cdf_db,off,2,1407,190.16
cdf_db,off,2,1408,154.49
cdf_db,off,2,1409,197.41
cdf_db,off,2,1410,183.17
cdf_db,off,2,1411,231.34
cdf_db,off,2,1412,157.24
cdf_db,off,2,1413,152.85
cdf_db,off,2,1414,189.12
cdf_db,off,2,1415,153.63
cdf_db,off,2,1416,257.52
cdf_db,off,2,1417,159.93
cdf_db,off,2,1418,212.88
cdf_db,off,2,1419,153.81
cdf_db,off,2,1420,196.7
cdf_db,off,2,1421,228.07
cdf_db,off,2,1422,201.0
cdf_db,off,2,1423,162.13
cdf_db,off,2,1424,216.29
cdf_db,off,2,1425,157.85
cdf_db,off,2,1426,265.51
cdf_db,off,2,1427,170.32
cdf_db,off,2,1428,209.99
cdf_db,off,2,1429,153.7
cdf_db,off,2,1430,190.31
cdf_db,off,2,1431,222.07
cdf_db,off,2,1432,211.36
cdf_db,off,2,1433,170.6
cdf_db,off,2,1434,191.401
cdf_db,off,2,1435,178.16
cdf_db,off,2,1436,226.74
cdf_db,off,2,1437,244.229
cdf_db,off,2,1438,199.82
cdf_db,off,2,1439,162.789
cdf_db,off,2,1440,188.691
cdf_db,off,2,1441,167.21
cdf_db,off,2,1442,232.62
cdf_db,off,2,1443,159.51
cdf_db,off,2,1444,189.73
cdf_db,off,2,1445,158.67
cdf_db,off,2,1446,204.68
cdf_db,off,2,1447,229.36
cdf_db,off,2,1448,191.1
cdf_db,off,2,1449,167.32
cdf_db,off,2,1450,187.2
cdf_db,off,2,1451,157.24
cdf_db,off,2,1452,244.66
cdf_db,off,2,1453,160.19
cdf_db,off,2,1454,190.61
cdf_db,off,2,1455,155.21
cdf_db,off,2,1456,189.11
cdf_db,off,2,1457,169.41
cdf_db,off,2,1458,234.431
cdf_db,off,2,1459,157.571
cdf_db,off,2,1460,150.5
cdf_db,off,2,1461,214.451
cdf_db,off,2,1462,168.18
cdf_db,off,2,1463,244.46
cdf_db,off,2,1464,164.531
cdf_db,off,2,1465,192.48
cdf_db,off,2,1466,162.95
cdf_db,off,2,1467,189.62
cdf_db,off,2,1468,213.64
cdf_db,off,2,1469,188.97
cdf_db,off,2,1470,156.09
cdf_db,off,2,1471,189.72
cdf_db,off,2,1472,162.35
cdf_db,off,2,1473,208.49
cdf_db,off,2,1474,201.01
cdf_db,off,2,1475,192.28
cdf_db,off,2,1476,163.31
cdf_db,off,2,1477,188.91
cdf_db,off,2,1478,165.04
cdf_db,off,2,1479,238.52
cdf_db,off,2,1480,188.04
cdf_db,off,2,1481,193.36
cdf_db,off,2,1482,160.75
cdf_db,off,2,1483,197.06
cdf_db,off,2,1484,206.0
cdf_db,off,2,1485,192.87
cdf_db,off,2,1486,155.301
cdf_db,off,2,1487,190.36
cdf_db,off,2,1488,168.08
cdf_db,off,2,1489,243.72
cdf_db,off,2,1490,151.68
cdf_db,off,2,1491,190.54
cdf_db,off,2,1492,160.25
cdf_db,off,2,1493,187.79
cdf_db,off,2,1494,160.77
cdf_db,off,2,1495,250.34
cdf_db,off,2,1496,158.4
cdf_db,off,2,1497,190.16
cdf_db,off,2,1498,154.52
cdf_db,off,2,1499,189.53
cdf_db,off,2,1500,226.67
cdf_db,off,2,1501,190.35
cdf_db,off,2,1502,153.3
cdf_db,off,2,1503,192.31
cdf_db,off,2,1504,164.66
cdf_db,off,2,1505,202.49
cdf_db,off,2,1506,227.05
cdf_db,off,2,1507,188.83
cdf_db,off,2,1508,158.31
cdf_db,off,2,1509,192.8
cdf_db,off,2,1510,161.7
cdf_db,off,2,1511,232.56
cdf_db,off,2,1512,162.77
cdf_db,off,2,1513,189.18
cdf_db,off,2,1514,155.821
cdf_db,off,2,1515,188.54
cdf_db,off,2,1516,214.92
cdf_db,off,2,1517,193.15
cdf_db,off,2,1518,153.65
cdf_db,off,2,1519,193.14
cdf_db,off,2,1520,160.7
cdf_db,off,2,1521,193.89
cdf_db,off,2,1522,196.62
cdf_db,off,2,1523,188.6
cdf_db,off,2,1524,160.1
cdf_db,off,2,1525,192.02
cdf_db,off,2,1526,157.0
cdf_db,off,2,1527,244.55
cdf_db,off,2,1528,158.08
cdf_db,off,2,1529,192.29
cdf_db,off,2,1530,155.16
cdf_db,off,2,1531,192.26
cdf_db,off,2,1532,220.19
cdf_db,off,2,1533,215.91
cdf_db,off,2,1534,162.58
cdf_db,off,2,1535,188.4
cdf_db,off,2,1536,158.15
cdf_db,off,2,1537,193.64
cdf_db,off,2,1538,205.06
cdf_db,off,2,1539,187.7
cdf_db,off,2,1540,155.48
cdf_db,off,2,1541,190.349
cdf_db,off,2,1542,162.56
cdf_db,off,2,1543,243.481
cdf_db,off,2,1544,152.26
cdf_db,off,2,1545,188.87
cdf_db,off,2,1546,158.97
cdf_db,off,2,1547,187.21
cdf_db,off,2,1548,206.77
cdf_db,off,2,1549,192.23
cdf_db,off,2,1550,159.12
cdf_db,off,2,1551,188.44
cdf_db,off,2,1552,154.4
cdf_db,off,2,1553,194.26
cdf_db,off,2,1554,227.29
cdf_db,off,2,1555,188.34
cdf_db,off,2,1556,159.28
cdf_db,off,2,1557,189.33
cdf_db,off,2,1558,157.04
cdf_db,off,2,1559,247.75
cdf_db,off,2,1560,158.6
cdf_db,off,2,1561,194.96
cdf_db,off,2,1562,154.48
cdf_db,off,2,1563,190.03
cdf_db,off,2,1564,161.481
cdf_db,off,2,1565,237.38
cdf_db,off,2,1566,155.96
cdf_db,off,2,1567,190.631
cdf_db,off,2,1568,174.74
cdf_db,off,2,1569,201.43
cdf_db,off,2,1570,258.24
cdf_db,off,2,1571,193.58
cdf_db,off,2,1572,171.65
cdf_db,off,2,1573,191.02
cdf_db,off,2,1574,163.78
cdf_db,off,2,1575,242.75
cdf_db,off,2,1576,162.73
cdf_db,off,2,1577,192.38
cdf_db,off,2,1578,158.45
cdf_db,off,2,1579,195.84
cdf_db,off,2,1580,216.35
cdf_db,off,2,1581,215.16
cdf_db,off,2,1582,153.94
cdf_db,off,2,1583,192.53
cdf_db,off,2,1584,160.2
cdf_db,off,2,1585,249.09
cdf_db,off,2,1586,154.21
cdf_db,off,2,1587,188.68
cdf_db,off,2,1588,162.54
cdf_db,off,2,1589,191.091
cdf_db,off,2,1590,186.74
cdf_db,off,2,1591,242.551
cdf_db,off,2,1592,166.309
cdf_db,off,2,1593,189.26
cdf_db,off,2,1594,156.11
cdf_db,off,2,1595,201.36
cdf_db,off,2,1596,204.9
cdf_db,off,2,1597,213.85
cdf_db,off,2,1598,153.72
cdf_db,off,2,1599,189.76
cdf_db,off,2,1600,161.92
cdf_db,off,2,1601,246.18
cdf_db,off,2,1602,176.24
cdf_db,off,2,1603,191.16
cdf_db,off,2,1604,160.59
cdf_db,off,2,1605,212.83
cdf_db,off,2,1606,211.83
cdf_db,off,2,1607,194.32
cdf_db,off,2,1608,182.42
cdf_db,off,2,1609,191.68
cdf_db,off,2,1610,179.59
cdf_db,off,2,1611,264.28
cdf_db,off,2,1612,211.03
cdf_db,off,2,1613,192.01
cdf_db,off,2,1614,155.851
cdf_db,off,2,1615,189.789
cdf_db,off,2,1616,213.131
cdf_db,off,2,1617,190.05
cdf_db,off,2,1618,152.02
cdf_db,off,2,1619,190.74
cdf_db,off,2,1620,162.01
cdf_db,off,2,1621,198.38
cdf_db,off,2,1622,208.42
cdf_db,off,2,1623,190.2
cdf_db,off,2,1624,164.06
cdf_db,off,2,1625,192.38
cdf_db,off,2,1626,155.48
cdf_db,off,2,1627,253.67
cdf_db,off,2,1628,161.86
cdf_db,off,2,1629,192.85
cdf_db,off,2,1630,153.17
cdf_db,off,2,1631,189.87
cdf_db,off,2,1632,247.2
cdf_db,off,2,1633,191.21
cdf_db,off,2,1634,157.22
cdf_db,off,2,1635,189.37
cdf_db,off,2,1636,195.5
cdf_db,off,2,1637,191.08
cdf_db,off,2,1638,200.05
cdf_db,off,2,1639,189.93
cdf_db,off,2,1640,161.391
cdf_db,off,2,1641,210.151
cdf_db,off,2,1642,165.02
cdf_db,off,2,1643,265.72
cdf_db,off,2,1644,158.58
cdf_db,off,2,1645,194.76
cdf_db,off,2,1646,155.32
cdf_db,off,2,1647,192.68
cdf_db,off,2,1648,215.86
cdf_db,off,2,1649,200.11
cdf_db,off,2,1650,153.84
cdf_db,off,2,1651,190.63
cdf_db,off,2,1652,162.2
cdf_db,off,2,1653,244.19
cdf_db,off,2,1654,153.31
cdf_db,off,2,1655,188.15
cdf_db,off,2,1656,161.84
cdf_db,off,2,1657,190.36
cdf_db,off,2,1658,160.86
cdf_db,off,2,1659,240.06
cdf_db,off,2,1660,159.61
cdf_db,off,2,1661,193.91
cdf_db,off,2,1662,155.85
cdf_db,off,2,1663,193.8
cdf_db,off,2,1664,210.92
cdf_db,off,2,1665,191.96
cdf_db,off,2,1666,153.29
cdf_db,off,2,1667,189.31
cdf_db,off,2,1668,159.891
cdf_db,off,2,1669,200.511
cdf_db,off,2,1670,198.651
cdf_db,off,2,1671,214.97
cdf_db,off,2,1672,161.97
cdf_db,off,2,1673,191.74
cdf_db,off,2,1674,160.63
cdf_db,off,2,1675,237.66
cdf_db,off,2,1676,161.01
cdf_db,off,2,1677,196.26
cdf_db,off,2,1678,167.23
cdf_db,off,2,1679,193.87
cdf_db,off,2,1680,227.38
cdf_db,off,2,1681,197.17
cdf_db,off,2,1682,156.69
cdf_db,off,2,1683,194.97
cdf_db,off,2,1684,163.33
cdf_db,off,2,1685,254.2
cdf_db,off,2,1686,156.29
cdf_db,off,2,1687,193.32
cdf_db,off,2,1688,165.96
cdf_db,off,2,1689,195.77
cdf_db,off,2,1690,162.88
cdf_db,off,2,1691,240.511
cdf_db,off,2,1692,162.2
cdf_db,off,2,1693,372.04
cdf_db,off,2,1694,457.5
cdf_db,off,2,1695,194.95
cdf_db,off,2,1696,204.39
cdf_db,off,2,1697,162.92
cdf_db,off,2,1698,211.1
cdf_db,off,2,1699,286.81
cdf_db,off,2,1700,153.92
cdf_db,off,2,1701,195.63
cdf_db,off,2,1702,163.48
cdf_db,off,2,1703,200.55
cdf_db,off,2,1704,204.95
cdf_db,off,2,1705,192.91
cdf_db,off,2,1706,161.57
cdf_db,off,2,1707,190.21
cdf_db,off,2,1708,155.26
cdf_db,off,2,1709,259.38
cdf_db,off,2,1710,158.25
cdf_db,off,2,1711,193.05
cdf_db,off,2,1712,159.23
cdf_db,off,2,1713,191.251
cdf_db,off,2,1714,229.64
cdf_db,off,2,1715,193.891
cdf_db,off,2,1716,157.549
cdf_db,off,2,1717,191.389
cdf_db,off,2,1718,160.449
cdf_db,off,2,1719,191.37
cdf_db,off,2,1720,218.17
cdf_db,off,2,1721,228.2
cdf_db,off,2,1722,158.47
cdf_db,off,2,1723,198.2
cdf_db,off,2,1724,405.5
cdf_db,off,2,1725,260.2
cdf_db,off,2,1726,158.79
cdf_db,off,2,1727,196.15
cdf_db,off,2,1728,218.38
cdf_db,off,2,1729,190.37
cdf_db,off,2,1730,156.86
cdf_db,off,2,1731,193.8
cdf_db,off,2,1732,159.46
cdf_db,off,2,1733,196.72
cdf_db,off,2,1734,219.19
cdf_db,off,2,1735,192.11
cdf_db,off,2,1736,158.79
cdf_db,off,2,1737,190.321
cdf_db,off,2,1738,185.191
cdf_db,off,2,1739,249.58
cdf_db,off,2,1740,157.509
cdf_db,off,2,1741,193.71
cdf_db,off,2,1742,159.83
cdf_db,off,2,1743,198.68
cdf_db,off,2,1744,215.02
cdf_db,off,2,1745,194.02
cdf_db,off,2,1746,158.13
cdf_db,off,2,1747,188.36
cdf_db,off,2,1748,156.85
cdf_db,off,2,1749,216.56
cdf_db,off,2,1750,199.66
cdf_db,off,2,1751,191.18
cdf_db,off,2,1752,157.12
cdf_db,off,2,1753,193.26
cdf_db,off,2,1754,154.27
cdf_db,off,2,1755,240.77
cdf_db,off,2,1756,153.48
cdf_db,off,2,1757,189.87
cdf_db,off,2,1758,176.07
cdf_db,off,2,1759,188.45
cdf_db,off,2,1760,225.64
cdf_db,off,2,1761,197.0
cdf_db,off,2,1762,155.95
cdf_db,off,2,1763,190.641
cdf_db,off,2,1764,158.309
cdf_db,off,2,1765,224.341
cdf_db,off,2,1766,200.27
cdf_db,off,2,1767,192.39
cdf_db,off,2,1768,155.15
cdf_db,off,2,1769,191.17
cdf_db,off,2,1770,161.69
cdf_db,off,2,1771,259.12
cdf_db,off,2,1772,159.25
cdf_db,off,2,1773,191.64
cdf_db,off,2,1774,183.15
cdf_db,off,2,1775,200.98
cdf_db,off,2,1776,238.67
cdf_db,off,2,1777,190.42
cdf_db,off,2,1778,169.62
cdf_db,off,2,1779,215.69
cdf_db,off,2,1780,187.74
cdf_db,off,2,1781,283.97
cdf_db,off,2,1782,156.82
cdf_db,off,2,1783,189.56
cdf_db,off,2,1784,156.95
cdf_db,off,2,1785,194.08
cdf_db,off,2,1786,201.34
cdf_db,off,2,1787,205.64
cdf_db,off,2,1788,158.12
cdf_db,off,2,1789,191.81
cdf_db,off,2,1790,164.551
cdf_db,off,2,1791,258.84
cdf_db,off,2,1792,157.36
cdf_db,off,2,1793,150.05
cdf_db,off,2,1794,188.71
cdf_db,off,2,1795,153.71
cdf_db,off,2,1796,211.83
cdf_db,off,2,1797,202.01
cdf_db,off,2,1798,192.59
cdf_db,off,2,1799,158.87
cdf_db,off,2,1800,199.52
cdf_db,off,2,1801,154.64
cdf_db,off,2,1802,247.98
cdf_db,off,2,1803,156.5
cdf_db,off,2,1804,199.39
cdf_db,off,2,1805,154.22
cdf_db,off,2,1806,190.89
cdf_db,off,2,1807,213.43
cdf_db,off,2,1808,194.66
cdf_db,off,2,1809,154.49
cdf_db,off,2,1810,188.8
cdf_db,off,2,1811,158.41
cdf_db,off,2,1812,200.46
cdf_db,off,2,1813,201.07
cdf_db,off,2,1814,191.19
cdf_db,off,2,1815,155.57
cdf_db,off,2,1816,191.151
cdf_db,off,2,1817,180.489
cdf_db,off,2,1818,247.189
cdf_db,off,2,1819,155.7
cdf_db,off,2,1820,195.97
cdf_db,off,2,1821,155.65
cdf_db,off,2,1822,189.81
cdf_db,off,2,1823,211.74
cdf_db,off,2,1824,195.82
cdf_db,off,2,1825,156.54
cdf_db,off,2,1826,186.85
cdf_db,off,2,1827,155.03
cdf_db,off,2,1828,206.26
cdf_db,off,2,1829,230.23
cdf_db,off,2,1830,197.87
cdf_db,off,2,1831,156.95
cdf_db,off,2,1832,196.68
cdf_db,off,2,1833,168.98
cdf_db,off,2,1834,238.9
cdf_db,off,2,1835,152.46
cdf_db,off,2,1836,207.44
cdf_db,off,2,1837,155.03
cdf_db,off,2,1838,193.09
cdf_db,off,2,1839,207.181
cdf_db,off,2,1840,190.6
cdf_db,off,2,1841,152.12
cdf_db,off,2,1842,189.309
cdf_db,off,2,1843,156.131
cdf_db,off,2,1844,202.2
cdf_db,off,2,1845,199.181
cdf_db,off,2,1846,192.39
cdf_db,off,2,1847,155.36
cdf_db,off,2,1848,186.56
cdf_db,off,2,1849,154.58
cdf_db,off,2,1850,246.24
cdf_db,off,2,1851,154.37
cdf_db,off,2,1852,188.75
cdf_db,off,2,1853,153.92
cdf_db,off,2,1854,188.62
cdf_db,off,2,1855,160.35
cdf_db,off,2,1856,243.91
cdf_db,off,2,1857,152.6
cdf_db,off,2,1858,189.32
cdf_db,off,2,1859,157.15
cdf_db,off,2,1860,245.91
cdf_db,off,2,1861,228.83
cdf_db,off,2,1862,196.93
cdf_db,off,2,1863,155.7
cdf_db,off,2,1864,190.15
cdf_db,off,2,1865,156.37
cdf_db,off,2,1866,245.6
cdf_db,off,2,1867,156.46
cdf_db,off,2,1868,191.411
cdf_db,off,2,1869,155.58
cdf_db,off,2,1870,188.171
cdf_db,off,2,1871,206.22
cdf_db,off,2,1872,198.95
cdf_db,off,2,1873,169.17
cdf_db,off,2,1874,160.02
cdf_db,off,2,1875,185.78
cdf_db,off,2,1876,171.02
cdf_db,off,2,1877,243.05
cdf_db,off,2,1878,159.28
cdf_db,off,2,1879,188.34
cdf_db,off,2,1880,151.85
cdf_db,off,2,1881,186.82
cdf_db,off,2,1882,208.48
cdf_db,off,2,1883,212.51
cdf_db,off,2,1884,151.08
cdf_db,off,2,1885,191.06
cdf_db,off,2,1886,160.18
cdf_db,off,2,1887,198.11
cdf_db,off,2,1888,223.77
cdf_db,off,2,1889,188.24
cdf_db,off,2,1890,156.16
cdf_db,off,2,1891,196.951
cdf_db,off,2,1892,170.929
cdf_db,off,2,1893,238.871
cdf_db,off,2,1894,154.551
cdf_db,off,2,1895,186.07
cdf_db,off,2,1896,154.88
cdf_db,off,2,1897,188.78
cdf_db,off,2,1898,214.48
cdf_db,off,2,1899,215.39
cdf_db,off,2,1900,154.35
cdf_db,off,2,1901,191.51
cdf_db,off,2,1902,157.27
cdf_db,off,2,1903,190.85
cdf_db,off,2,1904,212.91
cdf_db,off,2,1905,190.78
cdf_db,off,2,1906,157.02
cdf_db,off,2,1907,190.75
cdf_db,off,2,1908,169.13
cdf_db,off,2,1909,246.48
cdf_db,off,2,1910,157.67
cdf_db,off,2,1911,189.12
cdf_db,off,2,1912,185.84
cdf_db,off,2,1913,191.42
cdf_db,off,2,1914,209.94
cdf_db,off,2,1915,190.53
cdf_db,off,2,1916,158.49
cdf_db,off,2,1917,143.08
cdf_db,off,2,1918,142.61
cdf_db,off,2,1919,197.73
cdf_db,off,2,1920,200.69
cdf_db,off,2,1921,214.06
cdf_db,off,2,1922,156.41
cdf_db,off,2,1923,188.51
cdf_db,off,2,1924,153.59
cdf_db,off,2,1925,249.86
cdf_db,off,2,1926,156.26
cdf_db,off,2,1927,190.91
cdf_db,off,2,1928,179.59
cdf_db,off,2,1929,191.96
cdf_db,off,2,1930,207.63
cdf_db,off,2,1931,192.68
cdf_db,off,2,1932,157.24
cdf_db,off,2,1933,201.63
cdf_db,off,2,1934,183.77
cdf_db,off,2,1935,199.23
cdf_db,off,2,1936,223.17
cdf_db,off,2,1937,188.67
cdf_db,off,2,1938,179.26
cdf_db,off,2,1939,189.66
cdf_db,off,2,1940,161.28
cdf_db,off,2,1941,266.89
cdf_db,off,2,1942,155.74
cdf_db,off,2,1943,217.57
cdf_db,off,2,1944,180.331
cdf_db,off,2,1945,239.029
cdf_db,off,2,1946,206.02
cdf_db,off,2,1947,191.12
cdf_db,off,2,1948,157.33
cdf_db,off,2,1949,190.19
cdf_db,off,2,1950,154.99
cdf_db,off,2,1951,248.93
cdf_db,off,2,1952,153.31
cdf_db,off,2,1953,188.58
cdf_db,off,2,1954,154.13
cdf_db,off,2,1955,186.7
cdf_db,off,2,1956,213.03
cdf_db,off,2,1957,151.21
cdf_db,off,2,1958,189.35
cdf_db,off,2,1959,156.61
cdf_db,off,2,1960,199.42
cdf_db,off,2,1961,161.8
cdf_db,off,2,1962,237.42
cdf_db,off,2,1963,156.29
cdf_db,off,2,1964,187.96
cdf_db,off,2,1965,165.58
cdf_db,off,2,1966,190.39
cdf_db,off,2,1967,218.47
cdf_db,off,2,1968,190.121
cdf_db,off,2,1969,164.791
cdf_db,off,2,1970,150.46
cdf_db,off,2,1971,144.62
cdf_db,off,2,1972,193.689
cdf_db,off,2,1973,203.269
cdf_db,off,2,1974,189.48
cdf_db,off,2,1975,154.081
cdf_db,off,2,1976,187.23
cdf_db,off,2,1977,153.42
cdf_db,off,2,1978,199.1
cdf_db,off,2,1979,197.61
cdf_db,off,2,1980,187.6
cdf_db,off,2,1981,155.09
cdf_db,off,2,1982,186.04
cdf_db,off,2,1983,152.78
cdf_db,off,2,1984,237.0
cdf_db,off,2,1985,157.05
cdf_db,off,2,1986,187.97
cdf_db,off,2,1987,153.5
cdf_db,off,2,1988,189.68
cdf_db,off,2,1989,213.55
cdf_db,off,2,1990,145.84
cdf_db,off,2,1991,188.46
cdf_db,off,2,1992,155.01
cdf_db,off,2,1993,225.06
cdf_db,off,2,1994,158.96
cdf_db,off,2,1995,246.451
cdf_db,off,2,1996,156.451
cdf_db,off,2,1997,187.909
cdf_db,off,2,1998,153.56
cdf_db,off,2,1999,185.911
cdf_db,off,2,2000,208.301
cdf_db,off,2,2001,200.1
cdf_db,off,2,2002,169.23
cdf_db,off,2,2003,198.35
cdf_db,off,2,2004,154.51
cdf_db,off,2,2005,204.38
cdf_db,off,2,2006,222.2
cdf_db,off,2,2007,194.02
cdf_db,off,2,2008,156.92
cdf_db,off,2,2009,196.72
cdf_db,off,2,2010,163.07
cdf_db,off,2,2011,251.3
cdf_db,off,2,2012,159.23
cdf_db,off,2,2013,193.95
cdf_db,off,2,2014,158.81
cdf_db,off,2,2015,197.59
cdf_db,off,2,2016,205.52
cdf_db,off,2,2017,192.67
cdf_db,off,2,2018,162.09
cdf_db,off,2,2019,193.19
cdf_db,off,2,2020,156.75
cdf_db,off,2,2021,250.73
cdf_db,off,2,2022,157.93
cdf_db,off,2,2023,217.151
cdf_db,off,2,2024,157.3
cdf_db,off,2,2025,191.62
cdf_db,off,2,2026,154.13
cdf_db,off,2,2027,235.95
cdf_db,off,2,2028,157.04
cdf_db,off,2,2029,191.36
cdf_db,off,2,2030,154.63
cdf_db,off,2,2031,190.54
cdf_db,off,2,2032,212.16
cdf_db,off,2,2033,190.28
cdf_db,off,2,2034,154.16
cdf_db,off,2,2035,189.17
cdf_db,off,2,2036,153.01
cdf_db,off,2,2037,190.31
cdf_db,off,2,2038,198.2
cdf_db,off,2,2039,188.69
cdf_db,off,2,2040,153.69
cdf_db,off,2,2041,189.08
cdf_db,off,2,2042,152.95
cdf_db,off,2,2043,213.77
cdf_db,off,2,2044,142.75
cdf_db,off,2,2045,166.88
cdf_db,off,2,2046,170.43
cdf_db,off,2,2047,141.89
cdf_db,off,2,2048,143.82
cdf_db,off,2,2049,197.18
cdf_db,off,2,2050,139.501
cdf_db,off,2,2051,143.049
cdf_db,off,2,2052,133.711
cdf_db,off,2,2053,140.331
cdf_db,off,2,2054,137.0
cdf_db,off,2,2055,130.92
cdf_db,off,2,2056,197.12
cdf_db,off,2,2057,136.69
cdf_db,off,2,2058,140.72
cdf_db,off,2,2059,139.18
cdf_db,off,2,2060,136.44
cdf_db,off,2,2061,134.42
cdf_db,off,2,2062,136.73
cdf_db,off,2,2063,210.86
cdf_db,off,2,2064,132.56
cdf_db,off,2,2065,132.1
cdf_db,off,2,2066,139.49
cdf_db,off,2,2067,133.19
cdf_db,off,2,2068,137.43
cdf_db,off,2,2069,146.69
cdf_db,off,2,2070,181.11
cdf_db,off,2,2071,140.14
cdf_db,off,2,2072,136.86
cdf_db,off,2,2073,136.63
cdf_db,off,2,2074,139.29
cdf_db,off,2,2075,133.78
cdf_db,off,2,2076,225.75
cdf_db,off,2,2077,138.63
cdf_db,off,2,2078,148.87
cdf_db,off,2,2079,135.57
cdf_db,off,2,2080,137.29
cdf_db,off,2,2081,132.09
cdf_db,off,2,2082,129.99
cdf_db,off,2,2083,214.151
cdf_db,off,2,2084,136.04
cdf_db,off,2,2085,162.45
cdf_db,off,2,2086,141.95
cdf_db,off,2,2087,134.3
cdf_db,off,2,2088,135.93
cdf_db,off,2,2089,142.49
cdf_db,off,2,2090,179.96
cdf_db,off,2,2091,135.17
cdf_db,off,2,2092,152.46
cdf_db,off,2,2093,138.32
cdf_db,off,2,2094,131.75
cdf_db,off,2,2095,135.12
cdf_db,off,2,2096,135.14
cdf_db,off,2,2097,173.44
cdf_db,off,2,2098,159.41
cdf_db,off,2,2099,133.02
cdf_db,off,2,2100,133.15
cdf_db,off,2,2101,138.12
cdf_db,off,2,2102,153.59
cdf_db,off,2,2103,184.99
cdf_db,off,2,2104,140.19
cdf_db,off,2,2105,154.05
cdf_db,off,2,2106,135.74
cdf_db,off,2,2107,162.78
cdf_db,off,2,2108,133.05
cdf_db,off,2,2109,164.72
cdf_db,off,2,2110,185.08
cdf_db,off,2,2111,130.11
cdf_db,off,2,2112,135.31
cdf_db,off,2,2113,138.731
cdf_db,off,2,2114,132.26
cdf_db,off,2,2115,131.669
cdf_db,off,2,2116,141.86
cdf_db,off,2,2117,182.72
cdf_db,off,2,2118,134.66
cdf_db,off,2,2119,156.831
cdf_db,off,2,2120,138.26
cdf_db,off,2,2121,131.73
cdf_db,off,2,2122,137.76
cdf_db,off,2,2123,135.06
cdf_db,off,2,2124,180.31
cdf_db,off,2,2125,133.12
cdf_db,off,2,2126,132.16
cdf_db,off,2,2127,136.13
cdf_db,off,2,2128,131.28
cdf_db,off,2,2129,130.77
cdf_db,off,2,2130,153.16
cdf_db,off,2,2131,181.99
cdf_db,off,2,2132,133.72
cdf_db,off,2,2133,179.5
cdf_db,off,2,2134,131.83
cdf_db,off,2,2135,130.0
cdf_db,off,2,2136,144.88
cdf_db,off,2,2137,189.23
cdf_db,off,2,2138,139.54
cdf_db,off,2,2139,143.87
cdf_db,off,2,2140,134.98
cdf_db,off,2,2141,137.3
cdf_db,off,2,2142,135.89
cdf_db,off,2,2143,134.49
cdf_db,off,2,2144,222.231
cdf_db,off,2,2145,137.48
cdf_db,off,2,2146,145.58
cdf_db,off,2,2147,134.92
cdf_db,off,2,2148,131.831
cdf_db,off,2,2149,135.38
cdf_db,off,2,2150,135.251
cdf_db,off,2,2151,230.389
cdf_db,off,2,2152,140.08
cdf_db,off,2,2153,134.54
cdf_db,off,2,2154,139.76
cdf_db,off,2,2155,138.19
cdf_db,off,2,2156,135.81
cdf_db,off,2,2157,209.82
cdf_db,off,2,2158,134.96
cdf_db,off,2,2159,130.99
cdf_db,off,2,2160,138.42
cdf_db,off,2,2161,129.42
cdf_db,off,2,2162,130.72
cdf_db,off,2,2163,138.34
cdf_db,off,2,2164,184.42
cdf_db,off,2,2165,437.29
cdf_db,off,2,2166,161.51
cdf_db,off,2,2167,138.41
cdf_db,off,2,2168,146.81
cdf_db,off,2,2169,182.47
cdf_db,off,2,2170,133.31
cdf_db,off,2,2171,137.76
cdf_db,off,2,2172,139.66
cdf_db,off,2,2173,134.85
cdf_db,off,2,2174,353.58
cdf_db,off,2,2175,343.98
cdf_db,off,2,2176,178.211
cdf_db,off,2,2177,193.991
cdf_db,off,2,2178,203.82
cdf_db,off,2,2179,234.61
cdf_db,off,2,2180,148.36
cdf_db,off,2,2181,152.91
cdf_db,off,2,2182,166.54
cdf_db,off,2,2183,146.91
cdf_db,off,2,2184,151.36
cdf_db,off,2,2185,184.43
cdf_db,off,2,2186,150.88
cdf_db,off,2,2187,157.12
cdf_db,off,2,2188,177.35
cdf_db,off,2,2189,146.92
cdf_db,off,2,2190,147.84
cdf_db,off,2,2191,184.97
cdf_db,off,2,2192,145.12
cdf_db,off,2,2193,167.8
cdf_db,off,2,2194,143.62
cdf_db,off,2,2195,144.36
cdf_db,off,2,2196,158.19
cdf_db,off,2,2197,195.06
cdf_db,off,2,2198,143.69
cdf_db,off,2,2199,160.77
cdf_db,off,2,2200,139.45
cdf_db,off,2,2201,158.35
cdf_db,off,2,2202,176.68
cdf_db,off,2,2203,206.57
cdf_db,off,2,2204,144.55
cdf_db,off,2,2205,151.321
cdf_db,off,2,2206,138.791
cdf_db,off,2,2207,135.331
cdf_db,off,2,2208,141.661
cdf_db,off,2,2209,139.38
cdf_db,off,2,2210,182.85
cdf_db,off,2,2211,141.88
cdf_db,off,2,2212,139.29
cdf_db,off,2,2213,136.14
cdf_db,off,2,2214,138.07
cdf_db,off,2,2215,137.31
cdf_db,off,2,2216,145.37
cdf_db,off,2,2217,188.01
cdf_db,off,2,2218,140.49
cdf_db,off,2,2219,140.89
cdf_db,off,2,2220,143.14
cdf_db,off,2,2221,138.23
cdf_db,off,2,2222,137.54
cdf_db,off,2,2223,137.15
cdf_db,off,2,2224,201.45
cdf_db,off,2,2225,135.82
cdf_db,off,2,2226,157.43
cdf_db,off,2,2227,140.17
cdf_db,off,2,2228,139.03
cdf_db,off,2,2229,135.82
cdf_db,off,2,2230,211.17
cdf_db,off,2,2231,136.28
cdf_db,off,2,2232,142.1
cdf_db,off,2,2233,139.9
cdf_db,off,2,2234,135.21
cdf_db,off,2,2235,148.11
cdf_db,off,2,2236,144.04
cdf_db,off,2,2237,182.541
cdf_db,off,2,2238,137.949
cdf_db,off,2,2239,141.351
cdf_db,off,2,2240,137.47
cdf_db,off,2,2241,145.13
cdf_db,off,2,2242,141.09
cdf_db,off,2,2243,138.65
cdf_db,off,2,2244,207.0
cdf_db,off,2,2245,137.63
cdf_db,off,2,2246,141.46
cdf_db,off,2,2247,136.9
cdf_db,off,2,2248,140.65
cdf_db,off,2,2249,135.84
cdf_db,off,2,2250,192.48
cdf_db,off,2,2251,142.59
cdf_db,off,2,2252,146.82
cdf_db,off,2,2253,143.3
cdf_db,off,2,2254,140.52
cdf_db,off,2,2255,139.35
cdf_db,off,2,2256,143.76
cdf_db,off,2,2257,184.17
cdf_db,off,2,2258,170.61
cdf_db,off,2,2259,143.72
cdf_db,off,2,2260,146.24
cdf_db,off,2,2261,142.75
cdf_db,off,2,2262,142.14
cdf_db,off,2,2263,195.84
cdf_db,off,2,2264,142.9
cdf_db,off,2,2265,156.02
cdf_db,off,2,2266,139.71
cdf_db,off,2,2267,138.34
cdf_db,off,2,2268,160.89
cdf_db,off,2,2269,139.99
cdf_db,off,2,2270,182.36
cdf_db,off,2,2271,141.54
cdf_db,off,2,2272,147.24
cdf_db,off,2,2273,142.109
cdf_db,off,2,2274,135.88
cdf_db,off,2,2275,139.92
cdf_db,off,2,2276,149.431
cdf_db,off,2,2277,183.57
cdf_db,off,2,2278,138.16
cdf_db,off,2,2279,137.6
cdf_db,off,2,2280,135.63
cdf_db,off,2,2281,150.35
cdf_db,off,2,2282,162.49
cdf_db,off,2,2283,206.11
cdf_db,off,2,2284,146.03
cdf_db,off,2,2285,137.02
cdf_db,off,2,2286,142.95
cdf_db,off,2,2287,133.69
cdf_db,off,2,2288,146.2
cdf_db,off,2,2289,156.47
cdf_db,off,2,2290,176.62
cdf_db,off,2,2291,144.22
cdf_db,off,2,2292,136.53
cdf_db,off,2,2293,138.35
cdf_db,off,2,2294,142.06
cdf_db,off,2,2295,137.71
cdf_db,off,2,2296,196.08
cdf_db,off,2,2297,149.68
cdf_db,off,2,2298,134.11
cdf_db,off,2,2299,146.051
cdf_db,off,2,2300,140.029
cdf_db,off,2,2301,136.16
cdf_db,off,2,2302,148.509
cdf_db,off,2,2303,207.5
cdf_db,off,2,2304,142.831
cdf_db,off,2,2305,136.86
cdf_db,off,2,2306,137.44
cdf_db,off,2,2307,137.53
cdf_db,off,2,2308,161.49
cdf_db,off,2,2309,151.18
cdf_db,off,2,2310,178.62
cdf_db,off,2,2311,164.61
cdf_db,off,2,2312,135.97
cdf_db,off,2,2313,147.24
cdf_db,off,2,2314,136.55
cdf_db,off,2,2315,139.19
cdf_db,off,2,2316,189.06
cdf_db,off,2,2317,138.9
cdf_db,off,2,2318,144.76
cdf_db,off,2,2319,147.95
cdf_db,off,2,2320,138.13
cdf_db,off,2,2321,135.73
cdf_db,off,2,2322,153.67
cdf_db,off,2,2323,196.8
cdf_db,off,2,2324,143.23
cdf_db,off,2,2325,137.91
cdf_db,off,2,2326,140.29
cdf_db,off,2,2327,136.79
cdf_db,off,2,2328,157.21
cdf_db,off,2,2329,191.19
cdf_db,off,2,2330,143.12
cdf_db,off,2,2331,140.99
cdf_db,off,2,2332,141.57
cdf_db,off,2,2333,136.28
cdf_db,off,2,2334,148.171
cdf_db,off,2,2335,135.209
cdf_db,off,2,2336,185.82
cdf_db,off,2,2337,138.43
cdf_db,off,2,2338,138.17
cdf_db,off,2,2339,136.42
cdf_db,off,2,2340,138.81
cdf_db,off,2,2341,133.38
cdf_db,off,2,2342,144.59
cdf_db,off,2,2343,207.02
cdf_db,off,2,2344,135.24
cdf_db,off,2,2345,137.41
cdf_db,off,2,2346,135.67
cdf_db,off,2,2347,138.14
cdf_db,off,2,2348,135.28
cdf_db,off,2,2349,144.93
cdf_db,off,2,2350,185.94
cdf_db,off,2,2351,137.33
cdf_db,off,2,2352,140.62
cdf_db,off,2,2353,146.96
cdf_db,off,2,2354,152.97
cdf_db,off,2,2355,135.28
cdf_db,off,2,2356,197.63
cdf_db,off,2,2357,147.78
cdf_db,off,2,2358,138.66
cdf_db,off,2,2359,141.31
cdf_db,off,2,2360,135.29
cdf_db,off,2,2361,138.21
cdf_db,off,2,2362,163.27
cdf_db,off,2,2363,189.72
cdf_db,off,2,2364,135.42
cdf_db,off,2,2365,139.52
cdf_db,off,2,2366,134.26
cdf_db,off,2,2367,141.209
cdf_db,off,2,2368,160.54
cdf_db,off,2,2369,138.02
cdf_db,off,2,2370,192.78
cdf_db,off,2,2371,149.42
cdf_db,off,2,2372,149.84
cdf_db,off,2,2373,161.97
cdf_db,off,2,2374,140.31
cdf_db,off,2,2375,139.47
cdf_db,off,2,2376,211.65
cdf_db,off,2,2377,156.92
cdf_db,off,2,2378,136.61
cdf_db,off,2,2379,139.18
cdf_db,off,2,2380,171.24
cdf_db,off,2,2381,168.43
cdf_db,off,2,2382,236.48
cdf_db,off,2,2383,144.71
cdf_db,off,2,2384,138.19
cdf_db,off,2,2385,139.87
cdf_db,off,2,2386,133.45
cdf_db,off,2,2387,138.61
cdf_db,off,2,2388,136.76
cdf_db,off,2,2389,175.93
cdf_db,off,2,2390,135.8
cdf_db,off,2,2391,137.92
cdf_db,off,2,2392,135.07
cdf_db,off,2,2393,138.26
cdf_db,off,2,2394,132.92
cdf_db,off,2,2395,139.97
cdf_db,off,2,2396,182.56
cdf_db,off,2,2397,135.351
cdf_db,off,2,2398,150.531
cdf_db,off,2,2399,141.66
cdf_db,off,2,2400,142.41
cdf_db,off,2,2401,139.46
cdf_db,off,2,2402,199.0
cdf_db,off,2,2403,140.3
cdf_db,off,2,2404,136.82
cdf_db,off,2,2405,142.52
cdf_db,off,2,2406,140.75
cdf_db,off,2,2407,156.46
cdf_db,off,2,2408,141.53
cdf_db,off,2,2409,183.88
cdf_db,off,2,2410,136.06
cdf_db,off,2,2411,137.19
cdf_db,off,2,2412,135.23
cdf_db,off,2,2413,136.74
cdf_db,off,2,2414,134.12
cdf_db,off,2,2415,144.75
cdf_db,off,2,2416,182.29
cdf_db,off,2,2417,138.69
cdf_db,off,2,2418,137.42
cdf_db,off,2,2419,133.57
cdf_db,off,2,2420,140.04
cdf_db,off,2,2421,134.6
cdf_db,off,2,2422,144.13
cdf_db,off,2,2423,188.66
cdf_db,off,2,2424,145.75
cdf_db,off,2,2425,136.82
cdf_db,off,2,2426,140.57
cdf_db,off,2,2427,134.3
cdf_db,off,2,2428,134.81
cdf_db,off,2,2429,138.14
cdf_db,off,2,2430,181.451
cdf_db,off,2,2431,143.72
cdf_db,off,2,2432,149.88
cdf_db,off,2,2433,137.749
cdf_db,off,2,2434,137.389
cdf_db,off,2,2435,138.88
cdf_db,off,2,2436,198.121
cdf_db,off,2,2437,135.42
cdf_db,off,2,2438,138.54
cdf_db,off,2,2439,133.3
cdf_db,off,2,2440,136.7
cdf_db,off,2,2441,140.86
cdf_db,off,2,2442,139.59
cdf_db,off,2,2443,201.33
cdf_db,off,2,2444,142.81
cdf_db,off,2,2445,136.89
cdf_db,off,2,2446,136.13
cdf_db,off,2,2447,137.17
cdf_db,off,2,2448,133.9
cdf_db,off,2,2449,146.17
cdf_db,off,2,2450,203.13
cdf_db,off,2,2451,134.14
cdf_db,off,2,2452,137.2
cdf_db,off,2,2453,132.88
cdf_db,off,2,2454,156.35
cdf_db,off,2,2455,136.0
cdf_db,off,2,2456,151.8
cdf_db,off,2,2457,179.24
cdf_db,off,2,2458,136.19
cdf_db,off,2,2459,139.18
cdf_db,off,2,2460,133.13
cdf_db,off,2,2461,138.02
cdf_db,off,2,2462,137.001
cdf_db,off,2,2463,191.789
cdf_db,off,2,2464,139.36
cdf_db,off,2,2465,146.48
cdf_db,off,2,2466,138.58
cdf_db,off,2,2467,133.04
cdf_db,off,2,2468,144.971
cdf_db,off,2,2469,136.13
cdf_db,off,2,2470,188.09
cdf_db,off,2,2471,140.98
cdf_db,off,2,2472,139.2
cdf_db,off,2,2473,137.58
cdf_db,off,2,2474,137.19
cdf_db,off,2,2475,134.58
cdf_db,off,2,2476,145.73
cdf_db,off,2,2477,184.41
cdf_db,off,2,2478,136.95
cdf_db,off,2,2479,138.64
cdf_db,off,2,2480,158.1
cdf_db,off,2,2481,138.19
cdf_db,off,2,2482,137.83
cdf_db,off,2,2483,142.78
cdf_db,off,2,2484,195.95
cdf_db,off,2,2485,135.05
cdf_db,off,2,2486,139.04
cdf_db,off,2,2487,134.79
cdf_db,off,2,2488,138.87
cdf_db,off,2,2489,140.31
cdf_db,off,2,2490,190.0
cdf_db,off,2,2491,138.21
cdf_db,off,2,2492,138.21
cdf_db,off,2,2493,136.36
cdf_db,off,2,2494,139.43
cdf_db,off,2,2495,135.001
cdf_db,off,2,2496,136.871
cdf_db,off,2,2497,192.271
cdf_db,off,2,2498,137.049
cdf_db,off,2,2499,142.2
cdf_db,off,2,2500,157.481
cdf_db,off,2,2501,133.8
cdf_db,off,2,2502,138.08
cdf_db,off,2,2503,134.01
cdf_db,off,2,2504,188.64
cdf_db,off,2,2505,140.88
cdf_db,off,2,2506,139.19
cdf_db,off,2,2507,134.47
cdf_db,off,2,2508,140.68
cdf_db,off,2,2509,134.63
cdf_db,off,2,2510,141.65
cdf_db,off,2,2511,183.05
cdf_db,off,2,2512,143.96
cdf_db,off,2,2513,136.56
cdf_db,off,2,2514,155.65
cdf_db,off,2,2515,132.38
cdf_db,off,2,2516,145.57
cdf_db,off,2,2517,139.22
cdf_db,off,2,2518,199.64
cdf_db,off,2,2519,137.2
cdf_db,off,2,2520,137.11
cdf_db,off,2,2521,134.07
cdf_db,off,2,2522,138.0
cdf_db,off,2,2523,132.36
cdf_db,off,2,2524,189.6
cdf_db,off,2,2525,162.07
cdf_db,off,2,2526,132.7
cdf_db,off,2,2527,138.051
cdf_db,off,2,2528,135.12
cdf_db,off,2,2529,136.271
cdf_db,off,2,2530,134.491
cdf_db,off,2,2531,190.281
cdf_db,off,2,2532,141.76
cdf_db,off,2,2533,157.15
cdf_db,off,2,2534,138.75
cdf_db,off,2,2535,134.27
cdf_db,off,2,2536,143.21
cdf_db,off,2,2537,139.65
cdf_db,off,2,2538,178.98
cdf_db,off,2,2539,163.38
cdf_db,off,2,2540,139.89
cdf_db,off,2,2541,138.78
cdf_db,off,2,2542,136.24
cdf_db,off,2,2543,139.33
cdf_db,off,2,2544,212.55
cdf_db,off,2,2545,140.42
cdf_db,off,2,2546,136.42
cdf_db,off,2,2547,137.09
cdf_db,off,2,2548,155.26
cdf_db,off,2,2549,136.07
cdf_db,off,2,2550,140.87
cdf_db,off,2,2551,217.32
cdf_db,off,2,2552,182.06
cdf_db,off,2,2553,144.84
cdf_db,off,2,2554,142.48
cdf_db,off,2,2555,140.83
cdf_db,off,2,2556,135.66
cdf_db,off,2,2557,223.3
cdf_db,off,2,2558,139.58
cdf_db,off,2,2559,139.58
cdf_db,off,2,2560,135.9
cdf_db,off,2,2561,141.11
cdf_db,off,2,2562,136.0
cdf_db,off,2,2563,144.611
cdf_db,off,2,2564,193.96
cdf_db,off,2,2565,134.269
cdf_db,off,2,2566,139.781
cdf_db,off,2,2567,141.47
cdf_db,off,2,2568,137.64
cdf_db,off,2,2569,133.12
cdf_db,off,2,2570,148.28
cdf_db,off,2,2571,181.27
cdf_db,off,2,2572,136.65
cdf_db,off,2,2573,139.95
cdf_db,off,2,2574,133.48
cdf_db,off,2,2575,137.96
cdf_db,off,2,2576,134.8
cdf_db,off,2,2577,137.92
cdf_db,off,2,2578,187.68
cdf_db,off,2,2579,134.96
cdf_db,off,2,2580,138.32
cdf_db,off,2,2581,132.34
cdf_db,off,2,2582,139.14
cdf_db,off,2,2583,133.49
cdf_db,off,2,2584,140.42
cdf_db,off,2,2585,180.57
cdf_db,off,2,2586,135.89
cdf_db,off,2,2587,142.58
cdf_db,off,2,2588,132.53
cdf_db,off,2,2589,151.59
cdf_db,off,2,2590,139.11
cdf_db,off,2,2591,213.08
cdf_db,off,2,2592,140.53
cdf_db,off,2,2593,135.8
cdf_db,off,2,2594,137.261
cdf_db,off,2,2595,136.14
cdf_db,off,2,2596,135.5
cdf_db,off,2,2597,134.371
cdf_db,off,2,2598,185.56
cdf_db,off,2,2599,138.16
cdf_db,off,2,2600,167.24
cdf_db,off,2,2601,134.6
cdf_db,off,2,2602,136.86
cdf_db,off,2,2603,136.05
cdf_db,off,2,2604,376.91
cdf_db,off,2,2605,200.33
cdf_db,off,2,2606,135.17
cdf_db,off,2,2607,146.65
cdf_db,off,2,2608,138.56
cdf_db,off,2,2609,141.48
cdf_db,off,2,2610,180.46
cdf_db,off,2,2611,141.15
cdf_db,off,2,2612,142.14
cdf_db,off,2,2613,135.07
cdf_db,off,2,2614,138.57
cdf_db,off,2,2615,131.13
cdf_db,off,2,2616,157.03
cdf_db,off,2,2617,187.61
cdf_db,off,2,2618,134.18
cdf_db,off,2,2619,146.04
cdf_db,off,2,2620,141.18
cdf_db,off,2,2621,142.59
cdf_db,off,2,2622,141.53
cdf_db,off,2,2623,206.371
cdf_db,off,2,2624,142.251
cdf_db,off,2,2625,146.32
cdf_db,off,2,2626,144.031
cdf_db,off,2,2627,137.111
cdf_db,off,2,2628,144.849
cdf_db,off,2,2629,145.8
cdf_db,off,2,2630,200.6
cdf_db,off,2,2631,170.78
cdf_db,off,2,2632,141.35
cdf_db,off,2,2633,145.58
cdf_db,off,2,2634,140.32
cdf_db,off,2,2635,140.95
cdf_db,off,2,2636,200.19
cdf_db,off,2,2637,147.25
cdf_db,off,2,2638,147.29
cdf_db,off,2,2639,143.98
cdf_db,off,2,2640,139.44
cdf_db,off,2,2641,144.14
cdf_db,off,2,2642,140.39
cdf_db,off,2,2643,187.23
cdf_db,off,2,2644,144.46
cdf_db,off,2,2645,143.52
cdf_db,off,2,2646,140.03
cdf_db,off,2,2647,143.68
cdf_db,off,2,2648,142.38
cdf_db,off,2,2649,201.33
cdf_db,off,2,2650,143.2
cdf_db,off,2,2651,142.06
cdf_db,off,2,2652,147.41
cdf_db,off,2,2653,139.72
cdf_db,off,2,2654,162.57
cdf_db,off,2,2655,149.18
cdf_db,off,2,2656,189.789
cdf_db,off,2,2657,140.971
cdf_db,off,2,2658,141.42
cdf_db,off,2,2659,143.729
cdf_db,off,2,2660,140.911
cdf_db,off,2,2661,137.66
cdf_db,off,2,2662,208.75
cdf_db,off,2,2663,137.6
cdf_db,off,2,2664,148.23
cdf_db,off,2,2665,142.47
cdf_db,off,2,2666,138.02
cdf_db,off,2,2667,142.33
cdf_db,off,2,2668,139.14
cdf_db,off,2,2669,215.59
cdf_db,off,2,2670,164.91
cdf_db,off,2,2671,138.0
cdf_db,off,2,2672,148.36
cdf_db,off,2,2673,138.39
cdf_db,off,2,2674,143.31
cdf_db,off,2,2675,199.77
cdf_db,off,2,2676,136.96
cdf_db,off,2,2677,147.36
cdf_db,off,2,2678,140.05
cdf_db,off,2,2679,141.92
cdf_db,off,2,2680,143.9
cdf_db,off,2,2681,151.2
cdf_db,off,2,2682,186.51
cdf_db,off,2,2683,595.3
cdf_db,off,2,2684,262.1
cdf_db,off,2,2685,234.029
cdf_db,off,2,2686,211.13
cdf_db,off,2,2687,179.72
cdf_db,off,2,2688,201.54
cdf_db,off,2,2689,177.58
cdf_db,off,2,2690,257.3
cdf_db,off,2,2691,166.72
cdf_db,off,2,2692,195.61
cdf_db,off,2,2693,184.35
cdf_db,off,2,2694,203.14
cdf_db,off,2,2695,211.53
cdf_db,off,2,2696,162.02
cdf_db,off,2,2697,196.33
cdf_db,off,2,2698,166.2
cdf_db,off,2,2699,206.09
cdf_db,off,2,2700,298.89
cdf_db,off,2,2701,201.08
cdf_db,off,2,2702,168.57
cdf_db,off,2,2703,193.52
cdf_db,off,2,2704,163.66
cdf_db,off,2,2705,261.55
cdf_db,off,2,2706,157.4
cdf_db,off,2,2707,191.39
cdf_db,off,2,2708,159.46
cdf_db,off,2,2709,219.76
cdf_db,off,2,2710,204.841
cdf_db,off,2,2711,193.1
cdf_db,off,2,2712,182.561
cdf_db,off,2,2713,190.51
cdf_db,off,2,2714,155.14
cdf_db,off,2,2715,269.68
cdf_db,off,2,2716,182.22
cdf_db,off,2,2717,241.48
cdf_db,off,2,2718,159.42
cdf_db,off,2,2719,197.06
cdf_db,off,2,2720,204.16
cdf_db,off,2,2721,201.54
cdf_db,off,2,2722,156.07
cdf_db,off,2,2723,193.12
cdf_db,off,2,2724,156.87
cdf_db,off,2,2725,524.79
cdf_db,off,2,2726,298.79
cdf_db,off,2,2727,164.72
cdf_db,off,2,2728,218.92
cdf_db,off,2,2729,198.45
cdf_db,off,2,2730,148.09
cdf_db,off,2,2731,157.34
cdf_db,off,2,2732,148.871
cdf_db,off,2,2733,144.829
cdf_db,off,2,2734,196.8
cdf_db,off,2,2735,160.891
cdf_db,off,2,2736,144.551
cdf_db,off,2,2737,141.03
cdf_db,off,2,2738,139.89
cdf_db,off,2,2739,140.75
cdf_db,off,2,2740,144.97
cdf_db,off,2,2741,200.16
cdf_db,off,2,2742,157.45
cdf_db,off,2,2743,143.66
cdf_db,off,2,2744,138.67
cdf_db,off,2,2745,149.29
cdf_db,off,2,2746,137.86
cdf_db,off,2,2747,196.65
cdf_db,off,2,2748,146.84
cdf_db,off,2,2749,141.56
cdf_db,off,2,2750,137.18
cdf_db,off,2,2751,132.49
cdf_db,off,2,2752,135.98
cdf_db,off,2,2753,140.65
cdf_db,off,2,2754,181.91
cdf_db,off,2,2755,134.35
cdf_db,off,2,2756,135.11
cdf_db,off,2,2757,141.45
cdf_db,off,2,2758,133.42
cdf_db,off,2,2759,132.06
cdf_db,off,2,2760,156.96
cdf_db,off,2,2761,185.73
cdf_db,off,2,2762,136.25
cdf_db,off,2,2763,142.68
cdf_db,off,2,2764,142.96
cdf_db,off,2,2765,161.209
cdf_db,off,2,2766,140.5
cdf_db,off,2,2767,188.271
cdf_db,off,2,2768,136.131
cdf_db,off,2,2769,151.44
cdf_db,off,2,2770,133.75
cdf_db,off,2,2771,129.25
cdf_db,off,2,2772,137.47
cdf_db,off,2,2773,135.7
cdf_db,off,2,2774,205.69
cdf_db,off,2,2775,133.5
cdf_db,off,2,2776,133.88
cdf_db,off,2,2777,144.89
cdf_db,off,2,2778,135.55
cdf_db,off,2,2779,133.48
cdf_db,off,2,2780,131.88
cdf_db,off,2,2781,185.3
cdf_db,off,2,2782,135.77
cdf_db,off,2,2783,135.48
cdf_db,off,2,2784,132.29
cdf_db,off,2,2785,141.14
cdf_db,off,2,2786,131.25
cdf_db,off,2,2787,134.31
cdf_db,off,2,2788,189.52
cdf_db,off,2,2789,132.05
cdf_db,off,2,2790,135.22
cdf_db,off,2,2791,136.47
cdf_db,off,2,2792,137.68
cdf_db,off,2,2793,131.46
cdf_db,off,2,2794,133.841
cdf_db,off,2,2795,211.709
cdf_db,off,2,2796,151.411
cdf_db,off,2,2797,133.911
cdf_db,off,2,2798,140.44
cdf_db,off,2,2799,133.58
cdf_db,off,2,2800,137.649
cdf_db,off,2,2801,136.91
cdf_db,off,2,2802,180.76
cdf_db,off,2,2803,148.88
cdf_db,off,2,2804,138.09
cdf_db,off,2,2805,131.22
cdf_db,off,2,2806,132.25
cdf_db,off,2,2807,132.49
cdf_db,off,2,2808,154.21
cdf_db,off,2,2809,198.85
cdf_db,off,2,2810,141.24
cdf_db,off,2,2811,135.95
cdf_db,off,2,2812,134.21
cdf_db,off,2,2813,131.15
cdf_db,off,2,2814,133.53
cdf_db,off,2,2815,146.7
cdf_db,off,2,2816,186.06
cdf_db,off,2,2817,137.7
cdf_db,off,2,2818,185.26
cdf_db,off,2,2819,132.08
cdf_db,off,2,2820,133.42
cdf_db,off,2,2821,135.81
cdf_db,off,2,2822,188.01
cdf_db,off,2,2823,131.4
cdf_db,off,2,2824,132.3
cdf_db,off,2,2825,128.84
cdf_db,off,2,2826,133.2
cdf_db,off,2,2827,135.61
cdf_db,off,2,2828,130.949
cdf_db,off,2,2829,192.589
cdf_db,off,2,2830,134.4
cdf_db,off,2,2831,132.169
cdf_db,off,2,2832,152.751
cdf_db,off,2,2833,133.721
cdf_db,off,2,2834,133.76
cdf_db,off,2,2835,164.64
cdf_db,off,2,2836,185.57
cdf_db,off,2,2837,133.21
cdf_db,off,2,2838,138.48
cdf_db,off,2,2839,131.09
cdf_db,off,2,2840,129.71
cdf_db,off,2,2841,130.65
cdf_db,off,2,2842,142.49
cdf_db,off,2,2843,181.06
cdf_db,off,2,2844,131.59
cdf_db,off,2,2845,139.83
cdf_db,off,2,2846,131.28
cdf_db,off,2,2847,127.49
cdf_db,off,2,2848,153.65
cdf_db,off,2,2849,138.43
cdf_db,off,2,2850,191.22
cdf_db,off,2,2851,132.4
cdf_db,off,2,2852,133.32
cdf_db,off,2,2853,130.84
cdf_db,off,2,2854,131.24
cdf_db,off,2,2855,133.76
cdf_db,off,2,2856,138.13
cdf_db,off,2,2857,183.49
cdf_db,off,2,2858,153.23
cdf_db,off,2,2859,133.37
cdf_db,off,2,2860,141.67
cdf_db,off,2,2861,132.7
cdf_db,off,2,2862,133.4
cdf_db,off,2,2863,136.63
cdf_db,off,2,2864,210.671
cdf_db,off,2,2865,132.14
cdf_db,off,2,2866,135.12
cdf_db,off,2,2867,133.471
cdf_db,off,2,2868,132.191
cdf_db,off,2,2869,165.9
cdf_db,off,2,2870,195.85
cdf_db,off,2,2871,140.18
cdf_db,off,2,2872,152.0
cdf_db,off,2,2873,160.86
cdf_db,off,2,2874,141.08
cdf_db,off,2,2875,139.56
cdf_db,off,2,2876,164.25
cdf_db,off,2,2877,175.37
cdf_db,off,2,2878,134.74
cdf_db,off,2,2879,160.73
cdf_db,off,2,2880,154.1
cdf_db,off,2,2881,191.82
cdf_db,off,2,2882,144.47
cdf_db,off,2,2883,213.51
cdf_db,off,2,2884,131.31
cdf_db,off,2,2885,141.98
cdf_db,off,2,2886,140.99
cdf_db,off,2,2887,130.51
cdf_db,off,2,2888,137.82
cdf_db,off,2,2889,146.3
cdf_db,off,2,2890,186.37
cdf_db,off,2,2891,135.23
cdf_db,off,2,2892,138.43
cdf_db,off,2,2893,146.43
cdf_db,off,2,2894,134.84
cdf_db,off,2,2895,131.94
cdf_db,off,2,2896,189.25
cdf_db,off,2,2897,132.211
cdf_db,off,2,2898,142.291
cdf_db,off,2,2899,137.611
cdf_db,off,2,2900,140.9
cdf_db,off,2,2901,138.38
cdf_db,off,2,2902,132.29
cdf_db,off,2,2903,192.79
cdf_db,off,2,2904,138.15
cdf_db,off,2,2905,134.4
cdf_db,off,2,2906,137.86
cdf_db,off,2,2907,130.54
cdf_db,off,2,2908,134.14
cdf_db,off,2,2909,130.97
cdf_db,off,2,2910,190.48
cdf_db,off,2,2911,137.92
cdf_db,off,2,2912,141.55
cdf_db,off,2,2913,132.69
cdf_db,off,2,2914,134.05
cdf_db,off,2,2915,135.0
cdf_db,off,2,2916,130.96
cdf_db,off,2,2917,184.3
cdf_db,off,2,2918,141.89
cdf_db,off,2,2919,141.42
cdf_db,off,2,2920,133.48
cdf_db,off,2,2921,139.84
cdf_db,off,2,2922,129.79
cdf_db,off,2,2923,133.33
cdf_db,off,2,2924,203.45
cdf_db,off,2,2925,136.49
cdf_db,off,2,2926,135.95
cdf_db,off,2,2927,160.351
cdf_db,off,2,2928,161.029
cdf_db,off,2,2929,135.829
cdf_db,off,2,2930,139.06
cdf_db,off,2,2931,183.029
cdf_db,off,2,2932,135.9
cdf_db,off,2,2933,137.329
cdf_db,off,2,2934,132.911
cdf_db,off,2,2935,130.811
cdf_db,off,2,2936,135.24
cdf_db,off,2,2937,147.61
cdf_db,off,2,2938,179.79
cdf_db,off,2,2939,142.61
cdf_db,off,2,2940,135.48
cdf_db,off,2,2941,148.95
cdf_db,off,2,2942,141.4
cdf_db,off,2,2943,153.04
cdf_db,off,2,2944,201.07
cdf_db,off,2,2945,133.67
cdf_db,off,2,2946,130.62
cdf_db,off,2,2947,135.36
cdf_db,off,2,2948,133.6
cdf_db,off,2,2949,130.82
cdf_db,off,2,2950,131.83
cdf_db,off,2,2951,184.51
cdf_db,off,2,2952,128.7
cdf_db,off,2,2953,135.68
cdf_db,off,2,2954,142.34
cdf_db,off,2,2955,144.09
cdf_db,off,2,2956,135.84
cdf_db,off,2,2957,136.35
cdf_db,off,2,2958,230.531
cdf_db,off,2,2959,132.891
cdf_db,off,2,2960,131.271
cdf_db,off,2,2961,143.009
cdf_db,off,2,2962,134.84
cdf_db,off,2,2963,133.749
cdf_db,off,2,2964,143.169
cdf_db,off,2,2965,184.18
cdf_db,off,2,2966,132.8
cdf_db,off,2,2967,132.22
cdf_db,off,2,2968,129.31
cdf_db,off,2,2969,134.2
cdf_db,off,2,2970,130.08
cdf_db,off,2,2971,135.75
cdf_db,off,2,2972,176.8
cdf_db,off,2,2973,140.44
cdf_db,off,2,2974,133.72
cdf_db,off,2,2975,132.2
cdf_db,off,2,2976,130.33
cdf_db,off,2,2977,133.3
cdf_db,off,2,2978,130.3
cdf_db,off,2,2979,186.27
cdf_db,off,2,2980,159.88
cdf_db,off,2,2981,141.74
cdf_db,off,2,2982,132.56
cdf_db,off,2,2983,134.15
cdf_db,off,2,2984,133.11
cdf_db,off,2,2985,139.07
cdf_db,off,2,2986,190.7
cdf_db,off,2,2987,133.37
cdf_db,off,2,2988,132.34
cdf_db,off,2,2989,132.56
cdf_db,off,2,2990,129.86
cdf_db,off,2,2991,134.51
cdf_db,off,2,2992,148.1
cdf_db,off,2,2993,178.54
cdf_db,off,2,2994,134.13
cdf_db,off,2,2995,131.8
cdf_db,off,2,2996,136.83
cdf_db,off,2,2997,132.209
cdf_db,off,2,2998,177.54
cdf_db,off,2,2999,159.111
cdf_db,off,2,3000,186.73
cdf_db,off,2,3001,159.66
cdf_db,off,2,3002,142.77
cdf_db,off,2,3003,142.49
cdf_db,off,2,3004,139.25
cdf_db,off,2,3005,136.24
cdf_db,off,2,3006,191.18
cdf_db,off,2,3007,140.63
cdf_db,off,2,3008,140.19
cdf_db,off,2,3009,147.85
cdf_db,off,2,3010,161.64
cdf_db,off,2,3011,135.38
cdf_db,off,2,3012,144.11
cdf_db,off,2,3013,183.72
cdf_db,off,2,3014,131.89
cdf_db,off,2,3015,140.83
cdf_db,off,2,3016,130.81
cdf_db,off,2,3017,131.43
cdf_db,off,2,3018,144.32
cdf_db,off,2,3019,139.53
cdf_db,off,2,3020,202.29
cdf_db,off,2,3021,145.04
cdf_db,off,2,3022,134.09
cdf_db,off,2,3023,135.85
cdf_db,off,2,3024,138.42
cdf_db,off,2,3025,134.74
cdf_db,off,2,3026,193.15
cdf_db,off,2,3027,154.24
cdf_db,off,2,3028,158.091
cdf_db,off,2,3029,141.911
cdf_db,off,2,3030,134.631
cdf_db,off,2,3031,165.32
cdf_db,off,2,3032,143.96
cdf_db,off,2,3033,204.64
cdf_db,off,2,3034,171.01
cdf_db,off,2,3035,134.39
cdf_db,off,2,3036,142.09
cdf_db,off,2,3037,138.59
cdf_db,off,2,3038,133.07
cdf_db,off,2,3039,190.14
cdf_db,off,2,3040,142.45
cdf_db,off,2,3041,160.26
cdf_db,off,2,3042,140.6
cdf_db,off,2,3043,133.99
cdf_db,off,2,3044,134.88
cdf_db,off,2,3045,142.14
cdf_db,off,2,3046,194.07
cdf_db,off,2,3047,141.01
cdf_db,off,2,3048,138.16
cdf_db,off,2,3049,360.23
cdf_db,off,2,3050,164.08
cdf_db,off,2,3051,190.95
cdf_db,off,2,3052,150.09
cdf_db,off,2,3053,135.45
cdf_db,off,2,3054,135.52
cdf_db,off,2,3055,132.74
cdf_db,off,2,3056,131.22
cdf_db,off,2,3057,143.53
cdf_db,off,2,3058,181.301
cdf_db,off,2,3059,134.26
cdf_db,off,2,3060,133.5
cdf_db,off,2,3061,131.831
cdf_db,off,2,3062,131.04
cdf_db,off,2,3063,131.12
cdf_db,off,2,3064,136.96
cdf_db,off,2,3065,184.18
cdf_db,off,2,3066,156.56
cdf_db,off,2,3067,134.79
cdf_db,off,2,3068,131.22
cdf_db,off,2,3069,130.08
cdf_db,off,2,3070,127.52
cdf_db,off,2,3071,140.99
cdf_db,off,2,3072,180.34
cdf_db,off,2,3073,129.49
cdf_db,off,2,3074,132.45
cdf_db,off,2,3075,130.33
cdf_db,off,2,3076,125.31
cdf_db,off,2,3077,131.71
cdf_db,off,2,3078,129.68
cdf_db,off,2,3079,183.68
cdf_db,off,2,3080,133.17
cdf_db,off,2,3081,130.74
cdf_db,off,2,3082,132.44
cdf_db,off,2,3083,131.52
cdf_db,off,2,3084,128.43
cdf_db,off,2,3085,159.44
cdf_db,off,2,3086,179.68
cdf_db,off,2,3087,130.13
cdf_db,off,2,3088,128.35
cdf_db,off,2,3089,131.37
cdf_db,off,2,3090,133.04
cdf_db,off,2,3091,128.66
cdf_db,off,2,3092,132.46
cdf_db,off,2,3093,192.449
cdf_db,off,2,3094,131.22
cdf_db,off,2,3095,133.391
cdf_db,off,2,3096,136.14
cdf_db,off,2,3097,129.349
cdf_db,off,2,3098,133.451
cdf_db,off,2,3099,158.98
cdf_db,off,2,3100,209.98
cdf_db,off,2,3101,136.72
cdf_db,off,2,3102,134.41
cdf_db,off,2,3103,135.79
cdf_db,off,2,3104,132.43
cdf_db,off,2,3105,129.44
cdf_db,off,2,3106,140.04
cdf_db,off,2,3107,202.33
cdf_db,off,2,3108,134.07
cdf_db,off,2,3109,156.31
cdf_db,off,2,3110,135.91
cdf_db,off,2,3111,135.34
cdf_db,off,2,3112,150.95
cdf_db,off,2,3113,189.62
cdf_db,off,2,3114,141.83
cdf_db,off,2,3115,132.35
cdf_db,off,2,3116,131.8
cdf_db,off,2,3117,169.66
cdf_db,off,2,3118,137.57
cdf_db,off,2,3119,137.59
cdf_db,off,2,3120,193.42
cdf_db,off,2,3121,135.14
cdf_db,off,2,3122,143.44
cdf_db,off,2,3123,163.269
cdf_db,off,2,3124,144.491
cdf_db,off,2,3125,134.411
cdf_db,off,2,3126,141.52
cdf_db,off,2,3127,207.971
cdf_db,off,2,3128,140.811
cdf_db,off,2,3129,134.909
cdf_db,off,2,3130,155.951
cdf_db,off,2,3131,137.22
cdf_db,off,2,3132,131.97
cdf_db,off,2,3133,215.22
cdf_db,off,2,3134,159.95
cdf_db,off,2,3135,169.71
cdf_db,off,2,3136,140.44
cdf_db,off,2,3137,137.19
cdf_db,off,2,3138,131.83
cdf_db,off,2,3139,143.95
cdf_db,off,2,3140,184.51
cdf_db,off,2,3141,130.56
cdf_db,off,2,3142,135.72
cdf_db,off,2,3143,136.28
cdf_db,off,2,3144,131.82
cdf_db,off,2,3145,135.88
cdf_db,off,2,3146,141.38
cdf_db,off,2,3147,179.07
cdf_db,off,2,3148,140.81
cdf_db,off,2,3149,131.94
cdf_db,off,2,3150,718.26
cdf_db,off,2,3151,329.8
cdf_db,off,2,3152,193.131
cdf_db,off,2,3153,176.009
cdf_db,off,2,3154,220.669
cdf_db,off,2,3155,150.64
cdf_db,off,2,3156,148.91
cdf_db,off,2,3157,147.93
cdf_db,off,2,3158,157.7
cdf_db,off,2,3159,150.2
cdf_db,off,2,3160,181.16
cdf_db,off,2,3161,205.37
cdf_db,off,2,3162,148.1
cdf_db,off,2,3163,145.6
cdf_db,off,2,3164,148.13
cdf_db,off,2,3165,146.81
cdf_db,off,2,3166,151.46
cdf_db,off,2,3167,194.21
cdf_db,off,2,3168,149.64
cdf_db,off,2,3169,142.14
cdf_db,off,2,3170,140.58
cdf_db,off,2,3171,142.82
cdf_db,off,2,3172,144.93
cdf_db,off,2,3173,220.63
cdf_db,off,2,3174,149.12
cdf_db,off,2,3175,145.01
cdf_db,off,2,3176,144.36
cdf_db,off,2,3177,143.17
cdf_db,off,2,3178,162.79
cdf_db,off,2,3179,156.49
cdf_db,off,2,3180,208.97
cdf_db,off,2,3181,143.09
cdf_db,off,2,3182,142.891
cdf_db,off,2,3183,140.251
cdf_db,off,2,3184,146.38
cdf_db,off,2,3185,148.781
cdf_db,off,2,3186,183.0
cdf_db,off,2,3187,149.06
cdf_db,off,2,3188,140.89
cdf_db,off,2,3189,138.85
cdf_db,off,2,3190,142.6
cdf_db,off,2,3191,140.3
cdf_db,off,2,3192,165.54
cdf_db,off,2,3193,183.28
cdf_db,off,2,3194,140.26
cdf_db,off,2,3195,142.41
cdf_db,off,2,3196,144.08
cdf_db,off,2,3197,143.04
cdf_db,off,2,3198,177.48
cdf_db,off,2,3199,193.38
cdf_db,off,2,3200,139.02
cdf_db,off,2,3201,142.7
cdf_db,off,2,3202,134.59
cdf_db,off,2,3203,140.74
cdf_db,off,2,3204,135.57
cdf_db,off,2,3205,145.13
cdf_db,off,2,3206,180.69
cdf_db,off,2,3207,143.09
cdf_db,off,2,3208,137.5
cdf_db,off,2,3209,140.32
cdf_db,off,2,3210,137.79
cdf_db,off,2,3211,161.93
cdf_db,off,2,3212,191.48
cdf_db,off,2,3213,135.541
cdf_db,off,2,3214,139.629
cdf_db,off,2,3215,138.66
cdf_db,off,2,3216,139.389
cdf_db,off,2,3217,136.271
cdf_db,off,2,3218,135.9
cdf_db,off,2,3219,197.9
cdf_db,off,2,3220,137.67
cdf_db,off,2,3221,139.34
cdf_db,off,2,3222,136.37
cdf_db,off,2,3223,139.56
cdf_db,off,2,3224,134.77
cdf_db,off,2,3225,146.75
cdf_db,off,2,3226,192.84
cdf_db,off,2,3227,142.62
cdf_db,off,2,3228,142.29
cdf_db,off,2,3229,140.04
cdf_db,off,2,3230,162.74
cdf_db,off,2,3231,138.47
cdf_db,off,2,3232,208.81
cdf_db,off,2,3233,142.77
cdf_db,off,2,3234,142.9
cdf_db,off,2,3235,142.77
cdf_db,off,2,3236,141.2
cdf_db,off,2,3237,141.02
cdf_db,off,2,3238,185.65
cdf_db,off,2,3239,192.05
cdf_db,off,2,3240,139.23
cdf_db,off,2,3241,143.65
cdf_db,off,2,3242,149.0
cdf_db,off,2,3243,137.6
cdf_db,off,2,3244,143.9
cdf_db,off,2,3245,195.1
cdf_db,off,2,3246,150.471
cdf_db,off,2,3247,135.22
cdf_db,off,2,3248,142.14
cdf_db,off,2,3249,137.051
cdf_db,off,2,3250,140.031
cdf_db,off,2,3251,147.28
cdf_db,off,2,3252,206.471
cdf_db,off,2,3253,143.81
cdf_db,off,2,3254,140.06
cdf_db,off,2,3255,139.27
cdf_db,off,2,3256,136.42
cdf_db,off,2,3257,138.58
cdf_db,off,2,3258,225.23
cdf_db,off,2,3259,135.25
cdf_db,off,2,3260,139.87
cdf_db,off,2,3261,137.72
cdf_db,off,2,3262,138.89
cdf_db,off,2,3263,134.36
cdf_db,off,2,3264,139.54
cdf_db,off,2,3265,202.0
cdf_db,off,2,3266,144.84
cdf_db,off,2,3267,140.63
cdf_db,off,2,3268,145.1
cdf_db,off,2,3269,139.97
cdf_db,off,2,3270,144.43
cdf_db,off,2,3271,149.6
cdf_db,off,2,3272,183.08
cdf_db,off,2,3273,175.23
cdf_db,off,2,3274,147.28
cdf_db,off,2,3275,148.54
cdf_db,off,2,3276,145.83
cdf_db,off,2,3277,141.309
cdf_db,off,2,3278,198.12
cdf_db,off,2,3279,138.049
cdf_db,off,2,3280,145.771
cdf_db,off,2,3281,145.191
cdf_db,off,2,3282,139.96
cdf_db,off,2,3283,146.001
cdf_db,off,2,3284,157.73
cdf_db,off,2,3285,183.26
cdf_db,off,2,3286,143.3
cdf_db,off,2,3287,143.9
cdf_db,off,2,3288,144.83
cdf_db,off,2,3289,140.85
cdf_db,off,2,3290,140.28
cdf_db,off,2,3291,202.02
cdf_db,off,2,3292,148.99
cdf_db,off,2,3293,159.16
cdf_db,off,2,3294,140.19
cdf_db,off,2,3295,139.14
cdf_db,off,2,3296,143.63
cdf_db,off,2,3297,163.93
cdf_db,off,2,3298,197.17
cdf_db,off,2,3299,137.93
cdf_db,off,2,3300,172.14
cdf_db,off,2,3301,145.15
cdf_db,off,2,3302,136.8
cdf_db,off,2,3303,146.55
cdf_db,off,2,3304,209.37
cdf_db,off,2,3305,139.8
cdf_db,off,2,3306,143.34
cdf_db,off,2,3307,161.56
cdf_db,off,2,3308,141.931
cdf_db,off,2,3309,164.491
cdf_db,off,2,3310,198.331
cdf_db,off,2,3311,168.08
cdf_db,off,2,3312,169.16
cdf_db,off,2,3313,190.51
cdf_db,off,2,3314,145.33
cdf_db,off,2,3315,137.44
cdf_db,off,2,3316,192.16
cdf_db,off,2,3317,148.84
cdf_db,off,2,3318,138.15
cdf_db,off,2,3319,155.13
cdf_db,off,2,3320,146.65
cdf_db,off,2,3321,136.54
cdf_db,off,2,3322,152.11
cdf_db,off,2,3323,208.18
cdf_db,off,2,3324,137.12
cdf_db,off,2,3325,140.72
cdf_db,off,2,3326,137.91
cdf_db,off,2,3327,139.6
cdf_db,off,2,3328,142.94
cdf_db,off,2,3329,193.07
cdf_db,off,2,3330,150.36
cdf_db,off,2,3331,139.17
cdf_db,off,2,3332,146.34
cdf_db,off,2,3333,139.31
cdf_db,off,2,3334,149.48
cdf_db,off,2,3335,141.52
cdf_db,off,2,3336,190.65
cdf_db,off,2,3337,138.55
cdf_db,off,2,3338,166.39
cdf_db,off,2,3339,141.21
cdf_db,off,2,3340,138.471
cdf_db,off,2,3341,138.52
cdf_db,off,2,3342,187.51
cdf_db,off,2,3343,141.5
cdf_db,off,2,3344,143.19
cdf_db,off,2,3345,140.71
cdf_db,off,2,3346,140.24
cdf_db,off,2,3347,139.62
cdf_db,off,2,3348,137.04
cdf_db,off,2,3349,201.04
cdf_db,off,2,3350,148.13
cdf_db,off,2,3351,143.16
cdf_db,off,2,3352,147.66
cdf_db,off,2,3353,146.19
cdf_db,off,2,3354,140.6
cdf_db,off,2,3355,142.36
cdf_db,off,2,3356,186.86
cdf_db,off,2,3357,147.13
cdf_db,off,2,3358,138.08
cdf_db,off,2,3359,140.78
cdf_db,off,2,3360,139.06
cdf_db,off,2,3361,141.21
cdf_db,off,2,3362,191.97
cdf_db,off,2,3363,148.14
cdf_db,off,2,3364,139.47
cdf_db,off,2,3365,142.16
cdf_db,off,2,3366,137.56
cdf_db,off,2,3367,145.18
cdf_db,off,2,3368,148.33
cdf_db,off,2,3369,192.32
cdf_db,off,2,3370,139.32
cdf_db,off,2,3371,138.02
cdf_db,off,2,3372,137.051
cdf_db,off,2,3373,163.08
cdf_db,off,2,3374,135.16
cdf_db,off,2,3375,144.61
cdf_db,off,2,3376,191.74
cdf_db,off,2,3377,136.5
cdf_db,off,2,3378,143.14
cdf_db,off,2,3379,140.32
cdf_db,off,2,3380,139.08
cdf_db,off,2,3381,140.88
cdf_db,off,2,3382,191.95
cdf_db,off,2,3383,148.77
cdf_db,off,2,3384,137.37
cdf_db,off,2,3385,143.35
cdf_db,off,2,3386,133.77
cdf_db,off,2,3387,140.97
cdf_db,off,2,3388,135.14
cdf_db,off,2,3389,198.46
cdf_db,off,2,3390,142.51
cdf_db,off,2,3391,135.99
cdf_db,off,2,3392,150.31
cdf_db,off,2,3393,140.67
cdf_db,off,2,3394,138.71
cdf_db,off,2,3395,149.36
cdf_db,off,2,3396,198.45
cdf_db,off,2,3397,142.54
cdf_db,off,2,3398,135.62
cdf_db,off,2,3399,144.68
cdf_db,off,2,3400,133.63
cdf_db,off,2,3401,166.37
cdf_db,off,2,3402,200.38
cdf_db,off,2,3403,138.28
cdf_db,off,2,3404,143.771
cdf_db,off,2,3405,141.08
cdf_db,off,2,3406,136.48
cdf_db,off,2,3407,142.24
cdf_db,off,2,3408,142.06
cdf_db,off,2,3409,186.471
cdf_db,off,2,3410,140.781
cdf_db,off,2,3411,141.65
cdf_db,off,2,3412,140.64
cdf_db,off,2,3413,134.26
cdf_db,off,2,3414,144.96
cdf_db,off,2,3415,146.26
cdf_db,off,2,3416,177.72
cdf_db,off,2,3417,147.46
cdf_db,off,2,3418,139.84
cdf_db,off,2,3419,141.17
cdf_db,off,2,3420,135.82
cdf_db,off,2,3421,144.7
cdf_db,off,2,3422,202.5
cdf_db,off,2,3423,168.73
cdf_db,off,2,3424,155.6
cdf_db,off,2,3425,146.19
cdf_db,off,2,3426,140.07
cdf_db,off,2,3427,142.15
cdf_db,off,2,3428,135.91
cdf_db,off,2,3429,187.26
cdf_db,off,2,3430,145.7
cdf_db,off,2,3431,137.32
cdf_db,off,2,3432,141.07
cdf_db,off,2,3433,141.08
cdf_db,off,2,3434,137.35
cdf_db,off,2,3435,195.961
cdf_db,off,2,3436,139.96
cdf_db,off,2,3437,146.0
cdf_db,off,2,3438,136.68
cdf_db,off,2,3439,164.16
cdf_db,off,2,3440,142.02
cdf_db,off,2,3441,141.469
cdf_db,off,2,3442,197.381
cdf_db,off,2,3443,141.54
cdf_db,off,2,3444,141.82
cdf_db,off,2,3445,142.96
cdf_db,off,2,3446,138.0
cdf_db,off,2,3447,142.47
cdf_db,off,2,3448,150.8
cdf_db,off,2,3449,177.77
cdf_db,off,2,3450,142.97
cdf_db,off,2,3451,156.7
cdf_db,off,2,3452,139.14
cdf_db,off,2,3453,141.07
cdf_db,off,2,3454,134.71
cdf_db,off,2,3455,199.8
cdf_db,off,2,3456,148.01
cdf_db,off,2,3457,142.9
cdf_db,off,2,3458,143.14
cdf_db,off,2,3459,139.41
cdf_db,off,2,3460,160.93
cdf_db,off,2,3461,140.14
cdf_db,off,2,3462,189.15
cdf_db,off,2,3463,145.03
cdf_db,off,2,3464,139.4
cdf_db,off,2,3465,151.14
cdf_db,off,2,3466,141.61
cdf_db,off,2,3467,158.52
cdf_db,off,2,3468,217.4
cdf_db,off,2,3469,144.9
cdf_db,off,2,3470,141.06
cdf_db,off,2,3471,139.64
cdf_db,off,2,3472,140.891
cdf_db,off,2,3473,164.1
cdf_db,off,2,3474,200.28
cdf_db,off,2,3475,136.31
cdf_db,off,2,3476,165.63
cdf_db,off,2,3477,142.42
cdf_db,off,2,3478,164.71
cdf_db,off,2,3479,143.56
cdf_db,off,2,3480,142.52
cdf_db,off,2,3481,214.56
cdf_db,off,2,3482,171.78
cdf_db,off,2,3483,423.7
cdf_db,off,2,3484,182.01
cdf_db,off,2,3485,191.66
cdf_db,off,2,3486,147.82
cdf_db,off,2,3487,145.86
cdf_db,off,2,3488,142.36
cdf_db,off,2,3489,155.36
cdf_db,off,2,3490,142.16
cdf_db,off,2,3491,194.09
cdf_db,off,2,3492,138.14
cdf_db,off,2,3493,143.29
cdf_db,off,2,3494,141.12
cdf_db,off,2,3495,144.62
cdf_db,off,2,3496,136.009
cdf_db,off,2,3497,144.851
cdf_db,off,2,3498,181.0
cdf_db,off,2,3499,146.101
cdf_db,off,2,3500,141.67
cdf_db,off,2,3501,138.63
cdf_db,off,2,3502,141.85
cdf_db,off,2,3503,139.52
cdf_db,off,2,3504,151.88
cdf_db,off,2,3505,187.0
cdf_db,off,2,3506,139.48
cdf_db,off,2,3507,144.26
cdf_db,off,2,3508,140.19
cdf_db,off,2,3509,142.72
cdf_db,off,2,3510,147.95
cdf_db,off,2,3511,194.14
cdf_db,off,2,3512,150.85
cdf_db,off,2,3513,139.19
cdf_db,off,2,3514,144.54
cdf_db,off,2,3515,140.23
cdf_db,off,2,3516,143.92
cdf_db,off,2,3517,143.44
cdf_db,off,2,3518,194.95
cdf_db,off,2,3519,137.19
cdf_db,off,2,3520,144.63
cdf_db,off,2,3521,139.96
cdf_db,off,2,3522,137.62
cdf_db,off,2,3523,137.7
cdf_db,off,2,3524,148.45
cdf_db,off,2,3525,185.19
cdf_db,off,2,3526,136.4
cdf_db,off,2,3527,149.4
cdf_db,off,2,3528,137.42
cdf_db,off,2,3529,141.21
cdf_db,off,2,3530,141.21
cdf_db,off,2,3531,215.101
cdf_db,off,2,3532,141.449
cdf_db,off,2,3533,138.12
cdf_db,off,2,3534,145.7
cdf_db,off,2,3535,134.6
cdf_db,off,2,3536,144.09
cdf_db,off,2,3537,142.36
cdf_db,off,2,3538,206.17
cdf_db,off,2,3539,145.15
cdf_db,off,2,3540,137.89
cdf_db,off,2,3541,144.61
cdf_db,off,2,3542,140.77
cdf_db,off,2,3543,139.15
cdf_db,off,2,3544,210.2
cdf_db,off,2,3545,138.05
cdf_db,off,2,3546,145.15
cdf_db,off,2,3547,142.59
cdf_db,off,2,3548,140.94
cdf_db,off,2,3549,137.38
cdf_db,off,2,3550,146.68
cdf_db,off,2,3551,191.94
cdf_db,off,2,3552,138.53
cdf_db,off,2,3553,143.61
cdf_db,off,2,3554,140.62
cdf_db,off,2,3555,141.16
cdf_db,off,2,3556,138.88
cdf_db,off,2,3557,152.0
cdf_db,off,2,3558,180.87
cdf_db,off,2,3559,146.16
cdf_db,off,2,3560,137.94
cdf_db,off,2,3561,142.09
cdf_db,off,2,3562,164.3
cdf_db,off,2,3563,137.429
cdf_db,off,2,3564,201.4
cdf_db,off,2,3565,147.06
cdf_db,off,2,3566,136.671
cdf_db,off,2,3567,139.09
cdf_db,off,2,3568,141.68
cdf_db,off,2,3569,138.99
cdf_db,off,2,3570,138.52
cdf_db,off,2,3571,193.32
cdf_db,off,2,3572,146.05
cdf_db,off,2,3573,139.15
cdf_db,off,2,3574,148.64
cdf_db,off,2,3575,137.97
cdf_db,off,2,3576,138.21
cdf_db,off,2,3577,151.24
cdf_db,off,2,3578,184.98
cdf_db,off,2,3579,137.2
cdf_db,off,2,3580,141.77
cdf_db,off,2,3581,140.7
cdf_db,off,2,3582,135.31
cdf_db,off,2,3583,141.89
cdf_db,off,2,3584,206.26
cdf_db,off,2,3585,165.56
cdf_db,off,2,3586,148.74
cdf_db,off,2,3587,139.33
cdf_db,off,2,3588,142.19
cdf_db,off,2,3589,137.79
cdf_db,off,2,3590,148.28
cdf_db,off,2,3591,193.5
cdf_db,off,2,3592,138.651
cdf_db,off,2,3593,147.26
cdf_db,off,2,3594,138.771
cdf_db,off,2,3595,140.971
cdf_db,off,2,3596,138.709
cdf_db,off,2,3597,194.2
cdf_db,off,2,3598,140.971
cdf_db,off,2,3599,144.38
cdf_db,off,2,3600,143.35
cdf_db,off,2,3601,156.68
cdf_db,off,2,3602,139.33
cdf_db,off,2,3603,142.5
cdf_db,off,2,3604,186.89
cdf_db,off,2,3605,146.35
cdf_db,off,2,3606,141.74
cdf_db,off,2,3607,142.8
cdf_db,off,2,3608,136.5
cdf_db,off,2,3609,143.9
cdf_db,off,2,3610,140.4
cdf_db,off,2,3611,199.82
cdf_db,off,2,3612,144.78
cdf_db,off,2,3613,136.14
cdf_db,off,2,3614,163.34
cdf_db,off,2,3615,142.79
cdf_db,off,2,3616,139.85
cdf_db,off,2,3617,211.25
cdf_db,off,2,3618,137.38
cdf_db,off,2,3619,144.54
cdf_db,off,2,3620,143.72
cdf_db,off,2,3621,133.6
cdf_db,off,2,3622,141.94
cdf_db,off,2,3623,169.77
cdf_db,off,2,3624,185.76
cdf_db,off,2,3625,147.84
cdf_db,off,2,3626,136.211
cdf_db,off,2,3627,140.949
cdf_db,off,2,3628,139.42
cdf_db,off,2,3629,141.349
cdf_db,off,2,3630,224.251
cdf_db,off,2,3631,144.2
cdf_db,off,2,3632,147.57
cdf_db,off,2,3633,144.21
cdf_db,off,2,3634,140.89
cdf_db,off,2,3635,137.67
cdf_db,off,2,3636,224.99
cdf_db,off,2,3637,140.51
cdf_db,off,2,3638,147.68
cdf_db,off,2,3639,140.48
cdf_db,off,2,3640,167.7
cdf_db,off,2,3641,147.57
cdf_db,off,2,3642,143.04
cdf_db,off,2,3643,221.73
cdf_db,off,2,3644,148.55
cdf_db,off,2,3645,160.58
cdf_db,off,2,3646,162.15
cdf_db,off,2,3647,188.7
cdf_db,off,2,3648,141.77
cdf_db,off,2,3649,691.86
cdf_db,off,2,3650,178.7
cdf_db,off,2,3651,289.289
cdf_db,off,2,3652,183.311
cdf_db,off,2,3653,201.8
cdf_db,off,2,3654,163.55
cdf_db,off,2,3655,195.59
cdf_db,off,2,3656,222.21
cdf_db,off,2,3657,195.67
cdf_db,off,2,3658,158.68
cdf_db,off,2,3659,192.14
cdf_db,off,2,3660,164.22
cdf_db,off,2,3661,204.49
cdf_db,off,2,3662,200.86
cdf_db,off,2,3663,192.34
cdf_db,off,2,3664,163.41
cdf_db,off,2,3665,191.7
cdf_db,off,2,3666,163.74
cdf_db,off,2,3667,262.22
cdf_db,off,2,3668,167.4
cdf_db,off,2,3669,194.63
cdf_db,off,2,3670,159.82
cdf_db,off,2,3671,198.85
cdf_db,off,2,3672,207.59
cdf_db,off,2,3673,191.46
cdf_db,off,2,3674,156.53
cdf_db,off,2,3675,190.86
cdf_db,off,2,3676,158.72
cdf_db,off,2,3677,243.4
cdf_db,off,2,3678,155.98
cdf_db,off,2,3679,192.86
cdf_db,off,2,3680,161.55
cdf_db,off,2,3681,189.52
cdf_db,off,2,3682,163.91
cdf_db,off,2,3683,241.54
cdf_db,off,2,3684,177.76
cdf_db,off,2,3685,192.56
cdf_db,off,2,3686,159.23
cdf_db,off,2,3687,196.6
cdf_db,off,2,3688,227.5
cdf_db,off,2,3689,190.61
cdf_db,off,2,3690,163.11
cdf_db,off,2,3691,192.48
cdf_db,off,2,3692,155.61
cdf_db,off,2,3693,254.54
cdf_db,off,2,3694,163.4
cdf_db,off,2,3695,228.66
cdf_db,off,2,3696,159.37
cdf_db,off,2,3697,190.2
cdf_db,off,2,3698,221.53
cdf_db,off,2,3699,191.12
cdf_db,off,2,3700,152.99
cdf_db,off,2,3701,191.13
cdf_db,off,2,3702,165.42
cdf_db,off,2,3703,206.341
cdf_db,off,2,3704,204.711
cdf_db,off,2,3705,190.681
cdf_db,off,2,3706,159.84
cdf_db,off,2,3707,196.68
cdf_db,off,2,3708,160.49
cdf_db,off,2,3709,242.83
cdf_db,off,2,3710,162.57
cdf_db,off,2,3711,187.94
cdf_db,off,2,3712,155.75
cdf_db,off,2,3713,190.2
cdf_db,off,2,3714,214.83
cdf_db,off,2,3715,203.45
cdf_db,off,2,3716,158.59
cdf_db,off,2,3717,192.61
cdf_db,off,2,3718,162.27
cdf_db,off,2,3719,191.91
cdf_db,off,2,3720,200.36
cdf_db,off,2,3721,191.74
cdf_db,off,2,3722,158.13
cdf_db,off,2,3723,188.49
cdf_db,off,2,3724,153.48
cdf_db,off,2,3725,273.11
cdf_db,off,2,3726,162.52
cdf_db,off,2,3727,193.461
cdf_db,off,2,3728,153.811
cdf_db,off,2,3729,189.88
cdf_db,off,2,3730,212.76
cdf_db,off,2,3731,192.35
cdf_db,off,2,3732,155.13
cdf_db,off,2,3733,190.56
cdf_db,off,2,3734,160.13
cdf_db,off,2,3735,198.4
cdf_db,off,2,3736,201.98
cdf_db,off,2,3737,191.6
cdf_db,off,2,3738,161.76
cdf_db,off,2,3739,190.8
cdf_db,off,2,3740,155.77
cdf_db,off,2,3741,242.57
cdf_db,off,2,3742,159.42
cdf_db,off,2,3743,187.1
cdf_db,off,2,3744,155.34
cdf_db,off,2,3745,193.54
cdf_db,off,2,3746,213.88
cdf_db,off,2,3747,192.46
cdf_db,off,2,3748,182.26
cdf_db,off,2,3749,191.66
cdf_db,off,2,3750,167.51
cdf_db,off,2,3751,200.95
cdf_db,off,2,3752,217.481
cdf_db,off,2,3753,191.76
cdf_db,off,2,3754,162.831
cdf_db,off,2,3755,189.129
cdf_db,off,2,3756,160.94
cdf_db,off,2,3757,260.62
cdf_db,off,2,3758,170.491
cdf_db,off,2,3759,199.13
cdf_db,off,2,3760,154.06
cdf_db,off,2,3761,189.35
cdf_db,off,2,3762,238.8
cdf_db,off,2,3763,193.65
cdf_db,off,2,3764,179.56
cdf_db,off,2,3765,186.62
cdf_db,off,2,3766,163.39
cdf_db,off,2,3767,258.43
cdf_db,off,2,3768,157.93
cdf_db,off,2,3769,195.36
cdf_db,off,2,3770,160.09
cdf_db,off,2,3771,188.89
cdf_db,off,2,3772,165.77
cdf_db,off,2,3773,238.93
cdf_db,off,2,3774,164.68
cdf_db,off,2,3775,193.08
cdf_db,off,2,3776,156.22
cdf_db,off,2,3777,217.741
cdf_db,off,2,3778,206.42
cdf_db,off,2,3779,189.711
cdf_db,off,2,3780,155.62
cdf_db,off,2,3781,193.311
cdf_db,off,2,3782,161.581
cdf_db,off,2,3783,249.07
cdf_db,off,2,3784,156.17
cdf_db,off,2,3785,189.4
cdf_db,off,2,3786,162.04
cdf_db,off,2,3787,212.62
cdf_db,off,2,3788,212.72
cdf_db,off,2,3789,190.28
cdf_db,off,2,3790,154.18
cdf_db,off,2,3791,187.05
cdf_db,off,2,3792,159.38
cdf_db,off,2,3793,197.54
cdf_db,off,2,3794,228.24
cdf_db,off,2,3795,193.46
cdf_db,off,2,3796,163.16
cdf_db,off,2,3797,190.35
cdf_db,off,2,3798,157.36
cdf_db,off,2,3799,246.72
cdf_db,off,2,3800,183.05
cdf_db,off,2,3801,188.92
cdf_db,off,2,3802,153.69
cdf_db,off,2,3803,191.06
cdf_db,off,2,3804,235.93
cdf_db,off,2,3805,192.081
cdf_db,off,2,3806,154.52
cdf_db,off,2,3807,212.36
cdf_db,off,2,3808,165.02
cdf_db,off,2,3809,268.54
cdf_db,off,2,3810,178.97
cdf_db,off,2,3811,237.26
cdf_db,off,2,3812,164.44
cdf_db,off,2,3813,189.42
cdf_db,off,2,3814,210.78
cdf_db,off,2,3815,191.8
cdf_db,off,2,3816,159.96
cdf_db,off,2,3817,193.02
cdf_db,off,2,3818,155.95
cdf_db,off,2,3819,203.75
cdf_db,off,2,3820,207.4
cdf_db,off,2,3821,189.25
cdf_db,off,2,3822,155.25
cdf_db,off,2,3823,190.55
cdf_db,off,2,3824,168.57
cdf_db,off,2,3825,248.1
cdf_db,off,2,3826,157.16
cdf_db,off,2,3827,191.85
cdf_db,off,2,3828,162.08
cdf_db,off,2,3829,201.62
cdf_db,off,2,3830,222.821
cdf_db,off,2,3831,193.129
cdf_db,off,2,3832,159.689
cdf_db,off,2,3833,190.77
cdf_db,off,2,3834,155.47
cdf_db,off,2,3835,192.89
cdf_db,off,2,3836,201.01
cdf_db,off,2,3837,192.77
cdf_db,off,2,3838,157.44
cdf_db,off,2,3839,188.9
cdf_db,off,2,3840,163.91
cdf_db,off,2,3841,242.05
cdf_db,off,2,3842,159.31
cdf_db,off,2,3843,190.91
cdf_db,off,2,3844,155.21
cdf_db,off,2,3845,187.7
cdf_db,off,2,3846,214.29
cdf_db,off,2,3847,195.32
cdf_db,off,2,3848,154.66
cdf_db,off,2,3849,195.54
cdf_db,off,2,3850,154.03
cdf_db,off,2,3851,201.74
cdf_db,off,2,3852,222.95
cdf_db,off,2,3853,188.95
cdf_db,off,2,3854,154.91
cdf_db,off,2,3855,187.15
cdf_db,off,2,3856,162.97
cdf_db,off,2,3857,243.6
cdf_db,off,2,3858,155.64
cdf_db,off,2,3859,214.471
cdf_db,off,2,3860,160.54
cdf_db,off,2,3861,191.5
cdf_db,off,2,3862,215.45
cdf_db,off,2,3863,190.7
cdf_db,off,2,3864,163.24
cdf_db,off,2,3865,195.23
cdf_db,off,2,3866,155.97
cdf_db,off,2,3867,198.68
cdf_db,off,2,3868,206.51
cdf_db,off,2,3869,191.4
cdf_db,off,2,3870,159.48
cdf_db,off,2,3871,143.85
cdf_db,off,2,3872,189.66
cdf_db,off,2,3873,213.92
cdf_db,off,2,3874,191.81
cdf_db,off,2,3875,154.61
cdf_db,off,2,3876,186.23
cdf_db,off,2,3877,157.75
cdf_db,off,2,3878,191.1
cdf_db,off,2,3879,197.44
cdf_db,off,2,3880,189.731
cdf_db,off,2,3881,158.249
cdf_db,off,2,3882,189.92
cdf_db,off,2,3883,156.06
cdf_db,off,2,3884,245.311
cdf_db,off,2,3885,160.68
cdf_db,off,2,3886,191.469
cdf_db,off,2,3887,154.87
cdf_db,off,2,3888,190.23
cdf_db,off,2,3889,235.56
cdf_db,off,2,3890,186.67
cdf_db,off,2,3891,154.37
cdf_db,off,2,3892,193.67
cdf_db,off,2,3893,171.33
cdf_db,off,2,3894,197.84
cdf_db,off,2,3895,217.01
cdf_db,off,2,3896,152.48
cdf_db,off,2,3897,190.12
cdf_db,off,2,3898,159.6
cdf_db,off,2,3899,189.56
cdf_db,off,2,3900,211.44
cdf_db,off,2,3901,188.77
cdf_db,off,2,3902,165.62
cdf_db,off,2,3903,189.74
cdf_db,off,2,3904,165.83
cdf_db,off,2,3905,268.47
cdf_db,off,2,3906,169.66
cdf_db,off,2,3907,199.07
cdf_db,off,2,3908,159.26
cdf_db,off,2,3909,191.78
cdf_db,off,2,3910,160.549
cdf_db,off,2,3911,259.52
cdf_db,off,2,3912,162.48
cdf_db,off,2,3913,192.22
cdf_db,off,2,3914,156.71
cdf_db,off,2,3915,195.73
cdf_db,off,2,3916,202.12
cdf_db,off,2,3917,189.45
cdf_db,off,2,3918,155.25
cdf_db,off,2,3919,190.63
cdf_db,off,2,3920,161.47
cdf_db,off,2,3921,246.62
cdf_db,off,2,3922,157.67
cdf_db,off,2,3923,192.11
cdf_db,off,2,3924,157.95
cdf_db,off,2,3925,187.53
cdf_db,off,2,3926,163.02
cdf_db,off,2,3927,236.97
cdf_db,off,2,3928,161.43
cdf_db,off,2,3929,210.58
cdf_db,off,2,3930,156.93
cdf_db,off,2,3931,203.84
cdf_db,off,2,3932,203.5
cdf_db,off,2,3933,189.15
cdf_db,off,2,3934,359.94
cdf_db,off,2,3935,217.11
cdf_db,off,2,3936,213.21
cdf_db,off,2,3937,193.9
cdf_db,off,2,3938,160.41
cdf_db,off,2,3939,192.86
cdf_db,off,2,3940,162.23
cdf_db,off,2,3941,278.11
cdf_db,off,2,3942,156.58
cdf_db,off,2,3943,189.86
cdf_db,off,2,3944,163.69
cdf_db,off,2,3945,187.06
cdf_db,off,2,3946,163.94
cdf_db,off,2,3947,233.81
cdf_db,off,2,3948,160.92
cdf_db,off,2,3949,192.64
cdf_db,off,2,3950,159.39
cdf_db,off,2,3951,217.44
cdf_db,off,2,3952,202.83
cdf_db,off,2,3953,190.62
cdf_db,off,2,3954,154.29
cdf_db,off,2,3955,189.29
cdf_db,off,2,3956,159.09
cdf_db,off,2,3957,242.86
cdf_db,off,2,3958,183.661
cdf_db,off,2,3959,196.4
cdf_db,off,2,3960,169.5
cdf_db,off,2,3961,191.42
cdf_db,off,2,3962,212.39
cdf_db,off,2,3963,195.79
cdf_db,off,2,3964,160.91
cdf_db,off,2,3965,189.78
cdf_db,off,2,3966,155.29
cdf_db,off,2,3967,196.01
cdf_db,off,2,3968,204.21
cdf_db,off,2,3969,216.49
cdf_db,off,2,3970,153.55
cdf_db,off,2,3971,192.55
cdf_db,off,2,3972,160.03
cdf_db,off,2,3973,286.0
cdf_db,off,2,3974,158.18
cdf_db,off,2,3975,206.46
cdf_db,off,2,3976,184.38
cdf_db,off,2,3977,219.71
cdf_db,off,2,3978,265.25
cdf_db,off,2,3979,191.25
cdf_db,off,2,3980,166.48
cdf_db,off,2,3981,189.54
cdf_db,off,2,3982,165.38
cdf_db,off,2,3983,239.271
cdf_db,off,2,3984,168.14
cdf_db,off,2,3985,150.909
cdf_db,off,2,3986,151.24
cdf_db,off,2,3987,190.5
cdf_db,off,2,3988,210.04
cdf_db,off,2,3989,196.03
cdf_db,off,2,3990,160.5
cdf_db,off,2,3991,189.87
cdf_db,off,2,3992,154.03
cdf_db,off,2,3993,193.35
cdf_db,off,2,3994,202.49
cdf_db,off,2,3995,186.31
cdf_db,off,2,3996,153.2
cdf_db,off,2,3997,188.91
cdf_db,off,2,3998,159.5
cdf_db,off,2,3999,258.93
cdf_db,off,2,4000,155.61
cdf_db,off,2,4001,188.79
cdf_db,off,2,4002,161.16
cdf_db,off,2,4003,214.5
cdf_db,off,2,4004,163.65
cdf_db,off,2,4005,238.62
cdf_db,off,2,4006,160.81
cdf_db,off,2,4007,187.24
cdf_db,off,2,4008,155.081
cdf_db,off,2,4009,199.491
cdf_db,off,2,4010,204.76
cdf_db,off,2,4011,190.049
cdf_db,off,2,4012,155.54
cdf_db,off,2,4013,189.651
cdf_db,off,2,4014,160.26
cdf_db,off,2,4015,248.08
cdf_db,off,2,4016,158.12
cdf_db,off,2,4017,190.31
cdf_db,off,2,4018,159.91
cdf_db,off,2,4019,188.42
cdf_db,off,2,4020,158.01
cdf_db,off,2,4021,237.57
cdf_db,off,2,4022,179.15
cdf_db,off,2,4023,187.87
cdf_db,off,2,4024,154.68
cdf_db,off,2,4025,201.18
cdf_db,off,2,4026,215.75
cdf_db,off,2,4027,189.16
cdf_db,off,2,4028,155.76
cdf_db,off,2,4029,189.85
cdf_db,off,2,4030,164.48
cdf_db,off,2,4031,245.4
cdf_db,off,2,4032,153.72
cdf_db,off,2,4033,189.56
cdf_db,off,2,4034,159.71
cdf_db,off,2,4035,188.12
cdf_db,off,2,4036,181.469
cdf_db,off,2,4037,255.629
cdf_db,off,2,4038,161.96
cdf_db,off,2,4039,189.52
cdf_db,off,2,4040,156.32
cdf_db,off,2,4041,195.57
cdf_db,off,2,4042,205.31
cdf_db,off,2,4043,195.14
cdf_db,off,2,4044,154.13
cdf_db,off,2,4045,198.84
cdf_db,off,2,4046,181.47
cdf_db,off,2,4047,245.94
cdf_db,off,2,4048,164.7
cdf_db,off,2,4049,191.94
cdf_db,off,2,4050,160.61
cdf_db,off,2,4051,188.76
cdf_db,off,2,4052,164.72
cdf_db,off,2,4053,256.81
cdf_db,off,2,4054,182.35
cdf_db,off,2,4055,188.32
cdf_db,off,2,4056,153.29
cdf_db,off,2,4057,194.5
cdf_db,off,2,4058,215.47
cdf_db,off,2,4059,148.76
cdf_db,off,2,4060,212.83
cdf_db,off,2,4061,163.909
cdf_db,off,2,4062,197.69
cdf_db,off,2,4063,204.88
cdf_db,off,2,4064,210.95
cdf_db,off,2,4065,161.45
cdf_db,off,2,4066,190.84
cdf_db,off,2,4067,178.03
cdf_db,off,2,4068,244.23
cdf_db,off,2,4069,160.24
cdf_db,off,2,4070,213.53
cdf_db,off,2,4071,193.67
cdf_db,off,2,4072,192.02
cdf_db,off,2,4073,213.2
cdf_db,off,2,4074,191.01
cdf_db,off,2,4075,155.61
cdf_db,off,2,4076,188.32
cdf_db,off,2,4077,162.27
cdf_db,off,2,4078,201.7
cdf_db,off,2,4079,205.25
cdf_db,off,2,4080,194.18
cdf_db,off,2,4081,160.6
cdf_db,off,2,4082,191.95
cdf_db,off,2,4083,166.39
cdf_db,off,2,4084,249.6
cdf_db,off,2,4085,162.371
cdf_db,off,2,4086,193.9
cdf_db,off,2,4087,155.791
cdf_db,off,2,4088,193.471
cdf_db,off,2,4089,215.58
cdf_db,off,2,4090,196.72
cdf_db,off,2,4091,153.06
cdf_db,off,2,4092,192.48
cdf_db,off,2,4093,162.32
cdf_db,off,2,4094,188.2
cdf_db,off,2,4095,197.6
cdf_db,off,2,4096,213.47
cdf_db,off,2,4097,158.88
cdf_db,off,2,4098,200.98
cdf_db,off,2,4099,163.41
cdf_db,off,2,4100,241.37
cdf_db,off,2,4101,162.23
cdf_db,off,2,4102,189.84
cdf_db,off,2,4103,154.86
cdf_db,off,2,4104,188.85
cdf_db,off,2,4105,212.7
cdf_db,off,2,4106,191.56
cdf_db,off,2,4107,153.31
cdf_db,off,2,4108,188.31
cdf_db,off,2,4109,159.88
cdf_db,off,2,4110,193.17
cdf_db,off,2,4111,204.52
cdf_db,off,2,4112,190.361
cdf_db,off,2,4113,163.0
cdf_db,off,2,4114,192.6
cdf_db,off,2,4115,184.811
cdf_db,off,2,4116,239.971
cdf_db,off,2,4117,159.68
cdf_db,off,2,4118,194.02
cdf_db,off,2,4119,155.9
cdf_db,off,2,4120,187.17
cdf_db,off,2,4121,223.05
cdf_db,off,2,4122,191.63
cdf_db,off,2,4123,160.9
cdf_db,off,2,4124,188.67
cdf_db,off,2,4125,153.17
cdf_db,off,2,4126,198.42
cdf_db,off,2,4127,228.7
cdf_db,off,2,4128,186.54
cdf_db,off,2,4129,154.67
cdf_db,off,2,4130,189.2
cdf_db,off,2,4131,169.03
cdf_db,off,2,4132,240.76
cdf_db,off,2,4133,158.28
cdf_db,off,2,4134,192.04
cdf_db,off,2,4135,159.54
cdf_db,off,2,4136,148.65
cdf_db,off,2,4137,205.52
cdf_db,off,2,4138,215.071
cdf_db,off,2,4139,191.571
cdf_db,off,2,4140,179.3
cdf_db,off,2,4141,188.751
cdf_db,off,2,4142,160.501
cdf_db,off,2,4143,239.25
cdf_db,off,2,4144,155.17
cdf_db,off,2,4145,190.08
cdf_db,off,2,4146,164.46
cdf_db,off,2,4147,201.02
cdf_db,off,2,4148,206.88
cdf_db,off,2,4149,190.19
cdf_db,off,2,4150,161.8
cdf_db,off,2,4151,188.46
cdf_db,off,2,4152,157.3
cdf_db,off,2,4153,256.21
cdf_db,off,2,4154,160.97
cdf_db,off,2,4155,194.03
cdf_db,off,2,4156,153.02
cdf_db,off,2,4157,530.12
cdf_db,off,2,4158,245.06
cdf_db,off,2,4159,173.44
cdf_db,off,2,4160,174.66
cdf_db,off,2,4161,155.909
cdf_db,off,2,4162,204.689
cdf_db,off,2,4163,151.2
cdf_db,off,2,4164,146.569
cdf_db,off,2,4165,139.66
cdf_db,off,2,4166,142.39
cdf_db,off,2,4167,169.85
cdf_db,off,2,4168,193.12
cdf_db,off,2,4169,141.35
cdf_db,off,2,4170,140.81
cdf_db,off,2,4171,142.54
cdf_db,off,2,4172,139.08
cdf_db,off,2,4173,140.53
cdf_db,off,2,4174,138.64
cdf_db,off,2,4175,214.92
cdf_db,off,2,4176,142.34
cdf_db,off,2,4177,142.69
cdf_db,off,2,4178,139.72
cdf_db,off,2,4179,136.36
cdf_db,off,2,4180,136.44
cdf_db,off,2,4181,194.89
cdf_db,off,2,4182,226.53
cdf_db,off,2,4183,163.18
cdf_db,off,2,4184,148.18
cdf_db,off,2,4185,148.76
cdf_db,off,2,4186,146.14
cdf_db,off,2,4187,156.99
cdf_db,off,2,4188,223.77
cdf_db,off,2,4189,144.13
cdf_db,off,2,4190,147.98
cdf_db,off,2,4191,142.04
cdf_db,off,2,4192,168.209
cdf_db,off,2,4193,150.011
cdf_db,off,2,4194,205.269
cdf_db,off,2,4195,143.901
cdf_db,off,2,4196,153.04
cdf_db,off,2,4197,145.56
cdf_db,off,2,4198,141.75
cdf_db,off,2,4199,157.01
cdf_db,off,2,4200,223.02
cdf_db,off,2,4201,139.53
cdf_db,off,2,4202,141.04
cdf_db,off,2,4203,139.9
cdf_db,off,2,4204,164.18
cdf_db,off,2,4205,139.74
cdf_db,off,2,4206,203.26
cdf_db,off,2,4207,148.33
cdf_db,off,2,4208,145.23
cdf_db,off,2,4209,145.52
cdf_db,off,2,4210,140.07
cdf_db,off,2,4211,141.27
cdf_db,off,2,4212,147.75
cdf_db,off,2,4213,190.98
cdf_db,off,2,4214,147.57
cdf_db,off,2,4215,139.82
cdf_db,off,2,4216,178.52
cdf_db,off,2,4217,140.21
cdf_db,off,2,4218,142.04
cdf_db,off,2,4219,194.43
cdf_db,off,2,4220,142.54
cdf_db,off,2,4221,140.38
cdf_db,off,2,4222,156.6
cdf_db,off,2,4223,143.08
cdf_db,off,2,4224,142.349
cdf_db,off,2,4225,170.471
cdf_db,off,2,4226,181.61
cdf_db,off,2,4227,143.62
cdf_db,off,2,4228,142.61
cdf_db,off,2,4229,139.76
cdf_db,off,2,4230,137.79
cdf_db,off,2,4231,165.11
cdf_db,off,2,4232,193.76
cdf_db,off,2,4233,141.2
cdf_db,off,2,4234,140.13
cdf_db,off,2,4235,141.99
cdf_db,off,2,4236,165.46
cdf_db,off,2,4237,142.4
cdf_db,off,2,4238,143.86
cdf_db,off,2,4239,184.47
cdf_db,off,2,4240,163.32
cdf_db,off,2,4241,136.82
cdf_db,off,2,4242,145.25
cdf_db,off,2,4243,164.49
cdf_db,off,2,4244,145.3
cdf_db,off,2,4245,234.69
cdf_db,off,2,4246,138.98
cdf_db,off,2,4247,139.15
cdf_db,off,2,4248,135.34
cdf_db,off,2,4249,143.5
cdf_db,off,2,4250,136.14
cdf_db,off,2,4251,195.59
cdf_db,off,2,4252,141.43
cdf_db,off,2,4253,144.52
cdf_db,off,2,4254,139.29
cdf_db,off,2,4255,137.98
cdf_db,off,2,4256,138.49
cdf_db,off,2,4257,134.869
cdf_db,off,2,4258,192.649
cdf_db,off,2,4259,139.26
cdf_db,off,2,4260,138.63
cdf_db,off,2,4261,138.07
cdf_db,off,2,4262,136.31
cdf_db,off,2,4263,139.76
cdf_db,off,2,4264,136.56
cdf_db,off,2,4265,192.95
cdf_db,off,2,4266,139.0
cdf_db,off,2,4267,155.48
cdf_db,off,2,4268,138.92
cdf_db,off,2,4269,139.69
cdf_db,off,2,4270,136.94
cdf_db,off,2,4271,144.43
cdf_db,off,2,4272,200.93
cdf_db,off,2,4273,137.01
cdf_db,off,2,4274,135.82
cdf_db,off,2,4275,136.25
cdf_db,off,2,4276,136.74
cdf_db,off,2,4277,143.7
cdf_db,off,2,4278,192.65
cdf_db,off,2,4279,204.07
cdf_db,off,2,4280,170.42
cdf_db,off,2,4281,197.46
cdf_db,off,2,4282,162.53
cdf_db,off,2,4283,203.06
cdf_db,off,2,4284,209.95
cdf_db,off,2,4285,195.24
cdf_db,off,2,4286,158.371
cdf_db,off,2,4287,191.5
cdf_db,off,2,4288,170.54
cdf_db,off,2,4289,240.841
cdf_db,off,2,4290,159.5
cdf_db,off,2,4291,194.43
cdf_db,off,2,4292,163.17
cdf_db,off,2,4293,194.9
cdf_db,off,2,4294,213.21
cdf_db,off,2,4295,197.22
cdf_db,off,2,4296,164.31
cdf_db,off,2,4297,216.83
cdf_db,off,2,4298,156.96
cdf_db,off,2,4299,250.18
cdf_db,off,2,4300,164.84
cdf_db,off,2,4301,192.28
cdf_db,off,2,4302,158.46
cdf_db,off,2,4303,192.66
cdf_db,off,2,4304,167.99
cdf_db,off,2,4305,239.56
cdf_db,off,2,4306,159.61
cdf_db,off,2,4307,153.33
cdf_db,off,2,4308,189.25
cdf_db,off,2,4309,155.151
cdf_db,off,2,4310,262.231
cdf_db,off,2,4311,160.809
cdf_db,off,2,4312,198.36
cdf_db,off,2,4313,156.271
cdf_db,off,2,4314,196.94
cdf_db,off,2,4315,217.58
cdf_db,off,2,4316,192.89
cdf_db,off,2,4317,156.78
cdf_db,off,2,4318,194.04
cdf_db,off,2,4319,164.76
cdf_db,off,2,4320,195.99
cdf_db,off,2,4321,200.2
cdf_db,off,2,4322,191.27
cdf_db,off,2,4323,170.39
cdf_db,off,2,4324,193.77
cdf_db,off,2,4325,158.25
cdf_db,off,2,4326,243.98
cdf_db,off,2,4327,184.78
cdf_db,off,2,4328,192.71
cdf_db,off,2,4329,154.16
cdf_db,off,2,4330,191.89
cdf_db,off,2,4331,212.82
cdf_db,off,2,4332,193.25
cdf_db,off,2,4333,153.49
cdf_db,off,2,4334,188.46
cdf_db,off,2,4335,159.53
cdf_db,off,2,4336,199.611
cdf_db,off,2,4337,199.389
cdf_db,off,2,4338,191.02
cdf_db,off,2,4339,163.391
cdf_db,off,2,4340,210.27
cdf_db,off,2,4341,154.7
cdf_db,off,2,4342,260.41
cdf_db,off,2,4343,161.72
cdf_db,off,2,4344,189.37
cdf_db,off,2,4345,153.67
cdf_db,off,2,4346,191.01
cdf_db,off,2,4347,216.12
cdf_db,off,2,4348,192.88
cdf_db,off,2,4349,178.97
cdf_db,off,2,4350,189.49
cdf_db,off,2,4351,157.8
cdf_db,off,2,4352,192.31
cdf_db,off,2,4353,198.82
cdf_db,off,2,4354,191.31
cdf_db,off,2,4355,156.22
cdf_db,off,2,4356,189.61
cdf_db,off,2,4357,152.19
cdf_db,off,2,4358,243.03
cdf_db,off,2,4359,159.53
cdf_db,off,2,4360,189.7
cdf_db,off,2,4361,151.7
cdf_db,off,2,4362,190.57
cdf_db,off,2,4363,208.94
cdf_db,off,2,4364,192.751
cdf_db,off,2,4365,176.311
cdf_db,off,2,4366,194.071
cdf_db,off,2,4367,167.04
cdf_db,off,2,4368,201.73
cdf_db,off,2,4369,217.3
cdf_db,off,2,4370,194.1
cdf_db,off,2,4371,157.77
cdf_db,off,2,4372,187.94
cdf_db,off,2,4373,158.1
cdf_db,off,2,4374,250.18
cdf_db,off,2,4375,160.79
cdf_db,off,2,4376,190.99
cdf_db,off,2,4377,380.52
cdf_db,off,2,4378,295.48
cdf_db,off,2,4379,164.7
cdf_db,off,2,4380,191.44
cdf_db,off,2,4381,162.85
cdf_db,off,2,4382,192.3
cdf_db,off,2,4383,213.95
cdf_db,off,2,4384,190.59
cdf_db,off,2,4385,159.81
cdf_db,off,2,4386,191.48
cdf_db,off,2,4387,181.03
cdf_db,off,2,4388,246.35
cdf_db,off,2,4389,156.98
cdf_db,off,2,4390,196.901
cdf_db,off,2,4391,162.62
cdf_db,off,2,4392,187.42
cdf_db,off,2,4393,179.4
cdf_db,off,2,4394,235.18
cdf_db,off,2,4395,160.36
cdf_db,off,2,4396,192.58
cdf_db,off,2,4397,157.05
cdf_db,off,2,4398,219.24
cdf_db,off,2,4399,203.45
cdf_db,off,2,4400,189.73
cdf_db,off,2,4401,153.48
cdf_db,off,2,4402,215.47
cdf_db,off,2,4403,162.98
cdf_db,off,2,4404,249.34
cdf_db,off,2,4405,176.55
cdf_db,off,2,4406,191.28
cdf_db,off,2,4407,177.42
cdf_db,off,2,4408,213.27
cdf_db,off,2,4409,229.94
cdf_db,off,2,4410,233.46
cdf_db,off,2,4411,163.91
cdf_db,off,2,4412,191.909
cdf_db,off,2,4413,167.7
cdf_db,off,2,4414,259.131
cdf_db,off,2,4415,164.021
cdf_db,off,2,4416,190.49
cdf_db,off,2,4417,159.51
cdf_db,off,2,4418,190.45
cdf_db,off,2,4419,219.5
cdf_db,off,2,4420,198.68
cdf_db,off,2,4421,157.64
cdf_db,off,2,4422,199.41
cdf_db,off,2,4423,161.67
cdf_db,off,2,4424,194.5
cdf_db,off,2,4425,202.66
cdf_db,off,2,4426,192.67
cdf_db,off,2,4427,158.94
cdf_db,off,2,4428,188.08
cdf_db,off,2,4429,156.14
cdf_db,off,2,4430,247.9
cdf_db,off,2,4431,163.2
cdf_db,off,2,4432,191.44
cdf_db,off,2,4433,156.08
cdf_db,off,2,4434,192.62
cdf_db,off,2,4435,210.641
cdf_db,off,2,4436,191.06
cdf_db,off,2,4437,157.849
cdf_db,off,2,4438,190.269
cdf_db,off,2,4439,163.871
cdf_db,off,2,4440,196.331
cdf_db,off,2,4441,199.911
cdf_db,off,2,4442,194.261
cdf_db,off,2,4443,158.88
cdf_db,off,2,4444,193.72
cdf_db,off,2,4445,158.03
cdf_db,off,2,4446,246.28
cdf_db,off,2,4447,162.71
cdf_db,off,2,4448,191.12
cdf_db,off,2,4449,155.83
cdf_db,off,2,4450,191.09
cdf_db,off,2,4451,214.07
cdf_db,off,2,4452,191.32
cdf_db,off,2,4453,154.97
cdf_db,off,2,4454,190.26
cdf_db,off,2,4455,162.91
cdf_db,off,2,4456,198.78
cdf_db,off,2,4457,200.18
cdf_db,off,2,4458,215.77
cdf_db,off,2,4459,160.03
cdf_db,off,2,4460,193.94
cdf_db,off,2,4461,154.721
cdf_db,off,2,4462,248.3
cdf_db,off,2,4463,157.929
cdf_db,off,2,4464,190.271
cdf_db,off,2,4465,152.52
cdf_db,off,2,4466,190.001
cdf_db,off,2,4467,169.14
cdf_db,off,2,4468,231.51
cdf_db,off,2,4469,157.83
cdf_db,off,2,4470,147.28
cdf_db,off,2,4471,190.56
cdf_db,off,2,4472,161.51
cdf_db,off,2,4473,201.41
cdf_db,off,2,4474,190.27
cdf_db,off,2,4475,162.32
cdf_db,off,2,4476,190.77
cdf_db,off,2,4477,155.58
cdf_db,off,2,4478,194.8
cdf_db,off,2,4479,200.94
cdf_db,off,2,4480,192.71
cdf_db,off,2,4481,155.11
cdf_db,off,2,4482,187.76
cdf_db,off,2,4483,161.1
cdf_db,off,2,4484,249.56
cdf_db,off,2,4485,154.96
cdf_db,off,2,4486,165.73
cdf_db,off,2,4487,188.63
cdf_db,off,2,4488,179.25
cdf_db,off,2,4489,272.11
cdf_db,off,2,4490,166.02
cdf_db,off,2,4491,190.129
cdf_db,off,2,4492,156.089
cdf_db,off,2,4493,189.86
cdf_db,off,2,4494,163.05
cdf_db,off,2,4495,233.03
cdf_db,off,2,4496,156.21
cdf_db,off,2,4497,153.31
cdf_db,off,2,4498,188.2
cdf_db,off,2,4499,155.2
cdf_db,off,2,4500,246.27
cdf_db,off,2,4501,164.7
cdf_db,off,2,4502,145.45
cdf_db,off,2,4503,190.6
cdf_db,off,2,4504,160.63
cdf_db,off,2,4505,196.34
cdf_db,off,2,4506,202.4
cdf_db,off,2,4507,192.09
cdf_db,off,2,4508,164.02
cdf_db,off,2,4509,189.88
cdf_db,off,2,4510,184.09
cdf_db,off,2,4511,320.04
cdf_db,off,2,4512,159.15
cdf_db,off,2,4513,189.92
cdf_db,off,2,4514,153.21
cdf_db,off,2,4515,193.63
cdf_db,off,2,4516,201.781
cdf_db,off,2,4517,188.46
cdf_db,off,2,4518,154.56
cdf_db,off,2,4519,189.72
cdf_db,off,2,4520,158.05
cdf_db,off,2,4521,248.7
cdf_db,off,2,4522,157.13
cdf_db,off,2,4523,191.47
cdf_db,off,2,4524,159.4
cdf_db,off,2,4525,189.81
cdf_db,off,2,4526,160.22
cdf_db,off,2,4527,264.77
cdf_db,off,2,4528,160.3
cdf_db,off,2,4529,189.42
cdf_db,off,2,4530,156.99
cdf_db,off,2,4531,200.22
cdf_db,off,2,4532,204.39
cdf_db,off,2,4533,191.33
cdf_db,off,2,4534,155.12
cdf_db,off,2,4535,189.45
cdf_db,off,2,4536,162.76
cdf_db,off,2,4537,240.49
cdf_db,off,2,4538,153.19
cdf_db,off,2,4539,189.78
cdf_db,off,2,4540,179.91
cdf_db,off,2,4541,191.971
cdf_db,off,2,4542,160.429
cdf_db,off,2,4543,247.84
cdf_db,off,2,4544,164.9
cdf_db,off,2,4545,194.83
cdf_db,off,2,4546,157.63
cdf_db,off,2,4547,205.05
cdf_db,off,2,4548,221.72
cdf_db,off,2,4549,192.98
cdf_db,off,2,4550,184.18
cdf_db,off,2,4551,191.31
cdf_db,off,2,4552,156.17
cdf_db,off,2,4553,248.04
cdf_db,off,2,4554,162.69
cdf_db,off,2,4555,192.12
cdf_db,off,2,4556,153.88
cdf_db,off,2,4557,210.28
cdf_db,off,2,4558,214.61
cdf_db,off,2,4559,220.5
cdf_db,off,2,4560,159.91
cdf_db,off,2,4561,193.34
cdf_db,off,2,4562,181.27
cdf_db,off,2,4563,269.08
cdf_db,off,2,4564,154.73
cdf_db,off,2,4565,187.271
cdf_db,off,2,4566,180.62
cdf_db,off,2,4567,189.171
cdf_db,off,2,4568,156.9
cdf_db,off,2,4569,259.529
cdf_db,off,2,4570,169.451
cdf_db,off,2,4571,191.61
cdf_db,off,2,4572,180.89
cdf_db,off,2,4573,213.99
cdf_db,off,2,4574,249.99
cdf_db,off,2,4575,190.92
cdf_db,off,2,4576,154.54
cdf_db,off,2,4577,189.84
cdf_db,off,2,4578,166.35
cdf_db,off,2,4579,234.55
cdf_db,off,2,4580,159.06
cdf_db,off,2,4581,145.88
cdf_db,off,2,4582,153.56
cdf_db,off,2,4583,187.03
cdf_db,off,2,4584,207.97
cdf_db,off,2,4585,188.96
cdf_db,off,2,4586,162.17
cdf_db,off,2,4587,189.32
cdf_db,off,2,4588,158.08
cdf_db,off,2,4589,198.891
cdf_db,off,2,4590,205.149
cdf_db,off,2,4591,192.0
cdf_db,off,2,4592,172.4
cdf_db,off,2,4593,188.66
cdf_db,off,2,4594,161.44
cdf_db,off,2,4595,267.721
cdf_db,off,2,4596,159.77
cdf_db,off,2,4597,193.47
cdf_db,off,2,4598,163.58
cdf_db,off,2,4599,192.07
cdf_db,off,2,4600,225.09
cdf_db,off,2,4601,192.71
cdf_db,off,2,4602,162.77
cdf_db,off,2,4603,189.28
cdf_db,off,2,4604,155.8
cdf_db,off,2,4605,195.79
cdf_db,off,2,4606,213.96
cdf_db,off,2,4607,188.88
cdf_db,off,2,4608,157.11
cdf_db,off,2,4609,193.2
cdf_db,off,2,4610,166.55
cdf_db,off,2,4611,247.63
cdf_db,off,2,4612,153.59
cdf_db,off,2,4613,189.3
cdf_db,off,2,4614,161.51
cdf_db,off,2,4615,188.69
cdf_db,off,2,4616,210.94
cdf_db,off,2,4617,190.63
cdf_db,off,2,4618,155.631
cdf_db,off,2,4619,189.8
cdf_db,off,2,4620,153.049
cdf_db,off,2,4621,216.14
cdf_db,off,2,4622,204.66
cdf_db,off,2,4623,188.24
cdf_db,off,2,4624,152.74
cdf_db,off,2,4625,192.8
cdf_db,off,2,4626,161.79
cdf_db,off,2,4627,245.25
cdf_db,off,2,4628,154.27
cdf_db,off,2,4629,190.09
cdf_db,off,2,4630,160.94
cdf_db,off,2,4631,187.64
cdf_db,off,2,4632,168.93
cdf_db,off,2,4633,257.91
cdf_db,off,2,4634,160.41
cdf_db,off,2,4635,191.4
cdf_db,off,2,4636,156.28
cdf_db,off,2,4637,195.94
cdf_db,off,2,4638,203.92
cdf_db,off,2,4639,147.02
cdf_db,off,2,4640,191.29
cdf_db,off,2,4641,162.05
cdf_db,off,2,4642,189.88
cdf_db,off,2,4643,208.29
cdf_db,off,2,4644,190.481
cdf_db,off,2,4645,160.32
cdf_db,off,2,4646,188.05
cdf_db,off,2,4647,156.73
cdf_db,off,2,4648,193.84
cdf_db,off,2,4649,207.0
cdf_db,off,2,4650,145.05
cdf_db,off,2,4651,212.38
cdf_db,off,2,4652,163.49
cdf_db,off,2,4653,194.28
cdf_db,off,2,4654,210.86
cdf_db,off,2,4655,194.12
cdf_db,off,2,4656,459.86
cdf_db,off,2,4657,225.96
cdf_db,off,2,4658,241.0
cdf_db,off,2,4659,198.57
cdf_db,off,2,4660,168.17
cdf_db,off,2,4661,191.6
cdf_db,off,2,4662,185.96
cdf_db,off,2,4663,250.81
cdf_db,off,2,4664,160.54
cdf_db,off,2,4665,158.94
cdf_db,off,2,4666,188.98
cdf_db,off,2,4667,157.04
cdf_db,off,2,4668,247.71
cdf_db,off,2,4669,161.3
cdf_db,off,2,4670,192.051
cdf_db,off,2,4671,154.33
cdf_db,off,2,4672,190.49
cdf_db,off,2,4673,242.03
cdf_db,off,2,4674,194.01
cdf_db,off,2,4675,153.7
cdf_db,off,2,4676,192.81
cdf_db,off,2,4677,165.26
cdf_db,off,2,4678,191.33
cdf_db,off,2,4679,198.62
cdf_db,off,2,4680,190.24
cdf_db,off,2,4681,160.96
cdf_db,off,2,4682,189.02
cdf_db,off,2,4683,154.38
cdf_db,off,2,4684,242.7
cdf_db,off,2,4685,158.35
cdf_db,off,2,4686,191.7
cdf_db,off,2,4687,154.93
cdf_db,off,2,4688,189.41
cdf_db,off,2,4689,212.87
cdf_db,off,2,4690,213.07
cdf_db,off,2,4691,157.98
cdf_db,off,2,4692,191.32
cdf_db,off,2,4693,163.371
cdf_db,off,2,4694,196.62
cdf_db,off,2,4695,202.12
cdf_db,off,2,4696,191.331
cdf_db,off,2,4697,160.691
cdf_db,off,2,4698,191.46
cdf_db,off,2,4699,157.171
cdf_db,off,2,4700,246.65
cdf_db,off,2,4701,163.29
cdf_db,off,2,4702,212.6
cdf_db,off,2,4703,156.81
cdf_db,off,2,4704,187.08
cdf_db,off,2,4705,227.23
cdf_db,off,2,4706,189.4
cdf_db,off,2,4707,164.89
cdf_db,off,2,4708,190.61
cdf_db,off,2,4709,153.79
cdf_db,off,2,4710,200.66
cdf_db,off,2,4711,225.2
cdf_db,off,2,4712,209.53
cdf_db,off,2,4713,162.12
cdf_db,off,2,4714,200.91
cdf_db,off,2,4715,161.1
cdf_db,off,2,4716,235.201
cdf_db,off,2,4717,158.26
cdf_db,off,2,4718,190.16
cdf_db,off,2,4719,157.191
cdf_db,off,2,4720,218.691
cdf_db,off,2,4721,210.72
cdf_db,off,2,4722,190.431
cdf_db,off,2,4723,154.82
cdf_db,off,2,4724,190.98
cdf_db,off,2,4725,182.45
cdf_db,off,2,4726,244.01
cdf_db,off,2,4727,166.12
cdf_db,off,2,4728,192.53
cdf_db,off,2,4729,179.47
cdf_db,off,2,4730,187.89
cdf_db,off,2,4731,161.9
cdf_db,off,2,4732,233.94
cdf_db,off,2,4733,158.57
cdf_db,off,2,4734,215.38
cdf_db,off,2,4735,156.21
cdf_db,off,2,4736,203.6
cdf_db,off,2,4737,215.2
cdf_db,off,2,4738,189.97
cdf_db,off,2,4739,156.64
cdf_db,off,2,4740,191.45
cdf_db,off,2,4741,160.84
cdf_db,off,2,4742,241.81
cdf_db,off,2,4743,153.35
cdf_db,off,2,4744,188.431
cdf_db,off,2,4745,165.28
cdf_db,off,2,4746,190.38
cdf_db,off,2,4747,161.041
cdf_db,off,2,4748,236.37
cdf_db,off,2,4749,160.62
cdf_db,off,2,4750,189.13
cdf_db,off,2,4751,152.29
cdf_db,off,2,4752,197.26
cdf_db,off,2,4753,222.56
cdf_db,off,2,4754,196.02
cdf_db,off,2,4755,162.11
cdf_db,off,2,4756,189.81
cdf_db,off,2,4757,161.58
cdf_db,off,2,4758,245.1
cdf_db,off,2,4759,182.86
cdf_db,off,2,4760,144.7
cdf_db,off,2,4761,196.03
cdf_db,off,2,4762,162.45
cdf_db,off,2,4763,191.45
cdf_db,off,2,4764,203.64
cdf_db,off,2,4765,191.71
cdf_db,off,2,4766,161.93
cdf_db,off,2,4767,191.01
cdf_db,off,2,4768,155.02
cdf_db,off,2,4769,256.07
cdf_db,off,2,4770,173.64
cdf_db,off,2,4771,191.091
cdf_db,off,2,4772,152.86
cdf_db,off,2,4773,189.561
cdf_db,off,2,4774,208.11
cdf_db,off,2,4775,192.05
cdf_db,off,2,4776,153.45
cdf_db,off,2,4777,208.94
cdf_db,off,2,4778,190.57
cdf_db,off,2,4779,263.49
cdf_db,off,2,4780,155.96
cdf_db,off,2,4781,188.4
cdf_db,off,2,4782,169.0
cdf_db,off,2,4783,189.07
cdf_db,off,2,4784,163.2
cdf_db,off,2,4785,234.5
cdf_db,off,2,4786,170.53
cdf_db,off,2,4787,191.41
cdf_db,off,2,4788,154.87
cdf_db,off,2,4789,199.96
cdf_db,off,2,4790,216.24
cdf_db,off,2,4791,219.48
cdf_db,off,2,4792,157.97
cdf_db,off,2,4793,200.83
cdf_db,off,2,4794,164.23
cdf_db,off,2,4795,242.27
cdf_db,off,2,4796,156.55
cdf_db,off,2,4797,162.17
cdf_db,off,2,4798,188.8
cdf_db,off,2,4799,154.28
cdf_db,off,2,4800,199.431
cdf_db,off,2,4801,208.851
cdf_db,off,2,4802,214.68
cdf_db,off,2,4803,157.49
cdf_db,off,2,4804,202.72
cdf_db,off,2,4805,166.91
cdf_db,off,2,4806,239.17
cdf_db,off,2,4807,157.43
cdf_db,off,2,4808,156.36
cdf_db,off,2,4809,196.53
cdf_db,off,2,4810,192.69
cdf_db,off,2,4811,266.6
cdf_db,off,2,4812,175.24
cdf_db,off,2,4813,191.92
cdf_db,off,2,4814,157.17
cdf_db,off,2,4815,192.19
cdf_db,off,2,4816,461.18
cdf_db,off,2,4817,217.3
cdf_db,off,2,4818,167.68
cdf_db,off,2,4819,200.711
cdf_db,off,2,4820,228.049
cdf_db,off,2,4821,194.191
cdf_db,off,2,4822,161.191
cdf_db,off,2,4823,214.589
cdf_db,off,2,4824,155.891
cdf_db,off,2,4825,251.421
cdf_db,off,2,4826,204.87
cdf_db,off,2,4827,213.22
cdf_db,off,2,4828,191.18
cdf_db,off,2,4829,196.42
cdf_db,off,2,4830,208.55
cdf_db,off,2,4831,191.33
cdf_db,off,2,4832,158.95
cdf_db,off,2,4833,188.9
cdf_db,off,2,4834,157.93
cdf_db,off,2,4835,247.65
cdf_db,off,2,4836,155.67
cdf_db,off,2,4837,201.66
cdf_db,off,2,4838,159.97
cdf_db,off,2,4839,192.71
cdf_db,off,2,4840,205.83
cdf_db,off,2,4841,200.99
cdf_db,off,2,4842,161.48
cdf_db,off,2,4843,190.16
cdf_db,off,2,4844,156.37
cdf_db,off,2,4845,195.569
cdf_db,off,2,4846,214.3
cdf_db,off,2,4847,190.3
cdf_db,off,2,4848,152.42
cdf_db,off,2,4849,187.671
cdf_db,off,2,4850,160.92
cdf_db,off,2,4851,256.62
cdf_db,off,2,4852,153.75
cdf_db,off,2,4853,219.15
cdf_db,off,2,4854,162.17
cdf_db,off,2,4855,188.94
cdf_db,off,2,4856,223.15
cdf_db,off,2,4857,201.15
cdf_db,off,2,4858,162.28
cdf_db,off,2,4859,192.89
cdf_db,off,2,4860,155.16
cdf_db,off,2,4861,203.44
cdf_db,off,2,4862,213.64
cdf_db,off,2,4863,156.05
cdf_db,off,2,4864,196.93
cdf_db,off,2,4865,172.13
cdf_db,off,2,4866,198.82
cdf_db,off,2,4867,203.91
cdf_db,off,2,4868,190.47
cdf_db,off,2,4869,169.81
cdf_db,off,2,4870,191.97
cdf_db,off,2,4871,177.24
cdf_db,off,2,4872,246.6
cdf_db,off,2,4873,165.251
cdf_db,off,2,4874,195.3
cdf_db,off,2,4875,157.55
cdf_db,off,2,4876,190.95
cdf_db,off,2,4877,217.96
cdf_db,off,2,4878,152.86
cdf_db,off,2,4879,189.72
cdf_db,off,2,4880,164.11
cdf_db,off,2,4881,189.0
cdf_db,off,2,4882,161.09
cdf_db,off,2,4883,239.39
cdf_db,off,2,4884,183.21
cdf_db,off,2,4885,189.98
cdf_db,off,2,4886,154.49
cdf_db,off,2,4887,192.88
cdf_db,off,2,4888,215.96
cdf_db,off,2,4889,188.19
cdf_db,off,2,4890,156.28
cdf_db,off,2,4891,191.66
cdf_db,off,2,4892,163.7
cdf_db,off,2,4893,207.58
cdf_db,off,2,4894,204.94
cdf_db,off,2,4895,191.9
cdf_db,off,2,4896,162.02
cdf_db,off,2,4897,191.791
cdf_db,off,2,4898,164.301
cdf_db,off,2,4899,240.31
cdf_db,off,2,4900,162.41
cdf_db,off,2,4901,190.94
cdf_db,off,2,4902,157.67
cdf_db,off,2,4903,214.21
cdf_db,off,2,4904,210.7
cdf_db,off,2,4905,189.36
cdf_db,off,2,4906,151.97
cdf_db,off,2,4907,189.06
cdf_db,off,2,4908,162.26
cdf_db,off,2,4909,198.76
cdf_db,off,2,4910,197.9
cdf_db,off,2,4911,190.09
cdf_db,off,2,4912,158.2
cdf_db,off,2,4913,189.59
cdf_db,off,2,4914,162.03
cdf_db,off,2,4915,238.73
cdf_db,off,2,4916,160.41
cdf_db,off,2,4917,192.78
cdf_db,off,2,4918,153.3
cdf_db,off,2,4919,188.18
cdf_db,off,2,4920,212.61
cdf_db,off,2,4921,189.69
cdf_db,off,2,4922,154.56
cdf_db,off,2,4923,188.871
cdf_db,off,2,4924,173.411
cdf_db,off,2,4925,196.989
cdf_db,off,2,4926,218.831
cdf_db,off,2,4927,189.51
cdf_db,off,2,4928,163.85
cdf_db,off,2,4929,195.15
cdf_db,off,2,4930,187.9
cdf_db,off,2,4931,235.96
cdf_db,off,2,4932,161.73
cdf_db,off,2,4933,189.77
cdf_db,off,2,4934,156.3
cdf_db,off,2,4935,185.14
cdf_db,off,2,4936,215.25
cdf_db,off,2,4937,194.5
cdf_db,off,2,4938,154.2
cdf_db,off,2,4939,190.03
cdf_db,off,2,4940,162.46
cdf_db,off,2,4941,197.38
cdf_db,off,2,4942,200.17
cdf_db,off,2,4943,193.83
cdf_db,off,2,4944,163.92
cdf_db,off,2,4945,189.98
cdf_db,off,2,4946,157.47
cdf_db,off,2,4947,247.37
cdf_db,off,2,4948,165.11
cdf_db,off,2,4949,197.171
cdf_db,off,2,4950,177.191
cdf_db,off,2,4951,191.289
cdf_db,off,2,4952,214.08
cdf_db,off,2,4953,192.78
cdf_db,off,2,4954,157.89
cdf_db,off,2,4955,189.25
cdf_db,off,2,4956,162.11
cdf_db,off,2,4957,194.15
cdf_db,off,2,4958,198.93
cdf_db,off,2,4959,188.29
cdf_db,off,2,4960,160.8
cdf_db,off,2,4961,188.05
cdf_db,off,2,4962,179.35
cdf_db,off,2,4963,239.34
cdf_db,off,2,4964,161.82
cdf_db,off,2,4965,192.26
cdf_db,off,2,4966,182.16
cdf_db,off,2,4967,191.88
cdf_db,off,2,4968,211.61
cdf_db,off,2,4969,188.26
cdf_db,off,2,4970,158.09
cdf_db,off,2,4971,189.03
cdf_db,off,2,4972,158.54
cdf_db,off,2,4973,196.931
cdf_db,off,2,4974,198.78
cdf_db,off,2,4975,191.76
cdf_db,off,2,4976,161.809
cdf_db,off,2,4977,212.271
cdf_db,off,2,4978,162.34
cdf_db,off,2,4979,239.53
cdf_db,off,2,4980,162.9
cdf_db,off,2,4981,192.3
cdf_db,off,2,4982,156.43
cdf_db,off,2,4983,190.98
cdf_db,off,2,4984,223.0
cdf_db,off,2,4985,196.9
cdf_db,off,2,4986,182.26
cdf_db,off,2,4987,196.37
cdf_db,off,2,4988,165.17
cdf_db,off,2,4989,264.2
cdf_db,off,2,4990,159.36
cdf_db,off,2,4991,190.13
cdf_db,off,2,4992,162.31
cdf_db,off,2,4993,213.61
cdf_db,off,2,4994,218.59
cdf_db,off,2,4995,194.78
cdf_db,off,2,4996,162.75
cdf_db,off,2,4997,205.49
cdf_db,off,2,4998,178.25
cdf_db,off,2,4999,198.28
cdf_db,ebpf,2,0,235.13
cdf_db,ebpf,2,1,240.15
cdf_db,ebpf,2,2,226.5
cdf_db,ebpf,2,3,230.72
cdf_db,ebpf,2,4,224.88
cdf_db,ebpf,2,5,223.09
cdf_db,ebpf,2,6,287.21
cdf_db,ebpf,2,7,218.12
cdf_db,ebpf,2,8,214.16
cdf_db,ebpf,2,9,238.35
cdf_db,ebpf,2,10,227.09
cdf_db,ebpf,2,11,225.94
cdf_db,ebpf,2,12,232.49
cdf_db,ebpf,2,13,232.3
cdf_db,ebpf,2,14,236.23
cdf_db,ebpf,2,15,219.77
cdf_db,ebpf,2,16,230.85
cdf_db,ebpf,2,17,231.67
cdf_db,ebpf,2,18,232.71
cdf_db,ebpf,2,19,225.46
cdf_db,ebpf,2,20,214.88
cdf_db,ebpf,2,21,225.82
cdf_db,ebpf,2,22,218.82
cdf_db,ebpf,2,23,217.42
cdf_db,ebpf,2,24,221.0
cdf_db,ebpf,2,25,227.55
cdf_db,ebpf,2,26,218.42
cdf_db,ebpf,2,27,239.0
cdf_db,ebpf,2,28,211.96
cdf_db,ebpf,2,29,219.29
cdf_db,ebpf,2,30,218.51
cdf_db,ebpf,2,31,220.07
cdf_db,ebpf,2,32,219.75
cdf_db,ebpf,2,33,225.71
cdf_db,ebpf,2,34,214.01
cdf_db,ebpf,2,35,211.56
cdf_db,ebpf,2,36,222.2
cdf_db,ebpf,2,37,216.87
cdf_db,ebpf,2,38,237.08
cdf_db,ebpf,2,39,229.1
cdf_db,ebpf,2,40,233.94
cdf_db,ebpf,2,41,231.1
cdf_db,ebpf,2,42,231.851
cdf_db,ebpf,2,43,221.0
cdf_db,ebpf,2,44,221.23
cdf_db,ebpf,2,45,242.68
cdf_db,ebpf,2,46,230.72
cdf_db,ebpf,2,47,213.46
cdf_db,ebpf,2,48,218.87
cdf_db,ebpf,2,49,225.74
cdf_db,ebpf,2,50,215.37
cdf_db,ebpf,2,51,227.46
cdf_db,ebpf,2,52,221.71
cdf_db,ebpf,2,53,214.21
cdf_db,ebpf,2,54,228.39
cdf_db,ebpf,2,55,219.91
cdf_db,ebpf,2,56,212.95
cdf_db,ebpf,2,57,219.45
cdf_db,ebpf,2,58,238.8
cdf_db,ebpf,2,59,213.16
cdf_db,ebpf,2,60,216.78
cdf_db,ebpf,2,61,216.76
cdf_db,ebpf,2,62,217.3
cdf_db,ebpf,2,63,226.949
cdf_db,ebpf,2,64,217.251
cdf_db,ebpf,2,65,213.251
cdf_db,ebpf,2,66,227.0
cdf_db,ebpf,2,67,227.59
cdf_db,ebpf,2,68,232.44
cdf_db,ebpf,2,69,225.83
cdf_db,ebpf,2,70,218.51
cdf_db,ebpf,2,71,219.42
cdf_db,ebpf,2,72,235.06
cdf_db,ebpf,2,73,217.54
cdf_db,ebpf,2,74,216.69
cdf_db,ebpf,2,75,216.7
cdf_db,ebpf,2,76,289.59
cdf_db,ebpf,2,77,218.14
cdf_db,ebpf,2,78,216.43
cdf_db,ebpf,2,79,216.09
cdf_db,ebpf,2,80,229.981
cdf_db,ebpf,2,81,222.669
cdf_db,ebpf,2,82,213.609
cdf_db,ebpf,2,83,227.269
cdf_db,ebpf,2,84,224.651
cdf_db,ebpf,2,85,225.72
cdf_db,ebpf,2,86,222.65
cdf_db,ebpf,2,87,215.21
cdf_db,ebpf,2,88,228.99
cdf_db,ebpf,2,89,238.55
cdf_db,ebpf,2,90,223.84
cdf_db,ebpf,2,91,230.83
cdf_db,ebpf,2,92,216.73
cdf_db,ebpf,2,93,224.56
cdf_db,ebpf,2,94,230.46
cdf_db,ebpf,2,95,222.32
cdf_db,ebpf,2,96,222.13
cdf_db,ebpf,2,97,211.76
cdf_db,ebpf,2,98,226.87
cdf_db,ebpf,2,99,224.57
cdf_db,ebpf,2,100,212.06
cdf_db,ebpf,2,101,221.87
cdf_db,ebpf,2,102,226.44
cdf_db,ebpf,2,103,234.77
cdf_db,ebpf,2,104,231.88
cdf_db,ebpf,2,105,224.39
cdf_db,ebpf,2,106,225.831
cdf_db,ebpf,2,107,232.89
cdf_db,ebpf,2,108,227.93
cdf_db,ebpf,2,109,215.54
cdf_db,ebpf,2,110,227.07
cdf_db,ebpf,2,111,325.78
cdf_db,ebpf,2,112,216.74
cdf_db,ebpf,2,113,247.08
cdf_db,ebpf,2,114,235.27
cdf_db,ebpf,2,115,232.17
cdf_db,ebpf,2,116,234.25
cdf_db,ebpf,2,117,221.02
cdf_db,ebpf,2,118,228.18
cdf_db,ebpf,2,119,219.98
cdf_db,ebpf,2,120,229.35
cdf_db,ebpf,2,121,215.86
cdf_db,ebpf,2,122,222.6
cdf_db,ebpf,2,123,218.04
cdf_db,ebpf,2,124,219.54
cdf_db,ebpf,2,125,220.71
cdf_db,ebpf,2,126,230.049
cdf_db,ebpf,2,127,217.51
cdf_db,ebpf,2,128,227.13
cdf_db,ebpf,2,129,228.79
cdf_db,ebpf,2,130,223.89
cdf_db,ebpf,2,131,230.11
cdf_db,ebpf,2,132,227.17
cdf_db,ebpf,2,133,222.5
cdf_db,ebpf,2,134,232.44
cdf_db,ebpf,2,135,220.22
cdf_db,ebpf,2,136,228.2
cdf_db,ebpf,2,137,227.25
cdf_db,ebpf,2,138,240.33
cdf_db,ebpf,2,139,215.51
cdf_db,ebpf,2,140,219.02
cdf_db,ebpf,2,141,225.71
cdf_db,ebpf,2,142,220.83
cdf_db,ebpf,2,143,231.42
cdf_db,ebpf,2,144,222.49
cdf_db,ebpf,2,145,218.75
cdf_db,ebpf,2,146,229.48
cdf_db,ebpf,2,147,233.66
cdf_db,ebpf,2,148,221.74
cdf_db,ebpf,2,149,234.849
cdf_db,ebpf,2,150,232.68
cdf_db,ebpf,2,151,241.16
cdf_db,ebpf,2,152,222.09
cdf_db,ebpf,2,153,220.2
cdf_db,ebpf,2,154,231.44
cdf_db,ebpf,2,155,223.0
cdf_db,ebpf,2,156,238.45
cdf_db,ebpf,2,157,223.66
cdf_db,ebpf,2,158,220.38
cdf_db,ebpf,2,159,215.18
cdf_db,ebpf,2,160,237.54
cdf_db,ebpf,2,161,218.38
cdf_db,ebpf,2,162,222.86
cdf_db,ebpf,2,163,216.34
cdf_db,ebpf,2,164,228.99
cdf_db,ebpf,2,165,229.69
cdf_db,ebpf,2,166,220.98
cdf_db,ebpf,2,167,231.231
cdf_db,ebpf,2,168,224.84
cdf_db,ebpf,2,169,236.42
cdf_db,ebpf,2,170,234.4
cdf_db,ebpf,2,171,213.94
cdf_db,ebpf,2,172,217.731
cdf_db,ebpf,2,173,234.4
cdf_db,ebpf,2,174,215.55
cdf_db,ebpf,2,175,219.87
cdf_db,ebpf,2,176,281.22
cdf_db,ebpf,2,177,224.39
cdf_db,ebpf,2,178,218.08
cdf_db,ebpf,2,179,218.29
cdf_db,ebpf,2,180,222.55
cdf_db,ebpf,2,181,216.46
cdf_db,ebpf,2,182,242.77
cdf_db,ebpf,2,183,220.64
cdf_db,ebpf,2,184,237.63
cdf_db,ebpf,2,185,346.73
cdf_db,ebpf,2,186,233.43
cdf_db,ebpf,2,187,217.83
cdf_db,ebpf,2,188,221.42
cdf_db,ebpf,2,189,215.951
cdf_db,ebpf,2,190,247.549
cdf_db,ebpf,2,191,217.7
cdf_db,ebpf,2,192,229.481
cdf_db,ebpf,2,193,233.76
cdf_db,ebpf,2,194,223.91
cdf_db,ebpf,2,195,229.84
cdf_db,ebpf,2,196,224.21
cdf_db,ebpf,2,197,223.84
cdf_db,ebpf,2,198,215.6
cdf_db,ebpf,2,199,237.54
cdf_db,ebpf,2,200,224.97
cdf_db,ebpf,2,201,220.89
cdf_db,ebpf,2,202,218.99
cdf_db,ebpf,2,203,228.96
cdf_db,ebpf,2,204,215.8
cdf_db,ebpf,2,205,213.47
cdf_db,ebpf,2,206,218.06
cdf_db,ebpf,2,207,231.6
cdf_db,ebpf,2,208,274.27
cdf_db,ebpf,2,209,215.66
cdf_db,ebpf,2,210,221.65
cdf_db,ebpf,2,211,215.411
cdf_db,ebpf,2,212,235.77
cdf_db,ebpf,2,213,1742.95
cdf_db,ebpf,2,214,310.58
cdf_db,ebpf,2,215,274.68
cdf_db,ebpf,2,216,235.31
cdf_db,ebpf,2,217,264.87
cdf_db,ebpf,2,218,258.34
cdf_db,ebpf,2,219,226.7
cdf_db,ebpf,2,220,225.81
cdf_db,ebpf,2,221,226.68
cdf_db,ebpf,2,222,229.32
cdf_db,ebpf,2,223,219.671
cdf_db,ebpf,2,224,221.26
cdf_db,ebpf,2,225,227.5
cdf_db,ebpf,2,226,230.101
cdf_db,ebpf,2,227,227.12
cdf_db,ebpf,2,228,225.73
cdf_db,ebpf,2,229,226.33
cdf_db,ebpf,2,230,225.4
cdf_db,ebpf,2,231,263.21
cdf_db,ebpf,2,232,237.02
cdf_db,ebpf,2,233,226.95
cdf_db,ebpf,2,234,223.78
cdf_db,ebpf,2,235,239.17
cdf_db,ebpf,2,236,221.84
cdf_db,ebpf,2,237,222.24
cdf_db,ebpf,2,238,226.44
cdf_db,ebpf,2,239,249.72
cdf_db,ebpf,2,240,228.78
cdf_db,ebpf,2,241,220.17
cdf_db,ebpf,2,242,225.18
cdf_db,ebpf,2,243,219.52
cdf_db,ebpf,2,244,232.72
cdf_db,ebpf,2,245,220.25
cdf_db,ebpf,2,246,222.38
cdf_db,ebpf,2,247,218.229
cdf_db,ebpf,2,248,227.789
cdf_db,ebpf,2,249,236.14
cdf_db,ebpf,2,250,220.59
cdf_db,ebpf,2,251,217.43
cdf_db,ebpf,2,252,237.35
cdf_db,ebpf,2,253,226.86
cdf_db,ebpf,2,254,218.38
cdf_db,ebpf,2,255,223.28
cdf_db,ebpf,2,256,232.42
cdf_db,ebpf,2,257,302.62
cdf_db,ebpf,2,258,216.45
cdf_db,ebpf,2,259,225.34
cdf_db,ebpf,2,260,216.53
cdf_db,ebpf,2,261,226.55
cdf_db,ebpf,2,262,219.21
cdf_db,ebpf,2,263,225.81
cdf_db,ebpf,2,264,219.42
cdf_db,ebpf,2,265,214.82
cdf_db,ebpf,2,266,226.7
cdf_db,ebpf,2,267,217.649
cdf_db,ebpf,2,268,217.26
cdf_db,ebpf,2,269,217.08
cdf_db,ebpf,2,270,224.391
cdf_db,ebpf,2,271,226.53
cdf_db,ebpf,2,272,214.11
cdf_db,ebpf,2,273,215.18
cdf_db,ebpf,2,274,214.64
cdf_db,ebpf,2,275,224.81
cdf_db,ebpf,2,276,218.49
cdf_db,ebpf,2,277,215.06
cdf_db,ebpf,2,278,214.03
cdf_db,ebpf,2,279,234.4
cdf_db,ebpf,2,280,215.58
cdf_db,ebpf,2,281,228.53
cdf_db,ebpf,2,282,217.66
cdf_db,ebpf,2,283,251.28
cdf_db,ebpf,2,284,230.31
cdf_db,ebpf,2,285,235.1
cdf_db,ebpf,2,286,221.56
cdf_db,ebpf,2,287,220.32
cdf_db,ebpf,2,288,227.551
cdf_db,ebpf,2,289,216.22
cdf_db,ebpf,2,290,217.511
cdf_db,ebpf,2,291,224.211
cdf_db,ebpf,2,292,227.71
cdf_db,ebpf,2,293,221.52
cdf_db,ebpf,2,294,224.14
cdf_db,ebpf,2,295,213.24
cdf_db,ebpf,2,296,259.27
cdf_db,ebpf,2,297,227.26
cdf_db,ebpf,2,298,213.67
cdf_db,ebpf,2,299,216.07
cdf_db,ebpf,2,300,215.53
cdf_db,ebpf,2,301,229.53
cdf_db,ebpf,2,302,260.43
cdf_db,ebpf,2,303,227.65
cdf_db,ebpf,2,304,226.65
cdf_db,ebpf,2,305,300.52
cdf_db,ebpf,2,306,290.67
cdf_db,ebpf,2,307,214.66
cdf_db,ebpf,2,308,216.67
cdf_db,ebpf,2,309,231.829
cdf_db,ebpf,2,310,230.04
cdf_db,ebpf,2,311,217.421
cdf_db,ebpf,2,312,230.67
cdf_db,ebpf,2,313,225.62
cdf_db,ebpf,2,314,236.04
cdf_db,ebpf,2,315,217.66
cdf_db,ebpf,2,316,223.67
cdf_db,ebpf,2,317,220.92
cdf_db,ebpf,2,318,230.42
cdf_db,ebpf,2,319,216.69
cdf_db,ebpf,2,320,216.8
cdf_db,ebpf,2,321,221.83
cdf_db,ebpf,2,322,212.92
cdf_db,ebpf,2,323,235.71
cdf_db,ebpf,2,324,216.19
cdf_db,ebpf,2,325,218.34
cdf_db,ebpf,2,326,218.85
cdf_db,ebpf,2,327,221.5
cdf_db,ebpf,2,328,242.46
cdf_db,ebpf,2,329,232.13
cdf_db,ebpf,2,330,221.3
cdf_db,ebpf,2,331,214.92
cdf_db,ebpf,2,332,230.8
cdf_db,ebpf,2,333,217.06
cdf_db,ebpf,2,334,223.27
cdf_db,ebpf,2,335,216.72
cdf_db,ebpf,2,336,220.3
cdf_db,ebpf,2,337,221.3
cdf_db,ebpf,2,338,213.19
cdf_db,ebpf,2,339,222.48
cdf_db,ebpf,2,340,213.99
cdf_db,ebpf,2,341,226.42
cdf_db,ebpf,2,342,215.99
cdf_db,ebpf,2,343,215.19
cdf_db,ebpf,2,344,217.46
cdf_db,ebpf,2,345,243.14
cdf_db,ebpf,2,346,298.91
cdf_db,ebpf,2,347,216.96
cdf_db,ebpf,2,348,224.43
cdf_db,ebpf,2,349,226.96
cdf_db,ebpf,2,350,221.08
cdf_db,ebpf,2,351,217.42
cdf_db,ebpf,2,352,216.45
cdf_db,ebpf,2,353,214.61
cdf_db,ebpf,2,354,224.149
cdf_db,ebpf,2,355,212.951
cdf_db,ebpf,2,356,274.571
cdf_db,ebpf,2,357,216.63
cdf_db,ebpf,2,358,224.97
cdf_db,ebpf,2,359,222.19
cdf_db,ebpf,2,360,221.5
cdf_db,ebpf,2,361,231.26
cdf_db,ebpf,2,362,220.34
cdf_db,ebpf,2,363,235.69
cdf_db,ebpf,2,364,213.58
cdf_db,ebpf,2,365,214.1
cdf_db,ebpf,2,366,227.05
cdf_db,ebpf,2,367,225.01
cdf_db,ebpf,2,368,223.52
cdf_db,ebpf,2,369,234.64
cdf_db,ebpf,2,370,216.99
cdf_db,ebpf,2,371,220.85
cdf_db,ebpf,2,372,232.68
cdf_db,ebpf,2,373,222.041
cdf_db,ebpf,2,374,216.629
cdf_db,ebpf,2,375,215.56
cdf_db,ebpf,2,376,231.209
cdf_db,ebpf,2,377,230.201
cdf_db,ebpf,2,378,216.76
cdf_db,ebpf,2,379,213.09
cdf_db,ebpf,2,380,215.22
cdf_db,ebpf,2,381,231.74
cdf_db,ebpf,2,382,225.27
cdf_db,ebpf,2,383,212.55
cdf_db,ebpf,2,384,212.93
cdf_db,ebpf,2,385,445.46
cdf_db,ebpf,2,386,222.72
cdf_db,ebpf,2,387,151.6
cdf_db,ebpf,2,388,162.67
cdf_db,ebpf,2,389,152.72
cdf_db,ebpf,2,390,204.3
cdf_db,ebpf,2,391,152.3
cdf_db,ebpf,2,392,160.14
cdf_db,ebpf,2,393,152.83
cdf_db,ebpf,2,394,200.56
cdf_db,ebpf,2,395,167.15
cdf_db,ebpf,2,396,194.511
cdf_db,ebpf,2,397,161.16
cdf_db,ebpf,2,398,161.42
cdf_db,ebpf,2,399,151.28
cdf_db,ebpf,2,400,167.789
cdf_db,ebpf,2,401,157.05
cdf_db,ebpf,2,402,213.3
cdf_db,ebpf,2,403,150.44
cdf_db,ebpf,2,404,164.73
cdf_db,ebpf,2,405,148.4
cdf_db,ebpf,2,406,146.53
cdf_db,ebpf,2,407,156.49
cdf_db,ebpf,2,408,196.56
cdf_db,ebpf,2,409,144.38
cdf_db,ebpf,2,410,147.16
cdf_db,ebpf,2,411,149.36
cdf_db,ebpf,2,412,165.17
cdf_db,ebpf,2,413,151.95
cdf_db,ebpf,2,414,211.87
cdf_db,ebpf,2,415,151.94
cdf_db,ebpf,2,416,151.22
cdf_db,ebpf,2,417,152.53
cdf_db,ebpf,2,418,155.63
cdf_db,ebpf,2,419,157.37
cdf_db,ebpf,2,420,207.0
cdf_db,ebpf,2,421,156.6
cdf_db,ebpf,2,422,189.92
cdf_db,ebpf,2,423,151.94
cdf_db,ebpf,2,424,157.39
cdf_db,ebpf,2,425,147.809
cdf_db,ebpf,2,426,204.431
cdf_db,ebpf,2,427,148.171
cdf_db,ebpf,2,428,147.371
cdf_db,ebpf,2,429,158.44
cdf_db,ebpf,2,430,153.8
cdf_db,ebpf,2,431,174.37
cdf_db,ebpf,2,432,207.43
cdf_db,ebpf,2,433,150.14
cdf_db,ebpf,2,434,152.73
cdf_db,ebpf,2,435,151.36
cdf_db,ebpf,2,436,154.65
cdf_db,ebpf,2,437,146.61
cdf_db,ebpf,2,438,205.61
cdf_db,ebpf,2,439,153.95
cdf_db,ebpf,2,440,149.43
cdf_db,ebpf,2,441,152.5
cdf_db,ebpf,2,442,148.25
cdf_db,ebpf,2,443,163.95
cdf_db,ebpf,2,444,151.97
cdf_db,ebpf,2,445,208.27
cdf_db,ebpf,2,446,150.14
cdf_db,ebpf,2,447,148.75
cdf_db,ebpf,2,448,158.0
cdf_db,ebpf,2,449,149.97
cdf_db,ebpf,2,450,157.4
cdf_db,ebpf,2,451,198.36
cdf_db,ebpf,2,452,149.31
cdf_db,ebpf,2,453,153.34
cdf_db,ebpf,2,454,150.48
cdf_db,ebpf,2,455,147.61
cdf_db,ebpf,2,456,157.22
cdf_db,ebpf,2,457,200.66
cdf_db,ebpf,2,458,159.18
cdf_db,ebpf,2,459,150.06
cdf_db,ebpf,2,460,146.75
cdf_db,ebpf,2,461,156.93
cdf_db,ebpf,2,462,146.33
cdf_db,ebpf,2,463,240.86
cdf_db,ebpf,2,464,150.39
cdf_db,ebpf,2,465,146.69
cdf_db,ebpf,2,466,150.36
cdf_db,ebpf,2,467,158.24
cdf_db,ebpf,2,468,149.88
cdf_db,ebpf,2,469,210.65
cdf_db,ebpf,2,470,154.0
cdf_db,ebpf,2,471,152.96
cdf_db,ebpf,2,472,156.9
cdf_db,ebpf,2,473,159.07
cdf_db,ebpf,2,474,151.21
cdf_db,ebpf,2,475,212.36
cdf_db,ebpf,2,476,150.93
cdf_db,ebpf,2,477,149.79
cdf_db,ebpf,2,478,157.71
cdf_db,ebpf,2,479,146.93
cdf_db,ebpf,2,480,149.52
cdf_db,ebpf,2,481,150.47
cdf_db,ebpf,2,482,190.4
cdf_db,ebpf,2,483,195.88
cdf_db,ebpf,2,484,149.42
cdf_db,ebpf,2,485,150.04
cdf_db,ebpf,2,486,151.47
cdf_db,ebpf,2,487,148.631
cdf_db,ebpf,2,488,196.1
cdf_db,ebpf,2,489,151.4
cdf_db,ebpf,2,490,163.94
cdf_db,ebpf,2,491,155.42
cdf_db,ebpf,2,492,151.22
cdf_db,ebpf,2,493,205.36
cdf_db,ebpf,2,494,197.31
cdf_db,ebpf,2,495,150.15
cdf_db,ebpf,2,496,157.95
cdf_db,ebpf,2,497,147.21
cdf_db,ebpf,2,498,189.79
cdf_db,ebpf,2,499,235.98
cdf_db,ebpf,2,500,161.19
cdf_db,ebpf,2,501,219.06
cdf_db,ebpf,2,502,149.95
cdf_db,ebpf,2,503,146.86
cdf_db,ebpf,2,504,149.55
cdf_db,ebpf,2,505,210.82
cdf_db,ebpf,2,506,148.91
cdf_db,ebpf,2,507,144.66
cdf_db,ebpf,2,508,156.14
cdf_db,ebpf,2,509,143.12
cdf_db,ebpf,2,510,148.13
cdf_db,ebpf,2,511,204.16
cdf_db,ebpf,2,512,149.8
cdf_db,ebpf,2,513,152.82
cdf_db,ebpf,2,514,150.96
cdf_db,ebpf,2,515,159.34
cdf_db,ebpf,2,516,148.68
cdf_db,ebpf,2,517,167.76
cdf_db,ebpf,2,518,194.68
cdf_db,ebpf,2,519,148.15
cdf_db,ebpf,2,520,145.25
cdf_db,ebpf,2,521,147.34
cdf_db,ebpf,2,522,162.17
cdf_db,ebpf,2,523,151.57
cdf_db,ebpf,2,524,201.12
cdf_db,ebpf,2,525,148.36
cdf_db,ebpf,2,526,149.61
cdf_db,ebpf,2,527,152.6
cdf_db,ebpf,2,528,147.05
cdf_db,ebpf,2,529,145.53
cdf_db,ebpf,2,530,198.44
cdf_db,ebpf,2,531,147.89
cdf_db,ebpf,2,532,147.52
cdf_db,ebpf,2,533,147.54
cdf_db,ebpf,2,534,148.38
cdf_db,ebpf,2,535,147.94
cdf_db,ebpf,2,536,159.58
cdf_db,ebpf,2,537,190.4
cdf_db,ebpf,2,538,146.67
cdf_db,ebpf,2,539,156.46
cdf_db,ebpf,2,540,148.98
cdf_db,ebpf,2,541,158.64
cdf_db,ebpf,2,542,165.96
cdf_db,ebpf,2,543,197.26
cdf_db,ebpf,2,544,149.129
cdf_db,ebpf,2,545,150.28
cdf_db,ebpf,2,546,160.109
cdf_db,ebpf,2,547,147.94
cdf_db,ebpf,2,548,166.2
cdf_db,ebpf,2,549,231.489
cdf_db,ebpf,2,550,189.771
cdf_db,ebpf,2,551,153.6
cdf_db,ebpf,2,552,150.94
cdf_db,ebpf,2,553,150.71
cdf_db,ebpf,2,554,156.33
cdf_db,ebpf,2,555,198.74
cdf_db,ebpf,2,556,158.18
cdf_db,ebpf,2,557,152.93
cdf_db,ebpf,2,558,157.08
cdf_db,ebpf,2,559,150.51
cdf_db,ebpf,2,560,153.66
cdf_db,ebpf,2,561,201.99
cdf_db,ebpf,2,562,148.16
cdf_db,ebpf,2,563,152.52
cdf_db,ebpf,2,564,156.88
cdf_db,ebpf,2,565,165.12
cdf_db,ebpf,2,566,161.32
cdf_db,ebpf,2,567,202.35
cdf_db,ebpf,2,568,153.7
cdf_db,ebpf,2,569,152.14
cdf_db,ebpf,2,570,148.58
cdf_db,ebpf,2,571,144.5
cdf_db,ebpf,2,572,149.191
cdf_db,ebpf,2,573,203.911
cdf_db,ebpf,2,574,151.8
cdf_db,ebpf,2,575,149.809
cdf_db,ebpf,2,576,146.92
cdf_db,ebpf,2,577,149.029
cdf_db,ebpf,2,578,147.7
cdf_db,ebpf,2,579,198.5
cdf_db,ebpf,2,580,148.43
cdf_db,ebpf,2,581,148.0
cdf_db,ebpf,2,582,151.69
cdf_db,ebpf,2,583,144.49
cdf_db,ebpf,2,584,145.73
cdf_db,ebpf,2,585,151.43
cdf_db,ebpf,2,586,193.45
cdf_db,ebpf,2,587,153.54
cdf_db,ebpf,2,588,152.55
cdf_db,ebpf,2,589,147.87
cdf_db,ebpf,2,590,147.7
cdf_db,ebpf,2,591,149.09
cdf_db,ebpf,2,592,266.82
cdf_db,ebpf,2,593,190.3
cdf_db,ebpf,2,594,173.98
cdf_db,ebpf,2,595,181.26
cdf_db,ebpf,2,596,166.17
cdf_db,ebpf,2,597,215.26
cdf_db,ebpf,2,598,158.11
cdf_db,ebpf,2,599,159.19
cdf_db,ebpf,2,600,157.26
cdf_db,ebpf,2,601,157.94
cdf_db,ebpf,2,602,154.47
cdf_db,ebpf,2,603,206.76
cdf_db,ebpf,2,604,153.33
cdf_db,ebpf,2,605,155.36
cdf_db,ebpf,2,606,154.02
cdf_db,ebpf,2,607,152.551
cdf_db,ebpf,2,608,155.96
cdf_db,ebpf,2,609,217.06
cdf_db,ebpf,2,610,150.68
cdf_db,ebpf,2,611,156.1
cdf_db,ebpf,2,612,153.86
cdf_db,ebpf,2,613,157.2
cdf_db,ebpf,2,614,151.77
cdf_db,ebpf,2,615,212.37
cdf_db,ebpf,2,616,149.39
cdf_db,ebpf,2,617,150.29
cdf_db,ebpf,2,618,153.38
cdf_db,ebpf,2,619,171.72
cdf_db,ebpf,2,620,151.78
cdf_db,ebpf,2,621,229.86
cdf_db,ebpf,2,622,153.21
cdf_db,ebpf,2,623,150.78
cdf_db,ebpf,2,624,153.82
cdf_db,ebpf,2,625,148.27
cdf_db,ebpf,2,626,152.71
cdf_db,ebpf,2,627,163.73
cdf_db,ebpf,2,628,201.18
cdf_db,ebpf,2,629,155.13
cdf_db,ebpf,2,630,157.37
cdf_db,ebpf,2,631,190.11
cdf_db,ebpf,2,632,150.74
cdf_db,ebpf,2,633,205.011
cdf_db,ebpf,2,634,146.06
cdf_db,ebpf,2,635,144.831
cdf_db,ebpf,2,636,151.731
cdf_db,ebpf,2,637,145.51
cdf_db,ebpf,2,638,146.66
cdf_db,ebpf,2,639,160.24
cdf_db,ebpf,2,640,199.3
cdf_db,ebpf,2,641,151.94
cdf_db,ebpf,2,642,153.79
cdf_db,ebpf,2,643,149.69
cdf_db,ebpf,2,644,148.36
cdf_db,ebpf,2,645,163.23
cdf_db,ebpf,2,646,194.76
cdf_db,ebpf,2,647,149.58
cdf_db,ebpf,2,648,148.64
cdf_db,ebpf,2,649,148.15
cdf_db,ebpf,2,650,149.4
cdf_db,ebpf,2,651,147.92
cdf_db,ebpf,2,652,200.55
cdf_db,ebpf,2,653,190.8
cdf_db,ebpf,2,654,151.5
cdf_db,ebpf,2,655,147.91
cdf_db,ebpf,2,656,150.07
cdf_db,ebpf,2,657,151.27
cdf_db,ebpf,2,658,201.03
cdf_db,ebpf,2,659,152.37
cdf_db,ebpf,2,660,150.72
cdf_db,ebpf,2,661,147.56
cdf_db,ebpf,2,662,148.8
cdf_db,ebpf,2,663,149.58
cdf_db,ebpf,2,664,237.18
cdf_db,ebpf,2,665,144.08
cdf_db,ebpf,2,666,149.02
cdf_db,ebpf,2,667,148.88
cdf_db,ebpf,2,668,148.72
cdf_db,ebpf,2,669,188.35
cdf_db,ebpf,2,670,155.08
cdf_db,ebpf,2,671,189.59
cdf_db,ebpf,2,672,217.86
cdf_db,ebpf,2,673,148.24
cdf_db,ebpf,2,674,148.27
cdf_db,ebpf,2,675,150.05
cdf_db,ebpf,2,676,208.99
cdf_db,ebpf,2,677,151.29
cdf_db,ebpf,2,678,154.22
cdf_db,ebpf,2,679,145.74
cdf_db,ebpf,2,680,152.46
cdf_db,ebpf,2,681,149.87
cdf_db,ebpf,2,682,165.69
cdf_db,ebpf,2,683,211.26
cdf_db,ebpf,2,684,150.97
cdf_db,ebpf,2,685,164.53
cdf_db,ebpf,2,686,151.64
cdf_db,ebpf,2,687,148.6
cdf_db,ebpf,2,688,149.72
cdf_db,ebpf,2,689,198.38
cdf_db,ebpf,2,690,148.58
cdf_db,ebpf,2,691,147.991
cdf_db,ebpf,2,692,169.609
cdf_db,ebpf,2,693,181.22
cdf_db,ebpf,2,694,154.111
cdf_db,ebpf,2,695,211.711
cdf_db,ebpf,2,696,150.64
cdf_db,ebpf,2,697,155.46
cdf_db,ebpf,2,698,157.16
cdf_db,ebpf,2,699,147.56
cdf_db,ebpf,2,700,150.86
cdf_db,ebpf,2,701,197.52
cdf_db,ebpf,2,702,150.34
cdf_db,ebpf,2,703,145.16
cdf_db,ebpf,2,704,150.83
cdf_db,ebpf,2,705,154.84
cdf_db,ebpf,2,706,144.23
cdf_db,ebpf,2,707,209.19
cdf_db,ebpf,2,708,158.87
cdf_db,ebpf,2,709,161.85
cdf_db,ebpf,2,710,164.44
cdf_db,ebpf,2,711,147.56
cdf_db,ebpf,2,712,146.82
cdf_db,ebpf,2,713,213.92
cdf_db,ebpf,2,714,151.32
cdf_db,ebpf,2,715,153.56
cdf_db,ebpf,2,716,159.15
cdf_db,ebpf,2,717,149.19
cdf_db,ebpf,2,718,149.03
cdf_db,ebpf,2,719,202.92
cdf_db,ebpf,2,720,150.1
cdf_db,ebpf,2,721,195.891
cdf_db,ebpf,2,722,161.04
cdf_db,ebpf,2,723,147.369
cdf_db,ebpf,2,724,146.071
cdf_db,ebpf,2,725,219.721
cdf_db,ebpf,2,726,150.2
cdf_db,ebpf,2,727,146.16
cdf_db,ebpf,2,728,149.16
cdf_db,ebpf,2,729,151.25
cdf_db,ebpf,2,730,157.16
cdf_db,ebpf,2,731,202.77
cdf_db,ebpf,2,732,150.56
cdf_db,ebpf,2,733,151.75
cdf_db,ebpf,2,734,149.45
cdf_db,ebpf,2,735,154.79
cdf_db,ebpf,2,736,146.59
cdf_db,ebpf,2,737,531.91
cdf_db,ebpf,2,738,847.53
cdf_db,ebpf,2,739,375.25
cdf_db,ebpf,2,740,191.38
cdf_db,ebpf,2,741,220.29
cdf_db,ebpf,2,742,244.94
cdf_db,ebpf,2,743,187.231
cdf_db,ebpf,2,744,172.46
cdf_db,ebpf,2,745,168.22
cdf_db,ebpf,2,746,171.821
cdf_db,ebpf,2,747,213.76
cdf_db,ebpf,2,748,166.73
cdf_db,ebpf,2,749,165.25
cdf_db,ebpf,2,750,161.77
cdf_db,ebpf,2,751,162.11
cdf_db,ebpf,2,752,165.93
cdf_db,ebpf,2,753,205.5
cdf_db,ebpf,2,754,156.4
cdf_db,ebpf,2,755,159.15
cdf_db,ebpf,2,756,155.05
cdf_db,ebpf,2,757,168.15
cdf_db,ebpf,2,758,183.28
cdf_db,ebpf,2,759,207.1
cdf_db,ebpf,2,760,156.07
cdf_db,ebpf,2,761,163.54
cdf_db,ebpf,2,762,154.56
cdf_db,ebpf,2,763,157.2
cdf_db,ebpf,2,764,210.63
cdf_db,ebpf,2,765,188.54
cdf_db,ebpf,2,766,153.35
cdf_db,ebpf,2,767,153.29
cdf_db,ebpf,2,768,159.74
cdf_db,ebpf,2,769,154.13
cdf_db,ebpf,2,770,228.03
cdf_db,ebpf,2,771,154.17
cdf_db,ebpf,2,772,157.549
cdf_db,ebpf,2,773,154.431
cdf_db,ebpf,2,774,153.831
cdf_db,ebpf,2,775,151.35
cdf_db,ebpf,2,776,206.66
cdf_db,ebpf,2,777,152.63
cdf_db,ebpf,2,778,153.53
cdf_db,ebpf,2,779,147.98
cdf_db,ebpf,2,780,153.96
cdf_db,ebpf,2,781,152.57
cdf_db,ebpf,2,782,160.56
cdf_db,ebpf,2,783,206.2
cdf_db,ebpf,2,784,215.07
cdf_db,ebpf,2,785,176.63
cdf_db,ebpf,2,786,164.0
cdf_db,ebpf,2,787,168.37
cdf_db,ebpf,2,788,201.61
cdf_db,ebpf,2,789,157.25
cdf_db,ebpf,2,790,157.53
cdf_db,ebpf,2,791,153.67
cdf_db,ebpf,2,792,153.65
cdf_db,ebpf,2,793,157.09
cdf_db,ebpf,2,794,197.54
cdf_db,ebpf,2,795,150.82
cdf_db,ebpf,2,796,152.69
cdf_db,ebpf,2,797,154.71
cdf_db,ebpf,2,798,152.7
cdf_db,ebpf,2,799,152.71
cdf_db,ebpf,2,800,223.22
cdf_db,ebpf,2,801,154.331
cdf_db,ebpf,2,802,156.86
cdf_db,ebpf,2,803,151.911
cdf_db,ebpf,2,804,155.18
cdf_db,ebpf,2,805,153.33
cdf_db,ebpf,2,806,210.29
cdf_db,ebpf,2,807,154.46
cdf_db,ebpf,2,808,150.82
cdf_db,ebpf,2,809,159.75
cdf_db,ebpf,2,810,151.93
cdf_db,ebpf,2,811,163.64
cdf_db,ebpf,2,812,222.11
cdf_db,ebpf,2,813,153.57
cdf_db,ebpf,2,814,152.94
cdf_db,ebpf,2,815,205.9
cdf_db,ebpf,2,816,153.47
cdf_db,ebpf,2,817,156.08
cdf_db,ebpf,2,818,210.14
cdf_db,ebpf,2,819,149.89
cdf_db,ebpf,2,820,148.84
cdf_db,ebpf,2,821,148.72
cdf_db,ebpf,2,822,153.27
cdf_db,ebpf,2,823,150.68
cdf_db,ebpf,2,824,206.72
cdf_db,ebpf,2,825,150.96
cdf_db,ebpf,2,826,159.01
cdf_db,ebpf,2,827,155.0
cdf_db,ebpf,2,828,148.28
cdf_db,ebpf,2,829,149.691
cdf_db,ebpf,2,830,203.991
cdf_db,ebpf,2,831,187.989
cdf_db,ebpf,2,832,149.62
cdf_db,ebpf,2,833,157.84
cdf_db,ebpf,2,834,148.369
cdf_db,ebpf,2,835,153.441
cdf_db,ebpf,2,836,203.16
cdf_db,ebpf,2,837,153.33
cdf_db,ebpf,2,838,250.46
cdf_db,ebpf,2,839,189.54
cdf_db,ebpf,2,840,151.14
cdf_db,ebpf,2,841,158.01
cdf_db,ebpf,2,842,232.35
cdf_db,ebpf,2,843,195.01
cdf_db,ebpf,2,844,217.8
cdf_db,ebpf,2,845,151.25
cdf_db,ebpf,2,846,164.61
cdf_db,ebpf,2,847,208.06
cdf_db,ebpf,2,848,159.34
cdf_db,ebpf,2,849,174.56
cdf_db,ebpf,2,850,449.57
cdf_db,ebpf,2,851,231.01
cdf_db,ebpf,2,852,154.831
cdf_db,ebpf,2,853,162.12
cdf_db,ebpf,2,854,161.98
cdf_db,ebpf,2,855,150.869
cdf_db,ebpf,2,856,159.32
cdf_db,ebpf,2,857,206.751
cdf_db,ebpf,2,858,153.2
cdf_db,ebpf,2,859,152.11
cdf_db,ebpf,2,860,160.42
cdf_db,ebpf,2,861,156.95
cdf_db,ebpf,2,862,157.36
cdf_db,ebpf,2,863,196.41
cdf_db,ebpf,2,864,149.49
cdf_db,ebpf,2,865,150.39
cdf_db,ebpf,2,866,163.6
cdf_db,ebpf,2,867,152.6
cdf_db,ebpf,2,868,158.73
cdf_db,ebpf,2,869,207.56
cdf_db,ebpf,2,870,155.86
cdf_db,ebpf,2,871,149.28
cdf_db,ebpf,2,872,151.73
cdf_db,ebpf,2,873,150.46
cdf_db,ebpf,2,874,147.77
cdf_db,ebpf,2,875,203.43
cdf_db,ebpf,2,876,153.89
cdf_db,ebpf,2,877,147.85
cdf_db,ebpf,2,878,148.72
cdf_db,ebpf,2,879,152.99
cdf_db,ebpf,2,880,149.44
cdf_db,ebpf,2,881,209.35
cdf_db,ebpf,2,882,154.47
cdf_db,ebpf,2,883,147.99
cdf_db,ebpf,2,884,152.861
cdf_db,ebpf,2,885,150.649
cdf_db,ebpf,2,886,149.12
cdf_db,ebpf,2,887,228.041
cdf_db,ebpf,2,888,161.95
cdf_db,ebpf,2,889,154.01
cdf_db,ebpf,2,890,159.77
cdf_db,ebpf,2,891,151.26
cdf_db,ebpf,2,892,151.73
cdf_db,ebpf,2,893,250.75
cdf_db,ebpf,2,894,147.26
cdf_db,ebpf,2,895,149.29
cdf_db,ebpf,2,896,165.77
cdf_db,ebpf,2,897,148.13
cdf_db,ebpf,2,898,148.58
cdf_db,ebpf,2,899,207.49
cdf_db,ebpf,2,900,153.42
cdf_db,ebpf,2,901,150.22
cdf_db,ebpf,2,902,159.52
cdf_db,ebpf,2,903,158.5
cdf_db,ebpf,2,904,152.03
cdf_db,ebpf,2,905,173.22
cdf_db,ebpf,2,906,198.46
cdf_db,ebpf,2,907,151.32
cdf_db,ebpf,2,908,166.45
cdf_db,ebpf,2,909,162.47
cdf_db,ebpf,2,910,158.09
cdf_db,ebpf,2,911,232.69
cdf_db,ebpf,2,912,153.43
cdf_db,ebpf,2,913,152.081
cdf_db,ebpf,2,914,155.171
cdf_db,ebpf,2,915,148.94
cdf_db,ebpf,2,916,149.6
cdf_db,ebpf,2,917,160.58
cdf_db,ebpf,2,918,209.88
cdf_db,ebpf,2,919,147.15
cdf_db,ebpf,2,920,178.93
cdf_db,ebpf,2,921,154.57
cdf_db,ebpf,2,922,152.76
cdf_db,ebpf,2,923,207.31
cdf_db,ebpf,2,924,153.52
cdf_db,ebpf,2,925,162.2
cdf_db,ebpf,2,926,163.23
cdf_db,ebpf,2,927,153.91
cdf_db,ebpf,2,928,161.44
cdf_db,ebpf,2,929,205.27
cdf_db,ebpf,2,930,146.72
cdf_db,ebpf,2,931,156.55
cdf_db,ebpf,2,932,151.99
cdf_db,ebpf,2,933,155.6
cdf_db,ebpf,2,934,158.0
cdf_db,ebpf,2,935,158.83
cdf_db,ebpf,2,936,194.89
cdf_db,ebpf,2,937,146.29
cdf_db,ebpf,2,938,148.8
cdf_db,ebpf,2,939,149.51
cdf_db,ebpf,2,940,149.29
cdf_db,ebpf,2,941,154.62
cdf_db,ebpf,2,942,196.53
cdf_db,ebpf,2,943,152.25
cdf_db,ebpf,2,944,149.261
cdf_db,ebpf,2,945,149.789
cdf_db,ebpf,2,946,150.62
cdf_db,ebpf,2,947,148.709
cdf_db,ebpf,2,948,199.551
cdf_db,ebpf,2,949,152.38
cdf_db,ebpf,2,950,150.19
cdf_db,ebpf,2,951,153.93
cdf_db,ebpf,2,952,163.72
cdf_db,ebpf,2,953,151.67
cdf_db,ebpf,2,954,213.95
cdf_db,ebpf,2,955,210.72
cdf_db,ebpf,2,956,163.13
cdf_db,ebpf,2,957,157.51
cdf_db,ebpf,2,958,162.98
cdf_db,ebpf,2,959,165.32
cdf_db,ebpf,2,960,211.72
cdf_db,ebpf,2,961,154.16
cdf_db,ebpf,2,962,152.59
cdf_db,ebpf,2,963,151.97
cdf_db,ebpf,2,964,152.72
cdf_db,ebpf,2,965,145.9
cdf_db,ebpf,2,966,206.92
cdf_db,ebpf,2,967,152.25
cdf_db,ebpf,2,968,151.96
cdf_db,ebpf,2,969,149.74
cdf_db,ebpf,2,970,150.17
cdf_db,ebpf,2,971,148.25
cdf_db,ebpf,2,972,201.091
cdf_db,ebpf,2,973,159.98
cdf_db,ebpf,2,974,156.391
cdf_db,ebpf,2,975,153.44
cdf_db,ebpf,2,976,152.52
cdf_db,ebpf,2,977,149.209
cdf_db,ebpf,2,978,203.13
cdf_db,ebpf,2,979,147.82
cdf_db,ebpf,2,980,149.28
cdf_db,ebpf,2,981,161.82
cdf_db,ebpf,2,982,151.61
cdf_db,ebpf,2,983,149.73
cdf_db,ebpf,2,984,172.77
cdf_db,ebpf,2,985,222.72
cdf_db,ebpf,2,986,190.59
cdf_db,ebpf,2,987,158.63
cdf_db,ebpf,2,988,158.01
cdf_db,ebpf,2,989,150.6
cdf_db,ebpf,2,990,222.59
cdf_db,ebpf,2,991,153.38
cdf_db,ebpf,2,992,147.52
cdf_db,ebpf,2,993,153.59
cdf_db,ebpf,2,994,147.82
cdf_db,ebpf,2,995,147.47
cdf_db,ebpf,2,996,201.03
cdf_db,ebpf,2,997,158.53
cdf_db,ebpf,2,998,152.59
cdf_db,ebpf,2,999,150.95
cdf_db,ebpf,2,1000,162.49
cdf_db,ebpf,2,1001,152.371
cdf_db,ebpf,2,1002,220.08
cdf_db,ebpf,2,1003,150.889
cdf_db,ebpf,2,1004,150.491
cdf_db,ebpf,2,1005,156.429
cdf_db,ebpf,2,1006,152.981
cdf_db,ebpf,2,1007,149.42
cdf_db,ebpf,2,1008,156.46
cdf_db,ebpf,2,1009,193.67
cdf_db,ebpf,2,1010,147.77
cdf_db,ebpf,2,1011,160.6
cdf_db,ebpf,2,1012,149.75
cdf_db,ebpf,2,1013,149.87
cdf_db,ebpf,2,1014,166.05
cdf_db,ebpf,2,1015,208.35
cdf_db,ebpf,2,1016,150.39
cdf_db,ebpf,2,1017,149.12
cdf_db,ebpf,2,1018,150.21
cdf_db,ebpf,2,1019,152.36
cdf_db,ebpf,2,1020,148.45
cdf_db,ebpf,2,1021,217.16
cdf_db,ebpf,2,1022,149.09
cdf_db,ebpf,2,1023,188.95
cdf_db,ebpf,2,1024,150.59
cdf_db,ebpf,2,1025,146.84
cdf_db,ebpf,2,1026,149.72
cdf_db,ebpf,2,1027,203.33
cdf_db,ebpf,2,1028,149.36
cdf_db,ebpf,2,1029,154.17
cdf_db,ebpf,2,1030,148.931
cdf_db,ebpf,2,1031,149.209
cdf_db,ebpf,2,1032,145.6
cdf_db,ebpf,2,1033,203.531
cdf_db,ebpf,2,1034,191.42
cdf_db,ebpf,2,1035,161.32
cdf_db,ebpf,2,1036,160.41
cdf_db,ebpf,2,1037,148.62
cdf_db,ebpf,2,1038,152.89
cdf_db,ebpf,2,1039,208.02
cdf_db,ebpf,2,1040,153.82
cdf_db,ebpf,2,1041,152.33
cdf_db,ebpf,2,1042,151.54
cdf_db,ebpf,2,1043,187.18
cdf_db,ebpf,2,1044,148.93
cdf_db,ebpf,2,1045,216.9
cdf_db,ebpf,2,1046,155.27
cdf_db,ebpf,2,1047,150.97
cdf_db,ebpf,2,1048,154.76
cdf_db,ebpf,2,1049,183.49
cdf_db,ebpf,2,1050,151.75
cdf_db,ebpf,2,1051,214.26
cdf_db,ebpf,2,1052,158.24
cdf_db,ebpf,2,1053,157.62
cdf_db,ebpf,2,1054,194.08
cdf_db,ebpf,2,1055,150.62
cdf_db,ebpf,2,1056,152.45
cdf_db,ebpf,2,1057,225.99
cdf_db,ebpf,2,1058,194.06
cdf_db,ebpf,2,1059,157.43
cdf_db,ebpf,2,1060,159.349
cdf_db,ebpf,2,1061,191.85
cdf_db,ebpf,2,1062,227.71
cdf_db,ebpf,2,1063,198.1
cdf_db,ebpf,2,1064,153.7
cdf_db,ebpf,2,1065,198.61
cdf_db,ebpf,2,1066,194.27
cdf_db,ebpf,2,1067,249.66
cdf_db,ebpf,2,1068,220.1
cdf_db,ebpf,2,1069,150.87
cdf_db,ebpf,2,1070,152.56
cdf_db,ebpf,2,1071,148.5
cdf_db,ebpf,2,1072,163.34
cdf_db,ebpf,2,1073,202.03
cdf_db,ebpf,2,1074,162.39
cdf_db,ebpf,2,1075,148.12
cdf_db,ebpf,2,1076,159.24
cdf_db,ebpf,2,1077,177.4
cdf_db,ebpf,2,1078,154.57
cdf_db,ebpf,2,1079,193.54
cdf_db,ebpf,2,1080,155.58
cdf_db,ebpf,2,1081,150.46
cdf_db,ebpf,2,1082,150.88
cdf_db,ebpf,2,1083,149.55
cdf_db,ebpf,2,1084,146.81
cdf_db,ebpf,2,1085,204.54
cdf_db,ebpf,2,1086,151.43
cdf_db,ebpf,2,1087,147.36
cdf_db,ebpf,2,1088,152.23
cdf_db,ebpf,2,1089,150.45
cdf_db,ebpf,2,1090,150.991
cdf_db,ebpf,2,1091,197.2
cdf_db,ebpf,2,1092,188.089
cdf_db,ebpf,2,1093,147.01
cdf_db,ebpf,2,1094,150.33
cdf_db,ebpf,2,1095,168.88
cdf_db,ebpf,2,1096,147.04
cdf_db,ebpf,2,1097,202.49
cdf_db,ebpf,2,1098,152.36
cdf_db,ebpf,2,1099,150.97
cdf_db,ebpf,2,1100,150.32
cdf_db,ebpf,2,1101,148.45
cdf_db,ebpf,2,1102,147.21
cdf_db,ebpf,2,1103,157.96
cdf_db,ebpf,2,1104,198.06
cdf_db,ebpf,2,1105,151.84
cdf_db,ebpf,2,1106,153.48
cdf_db,ebpf,2,1107,151.28
cdf_db,ebpf,2,1108,156.55
cdf_db,ebpf,2,1109,194.35
cdf_db,ebpf,2,1110,209.03
cdf_db,ebpf,2,1111,151.42
cdf_db,ebpf,2,1112,151.62
cdf_db,ebpf,2,1113,152.83
cdf_db,ebpf,2,1114,150.77
cdf_db,ebpf,2,1115,159.92
cdf_db,ebpf,2,1116,204.53
cdf_db,ebpf,2,1117,148.571
cdf_db,ebpf,2,1118,151.02
cdf_db,ebpf,2,1119,150.52
cdf_db,ebpf,2,1120,149.9
cdf_db,ebpf,2,1121,158.191
cdf_db,ebpf,2,1122,248.28
cdf_db,ebpf,2,1123,154.6
cdf_db,ebpf,2,1124,153.04
cdf_db,ebpf,2,1125,156.16
cdf_db,ebpf,2,1126,152.82
cdf_db,ebpf,2,1127,155.74
cdf_db,ebpf,2,1128,204.49
cdf_db,ebpf,2,1129,148.15
cdf_db,ebpf,2,1130,166.9
cdf_db,ebpf,2,1131,149.54
cdf_db,ebpf,2,1132,188.65
cdf_db,ebpf,2,1133,159.98
cdf_db,ebpf,2,1134,217.75
cdf_db,ebpf,2,1135,153.24
cdf_db,ebpf,2,1136,150.49
cdf_db,ebpf,2,1137,152.4
cdf_db,ebpf,2,1138,148.45
cdf_db,ebpf,2,1139,188.05
cdf_db,ebpf,2,1140,194.07
cdf_db,ebpf,2,1141,147.21
cdf_db,ebpf,2,1142,150.71
cdf_db,ebpf,2,1143,153.53
cdf_db,ebpf,2,1144,148.06
cdf_db,ebpf,2,1145,191.8
cdf_db,ebpf,2,1146,195.671
cdf_db,ebpf,2,1147,148.911
cdf_db,ebpf,2,1148,154.38
cdf_db,ebpf,2,1149,151.529
cdf_db,ebpf,2,1150,189.689
cdf_db,ebpf,2,1151,166.5
cdf_db,ebpf,2,1152,191.8
cdf_db,ebpf,2,1153,190.01
cdf_db,ebpf,2,1154,157.58
cdf_db,ebpf,2,1155,187.66
cdf_db,ebpf,2,1156,149.86
cdf_db,ebpf,2,1157,245.23
cdf_db,ebpf,2,1158,190.9
cdf_db,ebpf,2,1159,192.71
cdf_db,ebpf,2,1160,186.05
cdf_db,ebpf,2,1161,190.85
cdf_db,ebpf,2,1162,283.66
cdf_db,ebpf,2,1163,149.64
cdf_db,ebpf,2,1164,155.51
cdf_db,ebpf,2,1165,153.07
cdf_db,ebpf,2,1166,150.33
cdf_db,ebpf,2,1167,158.41
cdf_db,ebpf,2,1168,205.25
cdf_db,ebpf,2,1169,149.04
cdf_db,ebpf,2,1170,149.45
cdf_db,ebpf,2,1171,152.63
cdf_db,ebpf,2,1172,158.331
cdf_db,ebpf,2,1173,155.009
cdf_db,ebpf,2,1174,223.3
cdf_db,ebpf,2,1175,155.029
cdf_db,ebpf,2,1176,150.589
cdf_db,ebpf,2,1177,150.3
cdf_db,ebpf,2,1178,148.94
cdf_db,ebpf,2,1179,149.44
cdf_db,ebpf,2,1180,208.35
cdf_db,ebpf,2,1181,145.72
cdf_db,ebpf,2,1182,155.63
cdf_db,ebpf,2,1183,159.1
cdf_db,ebpf,2,1184,151.29
cdf_db,ebpf,2,1185,153.29
cdf_db,ebpf,2,1186,239.81
cdf_db,ebpf,2,1187,149.52
cdf_db,ebpf,2,1188,151.86
cdf_db,ebpf,2,1189,154.9
cdf_db,ebpf,2,1190,146.23
cdf_db,ebpf,2,1191,148.27
cdf_db,ebpf,2,1192,204.98
cdf_db,ebpf,2,1193,149.48
cdf_db,ebpf,2,1194,149.65
cdf_db,ebpf,2,1195,148.41
cdf_db,ebpf,2,1196,149.05
cdf_db,ebpf,2,1197,153.19
cdf_db,ebpf,2,1198,159.09
cdf_db,ebpf,2,1199,196.76
cdf_db,ebpf,2,1200,151.73
cdf_db,ebpf,2,1201,153.65
cdf_db,ebpf,2,1202,150.44
cdf_db,ebpf,2,1203,164.971
cdf_db,ebpf,2,1204,193.409
cdf_db,ebpf,2,1205,211.8
cdf_db,ebpf,2,1206,159.23
cdf_db,ebpf,2,1207,150.21
cdf_db,ebpf,2,1208,151.98
cdf_db,ebpf,2,1209,154.45
cdf_db,ebpf,2,1210,160.16
cdf_db,ebpf,2,1211,192.79
cdf_db,ebpf,2,1212,151.26
cdf_db,ebpf,2,1213,152.54
cdf_db,ebpf,2,1214,147.58
cdf_db,ebpf,2,1215,149.86
cdf_db,ebpf,2,1216,154.35
cdf_db,ebpf,2,1217,199.45
cdf_db,ebpf,2,1218,191.27
cdf_db,ebpf,2,1219,149.54
cdf_db,ebpf,2,1220,147.85
cdf_db,ebpf,2,1221,153.25
cdf_db,ebpf,2,1222,156.0
cdf_db,ebpf,2,1223,200.49
cdf_db,ebpf,2,1224,152.8
cdf_db,ebpf,2,1225,146.3
cdf_db,ebpf,2,1226,153.75
cdf_db,ebpf,2,1227,149.48
cdf_db,ebpf,2,1228,181.83
cdf_db,ebpf,2,1229,207.31
cdf_db,ebpf,2,1230,150.78
cdf_db,ebpf,2,1231,154.15
cdf_db,ebpf,2,1232,153.61
cdf_db,ebpf,2,1233,149.43
cdf_db,ebpf,2,1234,154.58
cdf_db,ebpf,2,1235,202.321
cdf_db,ebpf,2,1236,192.049
cdf_db,ebpf,2,1237,148.051
cdf_db,ebpf,2,1238,437.18
cdf_db,ebpf,2,1239,273.42
cdf_db,ebpf,2,1240,177.5
cdf_db,ebpf,2,1241,186.96
cdf_db,ebpf,2,1242,196.02
cdf_db,ebpf,2,1243,153.21
cdf_db,ebpf,2,1244,208.11
cdf_db,ebpf,2,1245,155.29
cdf_db,ebpf,2,1246,190.28
cdf_db,ebpf,2,1247,154.56
cdf_db,ebpf,2,1248,154.58
cdf_db,ebpf,2,1249,185.5
cdf_db,ebpf,2,1250,203.12
cdf_db,ebpf,2,1251,190.17
cdf_db,ebpf,2,1252,151.8
cdf_db,ebpf,2,1253,192.04
cdf_db,ebpf,2,1254,190.29
cdf_db,ebpf,2,1255,262.07
cdf_db,ebpf,2,1256,153.66
cdf_db,ebpf,2,1257,154.24
cdf_db,ebpf,2,1258,154.831
cdf_db,ebpf,2,1259,151.16
cdf_db,ebpf,2,1260,151.491
cdf_db,ebpf,2,1261,203.34
cdf_db,ebpf,2,1262,177.09
cdf_db,ebpf,2,1263,153.65
cdf_db,ebpf,2,1264,152.23
cdf_db,ebpf,2,1265,150.68
cdf_db,ebpf,2,1266,149.07
cdf_db,ebpf,2,1267,204.19
cdf_db,ebpf,2,1268,160.05
cdf_db,ebpf,2,1269,151.11
cdf_db,ebpf,2,1270,151.89
cdf_db,ebpf,2,1271,149.66
cdf_db,ebpf,2,1272,151.23
cdf_db,ebpf,2,1273,158.07
cdf_db,ebpf,2,1274,191.11
cdf_db,ebpf,2,1275,160.04
cdf_db,ebpf,2,1276,152.24
cdf_db,ebpf,2,1277,152.4
cdf_db,ebpf,2,1278,155.13
cdf_db,ebpf,2,1279,193.93
cdf_db,ebpf,2,1280,531.88
cdf_db,ebpf,2,1281,187.05
cdf_db,ebpf,2,1282,155.72
cdf_db,ebpf,2,1283,209.411
cdf_db,ebpf,2,1284,155.629
cdf_db,ebpf,2,1285,152.311
cdf_db,ebpf,2,1286,155.86
cdf_db,ebpf,2,1287,153.551
cdf_db,ebpf,2,1288,154.209
cdf_db,ebpf,2,1289,202.87
cdf_db,ebpf,2,1290,152.19
cdf_db,ebpf,2,1291,151.39
cdf_db,ebpf,2,1292,153.69
cdf_db,ebpf,2,1293,151.07
cdf_db,ebpf,2,1294,146.74
cdf_db,ebpf,2,1295,155.71
cdf_db,ebpf,2,1296,197.81
cdf_db,ebpf,2,1297,153.51
cdf_db,ebpf,2,1298,188.99
cdf_db,ebpf,2,1299,153.01
cdf_db,ebpf,2,1300,152.09
cdf_db,ebpf,2,1301,162.6
cdf_db,ebpf,2,1302,196.0
cdf_db,ebpf,2,1303,147.77
cdf_db,ebpf,2,1304,150.98
cdf_db,ebpf,2,1305,152.8
cdf_db,ebpf,2,1306,146.94
cdf_db,ebpf,2,1307,156.83
cdf_db,ebpf,2,1308,200.41
cdf_db,ebpf,2,1309,152.18
cdf_db,ebpf,2,1310,152.8
cdf_db,ebpf,2,1311,190.37
cdf_db,ebpf,2,1312,149.08
cdf_db,ebpf,2,1313,148.9
cdf_db,ebpf,2,1314,196.431
cdf_db,ebpf,2,1315,147.769
cdf_db,ebpf,2,1316,149.72
cdf_db,ebpf,2,1317,148.351
cdf_db,ebpf,2,1318,150.08
cdf_db,ebpf,2,1319,149.36
cdf_db,ebpf,2,1320,203.99
cdf_db,ebpf,2,1321,150.48
cdf_db,ebpf,2,1322,186.56
cdf_db,ebpf,2,1323,152.06
cdf_db,ebpf,2,1324,152.02
cdf_db,ebpf,2,1325,149.6
cdf_db,ebpf,2,1326,203.43
cdf_db,ebpf,2,1327,152.16
cdf_db,ebpf,2,1328,148.15
cdf_db,ebpf,2,1329,184.72
cdf_db,ebpf,2,1330,149.83
cdf_db,ebpf,2,1331,145.03
cdf_db,ebpf,2,1332,205.07
cdf_db,ebpf,2,1333,151.39
cdf_db,ebpf,2,1334,149.1
cdf_db,ebpf,2,1335,149.4
cdf_db,ebpf,2,1336,148.6
cdf_db,ebpf,2,1337,149.93
cdf_db,ebpf,2,1338,159.48
cdf_db,ebpf,2,1339,195.76
cdf_db,ebpf,2,1340,185.95
cdf_db,ebpf,2,1341,151.55
cdf_db,ebpf,2,1342,150.64
cdf_db,ebpf,2,1343,151.58
cdf_db,ebpf,2,1344,153.36
cdf_db,ebpf,2,1345,198.64
cdf_db,ebpf,2,1346,156.501
cdf_db,ebpf,2,1347,152.77
cdf_db,ebpf,2,1348,164.27
cdf_db,ebpf,2,1349,148.08
cdf_db,ebpf,2,1350,155.99
cdf_db,ebpf,2,1351,212.4
cdf_db,ebpf,2,1352,149.6
cdf_db,ebpf,2,1353,148.55
cdf_db,ebpf,2,1354,148.9
cdf_db,ebpf,2,1355,145.78
cdf_db,ebpf,2,1356,158.6
cdf_db,ebpf,2,1357,195.28
cdf_db,ebpf,2,1358,148.23
cdf_db,ebpf,2,1359,152.28
cdf_db,ebpf,2,1360,149.44
cdf_db,ebpf,2,1361,146.41
cdf_db,ebpf,2,1362,150.97
cdf_db,ebpf,2,1363,208.31
cdf_db,ebpf,2,1364,150.11
cdf_db,ebpf,2,1365,152.6
cdf_db,ebpf,2,1366,192.01
cdf_db,ebpf,2,1367,148.28
cdf_db,ebpf,2,1368,150.78
cdf_db,ebpf,2,1369,207.64
cdf_db,ebpf,2,1370,152.71
cdf_db,ebpf,2,1371,152.06
cdf_db,ebpf,2,1372,149.38
cdf_db,ebpf,2,1373,148.7
cdf_db,ebpf,2,1374,152.1
cdf_db,ebpf,2,1375,202.371
cdf_db,ebpf,2,1376,148.309
cdf_db,ebpf,2,1377,150.771
cdf_db,ebpf,2,1378,151.791
cdf_db,ebpf,2,1379,150.6
cdf_db,ebpf,2,1380,151.18
cdf_db,ebpf,2,1381,157.02
cdf_db,ebpf,2,1382,197.06
cdf_db,ebpf,2,1383,151.44
cdf_db,ebpf,2,1384,151.59
cdf_db,ebpf,2,1385,189.97
cdf_db,ebpf,2,1386,148.55
cdf_db,ebpf,2,1387,156.78
cdf_db,ebpf,2,1388,195.24
cdf_db,ebpf,2,1389,149.1
cdf_db,ebpf,2,1390,152.58
cdf_db,ebpf,2,1391,151.4
cdf_db,ebpf,2,1392,151.99
cdf_db,ebpf,2,1393,147.86
cdf_db,ebpf,2,1394,203.21
cdf_db,ebpf,2,1395,150.95
cdf_db,ebpf,2,1396,149.05
cdf_db,ebpf,2,1397,154.32
cdf_db,ebpf,2,1398,149.25
cdf_db,ebpf,2,1399,185.04
cdf_db,ebpf,2,1400,201.51
cdf_db,ebpf,2,1401,149.22
cdf_db,ebpf,2,1402,149.39
cdf_db,ebpf,2,1403,149.35
cdf_db,ebpf,2,1404,149.03
cdf_db,ebpf,2,1405,148.341
cdf_db,ebpf,2,1406,204.891
cdf_db,ebpf,2,1407,149.629
cdf_db,ebpf,2,1408,150.221
cdf_db,ebpf,2,1409,164.01
cdf_db,ebpf,2,1410,195.04
cdf_db,ebpf,2,1411,158.15
cdf_db,ebpf,2,1412,204.12
cdf_db,ebpf,2,1413,152.59
cdf_db,ebpf,2,1414,152.59
cdf_db,ebpf,2,1415,151.19
cdf_db,ebpf,2,1416,151.3
cdf_db,ebpf,2,1417,148.34
cdf_db,ebpf,2,1418,241.87
cdf_db,ebpf,2,1419,151.18
cdf_db,ebpf,2,1420,148.04
cdf_db,ebpf,2,1421,161.0
cdf_db,ebpf,2,1422,149.41
cdf_db,ebpf,2,1423,148.85
cdf_db,ebpf,2,1424,263.85
cdf_db,ebpf,2,1425,152.01
cdf_db,ebpf,2,1426,147.63
cdf_db,ebpf,2,1427,155.5
cdf_db,ebpf,2,1428,187.34
cdf_db,ebpf,2,1429,148.96
cdf_db,ebpf,2,1430,211.77
cdf_db,ebpf,2,1431,151.32
cdf_db,ebpf,2,1432,198.8
cdf_db,ebpf,2,1433,153.34
cdf_db,ebpf,2,1434,149.28
cdf_db,ebpf,2,1435,203.851
cdf_db,ebpf,2,1436,233.46
cdf_db,ebpf,2,1437,222.851
cdf_db,ebpf,2,1438,155.27
cdf_db,ebpf,2,1439,153.07
cdf_db,ebpf,2,1440,150.82
cdf_db,ebpf,2,1441,202.08
cdf_db,ebpf,2,1442,149.42
cdf_db,ebpf,2,1443,150.27
cdf_db,ebpf,2,1444,149.97
cdf_db,ebpf,2,1445,147.41
cdf_db,ebpf,2,1446,150.18
cdf_db,ebpf,2,1447,226.77
cdf_db,ebpf,2,1448,147.87
cdf_db,ebpf,2,1449,147.85
cdf_db,ebpf,2,1450,154.28
cdf_db,ebpf,2,1451,151.53
cdf_db,ebpf,2,1452,153.97
cdf_db,ebpf,2,1453,158.99
cdf_db,ebpf,2,1454,193.36
cdf_db,ebpf,2,1455,148.21
cdf_db,ebpf,2,1456,151.96
cdf_db,ebpf,2,1457,152.77
cdf_db,ebpf,2,1458,147.46
cdf_db,ebpf,2,1459,155.78
cdf_db,ebpf,2,1460,196.231
cdf_db,ebpf,2,1461,182.98
cdf_db,ebpf,2,1462,148.671
cdf_db,ebpf,2,1463,151.06
cdf_db,ebpf,2,1464,152.011
cdf_db,ebpf,2,1465,154.391
cdf_db,ebpf,2,1466,199.83
cdf_db,ebpf,2,1467,148.75
cdf_db,ebpf,2,1468,150.26
cdf_db,ebpf,2,1469,149.51
cdf_db,ebpf,2,1470,148.84
cdf_db,ebpf,2,1471,149.18
cdf_db,ebpf,2,1472,201.63
cdf_db,ebpf,2,1473,150.26
cdf_db,ebpf,2,1474,151.54
cdf_db,ebpf,2,1475,151.11
cdf_db,ebpf,2,1476,148.71
cdf_db,ebpf,2,1477,149.41
cdf_db,ebpf,2,1478,199.24
cdf_db,ebpf,2,1479,148.92
cdf_db,ebpf,2,1480,197.21
cdf_db,ebpf,2,1481,152.53
cdf_db,ebpf,2,1482,149.04
cdf_db,ebpf,2,1483,149.73
cdf_db,ebpf,2,1484,200.81
cdf_db,ebpf,2,1485,150.63
cdf_db,ebpf,2,1486,148.57
cdf_db,ebpf,2,1487,151.29
cdf_db,ebpf,2,1488,149.34
cdf_db,ebpf,2,1489,149.24
cdf_db,ebpf,2,1490,165.11
cdf_db,ebpf,2,1491,194.24
cdf_db,ebpf,2,1492,152.47
cdf_db,ebpf,2,1493,150.851
cdf_db,ebpf,2,1494,160.34
cdf_db,ebpf,2,1495,150.211
cdf_db,ebpf,2,1496,152.001
cdf_db,ebpf,2,1497,221.71
cdf_db,ebpf,2,1498,147.72
cdf_db,ebpf,2,1499,151.29
cdf_db,ebpf,2,1500,150.39
cdf_db,ebpf,2,1501,150.63
cdf_db,ebpf,2,1502,150.19
cdf_db,ebpf,2,1503,199.41
cdf_db,ebpf,2,1504,152.36
cdf_db,ebpf,2,1505,150.12
cdf_db,ebpf,2,1506,192.89
cdf_db,ebpf,2,1507,149.88
cdf_db,ebpf,2,1508,149.4
cdf_db,ebpf,2,1509,204.68
cdf_db,ebpf,2,1510,148.51
cdf_db,ebpf,2,1511,150.77
cdf_db,ebpf,2,1512,147.59
cdf_db,ebpf,2,1513,149.48
cdf_db,ebpf,2,1514,150.55
cdf_db,ebpf,2,1515,200.23
cdf_db,ebpf,2,1516,147.91
cdf_db,ebpf,2,1517,147.58
cdf_db,ebpf,2,1518,151.42
cdf_db,ebpf,2,1519,151.32
cdf_db,ebpf,2,1520,151.48
cdf_db,ebpf,2,1521,158.05
cdf_db,ebpf,2,1522,192.661
cdf_db,ebpf,2,1523,153.531
cdf_db,ebpf,2,1524,151.3
cdf_db,ebpf,2,1525,148.491
cdf_db,ebpf,2,1526,149.47
cdf_db,ebpf,2,1527,154.38
cdf_db,ebpf,2,1528,197.79
cdf_db,ebpf,2,1529,151.83
cdf_db,ebpf,2,1530,147.57
cdf_db,ebpf,2,1531,150.28
cdf_db,ebpf,2,1532,149.98
cdf_db,ebpf,2,1533,187.78
cdf_db,ebpf,2,1534,202.13
cdf_db,ebpf,2,1535,148.11
cdf_db,ebpf,2,1536,151.01
cdf_db,ebpf,2,1537,148.9
cdf_db,ebpf,2,1538,151.38
cdf_db,ebpf,2,1539,152.69
cdf_db,ebpf,2,1540,206.08
cdf_db,ebpf,2,1541,150.77
cdf_db,ebpf,2,1542,149.65
cdf_db,ebpf,2,1543,147.59
cdf_db,ebpf,2,1544,149.79
cdf_db,ebpf,2,1545,150.27
cdf_db,ebpf,2,1546,155.04
cdf_db,ebpf,2,1547,197.45
cdf_db,ebpf,2,1548,153.77
cdf_db,ebpf,2,1549,148.77
cdf_db,ebpf,2,1550,153.29
cdf_db,ebpf,2,1551,153.07
cdf_db,ebpf,2,1552,154.83
cdf_db,ebpf,2,1553,213.39
cdf_db,ebpf,2,1554,190.849
cdf_db,ebpf,2,1555,149.09
cdf_db,ebpf,2,1556,152.98
cdf_db,ebpf,2,1557,149.18
cdf_db,ebpf,2,1558,153.88
cdf_db,ebpf,2,1559,199.39
cdf_db,ebpf,2,1560,157.98
cdf_db,ebpf,2,1561,155.64
cdf_db,ebpf,2,1562,148.62
cdf_db,ebpf,2,1563,152.28
cdf_db,ebpf,2,1564,161.81
cdf_db,ebpf,2,1565,205.81
cdf_db,ebpf,2,1566,150.39
cdf_db,ebpf,2,1567,164.75
cdf_db,ebpf,2,1568,149.35
cdf_db,ebpf,2,1569,147.93
cdf_db,ebpf,2,1570,198.42
cdf_db,ebpf,2,1571,219.48
cdf_db,ebpf,2,1572,150.44
cdf_db,ebpf,2,1573,154.2
cdf_db,ebpf,2,1574,152.9
cdf_db,ebpf,2,1575,153.63
cdf_db,ebpf,2,1576,165.62
cdf_db,ebpf,2,1577,196.65
cdf_db,ebpf,2,1578,146.53
cdf_db,ebpf,2,1579,152.36
cdf_db,ebpf,2,1580,149.14
cdf_db,ebpf,2,1581,185.48
cdf_db,ebpf,2,1582,154.84
cdf_db,ebpf,2,1583,197.18
cdf_db,ebpf,2,1584,149.771
cdf_db,ebpf,2,1585,152.511
cdf_db,ebpf,2,1586,150.851
cdf_db,ebpf,2,1587,147.951
cdf_db,ebpf,2,1588,148.82
cdf_db,ebpf,2,1589,204.88
cdf_db,ebpf,2,1590,180.45
cdf_db,ebpf,2,1591,147.52
cdf_db,ebpf,2,1592,152.17
cdf_db,ebpf,2,1593,151.05
cdf_db,ebpf,2,1594,147.75
cdf_db,ebpf,2,1595,203.78
cdf_db,ebpf,2,1596,148.86
cdf_db,ebpf,2,1597,187.81
cdf_db,ebpf,2,1598,149.48
cdf_db,ebpf,2,1599,148.28
cdf_db,ebpf,2,1600,148.27
cdf_db,ebpf,2,1601,202.4
cdf_db,ebpf,2,1602,190.44
cdf_db,ebpf,2,1603,150.09
cdf_db,ebpf,2,1604,162.21
cdf_db,ebpf,2,1605,186.25
cdf_db,ebpf,2,1606,153.95
cdf_db,ebpf,2,1607,203.26
cdf_db,ebpf,2,1608,189.63
cdf_db,ebpf,2,1609,150.16
cdf_db,ebpf,2,1610,192.091
cdf_db,ebpf,2,1611,196.269
cdf_db,ebpf,2,1612,291.84
cdf_db,ebpf,2,1613,154.38
cdf_db,ebpf,2,1614,152.3
cdf_db,ebpf,2,1615,155.46
cdf_db,ebpf,2,1616,151.17
cdf_db,ebpf,2,1617,156.94
cdf_db,ebpf,2,1618,204.76
cdf_db,ebpf,2,1619,151.21
cdf_db,ebpf,2,1620,152.57
cdf_db,ebpf,2,1621,148.65
cdf_db,ebpf,2,1622,149.9
cdf_db,ebpf,2,1623,154.5
cdf_db,ebpf,2,1624,213.61
cdf_db,ebpf,2,1625,156.99
cdf_db,ebpf,2,1626,153.28
cdf_db,ebpf,2,1627,153.38
cdf_db,ebpf,2,1628,146.54
cdf_db,ebpf,2,1629,151.5
cdf_db,ebpf,2,1630,208.55
cdf_db,ebpf,2,1631,147.95
cdf_db,ebpf,2,1632,177.13
cdf_db,ebpf,2,1633,150.95
cdf_db,ebpf,2,1634,148.68
cdf_db,ebpf,2,1635,153.35
cdf_db,ebpf,2,1636,240.74
cdf_db,ebpf,2,1637,151.65
cdf_db,ebpf,2,1638,153.62
cdf_db,ebpf,2,1639,152.79
cdf_db,ebpf,2,1640,164.7
cdf_db,ebpf,2,1641,146.82
cdf_db,ebpf,2,1642,221.1
cdf_db,ebpf,2,1643,153.69
cdf_db,ebpf,2,1644,149.58
cdf_db,ebpf,2,1645,148.4
cdf_db,ebpf,2,1646,152.62
cdf_db,ebpf,2,1647,146.37
cdf_db,ebpf,2,1648,202.41
cdf_db,ebpf,2,1649,152.31
cdf_db,ebpf,2,1650,148.63
cdf_db,ebpf,2,1651,149.81
cdf_db,ebpf,2,1652,150.46
cdf_db,ebpf,2,1653,147.57
cdf_db,ebpf,2,1654,155.11
cdf_db,ebpf,2,1655,197.16
cdf_db,ebpf,2,1656,148.95
cdf_db,ebpf,2,1657,148.9
cdf_db,ebpf,2,1658,149.21
cdf_db,ebpf,2,1659,148.55
cdf_db,ebpf,2,1660,151.35
cdf_db,ebpf,2,1661,204.64
cdf_db,ebpf,2,1662,152.32
cdf_db,ebpf,2,1663,149.98
cdf_db,ebpf,2,1664,147.78
cdf_db,ebpf,2,1665,148.19
cdf_db,ebpf,2,1666,147.27
cdf_db,ebpf,2,1667,207.04
cdf_db,ebpf,2,1668,148.95
cdf_db,ebpf,2,1669,149.771
cdf_db,ebpf,2,1670,155.32
cdf_db,ebpf,2,1671,195.04
cdf_db,ebpf,2,1672,150.3
cdf_db,ebpf,2,1673,207.43
cdf_db,ebpf,2,1674,155.87
cdf_db,ebpf,2,1675,151.92
cdf_db,ebpf,2,1676,154.24
cdf_db,ebpf,2,1677,152.03
cdf_db,ebpf,2,1678,155.86
cdf_db,ebpf,2,1679,215.41
cdf_db,ebpf,2,1680,153.19
cdf_db,ebpf,2,1681,149.56
cdf_db,ebpf,2,1682,150.42
cdf_db,ebpf,2,1683,149.87
cdf_db,ebpf,2,1684,151.58
cdf_db,ebpf,2,1685,150.5
cdf_db,ebpf,2,1686,202.22
cdf_db,ebpf,2,1687,152.02
cdf_db,ebpf,2,1688,155.45
cdf_db,ebpf,2,1689,153.5
cdf_db,ebpf,2,1690,150.37
cdf_db,ebpf,2,1691,154.44
cdf_db,ebpf,2,1692,200.72
cdf_db,ebpf,2,1693,151.62
cdf_db,ebpf,2,1694,154.51
cdf_db,ebpf,2,1695,148.3
cdf_db,ebpf,2,1696,147.54
cdf_db,ebpf,2,1697,146.25
cdf_db,ebpf,2,1698,207.65
cdf_db,ebpf,2,1699,190.791
cdf_db,ebpf,2,1700,148.231
cdf_db,ebpf,2,1701,151.99
cdf_db,ebpf,2,1702,151.73
cdf_db,ebpf,2,1703,147.03
cdf_db,ebpf,2,1704,201.77
cdf_db,ebpf,2,1705,148.9
cdf_db,ebpf,2,1706,148.33
cdf_db,ebpf,2,1707,150.18
cdf_db,ebpf,2,1708,150.51
cdf_db,ebpf,2,1709,148.42
cdf_db,ebpf,2,1710,198.47
cdf_db,ebpf,2,1711,148.16
cdf_db,ebpf,2,1712,148.39
cdf_db,ebpf,2,1713,165.52
cdf_db,ebpf,2,1714,153.6
cdf_db,ebpf,2,1715,147.34
cdf_db,ebpf,2,1716,154.12
cdf_db,ebpf,2,1717,210.49
cdf_db,ebpf,2,1718,146.26
cdf_db,ebpf,2,1719,150.13
cdf_db,ebpf,2,1720,152.56
cdf_db,ebpf,2,1721,189.84
cdf_db,ebpf,2,1722,152.72
cdf_db,ebpf,2,1723,191.62
cdf_db,ebpf,2,1724,405.53
cdf_db,ebpf,2,1725,178.51
cdf_db,ebpf,2,1726,152.281
cdf_db,ebpf,2,1727,214.42
cdf_db,ebpf,2,1728,155.529
cdf_db,ebpf,2,1729,153.831
cdf_db,ebpf,2,1730,156.94
cdf_db,ebpf,2,1731,153.82
cdf_db,ebpf,2,1732,150.991
cdf_db,ebpf,2,1733,203.27
cdf_db,ebpf,2,1734,151.25
cdf_db,ebpf,2,1735,148.95
cdf_db,ebpf,2,1736,148.88
cdf_db,ebpf,2,1737,152.42
cdf_db,ebpf,2,1738,192.35
cdf_db,ebpf,2,1739,207.35
cdf_db,ebpf,2,1740,153.13
cdf_db,ebpf,2,1741,150.31
cdf_db,ebpf,2,1742,151.36
cdf_db,ebpf,2,1743,149.88
cdf_db,ebpf,2,1744,158.27
cdf_db,ebpf,2,1745,201.46
cdf_db,ebpf,2,1746,151.25
cdf_db,ebpf,2,1747,152.07
cdf_db,ebpf,2,1748,875.41
cdf_db,ebpf,2,1749,426.301
cdf_db,ebpf,2,1750,191.491
cdf_db,ebpf,2,1751,267.289
cdf_db,ebpf,2,1752,211.18
cdf_db,ebpf,2,1753,177.98
cdf_db,ebpf,2,1754,167.861
cdf_db,ebpf,2,1755,168.85
cdf_db,ebpf,2,1756,214.8
cdf_db,ebpf,2,1757,163.37
cdf_db,ebpf,2,1758,218.91
cdf_db,ebpf,2,1759,161.28
cdf_db,ebpf,2,1760,158.69
cdf_db,ebpf,2,1761,169.09
cdf_db,ebpf,2,1762,203.06
cdf_db,ebpf,2,1763,152.92
cdf_db,ebpf,2,1764,156.86
cdf_db,ebpf,2,1765,200.68
cdf_db,ebpf,2,1766,154.07
cdf_db,ebpf,2,1767,164.53
cdf_db,ebpf,2,1768,201.06
cdf_db,ebpf,2,1769,155.45
cdf_db,ebpf,2,1770,159.83
cdf_db,ebpf,2,1771,208.37
cdf_db,ebpf,2,1772,151.77
cdf_db,ebpf,2,1773,292.22
cdf_db,ebpf,2,1774,198.38
cdf_db,ebpf,2,1775,154.51
cdf_db,ebpf,2,1776,205.361
cdf_db,ebpf,2,1777,162.12
cdf_db,ebpf,2,1778,219.991
cdf_db,ebpf,2,1779,209.091
cdf_db,ebpf,2,1780,203.15
cdf_db,ebpf,2,1781,240.44
cdf_db,ebpf,2,1782,161.17
cdf_db,ebpf,2,1783,208.65
cdf_db,ebpf,2,1784,157.36
cdf_db,ebpf,2,1785,174.65
cdf_db,ebpf,2,1786,152.63
cdf_db,ebpf,2,1787,154.28
cdf_db,ebpf,2,1788,160.4
cdf_db,ebpf,2,1789,217.03
cdf_db,ebpf,2,1790,155.75
cdf_db,ebpf,2,1791,154.48
cdf_db,ebpf,2,1792,153.62
cdf_db,ebpf,2,1793,157.16
cdf_db,ebpf,2,1794,158.74
cdf_db,ebpf,2,1795,202.88
cdf_db,ebpf,2,1796,157.35
cdf_db,ebpf,2,1797,153.18
cdf_db,ebpf,2,1798,156.74
cdf_db,ebpf,2,1799,156.51
cdf_db,ebpf,2,1800,158.33
cdf_db,ebpf,2,1801,201.78
cdf_db,ebpf,2,1802,157.28
cdf_db,ebpf,2,1803,150.89
cdf_db,ebpf,2,1804,152.931
cdf_db,ebpf,2,1805,156.129
cdf_db,ebpf,2,1806,152.731
cdf_db,ebpf,2,1807,207.63
cdf_db,ebpf,2,1808,155.24
cdf_db,ebpf,2,1809,151.39
cdf_db,ebpf,2,1810,156.44
cdf_db,ebpf,2,1811,153.64
cdf_db,ebpf,2,1812,148.44
cdf_db,ebpf,2,1813,207.81
cdf_db,ebpf,2,1814,157.3
cdf_db,ebpf,2,1815,151.1
cdf_db,ebpf,2,1816,163.47
cdf_db,ebpf,2,1817,182.23
cdf_db,ebpf,2,1818,152.46
cdf_db,ebpf,2,1819,210.02
cdf_db,ebpf,2,1820,157.82
cdf_db,ebpf,2,1821,150.92
cdf_db,ebpf,2,1822,159.34
cdf_db,ebpf,2,1823,153.43
cdf_db,ebpf,2,1824,150.58
cdf_db,ebpf,2,1825,204.93
cdf_db,ebpf,2,1826,152.78
cdf_db,ebpf,2,1827,150.72
cdf_db,ebpf,2,1828,155.76
cdf_db,ebpf,2,1829,192.28
cdf_db,ebpf,2,1830,151.0
cdf_db,ebpf,2,1831,204.91
cdf_db,ebpf,2,1832,155.21
cdf_db,ebpf,2,1833,155.22
cdf_db,ebpf,2,1834,150.95
cdf_db,ebpf,2,1835,152.041
cdf_db,ebpf,2,1836,152.409
cdf_db,ebpf,2,1837,203.831
cdf_db,ebpf,2,1838,154.08
cdf_db,ebpf,2,1839,149.981
cdf_db,ebpf,2,1840,149.37
cdf_db,ebpf,2,1841,151.79
cdf_db,ebpf,2,1842,150.53
cdf_db,ebpf,2,1843,169.9
cdf_db,ebpf,2,1844,202.09
cdf_db,ebpf,2,1845,153.97
cdf_db,ebpf,2,1846,158.64
cdf_db,ebpf,2,1847,154.46
cdf_db,ebpf,2,1848,151.66
cdf_db,ebpf,2,1849,159.95
cdf_db,ebpf,2,1850,193.04
cdf_db,ebpf,2,1851,150.3
cdf_db,ebpf,2,1852,156.04
cdf_db,ebpf,2,1853,152.66
cdf_db,ebpf,2,1854,151.76
cdf_db,ebpf,2,1855,159.02
cdf_db,ebpf,2,1856,196.65
cdf_db,ebpf,2,1857,147.28
cdf_db,ebpf,2,1858,163.47
cdf_db,ebpf,2,1859,152.99
cdf_db,ebpf,2,1860,194.94
cdf_db,ebpf,2,1861,154.07
cdf_db,ebpf,2,1862,215.171
cdf_db,ebpf,2,1863,153.46
cdf_db,ebpf,2,1864,149.851
cdf_db,ebpf,2,1865,152.86
cdf_db,ebpf,2,1866,146.04
cdf_db,ebpf,2,1867,155.549
cdf_db,ebpf,2,1868,198.0
cdf_db,ebpf,2,1869,148.3
cdf_db,ebpf,2,1870,153.39
cdf_db,ebpf,2,1871,154.04
cdf_db,ebpf,2,1872,148.81
cdf_db,ebpf,2,1873,149.17
cdf_db,ebpf,2,1874,202.71
cdf_db,ebpf,2,1875,152.75
cdf_db,ebpf,2,1876,151.08
cdf_db,ebpf,2,1877,153.38
cdf_db,ebpf,2,1878,148.3
cdf_db,ebpf,2,1879,156.58
cdf_db,ebpf,2,1880,203.66
cdf_db,ebpf,2,1881,147.94
cdf_db,ebpf,2,1882,148.49
cdf_db,ebpf,2,1883,199.73
cdf_db,ebpf,2,1884,149.59
cdf_db,ebpf,2,1885,151.34
cdf_db,ebpf,2,1886,222.62
cdf_db,ebpf,2,1887,153.15
cdf_db,ebpf,2,1888,153.34
cdf_db,ebpf,2,1889,154.14
cdf_db,ebpf,2,1890,146.81
cdf_db,ebpf,2,1891,158.52
cdf_db,ebpf,2,1892,206.76
cdf_db,ebpf,2,1893,149.26
cdf_db,ebpf,2,1894,163.92
cdf_db,ebpf,2,1895,153.189
cdf_db,ebpf,2,1896,152.751
cdf_db,ebpf,2,1897,152.171
cdf_db,ebpf,2,1898,204.41
cdf_db,ebpf,2,1899,189.75
cdf_db,ebpf,2,1900,162.67
cdf_db,ebpf,2,1901,151.78
cdf_db,ebpf,2,1902,153.54
cdf_db,ebpf,2,1903,152.11
cdf_db,ebpf,2,1904,209.72
cdf_db,ebpf,2,1905,160.63
cdf_db,ebpf,2,1906,163.66
cdf_db,ebpf,2,1907,155.96
cdf_db,ebpf,2,1908,159.1
cdf_db,ebpf,2,1909,160.94
cdf_db,ebpf,2,1910,203.4
cdf_db,ebpf,2,1911,151.75
cdf_db,ebpf,2,1912,194.65
cdf_db,ebpf,2,1913,150.83
cdf_db,ebpf,2,1914,148.4
cdf_db,ebpf,2,1915,159.35
cdf_db,ebpf,2,1916,204.76
cdf_db,ebpf,2,1917,150.99
cdf_db,ebpf,2,1918,148.33
cdf_db,ebpf,2,1919,153.64
cdf_db,ebpf,2,1920,152.391
cdf_db,ebpf,2,1921,194.711
cdf_db,ebpf,2,1922,204.0
cdf_db,ebpf,2,1923,152.12
cdf_db,ebpf,2,1924,154.98
cdf_db,ebpf,2,1925,156.44
cdf_db,ebpf,2,1926,152.38
cdf_db,ebpf,2,1927,152.1
cdf_db,ebpf,2,1928,248.05
cdf_db,ebpf,2,1929,152.81
cdf_db,ebpf,2,1930,154.76
cdf_db,ebpf,2,1931,162.4
cdf_db,ebpf,2,1932,148.7
cdf_db,ebpf,2,1933,157.91
cdf_db,ebpf,2,1934,263.07
cdf_db,ebpf,2,1935,154.23
cdf_db,ebpf,2,1936,156.14
cdf_db,ebpf,2,1937,154.57
cdf_db,ebpf,2,1938,191.41
cdf_db,ebpf,2,1939,155.52
cdf_db,ebpf,2,1940,194.87
cdf_db,ebpf,2,1941,188.12
cdf_db,ebpf,2,1942,153.12
cdf_db,ebpf,2,1943,191.66
cdf_db,ebpf,2,1944,193.18
cdf_db,ebpf,2,1945,283.45
cdf_db,ebpf,2,1946,155.75
cdf_db,ebpf,2,1947,154.22
cdf_db,ebpf,2,1948,153.711
cdf_db,ebpf,2,1949,149.649
cdf_db,ebpf,2,1950,154.031
cdf_db,ebpf,2,1951,200.831
cdf_db,ebpf,2,1952,151.19
cdf_db,ebpf,2,1953,149.99
cdf_db,ebpf,2,1954,151.77
cdf_db,ebpf,2,1955,151.68
cdf_db,ebpf,2,1956,154.89
cdf_db,ebpf,2,1957,202.33
cdf_db,ebpf,2,1958,152.02
cdf_db,ebpf,2,1959,150.86
cdf_db,ebpf,2,1960,154.18
cdf_db,ebpf,2,1961,150.03
cdf_db,ebpf,2,1962,148.88
cdf_db,ebpf,2,1963,207.72
cdf_db,ebpf,2,1964,149.76
cdf_db,ebpf,2,1965,147.11
cdf_db,ebpf,2,1966,154.77
cdf_db,ebpf,2,1967,152.5
cdf_db,ebpf,2,1968,149.4
cdf_db,ebpf,2,1969,201.86
cdf_db,ebpf,2,1970,153.36
cdf_db,ebpf,2,1971,153.62
cdf_db,ebpf,2,1972,154.4
cdf_db,ebpf,2,1973,151.74
cdf_db,ebpf,2,1974,150.49
cdf_db,ebpf,2,1975,154.58
cdf_db,ebpf,2,1976,193.99
cdf_db,ebpf,2,1977,148.54
cdf_db,ebpf,2,1978,153.19
cdf_db,ebpf,2,1979,152.97
cdf_db,ebpf,2,1980,150.18
cdf_db,ebpf,2,1981,161.85
cdf_db,ebpf,2,1982,198.311
cdf_db,ebpf,2,1983,148.36
cdf_db,ebpf,2,1984,155.56
cdf_db,ebpf,2,1985,150.98
cdf_db,ebpf,2,1986,152.46
cdf_db,ebpf,2,1987,152.83
cdf_db,ebpf,2,1988,200.93
cdf_db,ebpf,2,1989,150.33
cdf_db,ebpf,2,1990,153.83
cdf_db,ebpf,2,1991,153.05
cdf_db,ebpf,2,1992,157.74
cdf_db,ebpf,2,1993,194.75
cdf_db,ebpf,2,1994,208.01
cdf_db,ebpf,2,1995,150.34
cdf_db,ebpf,2,1996,151.87
cdf_db,ebpf,2,1997,157.74
cdf_db,ebpf,2,1998,150.85
cdf_db,ebpf,2,1999,155.0
cdf_db,ebpf,2,2000,212.21
cdf_db,ebpf,2,2001,152.07
cdf_db,ebpf,2,2002,177.5
cdf_db,ebpf,2,2003,152.04
cdf_db,ebpf,2,2004,166.4
cdf_db,ebpf,2,2005,156.45
cdf_db,ebpf,2,2006,219.72
cdf_db,ebpf,2,2007,159.51
cdf_db,ebpf,2,2008,154.47
cdf_db,ebpf,2,2009,153.361
cdf_db,ebpf,2,2010,148.289
cdf_db,ebpf,2,2011,151.34
cdf_db,ebpf,2,2012,203.231
cdf_db,ebpf,2,2013,151.28
cdf_db,ebpf,2,2014,151.79
cdf_db,ebpf,2,2015,151.34
cdf_db,ebpf,2,2016,153.58
cdf_db,ebpf,2,2017,149.78
cdf_db,ebpf,2,2018,206.17
cdf_db,ebpf,2,2019,152.58
cdf_db,ebpf,2,2020,160.82
cdf_db,ebpf,2,2021,154.64
cdf_db,ebpf,2,2022,152.48
cdf_db,ebpf,2,2023,201.09
cdf_db,ebpf,2,2024,207.59
cdf_db,ebpf,2,2025,150.85
cdf_db,ebpf,2,2026,155.43
cdf_db,ebpf,2,2027,150.87
cdf_db,ebpf,2,2028,150.06
cdf_db,ebpf,2,2029,151.89
cdf_db,ebpf,2,2030,204.17
cdf_db,ebpf,2,2031,160.13
cdf_db,ebpf,2,2032,159.57
cdf_db,ebpf,2,2033,158.27
cdf_db,ebpf,2,2034,154.21
cdf_db,ebpf,2,2035,154.87
cdf_db,ebpf,2,2036,206.561
cdf_db,ebpf,2,2037,149.9
cdf_db,ebpf,2,2038,152.511
cdf_db,ebpf,2,2039,161.409
cdf_db,ebpf,2,2040,154.331
cdf_db,ebpf,2,2041,152.94
cdf_db,ebpf,2,2042,206.501
cdf_db,ebpf,2,2043,157.2
cdf_db,ebpf,2,2044,156.21
cdf_db,ebpf,2,2045,152.93
cdf_db,ebpf,2,2046,198.59
cdf_db,ebpf,2,2047,155.35
cdf_db,ebpf,2,2048,219.81
cdf_db,ebpf,2,2049,153.86
cdf_db,ebpf,2,2050,151.18
cdf_db,ebpf,2,2051,156.04
cdf_db,ebpf,2,2052,153.13
cdf_db,ebpf,2,2053,150.86
cdf_db,ebpf,2,2054,207.99
cdf_db,ebpf,2,2055,154.8
cdf_db,ebpf,2,2056,158.01
cdf_db,ebpf,2,2057,153.26
cdf_db,ebpf,2,2058,150.33
cdf_db,ebpf,2,2059,154.36
cdf_db,ebpf,2,2060,206.04
cdf_db,ebpf,2,2061,150.17
cdf_db,ebpf,2,2062,150.81
cdf_db,ebpf,2,2063,191.22
cdf_db,ebpf,2,2064,149.33
cdf_db,ebpf,2,2065,151.52
cdf_db,ebpf,2,2066,204.88
cdf_db,ebpf,2,2067,149.251
cdf_db,ebpf,2,2068,154.691
cdf_db,ebpf,2,2069,150.1
cdf_db,ebpf,2,2070,147.071
cdf_db,ebpf,2,2071,151.821
cdf_db,ebpf,2,2072,161.05
cdf_db,ebpf,2,2073,196.57
cdf_db,ebpf,2,2074,152.18
cdf_db,ebpf,2,2075,154.15
cdf_db,ebpf,2,2076,193.34
cdf_db,ebpf,2,2077,167.34
cdf_db,ebpf,2,2078,159.78
cdf_db,ebpf,2,2079,211.69
cdf_db,ebpf,2,2080,157.06
cdf_db,ebpf,2,2081,148.9
cdf_db,ebpf,2,2082,153.47
cdf_db,ebpf,2,2083,152.6
cdf_db,ebpf,2,2084,168.56
cdf_db,ebpf,2,2085,235.47
cdf_db,ebpf,2,2086,151.04
cdf_db,ebpf,2,2087,153.99
cdf_db,ebpf,2,2088,155.48
cdf_db,ebpf,2,2089,154.25
cdf_db,ebpf,2,2090,210.35
cdf_db,ebpf,2,2091,152.05
cdf_db,ebpf,2,2092,189.25
cdf_db,ebpf,2,2093,149.52
cdf_db,ebpf,2,2094,149.641
cdf_db,ebpf,2,2095,153.009
cdf_db,ebpf,2,2096,203.989
cdf_db,ebpf,2,2097,150.9
cdf_db,ebpf,2,2098,189.271
cdf_db,ebpf,2,2099,147.88
cdf_db,ebpf,2,2100,150.61
cdf_db,ebpf,2,2101,152.63
cdf_db,ebpf,2,2102,243.34
cdf_db,ebpf,2,2103,151.4
cdf_db,ebpf,2,2104,156.75
cdf_db,ebpf,2,2105,197.34
cdf_db,ebpf,2,2106,149.72
cdf_db,ebpf,2,2107,197.29
cdf_db,ebpf,2,2108,208.54
cdf_db,ebpf,2,2109,192.74
cdf_db,ebpf,2,2110,155.6
cdf_db,ebpf,2,2111,156.07
cdf_db,ebpf,2,2112,156.37
cdf_db,ebpf,2,2113,155.0
cdf_db,ebpf,2,2114,200.91
cdf_db,ebpf,2,2115,152.67
cdf_db,ebpf,2,2116,152.25
cdf_db,ebpf,2,2117,151.53
cdf_db,ebpf,2,2118,156.62
cdf_db,ebpf,2,2119,160.95
cdf_db,ebpf,2,2120,198.76
cdf_db,ebpf,2,2121,151.61
cdf_db,ebpf,2,2122,154.07
cdf_db,ebpf,2,2123,151.88
cdf_db,ebpf,2,2124,147.51
cdf_db,ebpf,2,2125,151.63
cdf_db,ebpf,2,2126,203.74
cdf_db,ebpf,2,2127,150.349
cdf_db,ebpf,2,2128,151.669
cdf_db,ebpf,2,2129,149.711
cdf_db,ebpf,2,2130,148.16
cdf_db,ebpf,2,2131,153.93
cdf_db,ebpf,2,2132,204.65
cdf_db,ebpf,2,2133,196.38
cdf_db,ebpf,2,2134,152.12
cdf_db,ebpf,2,2135,153.23
cdf_db,ebpf,2,2136,153.52
cdf_db,ebpf,2,2137,147.82
cdf_db,ebpf,2,2138,202.58
cdf_db,ebpf,2,2139,148.89
cdf_db,ebpf,2,2140,150.36
cdf_db,ebpf,2,2141,152.5
cdf_db,ebpf,2,2142,154.36
cdf_db,ebpf,2,2143,148.59
cdf_db,ebpf,2,2144,205.57
cdf_db,ebpf,2,2145,146.79
cdf_db,ebpf,2,2146,148.7
cdf_db,ebpf,2,2147,149.44
cdf_db,ebpf,2,2148,150.65
cdf_db,ebpf,2,2149,148.91
cdf_db,ebpf,2,2150,172.63
cdf_db,ebpf,2,2151,263.82
cdf_db,ebpf,2,2152,154.13
cdf_db,ebpf,2,2153,161.33
cdf_db,ebpf,2,2154,151.78
cdf_db,ebpf,2,2155,152.831
cdf_db,ebpf,2,2156,325.88
cdf_db,ebpf,2,2157,150.851
cdf_db,ebpf,2,2158,150.87
cdf_db,ebpf,2,2159,151.57
cdf_db,ebpf,2,2160,148.35
cdf_db,ebpf,2,2161,160.39
cdf_db,ebpf,2,2162,199.81
cdf_db,ebpf,2,2163,149.42
cdf_db,ebpf,2,2164,155.17
cdf_db,ebpf,2,2165,549.27
cdf_db,ebpf,2,2166,225.47
cdf_db,ebpf,2,2167,151.96
cdf_db,ebpf,2,2168,163.93
cdf_db,ebpf,2,2169,156.45
cdf_db,ebpf,2,2170,155.54
cdf_db,ebpf,2,2171,218.5
cdf_db,ebpf,2,2172,156.3
cdf_db,ebpf,2,2173,157.56
cdf_db,ebpf,2,2174,191.98
cdf_db,ebpf,2,2175,151.45
cdf_db,ebpf,2,2176,152.3
cdf_db,ebpf,2,2177,207.8
cdf_db,ebpf,2,2178,155.58
cdf_db,ebpf,2,2179,160.441
cdf_db,ebpf,2,2180,155.06
cdf_db,ebpf,2,2181,150.951
cdf_db,ebpf,2,2182,199.649
cdf_db,ebpf,2,2183,198.871
cdf_db,ebpf,2,2184,150.281
cdf_db,ebpf,2,2185,153.74
cdf_db,ebpf,2,2186,150.43
cdf_db,ebpf,2,2187,174.53
cdf_db,ebpf,2,2188,195.22
cdf_db,ebpf,2,2189,196.98
cdf_db,ebpf,2,2190,150.27
cdf_db,ebpf,2,2191,156.34
cdf_db,ebpf,2,2192,152.87
cdf_db,ebpf,2,2193,203.03
cdf_db,ebpf,2,2194,154.13
cdf_db,ebpf,2,2195,195.02
cdf_db,ebpf,2,2196,188.69
cdf_db,ebpf,2,2197,149.55
cdf_db,ebpf,2,2198,152.79
cdf_db,ebpf,2,2199,190.84
cdf_db,ebpf,2,2200,204.12
cdf_db,ebpf,2,2201,187.13
cdf_db,ebpf,2,2202,216.03
cdf_db,ebpf,2,2203,154.12
cdf_db,ebpf,2,2204,148.69
cdf_db,ebpf,2,2205,160.641
cdf_db,ebpf,2,2206,201.071
cdf_db,ebpf,2,2207,147.629
cdf_db,ebpf,2,2208,148.271
cdf_db,ebpf,2,2209,154.98
cdf_db,ebpf,2,2210,147.109
cdf_db,ebpf,2,2211,145.769
cdf_db,ebpf,2,2212,208.741
cdf_db,ebpf,2,2213,151.03
cdf_db,ebpf,2,2214,154.99
cdf_db,ebpf,2,2215,157.45
cdf_db,ebpf,2,2216,149.12
cdf_db,ebpf,2,2217,149.68
cdf_db,ebpf,2,2218,205.33
cdf_db,ebpf,2,2219,150.57
cdf_db,ebpf,2,2220,152.6
cdf_db,ebpf,2,2221,152.45
cdf_db,ebpf,2,2222,169.53
cdf_db,ebpf,2,2223,152.63
cdf_db,ebpf,2,2224,161.57
cdf_db,ebpf,2,2225,219.05
cdf_db,ebpf,2,2226,189.77
cdf_db,ebpf,2,2227,153.42
cdf_db,ebpf,2,2228,151.12
cdf_db,ebpf,2,2229,147.82
cdf_db,ebpf,2,2230,205.42
cdf_db,ebpf,2,2231,151.69
cdf_db,ebpf,2,2232,149.96
cdf_db,ebpf,2,2233,152.56
cdf_db,ebpf,2,2234,148.71
cdf_db,ebpf,2,2235,153.441
cdf_db,ebpf,2,2236,155.129
cdf_db,ebpf,2,2237,194.22
cdf_db,ebpf,2,2238,149.971
cdf_db,ebpf,2,2239,151.3
cdf_db,ebpf,2,2240,149.64
cdf_db,ebpf,2,2241,146.97
cdf_db,ebpf,2,2242,159.82
cdf_db,ebpf,2,2243,197.18
cdf_db,ebpf,2,2244,186.34
cdf_db,ebpf,2,2245,149.91
cdf_db,ebpf,2,2246,149.44
cdf_db,ebpf,2,2247,154.24
cdf_db,ebpf,2,2248,159.92
cdf_db,ebpf,2,2249,200.81
cdf_db,ebpf,2,2250,150.33
cdf_db,ebpf,2,2251,154.73
cdf_db,ebpf,2,2252,154.69
cdf_db,ebpf,2,2253,150.61
cdf_db,ebpf,2,2254,152.21
cdf_db,ebpf,2,2255,206.53
cdf_db,ebpf,2,2256,153.26
cdf_db,ebpf,2,2257,153.43
cdf_db,ebpf,2,2258,189.22
cdf_db,ebpf,2,2259,148.78
cdf_db,ebpf,2,2260,152.42
cdf_db,ebpf,2,2261,205.58
cdf_db,ebpf,2,2262,149.97
cdf_db,ebpf,2,2263,151.43
cdf_db,ebpf,2,2264,150.77
cdf_db,ebpf,2,2265,148.28
cdf_db,ebpf,2,2266,150.16
cdf_db,ebpf,2,2267,205.52
cdf_db,ebpf,2,2268,183.601
cdf_db,ebpf,2,2269,153.34
cdf_db,ebpf,2,2270,155.7
cdf_db,ebpf,2,2271,148.3
cdf_db,ebpf,2,2272,153.69
cdf_db,ebpf,2,2273,207.35
cdf_db,ebpf,2,2274,147.72
cdf_db,ebpf,2,2275,508.47
cdf_db,ebpf,2,2276,441.9
cdf_db,ebpf,2,2277,312.0
cdf_db,ebpf,2,2278,197.53
cdf_db,ebpf,2,2279,231.72
cdf_db,ebpf,2,2280,247.76
cdf_db,ebpf,2,2281,213.92
cdf_db,ebpf,2,2282,222.85
cdf_db,ebpf,2,2283,210.84
cdf_db,ebpf,2,2284,227.05
cdf_db,ebpf,2,2285,213.88
cdf_db,ebpf,2,2286,176.03
cdf_db,ebpf,2,2287,212.57
cdf_db,ebpf,2,2288,176.01
cdf_db,ebpf,2,2289,266.49
cdf_db,ebpf,2,2290,181.8
cdf_db,ebpf,2,2291,211.37
cdf_db,ebpf,2,2292,179.05
cdf_db,ebpf,2,2293,209.68
cdf_db,ebpf,2,2294,224.37
cdf_db,ebpf,2,2295,235.93
cdf_db,ebpf,2,2296,176.56
cdf_db,ebpf,2,2297,210.58
cdf_db,ebpf,2,2298,181.75
cdf_db,ebpf,2,2299,275.08
cdf_db,ebpf,2,2300,175.35
cdf_db,ebpf,2,2301,207.61
cdf_db,ebpf,2,2302,170.79
cdf_db,ebpf,2,2303,212.36
cdf_db,ebpf,2,2304,219.05
cdf_db,ebpf,2,2305,164.4
cdf_db,ebpf,2,2306,229.37
cdf_db,ebpf,2,2307,173.74
cdf_db,ebpf,2,2308,272.33
cdf_db,ebpf,2,2309,216.79
cdf_db,ebpf,2,2310,208.52
cdf_db,ebpf,2,2311,173.15
cdf_db,ebpf,2,2312,205.72
cdf_db,ebpf,2,2313,226.46
cdf_db,ebpf,2,2314,205.811
cdf_db,ebpf,2,2315,173.711
cdf_db,ebpf,2,2316,207.14
cdf_db,ebpf,2,2317,173.261
cdf_db,ebpf,2,2318,257.63
cdf_db,ebpf,2,2319,173.04
cdf_db,ebpf,2,2320,210.95
cdf_db,ebpf,2,2321,169.74
cdf_db,ebpf,2,2322,205.72
cdf_db,ebpf,2,2323,225.51
cdf_db,ebpf,2,2324,208.77
cdf_db,ebpf,2,2325,171.22
cdf_db,ebpf,2,2326,218.95
cdf_db,ebpf,2,2327,178.95
cdf_db,ebpf,2,2328,315.01
cdf_db,ebpf,2,2329,184.19
cdf_db,ebpf,2,2330,212.9
cdf_db,ebpf,2,2331,171.15
cdf_db,ebpf,2,2332,218.34
cdf_db,ebpf,2,2333,226.591
cdf_db,ebpf,2,2334,205.9
cdf_db,ebpf,2,2335,174.709
cdf_db,ebpf,2,2336,212.289
cdf_db,ebpf,2,2337,176.309
cdf_db,ebpf,2,2338,256.269
cdf_db,ebpf,2,2339,173.38
cdf_db,ebpf,2,2340,212.53
cdf_db,ebpf,2,2341,172.73
cdf_db,ebpf,2,2342,216.07
cdf_db,ebpf,2,2343,257.12
cdf_db,ebpf,2,2344,217.38
cdf_db,ebpf,2,2345,175.12
cdf_db,ebpf,2,2346,211.18
cdf_db,ebpf,2,2347,228.26
cdf_db,ebpf,2,2348,209.93
cdf_db,ebpf,2,2349,171.95
cdf_db,ebpf,2,2350,208.28
cdf_db,ebpf,2,2351,173.53
cdf_db,ebpf,2,2352,265.96
cdf_db,ebpf,2,2353,172.16
cdf_db,ebpf,2,2354,249.98
cdf_db,ebpf,2,2355,169.54
cdf_db,ebpf,2,2356,219.44
cdf_db,ebpf,2,2357,217.91
cdf_db,ebpf,2,2358,210.13
cdf_db,ebpf,2,2359,170.29
cdf_db,ebpf,2,2360,209.26
cdf_db,ebpf,2,2361,176.63
cdf_db,ebpf,2,2362,301.05
cdf_db,ebpf,2,2363,172.36
cdf_db,ebpf,2,2364,210.7
cdf_db,ebpf,2,2365,171.03
cdf_db,ebpf,2,2366,222.02
cdf_db,ebpf,2,2367,218.01
cdf_db,ebpf,2,2368,265.84
cdf_db,ebpf,2,2369,175.55
cdf_db,ebpf,2,2370,212.47
cdf_db,ebpf,2,2371,247.45
cdf_db,ebpf,2,2372,237.37
cdf_db,ebpf,2,2373,212.7
cdf_db,ebpf,2,2374,212.65
cdf_db,ebpf,2,2375,183.14
cdf_db,ebpf,2,2376,264.36
cdf_db,ebpf,2,2377,217.03
cdf_db,ebpf,2,2378,215.35
cdf_db,ebpf,2,2379,174.21
cdf_db,ebpf,2,2380,308.05
cdf_db,ebpf,2,2381,216.441
cdf_db,ebpf,2,2382,288.96
cdf_db,ebpf,2,2383,170.15
cdf_db,ebpf,2,2384,268.77
cdf_db,ebpf,2,2385,170.7
cdf_db,ebpf,2,2386,212.97
cdf_db,ebpf,2,2387,174.86
cdf_db,ebpf,2,2388,211.64
cdf_db,ebpf,2,2389,221.86
cdf_db,ebpf,2,2390,213.53
cdf_db,ebpf,2,2391,173.81
cdf_db,ebpf,2,2392,207.96
cdf_db,ebpf,2,2393,169.25
cdf_db,ebpf,2,2394,263.99
cdf_db,ebpf,2,2395,173.22
cdf_db,ebpf,2,2396,212.33
cdf_db,ebpf,2,2397,176.91
cdf_db,ebpf,2,2398,218.45
cdf_db,ebpf,2,2399,216.03
cdf_db,ebpf,2,2400,212.23
cdf_db,ebpf,2,2401,170.32
cdf_db,ebpf,2,2402,212.98
cdf_db,ebpf,2,2403,181.45
cdf_db,ebpf,2,2404,261.46
cdf_db,ebpf,2,2405,174.851
cdf_db,ebpf,2,2406,210.191
cdf_db,ebpf,2,2407,215.36
cdf_db,ebpf,2,2408,222.94
cdf_db,ebpf,2,2409,216.51
cdf_db,ebpf,2,2410,213.15
cdf_db,ebpf,2,2411,173.24
cdf_db,ebpf,2,2412,212.45
cdf_db,ebpf,2,2413,229.21
cdf_db,ebpf,2,2414,210.42
cdf_db,ebpf,2,2415,172.23
cdf_db,ebpf,2,2416,208.6
cdf_db,ebpf,2,2417,174.48
cdf_db,ebpf,2,2418,262.26
cdf_db,ebpf,2,2419,171.42
cdf_db,ebpf,2,2420,209.24
cdf_db,ebpf,2,2421,170.35
cdf_db,ebpf,2,2422,208.65
cdf_db,ebpf,2,2423,226.99
cdf_db,ebpf,2,2424,209.58
cdf_db,ebpf,2,2425,171.63
cdf_db,ebpf,2,2426,208.1
cdf_db,ebpf,2,2427,176.57
cdf_db,ebpf,2,2428,263.64
cdf_db,ebpf,2,2429,172.12
cdf_db,ebpf,2,2430,209.14
cdf_db,ebpf,2,2431,171.04
cdf_db,ebpf,2,2432,209.591
cdf_db,ebpf,2,2433,218.231
cdf_db,ebpf,2,2434,208.87
cdf_db,ebpf,2,2435,169.61
cdf_db,ebpf,2,2436,208.92
cdf_db,ebpf,2,2437,171.87
cdf_db,ebpf,2,2438,271.2
cdf_db,ebpf,2,2439,174.6
cdf_db,ebpf,2,2440,209.24
cdf_db,ebpf,2,2441,187.06
cdf_db,ebpf,2,2442,218.02
cdf_db,ebpf,2,2443,234.36
cdf_db,ebpf,2,2444,217.32
cdf_db,ebpf,2,2445,178.87
cdf_db,ebpf,2,2446,209.36
cdf_db,ebpf,2,2447,177.08
cdf_db,ebpf,2,2448,252.72
cdf_db,ebpf,2,2449,173.46
cdf_db,ebpf,2,2450,209.55
cdf_db,ebpf,2,2451,168.24
cdf_db,ebpf,2,2452,213.111
cdf_db,ebpf,2,2453,213.22
cdf_db,ebpf,2,2454,251.349
cdf_db,ebpf,2,2455,169.651
cdf_db,ebpf,2,2456,210.02
cdf_db,ebpf,2,2457,228.52
cdf_db,ebpf,2,2458,209.68
cdf_db,ebpf,2,2459,171.93
cdf_db,ebpf,2,2460,207.33
cdf_db,ebpf,2,2461,173.55
cdf_db,ebpf,2,2462,269.49
cdf_db,ebpf,2,2463,174.23
cdf_db,ebpf,2,2464,210.03
cdf_db,ebpf,2,2465,173.53
cdf_db,ebpf,2,2466,209.43
cdf_db,ebpf,2,2467,223.59
cdf_db,ebpf,2,2468,211.48
cdf_db,ebpf,2,2469,170.33
cdf_db,ebpf,2,2470,208.01
cdf_db,ebpf,2,2471,173.95
cdf_db,ebpf,2,2472,264.89
cdf_db,ebpf,2,2473,171.52
cdf_db,ebpf,2,2474,209.65
cdf_db,ebpf,2,2475,167.96
cdf_db,ebpf,2,2476,214.511
cdf_db,ebpf,2,2477,221.56
cdf_db,ebpf,2,2478,210.14
cdf_db,ebpf,2,2479,175.54
cdf_db,ebpf,2,2480,253.77
cdf_db,ebpf,2,2481,183.23
cdf_db,ebpf,2,2482,257.52
cdf_db,ebpf,2,2483,171.56
cdf_db,ebpf,2,2484,207.98
cdf_db,ebpf,2,2485,176.57
cdf_db,ebpf,2,2486,211.99
cdf_db,ebpf,2,2487,226.65
cdf_db,ebpf,2,2488,209.3
cdf_db,ebpf,2,2489,175.6
cdf_db,ebpf,2,2490,208.32
cdf_db,ebpf,2,2491,252.86
cdf_db,ebpf,2,2492,209.86
cdf_db,ebpf,2,2493,175.4
cdf_db,ebpf,2,2494,213.26
cdf_db,ebpf,2,2495,175.68
cdf_db,ebpf,2,2496,271.74
cdf_db,ebpf,2,2497,174.12
cdf_db,ebpf,2,2498,215.48
cdf_db,ebpf,2,2499,170.751
cdf_db,ebpf,2,2500,257.721
cdf_db,ebpf,2,2501,218.97
cdf_db,ebpf,2,2502,209.74
cdf_db,ebpf,2,2503,171.77
cdf_db,ebpf,2,2504,209.99
cdf_db,ebpf,2,2505,181.1
cdf_db,ebpf,2,2506,259.16
cdf_db,ebpf,2,2507,171.89
cdf_db,ebpf,2,2508,207.86
cdf_db,ebpf,2,2509,171.47
cdf_db,ebpf,2,2510,212.62
cdf_db,ebpf,2,2511,220.46
cdf_db,ebpf,2,2512,212.68
cdf_db,ebpf,2,2513,170.03
cdf_db,ebpf,2,2514,258.35
cdf_db,ebpf,2,2515,247.93
cdf_db,ebpf,2,2516,213.79
cdf_db,ebpf,2,2517,171.02
cdf_db,ebpf,2,2518,211.6
cdf_db,ebpf,2,2519,176.9
cdf_db,ebpf,2,2520,263.24
cdf_db,ebpf,2,2521,173.49
cdf_db,ebpf,2,2522,207.66
cdf_db,ebpf,2,2523,171.731
cdf_db,ebpf,2,2524,208.26
cdf_db,ebpf,2,2525,263.32
cdf_db,ebpf,2,2526,211.57
cdf_db,ebpf,2,2527,170.53
cdf_db,ebpf,2,2528,209.55
cdf_db,ebpf,2,2529,181.18
cdf_db,ebpf,2,2530,259.2
cdf_db,ebpf,2,2531,172.68
cdf_db,ebpf,2,2532,210.26
cdf_db,ebpf,2,2533,210.93
cdf_db,ebpf,2,2534,221.72
cdf_db,ebpf,2,2535,219.34
cdf_db,ebpf,2,2536,211.17
cdf_db,ebpf,2,2537,178.62
cdf_db,ebpf,2,2538,168.0
cdf_db,ebpf,2,2539,316.83
cdf_db,ebpf,2,2540,174.44
cdf_db,ebpf,2,2541,214.01
cdf_db,ebpf,2,2542,172.1
cdf_db,ebpf,2,2543,209.04
cdf_db,ebpf,2,2544,279.11
cdf_db,ebpf,2,2545,209.329
cdf_db,ebpf,2,2546,177.271
cdf_db,ebpf,2,2547,213.74
cdf_db,ebpf,2,2548,220.14
cdf_db,ebpf,2,2549,253.86
cdf_db,ebpf,2,2550,171.45
cdf_db,ebpf,2,2551,247.21
cdf_db,ebpf,2,2552,248.81
cdf_db,ebpf,2,2553,256.69
cdf_db,ebpf,2,2554,171.45
cdf_db,ebpf,2,2555,207.27
cdf_db,ebpf,2,2556,171.49
cdf_db,ebpf,2,2557,241.45
cdf_db,ebpf,2,2558,222.27
cdf_db,ebpf,2,2559,162.69
cdf_db,ebpf,2,2560,206.09
cdf_db,ebpf,2,2561,173.12
cdf_db,ebpf,2,2562,215.01
cdf_db,ebpf,2,2563,215.54
cdf_db,ebpf,2,2564,210.67
cdf_db,ebpf,2,2565,169.7
cdf_db,ebpf,2,2566,205.681
cdf_db,ebpf,2,2567,180.22
cdf_db,ebpf,2,2568,266.24
cdf_db,ebpf,2,2569,171.6
cdf_db,ebpf,2,2570,210.08
cdf_db,ebpf,2,2571,174.369
cdf_db,ebpf,2,2572,211.2
cdf_db,ebpf,2,2573,216.87
cdf_db,ebpf,2,2574,209.21
cdf_db,ebpf,2,2575,168.07
cdf_db,ebpf,2,2576,205.05
cdf_db,ebpf,2,2577,176.22
cdf_db,ebpf,2,2578,253.96
cdf_db,ebpf,2,2579,168.9
cdf_db,ebpf,2,2580,211.85
cdf_db,ebpf,2,2581,171.43
cdf_db,ebpf,2,2582,217.44
cdf_db,ebpf,2,2583,217.55
cdf_db,ebpf,2,2584,209.86
cdf_db,ebpf,2,2585,169.62
cdf_db,ebpf,2,2586,210.73
cdf_db,ebpf,2,2587,188.06
cdf_db,ebpf,2,2588,281.5
cdf_db,ebpf,2,2589,177.34
cdf_db,ebpf,2,2590,213.491
cdf_db,ebpf,2,2591,176.811
cdf_db,ebpf,2,2592,279.06
cdf_db,ebpf,2,2593,172.969
cdf_db,ebpf,2,2594,209.131
cdf_db,ebpf,2,2595,172.17
cdf_db,ebpf,2,2596,207.42
cdf_db,ebpf,2,2597,234.63
cdf_db,ebpf,2,2598,213.25
cdf_db,ebpf,2,2599,174.87
cdf_db,ebpf,2,2600,203.35
cdf_db,ebpf,2,2601,214.44
cdf_db,ebpf,2,2602,215.97
cdf_db,ebpf,2,2603,206.47
cdf_db,ebpf,2,2604,462.44
cdf_db,ebpf,2,2605,293.17
cdf_db,ebpf,2,2606,174.99
cdf_db,ebpf,2,2607,212.63
cdf_db,ebpf,2,2608,180.46
cdf_db,ebpf,2,2609,205.36
cdf_db,ebpf,2,2610,227.12
cdf_db,ebpf,2,2611,210.25
cdf_db,ebpf,2,2612,173.78
cdf_db,ebpf,2,2613,209.12
cdf_db,ebpf,2,2614,170.891
cdf_db,ebpf,2,2615,265.061
cdf_db,ebpf,2,2616,172.65
cdf_db,ebpf,2,2617,208.86
cdf_db,ebpf,2,2618,170.54
cdf_db,ebpf,2,2619,216.08
cdf_db,ebpf,2,2620,222.89
cdf_db,ebpf,2,2621,210.3
cdf_db,ebpf,2,2622,173.21
cdf_db,ebpf,2,2623,209.5
cdf_db,ebpf,2,2624,178.04
cdf_db,ebpf,2,2625,257.36
cdf_db,ebpf,2,2626,170.48
cdf_db,ebpf,2,2627,210.31
cdf_db,ebpf,2,2628,176.01
cdf_db,ebpf,2,2629,217.26
cdf_db,ebpf,2,2630,225.91
cdf_db,ebpf,2,2631,263.76
cdf_db,ebpf,2,2632,175.2
cdf_db,ebpf,2,2633,206.39
cdf_db,ebpf,2,2634,223.4
cdf_db,ebpf,2,2635,210.68
cdf_db,ebpf,2,2636,172.72
cdf_db,ebpf,2,2637,210.331
cdf_db,ebpf,2,2638,172.79
cdf_db,ebpf,2,2639,262.54
cdf_db,ebpf,2,2640,171.17
cdf_db,ebpf,2,2641,209.74
cdf_db,ebpf,2,2642,169.69
cdf_db,ebpf,2,2643,207.06
cdf_db,ebpf,2,2644,223.67
cdf_db,ebpf,2,2645,209.05
cdf_db,ebpf,2,2646,168.73
cdf_db,ebpf,2,2647,208.4
cdf_db,ebpf,2,2648,173.41
cdf_db,ebpf,2,2649,270.48
cdf_db,ebpf,2,2650,168.76
cdf_db,ebpf,2,2651,207.42
cdf_db,ebpf,2,2652,170.92
cdf_db,ebpf,2,2653,209.78
cdf_db,ebpf,2,2654,262.47
cdf_db,ebpf,2,2655,209.98
cdf_db,ebpf,2,2656,171.92
cdf_db,ebpf,2,2657,208.19
cdf_db,ebpf,2,2658,185.99
cdf_db,ebpf,2,2659,256.74
cdf_db,ebpf,2,2660,183.35
cdf_db,ebpf,2,2661,211.061
cdf_db,ebpf,2,2662,173.88
cdf_db,ebpf,2,2663,213.94
cdf_db,ebpf,2,2664,237.91
cdf_db,ebpf,2,2665,166.28
cdf_db,ebpf,2,2666,207.9
cdf_db,ebpf,2,2667,173.65
cdf_db,ebpf,2,2668,215.15
cdf_db,ebpf,2,2669,220.51
cdf_db,ebpf,2,2670,245.5
cdf_db,ebpf,2,2671,171.08
cdf_db,ebpf,2,2672,208.6
cdf_db,ebpf,2,2673,228.31
cdf_db,ebpf,2,2674,211.08
cdf_db,ebpf,2,2675,172.35
cdf_db,ebpf,2,2676,205.09
cdf_db,ebpf,2,2677,171.62
cdf_db,ebpf,2,2678,270.24
cdf_db,ebpf,2,2679,173.89
cdf_db,ebpf,2,2680,212.47
cdf_db,ebpf,2,2681,171.39
cdf_db,ebpf,2,2682,210.11
cdf_db,ebpf,2,2683,269.9
cdf_db,ebpf,2,2684,213.28
cdf_db,ebpf,2,2685,173.771
cdf_db,ebpf,2,2686,208.731
cdf_db,ebpf,2,2687,177.84
cdf_db,ebpf,2,2688,256.181
cdf_db,ebpf,2,2689,175.59
cdf_db,ebpf,2,2690,165.5
cdf_db,ebpf,2,2691,210.96
cdf_db,ebpf,2,2692,170.12
cdf_db,ebpf,2,2693,302.93
cdf_db,ebpf,2,2694,172.63
cdf_db,ebpf,2,2695,207.57
cdf_db,ebpf,2,2696,171.65
cdf_db,ebpf,2,2697,212.29
cdf_db,ebpf,2,2698,217.74
cdf_db,ebpf,2,2699,205.75
cdf_db,ebpf,2,2700,209.29
cdf_db,ebpf,2,2701,205.93
cdf_db,ebpf,2,2702,191.18
cdf_db,ebpf,2,2703,259.09
cdf_db,ebpf,2,2704,171.89
cdf_db,ebpf,2,2705,255.62
cdf_db,ebpf,2,2706,176.16
cdf_db,ebpf,2,2707,262.569
cdf_db,ebpf,2,2708,170.591
cdf_db,ebpf,2,2709,250.52
cdf_db,ebpf,2,2710,171.87
cdf_db,ebpf,2,2711,212.15
cdf_db,ebpf,2,2712,253.58
cdf_db,ebpf,2,2713,209.48
cdf_db,ebpf,2,2714,173.61
cdf_db,ebpf,2,2715,251.33
cdf_db,ebpf,2,2716,270.11
cdf_db,ebpf,2,2717,270.59
cdf_db,ebpf,2,2718,172.06
cdf_db,ebpf,2,2719,205.09
cdf_db,ebpf,2,2720,179.6
cdf_db,ebpf,2,2721,257.81
cdf_db,ebpf,2,2722,167.88
cdf_db,ebpf,2,2723,206.84
cdf_db,ebpf,2,2724,172.8
cdf_db,ebpf,2,2725,213.67
cdf_db,ebpf,2,2726,219.23
cdf_db,ebpf,2,2727,208.72
cdf_db,ebpf,2,2728,175.27
cdf_db,ebpf,2,2729,212.451
cdf_db,ebpf,2,2730,184.98
cdf_db,ebpf,2,2731,269.88
cdf_db,ebpf,2,2732,183.121
cdf_db,ebpf,2,2733,207.81
cdf_db,ebpf,2,2734,171.54
cdf_db,ebpf,2,2735,216.73
cdf_db,ebpf,2,2736,234.23
cdf_db,ebpf,2,2737,209.1
cdf_db,ebpf,2,2738,170.11
cdf_db,ebpf,2,2739,208.03
cdf_db,ebpf,2,2740,224.77
cdf_db,ebpf,2,2741,207.14
cdf_db,ebpf,2,2742,192.57
cdf_db,ebpf,2,2743,205.89
cdf_db,ebpf,2,2744,172.46
cdf_db,ebpf,2,2745,276.81
cdf_db,ebpf,2,2746,179.71
cdf_db,ebpf,2,2747,163.59
cdf_db,ebpf,2,2748,177.17
cdf_db,ebpf,2,2749,165.06
cdf_db,ebpf,2,2750,165.33
cdf_db,ebpf,2,2751,208.17
cdf_db,ebpf,2,2752,162.67
cdf_db,ebpf,2,2753,155.09
cdf_db,ebpf,2,2754,158.53
cdf_db,ebpf,2,2755,158.9
cdf_db,ebpf,2,2756,219.741
cdf_db,ebpf,2,2757,162.74
cdf_db,ebpf,2,2758,161.14
cdf_db,ebpf,2,2759,155.931
cdf_db,ebpf,2,2760,164.2
cdf_db,ebpf,2,2761,157.32
cdf_db,ebpf,2,2762,207.53
cdf_db,ebpf,2,2763,165.27
cdf_db,ebpf,2,2764,160.17
cdf_db,ebpf,2,2765,195.12
cdf_db,ebpf,2,2766,154.5
cdf_db,ebpf,2,2767,154.77
cdf_db,ebpf,2,2768,209.12
cdf_db,ebpf,2,2769,160.08
cdf_db,ebpf,2,2770,156.3
cdf_db,ebpf,2,2771,151.64
cdf_db,ebpf,2,2772,158.66
cdf_db,ebpf,2,2773,154.35
cdf_db,ebpf,2,2774,205.71
cdf_db,ebpf,2,2775,159.84
cdf_db,ebpf,2,2776,157.55
cdf_db,ebpf,2,2777,155.0
cdf_db,ebpf,2,2778,158.52
cdf_db,ebpf,2,2779,152.74
cdf_db,ebpf,2,2780,198.07
cdf_db,ebpf,2,2781,159.29
cdf_db,ebpf,2,2782,155.92
cdf_db,ebpf,2,2783,152.67
cdf_db,ebpf,2,2784,161.671
cdf_db,ebpf,2,2785,155.931
cdf_db,ebpf,2,2786,212.509
cdf_db,ebpf,2,2787,164.569
cdf_db,ebpf,2,2788,168.05
cdf_db,ebpf,2,2789,158.57
cdf_db,ebpf,2,2790,157.1
cdf_db,ebpf,2,2791,156.13
cdf_db,ebpf,2,2792,205.72
cdf_db,ebpf,2,2793,162.75
cdf_db,ebpf,2,2794,156.68
cdf_db,ebpf,2,2795,189.83
cdf_db,ebpf,2,2796,157.41
cdf_db,ebpf,2,2797,158.36
cdf_db,ebpf,2,2798,199.61
cdf_db,ebpf,2,2799,789.34
cdf_db,ebpf,2,2800,340.54
cdf_db,ebpf,2,2801,208.08
cdf_db,ebpf,2,2802,184.83
cdf_db,ebpf,2,2803,193.07
cdf_db,ebpf,2,2804,241.16
cdf_db,ebpf,2,2805,182.451
cdf_db,ebpf,2,2806,164.46
cdf_db,ebpf,2,2807,160.46
cdf_db,ebpf,2,2808,157.551
cdf_db,ebpf,2,2809,161.72
cdf_db,ebpf,2,2810,221.031
cdf_db,ebpf,2,2811,150.21
cdf_db,ebpf,2,2812,156.77
cdf_db,ebpf,2,2813,151.73
cdf_db,ebpf,2,2814,145.98
cdf_db,ebpf,2,2815,152.63
cdf_db,ebpf,2,2816,217.13
cdf_db,ebpf,2,2817,151.23
cdf_db,ebpf,2,2818,201.0
cdf_db,ebpf,2,2819,155.18
cdf_db,ebpf,2,2820,146.36
cdf_db,ebpf,2,2821,157.58
cdf_db,ebpf,2,2822,200.03
cdf_db,ebpf,2,2823,156.07
cdf_db,ebpf,2,2824,153.13
cdf_db,ebpf,2,2825,153.94
cdf_db,ebpf,2,2826,146.75
cdf_db,ebpf,2,2827,149.19
cdf_db,ebpf,2,2828,202.84
cdf_db,ebpf,2,2829,148.17
cdf_db,ebpf,2,2830,147.57
cdf_db,ebpf,2,2831,150.73
cdf_db,ebpf,2,2832,145.34
cdf_db,ebpf,2,2833,147.69
cdf_db,ebpf,2,2834,205.021
cdf_db,ebpf,2,2835,189.649
cdf_db,ebpf,2,2836,148.069
cdf_db,ebpf,2,2837,152.38
cdf_db,ebpf,2,2838,147.32
cdf_db,ebpf,2,2839,151.231
cdf_db,ebpf,2,2840,201.921
cdf_db,ebpf,2,2841,146.17
cdf_db,ebpf,2,2842,148.16
cdf_db,ebpf,2,2843,150.46
cdf_db,ebpf,2,2844,145.63
cdf_db,ebpf,2,2845,148.9
cdf_db,ebpf,2,2846,152.96
cdf_db,ebpf,2,2847,195.63
cdf_db,ebpf,2,2848,185.34
cdf_db,ebpf,2,2849,152.01
cdf_db,ebpf,2,2850,148.71
cdf_db,ebpf,2,2851,149.82
cdf_db,ebpf,2,2852,153.44
cdf_db,ebpf,2,2853,195.49
cdf_db,ebpf,2,2854,149.96
cdf_db,ebpf,2,2855,149.82
cdf_db,ebpf,2,2856,148.81
cdf_db,ebpf,2,2857,148.54
cdf_db,ebpf,2,2858,198.78
cdf_db,ebpf,2,2859,192.7
cdf_db,ebpf,2,2860,148.11
cdf_db,ebpf,2,2861,150.23
cdf_db,ebpf,2,2862,151.71
cdf_db,ebpf,2,2863,148.37
cdf_db,ebpf,2,2864,195.78
cdf_db,ebpf,2,2865,196.551
cdf_db,ebpf,2,2866,147.6
cdf_db,ebpf,2,2867,150.1
cdf_db,ebpf,2,2868,149.38
cdf_db,ebpf,2,2869,189.0
cdf_db,ebpf,2,2870,149.91
cdf_db,ebpf,2,2871,200.13
cdf_db,ebpf,2,2872,148.38
cdf_db,ebpf,2,2873,188.63
cdf_db,ebpf,2,2874,146.02
cdf_db,ebpf,2,2875,151.58
cdf_db,ebpf,2,2876,192.6
cdf_db,ebpf,2,2877,192.97
cdf_db,ebpf,2,2878,167.64
cdf_db,ebpf,2,2879,189.1
cdf_db,ebpf,2,2880,193.7
cdf_db,ebpf,2,2881,227.85
cdf_db,ebpf,2,2882,219.15
cdf_db,ebpf,2,2883,150.48
cdf_db,ebpf,2,2884,151.96
cdf_db,ebpf,2,2885,150.08
cdf_db,ebpf,2,2886,147.36
cdf_db,ebpf,2,2887,149.06
cdf_db,ebpf,2,2888,222.22
cdf_db,ebpf,2,2889,146.09
cdf_db,ebpf,2,2890,148.52
cdf_db,ebpf,2,2891,150.44
cdf_db,ebpf,2,2892,144.98
cdf_db,ebpf,2,2893,149.12
cdf_db,ebpf,2,2894,196.42
cdf_db,ebpf,2,2895,152.58
cdf_db,ebpf,2,2896,147.091
cdf_db,ebpf,2,2897,150.5
cdf_db,ebpf,2,2898,147.991
cdf_db,ebpf,2,2899,146.84
cdf_db,ebpf,2,2900,154.75
cdf_db,ebpf,2,2901,194.91
cdf_db,ebpf,2,2902,147.17
cdf_db,ebpf,2,2903,148.58
cdf_db,ebpf,2,2904,148.69
cdf_db,ebpf,2,2905,151.11
cdf_db,ebpf,2,2906,148.2
cdf_db,ebpf,2,2907,210.97
cdf_db,ebpf,2,2908,152.46
cdf_db,ebpf,2,2909,148.87
cdf_db,ebpf,2,2910,149.75
cdf_db,ebpf,2,2911,149.56
cdf_db,ebpf,2,2912,147.14
cdf_db,ebpf,2,2913,199.89
cdf_db,ebpf,2,2914,147.06
cdf_db,ebpf,2,2915,150.7
cdf_db,ebpf,2,2916,150.42
cdf_db,ebpf,2,2917,148.45
cdf_db,ebpf,2,2918,148.14
cdf_db,ebpf,2,2919,156.05
cdf_db,ebpf,2,2920,201.83
cdf_db,ebpf,2,2921,147.46
cdf_db,ebpf,2,2922,151.33
cdf_db,ebpf,2,2923,147.97
cdf_db,ebpf,2,2924,151.21
cdf_db,ebpf,2,2925,149.21
cdf_db,ebpf,2,2926,213.251
cdf_db,ebpf,2,2927,175.689
cdf_db,ebpf,2,2928,185.461
cdf_db,ebpf,2,2929,149.19
cdf_db,ebpf,2,2930,153.28
cdf_db,ebpf,2,2931,154.35
cdf_db,ebpf,2,2932,211.51
cdf_db,ebpf,2,2933,155.98
cdf_db,ebpf,2,2934,153.36
cdf_db,ebpf,2,2935,155.59
cdf_db,ebpf,2,2936,148.36
cdf_db,ebpf,2,2937,153.79
cdf_db,ebpf,2,2938,201.47
cdf_db,ebpf,2,2939,148.57
cdf_db,ebpf,2,2940,145.96
cdf_db,ebpf,2,2941,146.53
cdf_db,ebpf,2,2942,151.86
cdf_db,ebpf,2,2943,151.36
cdf_db,ebpf,2,2944,204.51
cdf_db,ebpf,2,2945,152.97
cdf_db,ebpf,2,2946,147.34
cdf_db,ebpf,2,2947,151.85
cdf_db,ebpf,2,2948,145.8
cdf_db,ebpf,2,2949,143.54
cdf_db,ebpf,2,2950,150.82
cdf_db,ebpf,2,2951,204.9
cdf_db,ebpf,2,2952,144.36
cdf_db,ebpf,2,2953,147.62
cdf_db,ebpf,2,2954,150.3
cdf_db,ebpf,2,2955,144.589
cdf_db,ebpf,2,2956,152.771
cdf_db,ebpf,2,2957,220.589
cdf_db,ebpf,2,2958,187.68
cdf_db,ebpf,2,2959,150.88
cdf_db,ebpf,2,2960,151.53
cdf_db,ebpf,2,2961,146.2
cdf_db,ebpf,2,2962,156.62
cdf_db,ebpf,2,2963,194.4
cdf_db,ebpf,2,2964,147.38
cdf_db,ebpf,2,2965,149.13
cdf_db,ebpf,2,2966,149.93
cdf_db,ebpf,2,2967,144.77
cdf_db,ebpf,2,2968,147.34
cdf_db,ebpf,2,2969,200.94
cdf_db,ebpf,2,2970,145.09
cdf_db,ebpf,2,2971,148.68
cdf_db,ebpf,2,2972,149.46
cdf_db,ebpf,2,2973,148.22
cdf_db,ebpf,2,2974,145.18
cdf_db,ebpf,2,2975,149.7
cdf_db,ebpf,2,2976,189.9
cdf_db,ebpf,2,2977,144.6
cdf_db,ebpf,2,2978,145.23
cdf_db,ebpf,2,2979,145.13
cdf_db,ebpf,2,2980,187.93
cdf_db,ebpf,2,2981,150.95
cdf_db,ebpf,2,2982,195.69
cdf_db,ebpf,2,2983,150.16
cdf_db,ebpf,2,2984,145.36
cdf_db,ebpf,2,2985,148.109
cdf_db,ebpf,2,2986,149.26
cdf_db,ebpf,2,2987,162.62
cdf_db,ebpf,2,2988,216.56
cdf_db,ebpf,2,2989,152.72
cdf_db,ebpf,2,2990,150.13
cdf_db,ebpf,2,2991,147.23
cdf_db,ebpf,2,2992,147.85
cdf_db,ebpf,2,2993,146.71
cdf_db,ebpf,2,2994,207.45
cdf_db,ebpf,2,2995,146.48
cdf_db,ebpf,2,2996,146.15
cdf_db,ebpf,2,2997,157.21
cdf_db,ebpf,2,2998,203.67
cdf_db,ebpf,2,2999,149.44
cdf_db,ebpf,2,3000,235.16
cdf_db,ebpf,2,3001,147.36
cdf_db,ebpf,2,3002,146.1
cdf_db,ebpf,2,3003,147.0
cdf_db,ebpf,2,3004,147.42
cdf_db,ebpf,2,3005,144.02
cdf_db,ebpf,2,3006,153.53
cdf_db,ebpf,2,3007,187.84
cdf_db,ebpf,2,3008,146.0
cdf_db,ebpf,2,3009,148.4
cdf_db,ebpf,2,3010,185.38
cdf_db,ebpf,2,3011,144.59
cdf_db,ebpf,2,3012,156.361
cdf_db,ebpf,2,3013,196.4
cdf_db,ebpf,2,3014,147.251
cdf_db,ebpf,2,3015,152.38
cdf_db,ebpf,2,3016,153.4
cdf_db,ebpf,2,3017,151.88
cdf_db,ebpf,2,3018,144.88
cdf_db,ebpf,2,3019,201.03
cdf_db,ebpf,2,3020,189.53
cdf_db,ebpf,2,3021,145.36
cdf_db,ebpf,2,3022,148.04
cdf_db,ebpf,2,3023,150.01
cdf_db,ebpf,2,3024,158.94
cdf_db,ebpf,2,3025,221.55
cdf_db,ebpf,2,3026,148.95
cdf_db,ebpf,2,3027,150.3
cdf_db,ebpf,2,3028,184.45
cdf_db,ebpf,2,3029,147.03
cdf_db,ebpf,2,3030,148.3
cdf_db,ebpf,2,3031,206.46
cdf_db,ebpf,2,3032,150.04
cdf_db,ebpf,2,3033,148.85
cdf_db,ebpf,2,3034,188.64
cdf_db,ebpf,2,3035,146.17
cdf_db,ebpf,2,3036,146.26
cdf_db,ebpf,2,3037,208.25
cdf_db,ebpf,2,3038,150.83
cdf_db,ebpf,2,3039,148.77
cdf_db,ebpf,2,3040,149.84
cdf_db,ebpf,2,3041,197.88
cdf_db,ebpf,2,3042,148.27
cdf_db,ebpf,2,3043,203.66
cdf_db,ebpf,2,3044,151.48
cdf_db,ebpf,2,3045,147.049
cdf_db,ebpf,2,3046,148.211
cdf_db,ebpf,2,3047,152.05
cdf_db,ebpf,2,3048,148.22
cdf_db,ebpf,2,3049,483.07
cdf_db,ebpf,2,3050,185.87
cdf_db,ebpf,2,3051,155.5
cdf_db,ebpf,2,3052,159.04
cdf_db,ebpf,2,3053,216.3
cdf_db,ebpf,2,3054,146.38
cdf_db,ebpf,2,3055,150.86
cdf_db,ebpf,2,3056,156.11
cdf_db,ebpf,2,3057,148.74
cdf_db,ebpf,2,3058,148.44
cdf_db,ebpf,2,3059,153.09
cdf_db,ebpf,2,3060,201.96
cdf_db,ebpf,2,3061,151.8
cdf_db,ebpf,2,3062,149.23
cdf_db,ebpf,2,3063,145.22
cdf_db,ebpf,2,3064,149.75
cdf_db,ebpf,2,3065,154.98
cdf_db,ebpf,2,3066,234.27
cdf_db,ebpf,2,3067,146.95
cdf_db,ebpf,2,3068,148.64
cdf_db,ebpf,2,3069,147.92
cdf_db,ebpf,2,3070,144.82
cdf_db,ebpf,2,3071,149.11
cdf_db,ebpf,2,3072,200.94
cdf_db,ebpf,2,3073,150.371
cdf_db,ebpf,2,3074,148.72
cdf_db,ebpf,2,3075,147.94
cdf_db,ebpf,2,3076,146.61
cdf_db,ebpf,2,3077,148.17
cdf_db,ebpf,2,3078,201.88
cdf_db,ebpf,2,3079,145.77
cdf_db,ebpf,2,3080,146.75
cdf_db,ebpf,2,3081,151.7
cdf_db,ebpf,2,3082,146.99
cdf_db,ebpf,2,3083,148.48
cdf_db,ebpf,2,3084,152.09
cdf_db,ebpf,2,3085,234.0
cdf_db,ebpf,2,3086,149.98
cdf_db,ebpf,2,3087,150.82
cdf_db,ebpf,2,3088,150.74
cdf_db,ebpf,2,3089,148.93
cdf_db,ebpf,2,3090,152.43
cdf_db,ebpf,2,3091,193.37
cdf_db,ebpf,2,3092,147.25
cdf_db,ebpf,2,3093,147.96
cdf_db,ebpf,2,3094,147.22
cdf_db,ebpf,2,3095,144.8
cdf_db,ebpf,2,3096,145.98
cdf_db,ebpf,2,3097,232.09
cdf_db,ebpf,2,3098,147.79
cdf_db,ebpf,2,3099,186.8
cdf_db,ebpf,2,3100,155.21
cdf_db,ebpf,2,3101,146.65
cdf_db,ebpf,2,3102,147.791
cdf_db,ebpf,2,3103,226.669
cdf_db,ebpf,2,3104,149.691
cdf_db,ebpf,2,3105,145.3
cdf_db,ebpf,2,3106,145.84
cdf_db,ebpf,2,3107,146.56
cdf_db,ebpf,2,3108,148.891
cdf_db,ebpf,2,3109,242.24
cdf_db,ebpf,2,3110,146.01
cdf_db,ebpf,2,3111,145.93
cdf_db,ebpf,2,3112,178.88
cdf_db,ebpf,2,3113,143.91
cdf_db,ebpf,2,3114,146.92
cdf_db,ebpf,2,3115,204.48
cdf_db,ebpf,2,3116,146.37
cdf_db,ebpf,2,3117,183.82
cdf_db,ebpf,2,3118,151.76
cdf_db,ebpf,2,3119,147.52
cdf_db,ebpf,2,3120,152.83
cdf_db,ebpf,2,3121,202.97
cdf_db,ebpf,2,3122,147.81
cdf_db,ebpf,2,3123,183.02
cdf_db,ebpf,2,3124,152.13
cdf_db,ebpf,2,3125,149.02
cdf_db,ebpf,2,3126,148.2
cdf_db,ebpf,2,3127,243.41
cdf_db,ebpf,2,3128,148.79
cdf_db,ebpf,2,3129,144.56
cdf_db,ebpf,2,3130,189.3
cdf_db,ebpf,2,3131,145.171
cdf_db,ebpf,2,3132,146.72
cdf_db,ebpf,2,3133,246.029
cdf_db,ebpf,2,3134,187.88
cdf_db,ebpf,2,3135,205.709
cdf_db,ebpf,2,3136,150.881
cdf_db,ebpf,2,3137,147.13
cdf_db,ebpf,2,3138,154.62
cdf_db,ebpf,2,3139,192.41
cdf_db,ebpf,2,3140,149.98
cdf_db,ebpf,2,3141,148.06
cdf_db,ebpf,2,3142,148.34
cdf_db,ebpf,2,3143,146.27
cdf_db,ebpf,2,3144,170.89
cdf_db,ebpf,2,3145,202.08
cdf_db,ebpf,2,3146,147.74
cdf_db,ebpf,2,3147,146.25
cdf_db,ebpf,2,3148,148.43
cdf_db,ebpf,2,3149,150.15
cdf_db,ebpf,2,3150,144.8
cdf_db,ebpf,2,3151,197.92
cdf_db,ebpf,2,3152,146.66
cdf_db,ebpf,2,3153,146.31
cdf_db,ebpf,2,3154,152.43
cdf_db,ebpf,2,3155,146.89
cdf_db,ebpf,2,3156,142.7
cdf_db,ebpf,2,3157,151.44
cdf_db,ebpf,2,3158,196.17
cdf_db,ebpf,2,3159,144.94
cdf_db,ebpf,2,3160,188.75
cdf_db,ebpf,2,3161,150.521
cdf_db,ebpf,2,3162,147.54
cdf_db,ebpf,2,3163,162.509
cdf_db,ebpf,2,3164,203.43
cdf_db,ebpf,2,3165,153.06
cdf_db,ebpf,2,3166,149.34
cdf_db,ebpf,2,3167,152.61
cdf_db,ebpf,2,3168,149.44
cdf_db,ebpf,2,3169,147.81
cdf_db,ebpf,2,3170,215.32
cdf_db,ebpf,2,3171,145.12
cdf_db,ebpf,2,3172,148.19
cdf_db,ebpf,2,3173,154.71
cdf_db,ebpf,2,3174,145.45
cdf_db,ebpf,2,3175,175.1
cdf_db,ebpf,2,3176,230.3
cdf_db,ebpf,2,3177,148.72
cdf_db,ebpf,2,3178,188.86
cdf_db,ebpf,2,3179,148.86
cdf_db,ebpf,2,3180,146.62
cdf_db,ebpf,2,3181,147.59
cdf_db,ebpf,2,3182,201.02
cdf_db,ebpf,2,3183,150.56
cdf_db,ebpf,2,3184,148.09
cdf_db,ebpf,2,3185,147.51
cdf_db,ebpf,2,3186,143.9
cdf_db,ebpf,2,3187,146.66
cdf_db,ebpf,2,3188,158.4
cdf_db,ebpf,2,3189,189.37
cdf_db,ebpf,2,3190,146.77
cdf_db,ebpf,2,3191,149.24
cdf_db,ebpf,2,3192,184.58
cdf_db,ebpf,2,3193,145.78
cdf_db,ebpf,2,3194,150.151
cdf_db,ebpf,2,3195,196.78
cdf_db,ebpf,2,3196,147.14
cdf_db,ebpf,2,3197,146.34
cdf_db,ebpf,2,3198,147.65
cdf_db,ebpf,2,3199,147.98
cdf_db,ebpf,2,3200,146.94
cdf_db,ebpf,2,3201,200.05
cdf_db,ebpf,2,3202,148.09
cdf_db,ebpf,2,3203,148.15
cdf_db,ebpf,2,3204,148.83
cdf_db,ebpf,2,3205,145.71
cdf_db,ebpf,2,3206,145.98
cdf_db,ebpf,2,3207,200.32
cdf_db,ebpf,2,3208,146.12
cdf_db,ebpf,2,3209,145.81
cdf_db,ebpf,2,3210,149.74
cdf_db,ebpf,2,3211,188.1
cdf_db,ebpf,2,3212,145.4
cdf_db,ebpf,2,3213,148.64
cdf_db,ebpf,2,3214,192.26
cdf_db,ebpf,2,3215,146.57
cdf_db,ebpf,2,3216,147.43
cdf_db,ebpf,2,3217,148.77
cdf_db,ebpf,2,3218,149.27
cdf_db,ebpf,2,3219,152.01
cdf_db,ebpf,2,3220,205.53
cdf_db,ebpf,2,3221,148.15
cdf_db,ebpf,2,3222,145.911
cdf_db,ebpf,2,3223,146.48
cdf_db,ebpf,2,3224,148.521
cdf_db,ebpf,2,3225,145.46
cdf_db,ebpf,2,3226,197.62
cdf_db,ebpf,2,3227,144.72
cdf_db,ebpf,2,3228,145.26
cdf_db,ebpf,2,3229,150.27
cdf_db,ebpf,2,3230,150.09
cdf_db,ebpf,2,3231,150.09
cdf_db,ebpf,2,3232,164.16
cdf_db,ebpf,2,3233,207.5
cdf_db,ebpf,2,3234,146.57
cdf_db,ebpf,2,3235,151.14
cdf_db,ebpf,2,3236,146.73
cdf_db,ebpf,2,3237,147.03
cdf_db,ebpf,2,3238,193.17
cdf_db,ebpf,2,3239,192.36
cdf_db,ebpf,2,3240,147.23
cdf_db,ebpf,2,3241,152.68
cdf_db,ebpf,2,3242,147.48
cdf_db,ebpf,2,3243,157.04
cdf_db,ebpf,2,3244,150.71
cdf_db,ebpf,2,3245,223.5
cdf_db,ebpf,2,3246,152.59
cdf_db,ebpf,2,3247,146.82
cdf_db,ebpf,2,3248,150.94
cdf_db,ebpf,2,3249,148.12
cdf_db,ebpf,2,3250,146.81
cdf_db,ebpf,2,3251,200.14
cdf_db,ebpf,2,3252,146.42
cdf_db,ebpf,2,3253,146.211
cdf_db,ebpf,2,3254,148.129
cdf_db,ebpf,2,3255,146.32
cdf_db,ebpf,2,3256,144.209
cdf_db,ebpf,2,3257,150.68
cdf_db,ebpf,2,3258,232.231
cdf_db,ebpf,2,3259,146.04
cdf_db,ebpf,2,3260,148.35
cdf_db,ebpf,2,3261,147.09
cdf_db,ebpf,2,3262,146.13
cdf_db,ebpf,2,3263,151.03
cdf_db,ebpf,2,3264,191.7
cdf_db,ebpf,2,3265,149.84
cdf_db,ebpf,2,3266,148.95
cdf_db,ebpf,2,3267,146.69
cdf_db,ebpf,2,3268,146.28
cdf_db,ebpf,2,3269,146.17
cdf_db,ebpf,2,3270,200.77
cdf_db,ebpf,2,3271,149.73
cdf_db,ebpf,2,3272,150.7
cdf_db,ebpf,2,3273,185.09
cdf_db,ebpf,2,3274,145.58
cdf_db,ebpf,2,3275,153.51
cdf_db,ebpf,2,3276,207.84
cdf_db,ebpf,2,3277,150.27
cdf_db,ebpf,2,3278,148.62
cdf_db,ebpf,2,3279,147.97
cdf_db,ebpf,2,3280,146.97
cdf_db,ebpf,2,3281,147.131
cdf_db,ebpf,2,3282,154.771
cdf_db,ebpf,2,3283,192.311
cdf_db,ebpf,2,3284,185.42
cdf_db,ebpf,2,3285,148.269
cdf_db,ebpf,2,3286,148.691
cdf_db,ebpf,2,3287,148.98
cdf_db,ebpf,2,3288,149.18
cdf_db,ebpf,2,3289,196.88
cdf_db,ebpf,2,3290,146.67
cdf_db,ebpf,2,3291,150.03
cdf_db,ebpf,2,3292,151.68
cdf_db,ebpf,2,3293,184.72
cdf_db,ebpf,2,3294,157.08
cdf_db,ebpf,2,3295,205.06
cdf_db,ebpf,2,3296,155.13
cdf_db,ebpf,2,3297,177.09
cdf_db,ebpf,2,3298,148.93
cdf_db,ebpf,2,3299,148.68
cdf_db,ebpf,2,3300,191.47
cdf_db,ebpf,2,3301,196.01
cdf_db,ebpf,2,3302,156.45
cdf_db,ebpf,2,3303,151.27
cdf_db,ebpf,2,3304,191.1
cdf_db,ebpf,2,3305,151.47
cdf_db,ebpf,2,3306,152.85
cdf_db,ebpf,2,3307,239.58
cdf_db,ebpf,2,3308,149.52
cdf_db,ebpf,2,3309,183.63
cdf_db,ebpf,2,3310,150.251
cdf_db,ebpf,2,3311,189.34
cdf_db,ebpf,2,3312,243.7
cdf_db,ebpf,2,3313,229.709
cdf_db,ebpf,2,3314,149.72
cdf_db,ebpf,2,3315,159.11
cdf_db,ebpf,2,3316,149.96
cdf_db,ebpf,2,3317,149.39
cdf_db,ebpf,2,3318,211.15
cdf_db,ebpf,2,3319,147.25
cdf_db,ebpf,2,3320,149.12
cdf_db,ebpf,2,3321,948.08
cdf_db,ebpf,2,3322,295.79
cdf_db,ebpf,2,3323,214.33
cdf_db,ebpf,2,3324,226.01
cdf_db,ebpf,2,3325,193.24
cdf_db,ebpf,2,3326,172.46
cdf_db,ebpf,2,3327,198.24
cdf_db,ebpf,2,3328,166.92
cdf_db,ebpf,2,3329,215.39
cdf_db,ebpf,2,3330,166.64
cdf_db,ebpf,2,3331,161.58
cdf_db,ebpf,2,3332,160.78
cdf_db,ebpf,2,3333,160.269
cdf_db,ebpf,2,3334,165.02
cdf_db,ebpf,2,3335,202.47
cdf_db,ebpf,2,3336,153.39
cdf_db,ebpf,2,3337,157.71
cdf_db,ebpf,2,3338,213.29
cdf_db,ebpf,2,3339,154.1
cdf_db,ebpf,2,3340,159.6
cdf_db,ebpf,2,3341,200.72
cdf_db,ebpf,2,3342,155.85
cdf_db,ebpf,2,3343,157.28
cdf_db,ebpf,2,3344,157.56
cdf_db,ebpf,2,3345,149.92
cdf_db,ebpf,2,3346,165.66
cdf_db,ebpf,2,3347,233.69
cdf_db,ebpf,2,3348,159.06
cdf_db,ebpf,2,3349,155.09
cdf_db,ebpf,2,3350,153.87
cdf_db,ebpf,2,3351,151.91
cdf_db,ebpf,2,3352,161.52
cdf_db,ebpf,2,3353,195.09
cdf_db,ebpf,2,3354,150.85
cdf_db,ebpf,2,3355,152.53
cdf_db,ebpf,2,3356,155.16
cdf_db,ebpf,2,3357,150.01
cdf_db,ebpf,2,3358,157.57
cdf_db,ebpf,2,3359,202.21
cdf_db,ebpf,2,3360,154.451
cdf_db,ebpf,2,3361,156.92
cdf_db,ebpf,2,3362,156.911
cdf_db,ebpf,2,3363,153.79
cdf_db,ebpf,2,3364,160.68
cdf_db,ebpf,2,3365,199.85
cdf_db,ebpf,2,3366,157.57
cdf_db,ebpf,2,3367,155.43
cdf_db,ebpf,2,3368,154.84
cdf_db,ebpf,2,3369,153.65
cdf_db,ebpf,2,3370,157.74
cdf_db,ebpf,2,3371,200.27
cdf_db,ebpf,2,3372,151.79
cdf_db,ebpf,2,3373,212.65
cdf_db,ebpf,2,3374,151.73
cdf_db,ebpf,2,3375,153.04
cdf_db,ebpf,2,3376,156.52
cdf_db,ebpf,2,3377,199.72
cdf_db,ebpf,2,3378,149.99
cdf_db,ebpf,2,3379,151.56
cdf_db,ebpf,2,3380,153.04
cdf_db,ebpf,2,3381,153.72
cdf_db,ebpf,2,3382,156.38
cdf_db,ebpf,2,3383,199.84
cdf_db,ebpf,2,3384,155.6
cdf_db,ebpf,2,3385,172.16
cdf_db,ebpf,2,3386,160.0
cdf_db,ebpf,2,3387,154.38
cdf_db,ebpf,2,3388,201.84
cdf_db,ebpf,2,3389,217.07
cdf_db,ebpf,2,3390,155.09
cdf_db,ebpf,2,3391,163.87
cdf_db,ebpf,2,3392,150.48
cdf_db,ebpf,2,3393,152.08
cdf_db,ebpf,2,3394,161.02
cdf_db,ebpf,2,3395,198.209
cdf_db,ebpf,2,3396,148.631
cdf_db,ebpf,2,3397,152.42
cdf_db,ebpf,2,3398,149.03
cdf_db,ebpf,2,3399,150.2
cdf_db,ebpf,2,3400,157.06
cdf_db,ebpf,2,3401,240.0
cdf_db,ebpf,2,3402,151.61
cdf_db,ebpf,2,3403,151.49
cdf_db,ebpf,2,3404,154.1
cdf_db,ebpf,2,3405,148.39
cdf_db,ebpf,2,3406,156.8
cdf_db,ebpf,2,3407,199.88
cdf_db,ebpf,2,3408,150.21
cdf_db,ebpf,2,3409,149.05
cdf_db,ebpf,2,3410,150.46
cdf_db,ebpf,2,3411,151.76
cdf_db,ebpf,2,3412,151.59
cdf_db,ebpf,2,3413,205.07
cdf_db,ebpf,2,3414,156.12
cdf_db,ebpf,2,3415,151.0
cdf_db,ebpf,2,3416,153.4
cdf_db,ebpf,2,3417,150.24
cdf_db,ebpf,2,3418,151.68
cdf_db,ebpf,2,3419,205.041
cdf_db,ebpf,2,3420,151.829
cdf_db,ebpf,2,3421,154.151
cdf_db,ebpf,2,3422,154.791
cdf_db,ebpf,2,3423,193.009
cdf_db,ebpf,2,3424,155.2
cdf_db,ebpf,2,3425,215.08
cdf_db,ebpf,2,3426,156.71
cdf_db,ebpf,2,3427,157.11
cdf_db,ebpf,2,3428,154.64
cdf_db,ebpf,2,3429,154.55
cdf_db,ebpf,2,3430,150.28
cdf_db,ebpf,2,3431,215.93
cdf_db,ebpf,2,3432,162.04
cdf_db,ebpf,2,3433,152.55
cdf_db,ebpf,2,3434,155.31
cdf_db,ebpf,2,3435,153.86
cdf_db,ebpf,2,3436,151.32
cdf_db,ebpf,2,3437,212.22
cdf_db,ebpf,2,3438,155.8
cdf_db,ebpf,2,3439,188.5
cdf_db,ebpf,2,3440,152.4
cdf_db,ebpf,2,3441,147.84
cdf_db,ebpf,2,3442,150.19
cdf_db,ebpf,2,3443,211.95
cdf_db,ebpf,2,3444,154.11
cdf_db,ebpf,2,3445,148.79
cdf_db,ebpf,2,3446,151.68
cdf_db,ebpf,2,3447,157.11
cdf_db,ebpf,2,3448,149.161
cdf_db,ebpf,2,3449,208.82
cdf_db,ebpf,2,3450,151.829
cdf_db,ebpf,2,3451,187.26
cdf_db,ebpf,2,3452,154.54
cdf_db,ebpf,2,3453,149.23
cdf_db,ebpf,2,3454,147.11
cdf_db,ebpf,2,3455,202.44
cdf_db,ebpf,2,3456,153.55
cdf_db,ebpf,2,3457,149.98
cdf_db,ebpf,2,3458,152.19
cdf_db,ebpf,2,3459,147.3
cdf_db,ebpf,2,3460,186.36
cdf_db,ebpf,2,3461,219.58
cdf_db,ebpf,2,3462,153.58
cdf_db,ebpf,2,3463,149.85
cdf_db,ebpf,2,3464,158.36
cdf_db,ebpf,2,3465,149.88
cdf_db,ebpf,2,3466,149.01
cdf_db,ebpf,2,3467,264.7
cdf_db,ebpf,2,3468,152.99
cdf_db,ebpf,2,3469,152.8
cdf_db,ebpf,2,3470,157.18
cdf_db,ebpf,2,3471,147.95
cdf_db,ebpf,2,3472,149.88
cdf_db,ebpf,2,3473,250.17
cdf_db,ebpf,2,3474,149.62
cdf_db,ebpf,2,3475,147.28
cdf_db,ebpf,2,3476,190.84
cdf_db,ebpf,2,3477,148.269
cdf_db,ebpf,2,3478,195.129
cdf_db,ebpf,2,3479,204.451
cdf_db,ebpf,2,3480,149.75
cdf_db,ebpf,2,3481,192.3
cdf_db,ebpf,2,3482,214.98
cdf_db,ebpf,2,3483,627.88
cdf_db,ebpf,2,3484,227.66
cdf_db,ebpf,2,3485,157.61
cdf_db,ebpf,2,3486,160.78
cdf_db,ebpf,2,3487,230.46
cdf_db,ebpf,2,3488,156.47
cdf_db,ebpf,2,3489,155.32
cdf_db,ebpf,2,3490,151.65
cdf_db,ebpf,2,3491,152.74
cdf_db,ebpf,2,3492,155.24
cdf_db,ebpf,2,3493,212.14
cdf_db,ebpf,2,3494,152.71
cdf_db,ebpf,2,3495,159.05
cdf_db,ebpf,2,3496,159.9
cdf_db,ebpf,2,3497,153.82
cdf_db,ebpf,2,3498,153.78
cdf_db,ebpf,2,3499,208.32
cdf_db,ebpf,2,3500,152.83
cdf_db,ebpf,2,3501,149.42
cdf_db,ebpf,2,3502,149.86
cdf_db,ebpf,2,3503,149.671
cdf_db,ebpf,2,3504,148.62
cdf_db,ebpf,2,3505,204.0
cdf_db,ebpf,2,3506,149.87
cdf_db,ebpf,2,3507,153.17
cdf_db,ebpf,2,3508,151.77
cdf_db,ebpf,2,3509,150.57
cdf_db,ebpf,2,3510,151.84
cdf_db,ebpf,2,3511,153.52
cdf_db,ebpf,2,3512,199.16
cdf_db,ebpf,2,3513,161.74
cdf_db,ebpf,2,3514,149.98
cdf_db,ebpf,2,3515,152.89
cdf_db,ebpf,2,3516,153.88
cdf_db,ebpf,2,3517,157.16
cdf_db,ebpf,2,3518,198.43
cdf_db,ebpf,2,3519,153.81
cdf_db,ebpf,2,3520,151.84
cdf_db,ebpf,2,3521,152.6
cdf_db,ebpf,2,3522,152.5
cdf_db,ebpf,2,3523,153.27
cdf_db,ebpf,2,3524,206.65
cdf_db,ebpf,2,3525,152.37
cdf_db,ebpf,2,3526,149.52
cdf_db,ebpf,2,3527,153.34
cdf_db,ebpf,2,3528,152.36
cdf_db,ebpf,2,3529,151.92
cdf_db,ebpf,2,3530,210.42
cdf_db,ebpf,2,3531,187.6
cdf_db,ebpf,2,3532,149.14
cdf_db,ebpf,2,3533,152.53
cdf_db,ebpf,2,3534,165.79
cdf_db,ebpf,2,3535,152.971
cdf_db,ebpf,2,3536,227.411
cdf_db,ebpf,2,3537,155.96
cdf_db,ebpf,2,3538,146.971
cdf_db,ebpf,2,3539,152.74
cdf_db,ebpf,2,3540,152.19
cdf_db,ebpf,2,3541,149.46
cdf_db,ebpf,2,3542,209.07
cdf_db,ebpf,2,3543,153.52
cdf_db,ebpf,2,3544,148.32
cdf_db,ebpf,2,3545,156.63
cdf_db,ebpf,2,3546,145.27
cdf_db,ebpf,2,3547,141.8
cdf_db,ebpf,2,3548,212.87
cdf_db,ebpf,2,3549,151.03
cdf_db,ebpf,2,3550,148.02
cdf_db,ebpf,2,3551,156.41
cdf_db,ebpf,2,3552,155.83
cdf_db,ebpf,2,3553,152.63
cdf_db,ebpf,2,3554,160.26
cdf_db,ebpf,2,3555,204.04
cdf_db,ebpf,2,3556,150.71
cdf_db,ebpf,2,3557,151.21
cdf_db,ebpf,2,3558,150.95
cdf_db,ebpf,2,3559,150.48
cdf_db,ebpf,2,3560,161.57
cdf_db,ebpf,2,3561,202.96
cdf_db,ebpf,2,3562,192.391
cdf_db,ebpf,2,3563,150.211
cdf_db,ebpf,2,3564,155.08
cdf_db,ebpf,2,3565,152.351
cdf_db,ebpf,2,3566,151.051
cdf_db,ebpf,2,3567,219.241
cdf_db,ebpf,2,3568,148.67
cdf_db,ebpf,2,3569,150.3
cdf_db,ebpf,2,3570,150.69
cdf_db,ebpf,2,3571,150.87
cdf_db,ebpf,2,3572,161.23
cdf_db,ebpf,2,3573,200.46
cdf_db,ebpf,2,3574,147.65
cdf_db,ebpf,2,3575,154.89
cdf_db,ebpf,2,3576,150.58
cdf_db,ebpf,2,3577,155.75
cdf_db,ebpf,2,3578,156.94
cdf_db,ebpf,2,3579,198.91
cdf_db,ebpf,2,3580,150.84
cdf_db,ebpf,2,3581,150.09
cdf_db,ebpf,2,3582,151.13
cdf_db,ebpf,2,3583,153.13
cdf_db,ebpf,2,3584,152.03
cdf_db,ebpf,2,3585,245.68
cdf_db,ebpf,2,3586,152.49
cdf_db,ebpf,2,3587,149.74
cdf_db,ebpf,2,3588,152.66
cdf_db,ebpf,2,3589,150.39
cdf_db,ebpf,2,3590,150.1
cdf_db,ebpf,2,3591,206.22
cdf_db,ebpf,2,3592,150.72
cdf_db,ebpf,2,3593,149.169
cdf_db,ebpf,2,3594,151.409
cdf_db,ebpf,2,3595,148.491
cdf_db,ebpf,2,3596,149.851
cdf_db,ebpf,2,3597,204.19
cdf_db,ebpf,2,3598,149.92
cdf_db,ebpf,2,3599,150.63
cdf_db,ebpf,2,3600,151.78
cdf_db,ebpf,2,3601,194.27
cdf_db,ebpf,2,3602,148.97
cdf_db,ebpf,2,3603,206.28
cdf_db,ebpf,2,3604,148.96
cdf_db,ebpf,2,3605,153.92
cdf_db,ebpf,2,3606,150.16
cdf_db,ebpf,2,3607,167.04
cdf_db,ebpf,2,3608,151.2
cdf_db,ebpf,2,3609,159.18
cdf_db,ebpf,2,3610,217.37
cdf_db,ebpf,2,3611,153.25
cdf_db,ebpf,2,3612,154.4
cdf_db,ebpf,2,3613,150.83
cdf_db,ebpf,2,3614,198.32
cdf_db,ebpf,2,3615,204.56
cdf_db,ebpf,2,3616,153.44
cdf_db,ebpf,2,3617,152.84
cdf_db,ebpf,2,3618,147.64
cdf_db,ebpf,2,3619,152.39
cdf_db,ebpf,2,3620,147.441
cdf_db,ebpf,2,3621,162.229
cdf_db,ebpf,2,3622,198.8
cdf_db,ebpf,2,3623,193.191
cdf_db,ebpf,2,3624,154.91
cdf_db,ebpf,2,3625,152.18
cdf_db,ebpf,2,3626,151.07
cdf_db,ebpf,2,3627,202.47
cdf_db,ebpf,2,3628,152.16
cdf_db,ebpf,2,3629,150.23
cdf_db,ebpf,2,3630,193.82
cdf_db,ebpf,2,3631,150.51
cdf_db,ebpf,2,3632,149.21
cdf_db,ebpf,2,3633,201.25
cdf_db,ebpf,2,3634,150.2
cdf_db,ebpf,2,3635,149.25
cdf_db,ebpf,2,3636,190.87
cdf_db,ebpf,2,3637,147.93
cdf_db,ebpf,2,3638,150.49
cdf_db,ebpf,2,3639,204.89
cdf_db,ebpf,2,3640,194.25
cdf_db,ebpf,2,3641,148.31
cdf_db,ebpf,2,3642,152.12
cdf_db,ebpf,2,3643,189.77
cdf_db,ebpf,2,3644,151.14
cdf_db,ebpf,2,3645,249.99
cdf_db,ebpf,2,3646,196.45
cdf_db,ebpf,2,3647,226.29
cdf_db,ebpf,2,3648,155.51
cdf_db,ebpf,2,3649,154.7
cdf_db,ebpf,2,3650,206.19
cdf_db,ebpf,2,3651,152.441
cdf_db,ebpf,2,3652,152.3
cdf_db,ebpf,2,3653,151.04
cdf_db,ebpf,2,3654,149.73
cdf_db,ebpf,2,3655,150.13
cdf_db,ebpf,2,3656,157.85
cdf_db,ebpf,2,3657,195.25
cdf_db,ebpf,2,3658,149.7
cdf_db,ebpf,2,3659,152.62
cdf_db,ebpf,2,3660,151.97
cdf_db,ebpf,2,3661,157.66
cdf_db,ebpf,2,3662,160.67
cdf_db,ebpf,2,3663,202.54
cdf_db,ebpf,2,3664,155.6
cdf_db,ebpf,2,3665,153.98
cdf_db,ebpf,2,3666,157.91
cdf_db,ebpf,2,3667,173.96
cdf_db,ebpf,2,3668,156.48
cdf_db,ebpf,2,3669,194.78
cdf_db,ebpf,2,3670,151.84
cdf_db,ebpf,2,3671,147.62
cdf_db,ebpf,2,3672,153.07
cdf_db,ebpf,2,3673,151.97
cdf_db,ebpf,2,3674,156.96
cdf_db,ebpf,2,3675,195.98
cdf_db,ebpf,2,3676,151.09
cdf_db,ebpf,2,3677,149.67
cdf_db,ebpf,2,3678,150.8
cdf_db,ebpf,2,3679,152.2
cdf_db,ebpf,2,3680,159.48
cdf_db,ebpf,2,3681,219.131
cdf_db,ebpf,2,3682,154.171
cdf_db,ebpf,2,3683,149.21
cdf_db,ebpf,2,3684,149.68
cdf_db,ebpf,2,3685,148.66
cdf_db,ebpf,2,3686,148.62
cdf_db,ebpf,2,3687,208.32
cdf_db,ebpf,2,3688,152.46
cdf_db,ebpf,2,3689,152.11
cdf_db,ebpf,2,3690,151.96
cdf_db,ebpf,2,3691,145.84
cdf_db,ebpf,2,3692,149.52
cdf_db,ebpf,2,3693,149.95
cdf_db,ebpf,2,3694,191.57
cdf_db,ebpf,2,3695,188.6
cdf_db,ebpf,2,3696,151.19
cdf_db,ebpf,2,3697,152.87
cdf_db,ebpf,2,3698,150.09
cdf_db,ebpf,2,3699,153.85
cdf_db,ebpf,2,3700,196.1
cdf_db,ebpf,2,3701,148.87
cdf_db,ebpf,2,3702,151.04
cdf_db,ebpf,2,3703,153.35
cdf_db,ebpf,2,3704,146.93
cdf_db,ebpf,2,3705,157.15
cdf_db,ebpf,2,3706,200.55
cdf_db,ebpf,2,3707,146.94
cdf_db,ebpf,2,3708,148.52
cdf_db,ebpf,2,3709,151.731
cdf_db,ebpf,2,3710,149.471
cdf_db,ebpf,2,3711,148.589
cdf_db,ebpf,2,3712,205.749
cdf_db,ebpf,2,3713,149.4
cdf_db,ebpf,2,3714,156.38
cdf_db,ebpf,2,3715,152.41
cdf_db,ebpf,2,3716,152.65
cdf_db,ebpf,2,3717,151.94
cdf_db,ebpf,2,3718,207.19
cdf_db,ebpf,2,3719,149.37
cdf_db,ebpf,2,3720,148.28
cdf_db,ebpf,2,3721,150.22
cdf_db,ebpf,2,3722,153.4
cdf_db,ebpf,2,3723,149.35
cdf_db,ebpf,2,3724,155.76
cdf_db,ebpf,2,3725,240.75
cdf_db,ebpf,2,3726,149.52
cdf_db,ebpf,2,3727,158.42
cdf_db,ebpf,2,3728,155.21
cdf_db,ebpf,2,3729,156.91
cdf_db,ebpf,2,3730,159.31
cdf_db,ebpf,2,3731,196.45
cdf_db,ebpf,2,3732,148.05
cdf_db,ebpf,2,3733,155.3
cdf_db,ebpf,2,3734,151.43
cdf_db,ebpf,2,3735,147.57
cdf_db,ebpf,2,3736,151.66
cdf_db,ebpf,2,3737,194.9
cdf_db,ebpf,2,3738,147.4
cdf_db,ebpf,2,3739,154.18
cdf_db,ebpf,2,3740,151.249
cdf_db,ebpf,2,3741,153.591
cdf_db,ebpf,2,3742,149.94
cdf_db,ebpf,2,3743,204.811
cdf_db,ebpf,2,3744,150.66
cdf_db,ebpf,2,3745,150.07
cdf_db,ebpf,2,3746,147.02
cdf_db,ebpf,2,3747,152.08
cdf_db,ebpf,2,3748,197.37
cdf_db,ebpf,2,3749,204.13
cdf_db,ebpf,2,3750,147.11
cdf_db,ebpf,2,3751,153.35
cdf_db,ebpf,2,3752,149.49
cdf_db,ebpf,2,3753,157.78
cdf_db,ebpf,2,3754,152.39
cdf_db,ebpf,2,3755,225.04
cdf_db,ebpf,2,3756,154.24
cdf_db,ebpf,2,3757,151.33
cdf_db,ebpf,2,3758,152.83
cdf_db,ebpf,2,3759,150.48
cdf_db,ebpf,2,3760,151.42
cdf_db,ebpf,2,3761,205.58
cdf_db,ebpf,2,3762,147.76
cdf_db,ebpf,2,3763,154.21
cdf_db,ebpf,2,3764,191.93
cdf_db,ebpf,2,3765,150.61
cdf_db,ebpf,2,3766,151.801
cdf_db,ebpf,2,3767,206.16
cdf_db,ebpf,2,3768,146.68
cdf_db,ebpf,2,3769,147.26
cdf_db,ebpf,2,3770,153.54
cdf_db,ebpf,2,3771,148.64
cdf_db,ebpf,2,3772,148.34
cdf_db,ebpf,2,3773,149.76
cdf_db,ebpf,2,3774,194.46
cdf_db,ebpf,2,3775,150.52
cdf_db,ebpf,2,3776,148.4
cdf_db,ebpf,2,3777,185.75
cdf_db,ebpf,2,3778,146.93
cdf_db,ebpf,2,3779,152.78
cdf_db,ebpf,2,3780,195.44
cdf_db,ebpf,2,3781,149.23
cdf_db,ebpf,2,3782,152.84
cdf_db,ebpf,2,3783,152.48
cdf_db,ebpf,2,3784,153.78
cdf_db,ebpf,2,3785,150.31
cdf_db,ebpf,2,3786,204.4
cdf_db,ebpf,2,3787,188.13
cdf_db,ebpf,2,3788,149.13
cdf_db,ebpf,2,3789,150.11
cdf_db,ebpf,2,3790,166.8
cdf_db,ebpf,2,3791,165.41
cdf_db,ebpf,2,3792,202.04
cdf_db,ebpf,2,3793,159.87
cdf_db,ebpf,2,3794,191.38
cdf_db,ebpf,2,3795,149.59
cdf_db,ebpf,2,3796,151.48
cdf_db,ebpf,2,3797,155.81
cdf_db,ebpf,2,3798,199.78
cdf_db,ebpf,2,3799,149.42
cdf_db,ebpf,2,3800,188.231
cdf_db,ebpf,2,3801,150.189
cdf_db,ebpf,2,3802,150.351
cdf_db,ebpf,2,3803,155.68
cdf_db,ebpf,2,3804,238.24
cdf_db,ebpf,2,3805,153.49
cdf_db,ebpf,2,3806,154.02
cdf_db,ebpf,2,3807,186.56
cdf_db,ebpf,2,3808,454.71
cdf_db,ebpf,2,3809,427.03
cdf_db,ebpf,2,3810,241.39
cdf_db,ebpf,2,3811,300.03
cdf_db,ebpf,2,3812,168.48
cdf_db,ebpf,2,3813,163.45
cdf_db,ebpf,2,3814,153.29
cdf_db,ebpf,2,3815,153.51
cdf_db,ebpf,2,3816,150.2
cdf_db,ebpf,2,3817,206.95
cdf_db,ebpf,2,3818,152.74
cdf_db,ebpf,2,3819,152.67
cdf_db,ebpf,2,3820,149.87
cdf_db,ebpf,2,3821,149.7
cdf_db,ebpf,2,3822,147.37
cdf_db,ebpf,2,3823,207.281
cdf_db,ebpf,2,3824,152.691
cdf_db,ebpf,2,3825,150.32
cdf_db,ebpf,2,3826,163.94
cdf_db,ebpf,2,3827,150.37
cdf_db,ebpf,2,3828,150.12
cdf_db,ebpf,2,3829,227.68
cdf_db,ebpf,2,3830,153.45
cdf_db,ebpf,2,3831,147.44
cdf_db,ebpf,2,3832,149.54
cdf_db,ebpf,2,3833,150.34
cdf_db,ebpf,2,3834,147.55
cdf_db,ebpf,2,3835,151.6
cdf_db,ebpf,2,3836,228.17
cdf_db,ebpf,2,3837,149.41
cdf_db,ebpf,2,3838,149.0
cdf_db,ebpf,2,3839,153.08
cdf_db,ebpf,2,3840,150.72
cdf_db,ebpf,2,3841,153.94
cdf_db,ebpf,2,3842,196.25
cdf_db,ebpf,2,3843,147.18
cdf_db,ebpf,2,3844,149.27
cdf_db,ebpf,2,3845,152.96
cdf_db,ebpf,2,3846,148.96
cdf_db,ebpf,2,3847,149.58
cdf_db,ebpf,2,3848,213.71
cdf_db,ebpf,2,3849,149.46
cdf_db,ebpf,2,3850,148.55
cdf_db,ebpf,2,3851,156.77
cdf_db,ebpf,2,3852,176.59
cdf_db,ebpf,2,3853,150.82
cdf_db,ebpf,2,3854,210.28
cdf_db,ebpf,2,3855,150.16
cdf_db,ebpf,2,3856,148.391
cdf_db,ebpf,2,3857,149.73
cdf_db,ebpf,2,3858,148.42
cdf_db,ebpf,2,3859,190.43
cdf_db,ebpf,2,3860,208.65
cdf_db,ebpf,2,3861,150.95
cdf_db,ebpf,2,3862,150.68
cdf_db,ebpf,2,3863,150.43
cdf_db,ebpf,2,3864,151.41
cdf_db,ebpf,2,3865,148.26
cdf_db,ebpf,2,3866,203.67
cdf_db,ebpf,2,3867,151.35
cdf_db,ebpf,2,3868,150.17
cdf_db,ebpf,2,3869,151.35
cdf_db,ebpf,2,3870,149.39
cdf_db,ebpf,2,3871,149.45
cdf_db,ebpf,2,3872,152.39
cdf_db,ebpf,2,3873,191.67
cdf_db,ebpf,2,3874,149.01
cdf_db,ebpf,2,3875,153.33
cdf_db,ebpf,2,3876,151.61
cdf_db,ebpf,2,3877,146.74
cdf_db,ebpf,2,3878,156.73
cdf_db,ebpf,2,3879,196.51
cdf_db,ebpf,2,3880,146.98
cdf_db,ebpf,2,3881,148.451
cdf_db,ebpf,2,3882,147.209
cdf_db,ebpf,2,3883,144.929
cdf_db,ebpf,2,3884,149.191
cdf_db,ebpf,2,3885,208.5
cdf_db,ebpf,2,3886,151.871
cdf_db,ebpf,2,3887,151.92
cdf_db,ebpf,2,3888,153.6
cdf_db,ebpf,2,3889,187.35
cdf_db,ebpf,2,3890,148.65
cdf_db,ebpf,2,3891,204.19
cdf_db,ebpf,2,3892,149.33
cdf_db,ebpf,2,3893,151.13
cdf_db,ebpf,2,3894,153.11
cdf_db,ebpf,2,3895,146.32
cdf_db,ebpf,2,3896,148.8
cdf_db,ebpf,2,3897,155.69
cdf_db,ebpf,2,3898,189.74
cdf_db,ebpf,2,3899,162.91
cdf_db,ebpf,2,3900,147.66
cdf_db,ebpf,2,3901,151.32
cdf_db,ebpf,2,3902,153.72
cdf_db,ebpf,2,3903,153.99
cdf_db,ebpf,2,3904,211.31
cdf_db,ebpf,2,3905,149.11
cdf_db,ebpf,2,3906,149.89
cdf_db,ebpf,2,3907,148.8
cdf_db,ebpf,2,3908,151.5
cdf_db,ebpf,2,3909,156.78
cdf_db,ebpf,2,3910,199.501
cdf_db,ebpf,2,3911,186.611
cdf_db,ebpf,2,3912,148.889
cdf_db,ebpf,2,3913,151.989
cdf_db,ebpf,2,3914,151.511
cdf_db,ebpf,2,3915,148.6
cdf_db,ebpf,2,3916,202.42
cdf_db,ebpf,2,3917,158.06
cdf_db,ebpf,2,3918,151.24
cdf_db,ebpf,2,3919,151.78
cdf_db,ebpf,2,3920,153.71
cdf_db,ebpf,2,3921,149.22
cdf_db,ebpf,2,3922,201.67
cdf_db,ebpf,2,3923,148.42
cdf_db,ebpf,2,3924,149.89
cdf_db,ebpf,2,3925,150.33
cdf_db,ebpf,2,3926,151.72
cdf_db,ebpf,2,3927,152.22
cdf_db,ebpf,2,3928,160.01
cdf_db,ebpf,2,3929,244.01
cdf_db,ebpf,2,3930,150.03
cdf_db,ebpf,2,3931,156.19
cdf_db,ebpf,2,3932,151.68
cdf_db,ebpf,2,3933,148.66
cdf_db,ebpf,2,3934,462.91
cdf_db,ebpf,2,3935,175.93
cdf_db,ebpf,2,3936,153.8
cdf_db,ebpf,2,3937,161.85
cdf_db,ebpf,2,3938,161.66
cdf_db,ebpf,2,3939,204.01
cdf_db,ebpf,2,3940,151.16
cdf_db,ebpf,2,3941,197.99
cdf_db,ebpf,2,3942,150.749
cdf_db,ebpf,2,3943,151.94
cdf_db,ebpf,2,3944,164.72
cdf_db,ebpf,2,3945,190.65
cdf_db,ebpf,2,3946,151.29
cdf_db,ebpf,2,3947,151.87
cdf_db,ebpf,2,3948,148.65
cdf_db,ebpf,2,3949,151.47
cdf_db,ebpf,2,3950,156.29
cdf_db,ebpf,2,3951,249.67
cdf_db,ebpf,2,3952,150.74
cdf_db,ebpf,2,3953,152.11
cdf_db,ebpf,2,3954,150.84
cdf_db,ebpf,2,3955,149.53
cdf_db,ebpf,2,3956,157.89
cdf_db,ebpf,2,3957,194.69
cdf_db,ebpf,2,3958,189.74
cdf_db,ebpf,2,3959,150.97
cdf_db,ebpf,2,3960,149.46
cdf_db,ebpf,2,3961,148.3
cdf_db,ebpf,2,3962,161.01
cdf_db,ebpf,2,3963,196.21
cdf_db,ebpf,2,3964,148.93
cdf_db,ebpf,2,3965,150.66
cdf_db,ebpf,2,3966,148.68
cdf_db,ebpf,2,3967,146.67
cdf_db,ebpf,2,3968,150.35
cdf_db,ebpf,2,3969,245.38
cdf_db,ebpf,2,3970,152.321
cdf_db,ebpf,2,3971,165.949
cdf_db,ebpf,2,3972,150.811
cdf_db,ebpf,2,3973,194.451
cdf_db,ebpf,2,3974,156.96
cdf_db,ebpf,2,3975,216.81
cdf_db,ebpf,2,3976,194.43
cdf_db,ebpf,2,3977,187.32
cdf_db,ebpf,2,3978,223.06
cdf_db,ebpf,2,3979,158.13
cdf_db,ebpf,2,3980,195.81
cdf_db,ebpf,2,3981,150.78
cdf_db,ebpf,2,3982,151.94
cdf_db,ebpf,2,3983,150.33
cdf_db,ebpf,2,3984,151.74
cdf_db,ebpf,2,3985,152.81
cdf_db,ebpf,2,3986,211.19
cdf_db,ebpf,2,3987,148.64
cdf_db,ebpf,2,3988,149.63
cdf_db,ebpf,2,3989,151.59
cdf_db,ebpf,2,3990,148.3
cdf_db,ebpf,2,3991,149.79
cdf_db,ebpf,2,3992,211.37
cdf_db,ebpf,2,3993,151.67
cdf_db,ebpf,2,3994,151.28
cdf_db,ebpf,2,3995,152.42
cdf_db,ebpf,2,3996,151.66
cdf_db,ebpf,2,3997,147.61
cdf_db,ebpf,2,3998,213.35
cdf_db,ebpf,2,3999,150.429
cdf_db,ebpf,2,4000,153.509
cdf_db,ebpf,2,4001,155.16
cdf_db,ebpf,2,4002,151.86
cdf_db,ebpf,2,4003,191.66
cdf_db,ebpf,2,4004,203.91
cdf_db,ebpf,2,4005,153.92
cdf_db,ebpf,2,4006,151.61
cdf_db,ebpf,2,4007,150.3
cdf_db,ebpf,2,4008,148.4
cdf_db,ebpf,2,4009,150.96
cdf_db,ebpf,2,4010,151.57
cdf_db,ebpf,2,4011,191.08
cdf_db,ebpf,2,4012,145.47
cdf_db,ebpf,2,4013,148.93
cdf_db,ebpf,2,4014,147.65
cdf_db,ebpf,2,4015,148.8
cdf_db,ebpf,2,4016,147.22
cdf_db,ebpf,2,4017,211.09
cdf_db,ebpf,2,4018,146.94
cdf_db,ebpf,2,4019,150.4
cdf_db,ebpf,2,4020,149.3
cdf_db,ebpf,2,4021,146.15
cdf_db,ebpf,2,4022,189.21
cdf_db,ebpf,2,4023,204.84
cdf_db,ebpf,2,4024,151.39
cdf_db,ebpf,2,4025,150.61
cdf_db,ebpf,2,4026,155.81
cdf_db,ebpf,2,4027,151.16
cdf_db,ebpf,2,4028,150.92
cdf_db,ebpf,2,4029,203.48
cdf_db,ebpf,2,4030,153.129
cdf_db,ebpf,2,4031,149.04
cdf_db,ebpf,2,4032,149.4
cdf_db,ebpf,2,4033,150.0
cdf_db,ebpf,2,4034,150.371
cdf_db,ebpf,2,4035,159.41
cdf_db,ebpf,2,4036,232.22
cdf_db,ebpf,2,4037,175.56
cdf_db,ebpf,2,4038,149.49
cdf_db,ebpf,2,4039,153.06
cdf_db,ebpf,2,4040,148.8
cdf_db,ebpf,2,4041,199.68
cdf_db,ebpf,2,4042,148.33
cdf_db,ebpf,2,4043,149.93
cdf_db,ebpf,2,4044,167.23
cdf_db,ebpf,2,4045,148.88
cdf_db,ebpf,2,4046,188.0
cdf_db,ebpf,2,4047,225.17
cdf_db,ebpf,2,4048,150.17
cdf_db,ebpf,2,4049,150.79
cdf_db,ebpf,2,4050,152.81
cdf_db,ebpf,2,4051,149.39
cdf_db,ebpf,2,4052,150.15
cdf_db,ebpf,2,4053,216.26
cdf_db,ebpf,2,4054,197.12
cdf_db,ebpf,2,4055,154.1
cdf_db,ebpf,2,4056,156.86
cdf_db,ebpf,2,4057,154.001
cdf_db,ebpf,2,4058,150.769
cdf_db,ebpf,2,4059,212.0
cdf_db,ebpf,2,4060,191.46
cdf_db,ebpf,2,4061,149.37
cdf_db,ebpf,2,4062,150.55
cdf_db,ebpf,2,4063,154.64
cdf_db,ebpf,2,4064,199.23
cdf_db,ebpf,2,4065,202.52
cdf_db,ebpf,2,4066,150.03
cdf_db,ebpf,2,4067,201.67
cdf_db,ebpf,2,4068,150.41
cdf_db,ebpf,2,4069,148.98
cdf_db,ebpf,2,4070,190.28
cdf_db,ebpf,2,4071,270.21
cdf_db,ebpf,2,4072,149.8
cdf_db,ebpf,2,4073,151.49
cdf_db,ebpf,2,4074,153.28
cdf_db,ebpf,2,4075,151.43
cdf_db,ebpf,2,4076,201.05
cdf_db,ebpf,2,4077,144.87
cdf_db,ebpf,2,4078,148.93
cdf_db,ebpf,2,4079,150.62
cdf_db,ebpf,2,4080,145.6
cdf_db,ebpf,2,4081,149.4
cdf_db,ebpf,2,4082,156.47
cdf_db,ebpf,2,4083,201.42
cdf_db,ebpf,2,4084,150.16
cdf_db,ebpf,2,4085,150.3
cdf_db,ebpf,2,4086,148.269
cdf_db,ebpf,2,4087,149.94
cdf_db,ebpf,2,4088,155.52
cdf_db,ebpf,2,4089,201.85
cdf_db,ebpf,2,4090,148.32
cdf_db,ebpf,2,4091,151.1
cdf_db,ebpf,2,4092,152.61
cdf_db,ebpf,2,4093,150.52
cdf_db,ebpf,2,4094,149.69
cdf_db,ebpf,2,4095,202.37
cdf_db,ebpf,2,4096,184.9
cdf_db,ebpf,2,4097,151.04
cdf_db,ebpf,2,4098,150.02
cdf_db,ebpf,2,4099,150.49
cdf_db,ebpf,2,4100,147.76
cdf_db,ebpf,2,4101,203.09
cdf_db,ebpf,2,4102,149.28
cdf_db,ebpf,2,4103,154.96
cdf_db,ebpf,2,4104,151.23
cdf_db,ebpf,2,4105,150.36
cdf_db,ebpf,2,4106,155.59
cdf_db,ebpf,2,4107,159.59
cdf_db,ebpf,2,4108,193.73
cdf_db,ebpf,2,4109,151.04
cdf_db,ebpf,2,4110,151.36
cdf_db,ebpf,2,4111,149.23
cdf_db,ebpf,2,4112,149.86
cdf_db,ebpf,2,4113,153.91
cdf_db,ebpf,2,4114,193.95
cdf_db,ebpf,2,4115,192.06
cdf_db,ebpf,2,4116,150.32
cdf_db,ebpf,2,4117,166.48
cdf_db,ebpf,2,4118,147.981
cdf_db,ebpf,2,4119,155.2
cdf_db,ebpf,2,4120,217.49
cdf_db,ebpf,2,4121,147.38
cdf_db,ebpf,2,4122,148.48
cdf_db,ebpf,2,4123,152.15
cdf_db,ebpf,2,4124,148.67
cdf_db,ebpf,2,4125,155.48
cdf_db,ebpf,2,4126,196.75
cdf_db,ebpf,2,4127,147.7
cdf_db,ebpf,2,4128,151.58
cdf_db,ebpf,2,4129,148.78
cdf_db,ebpf,2,4130,149.16
cdf_db,ebpf,2,4131,145.69
cdf_db,ebpf,2,4132,202.89
cdf_db,ebpf,2,4133,151.29
cdf_db,ebpf,2,4134,149.52
cdf_db,ebpf,2,4135,148.47
cdf_db,ebpf,2,4136,149.42
cdf_db,ebpf,2,4137,151.2
cdf_db,ebpf,2,4138,159.55
cdf_db,ebpf,2,4139,194.08
cdf_db,ebpf,2,4140,191.16
cdf_db,ebpf,2,4141,148.26
cdf_db,ebpf,2,4142,148.2
cdf_db,ebpf,2,4143,149.36
cdf_db,ebpf,2,4144,152.19
cdf_db,ebpf,2,4145,195.1
cdf_db,ebpf,2,4146,147.41
cdf_db,ebpf,2,4147,151.45
cdf_db,ebpf,2,4148,149.831
cdf_db,ebpf,2,4149,148.92
cdf_db,ebpf,2,4150,155.551
cdf_db,ebpf,2,4151,202.551
cdf_db,ebpf,2,4152,148.391
cdf_db,ebpf,2,4153,149.46
cdf_db,ebpf,2,4154,151.43
cdf_db,ebpf,2,4155,153.7
cdf_db,ebpf,2,4156,145.87
cdf_db,ebpf,2,4157,206.81
cdf_db,ebpf,2,4158,147.15
cdf_db,ebpf,2,4159,145.9
cdf_db,ebpf,2,4160,158.1
cdf_db,ebpf,2,4161,148.24
cdf_db,ebpf,2,4162,146.97
cdf_db,ebpf,2,4163,158.32
cdf_db,ebpf,2,4164,192.6
cdf_db,ebpf,2,4165,144.95
cdf_db,ebpf,2,4166,153.05
cdf_db,ebpf,2,4167,198.45
cdf_db,ebpf,2,4168,151.43
cdf_db,ebpf,2,4169,164.67
cdf_db,ebpf,2,4170,193.72
cdf_db,ebpf,2,4171,148.27
cdf_db,ebpf,2,4172,158.59
cdf_db,ebpf,2,4173,154.34
cdf_db,ebpf,2,4174,155.49
cdf_db,ebpf,2,4175,152.291
cdf_db,ebpf,2,4176,193.54
cdf_db,ebpf,2,4177,147.251
cdf_db,ebpf,2,4178,151.529
cdf_db,ebpf,2,4179,148.389
cdf_db,ebpf,2,4180,147.729
cdf_db,ebpf,2,4181,147.431
cdf_db,ebpf,2,4182,203.811
cdf_db,ebpf,2,4183,149.02
cdf_db,ebpf,2,4184,152.0
cdf_db,ebpf,2,4185,148.34
cdf_db,ebpf,2,4186,151.76
cdf_db,ebpf,2,4187,149.13
cdf_db,ebpf,2,4188,247.82
cdf_db,ebpf,2,4189,151.63
cdf_db,ebpf,2,4190,158.09
cdf_db,ebpf,2,4191,151.93
cdf_db,ebpf,2,4192,148.68
cdf_db,ebpf,2,4193,151.99
cdf_db,ebpf,2,4194,224.21
cdf_db,ebpf,2,4195,148.1
cdf_db,ebpf,2,4196,150.56
cdf_db,ebpf,2,4197,149.57
cdf_db,ebpf,2,4198,149.18
cdf_db,ebpf,2,4199,149.0
cdf_db,ebpf,2,4200,203.36
cdf_db,ebpf,2,4201,148.71
cdf_db,ebpf,2,4202,146.33
cdf_db,ebpf,2,4203,153.83
cdf_db,ebpf,2,4204,187.42
cdf_db,ebpf,2,4205,149.31
cdf_db,ebpf,2,4206,200.951
cdf_db,ebpf,2,4207,149.209
cdf_db,ebpf,2,4208,147.8
cdf_db,ebpf,2,4209,150.749
cdf_db,ebpf,2,4210,145.729
cdf_db,ebpf,2,4211,148.71
cdf_db,ebpf,2,4212,156.07
cdf_db,ebpf,2,4213,196.83
cdf_db,ebpf,2,4214,145.9
cdf_db,ebpf,2,4215,149.08
cdf_db,ebpf,2,4216,190.07
cdf_db,ebpf,2,4217,147.52
cdf_db,ebpf,2,4218,155.62
cdf_db,ebpf,2,4219,200.83
cdf_db,ebpf,2,4220,152.23
cdf_db,ebpf,2,4221,149.42
cdf_db,ebpf,2,4222,175.98
cdf_db,ebpf,2,4223,148.75
cdf_db,ebpf,2,4224,154.53
cdf_db,ebpf,2,4225,242.1
cdf_db,ebpf,2,4226,148.7
cdf_db,ebpf,2,4227,150.18
cdf_db,ebpf,2,4228,152.52
cdf_db,ebpf,2,4229,149.23
cdf_db,ebpf,2,4230,153.87
cdf_db,ebpf,2,4231,242.06
cdf_db,ebpf,2,4232,152.63
cdf_db,ebpf,2,4233,151.03
cdf_db,ebpf,2,4234,158.621
cdf_db,ebpf,2,4235,151.929
cdf_db,ebpf,2,4236,193.2
cdf_db,ebpf,2,4237,194.251
cdf_db,ebpf,2,4238,150.681
cdf_db,ebpf,2,4239,151.6
cdf_db,ebpf,2,4240,188.01
cdf_db,ebpf,2,4241,147.85
cdf_db,ebpf,2,4242,153.86
cdf_db,ebpf,2,4243,233.16
cdf_db,ebpf,2,4244,152.92
cdf_db,ebpf,2,4245,217.85
cdf_db,ebpf,2,4246,151.45
cdf_db,ebpf,2,4247,152.17
cdf_db,ebpf,2,4248,203.69
cdf_db,ebpf,2,4249,148.77
cdf_db,ebpf,2,4250,149.96
cdf_db,ebpf,2,4251,150.96
cdf_db,ebpf,2,4252,147.3
cdf_db,ebpf,2,4253,147.68
cdf_db,ebpf,2,4254,149.52
cdf_db,ebpf,2,4255,191.23
cdf_db,ebpf,2,4256,150.5
cdf_db,ebpf,2,4257,148.96
cdf_db,ebpf,2,4258,150.42
cdf_db,ebpf,2,4259,146.4
cdf_db,ebpf,2,4260,153.56
cdf_db,ebpf,2,4261,198.65
cdf_db,ebpf,2,4262,149.05
cdf_db,ebpf,2,4263,158.56
cdf_db,ebpf,2,4264,150.58
cdf_db,ebpf,2,4265,147.369
cdf_db,ebpf,2,4266,149.97
cdf_db,ebpf,2,4267,220.73
cdf_db,ebpf,2,4268,151.5
cdf_db,ebpf,2,4269,148.55
cdf_db,ebpf,2,4270,150.76
cdf_db,ebpf,2,4271,145.93
cdf_db,ebpf,2,4272,146.48
cdf_db,ebpf,2,4273,198.92
cdf_db,ebpf,2,4274,147.72
cdf_db,ebpf,2,4275,147.49
cdf_db,ebpf,2,4276,148.84
cdf_db,ebpf,2,4277,147.33
cdf_db,ebpf,2,4278,151.42
cdf_db,ebpf,2,4279,154.16
cdf_db,ebpf,2,4280,194.78
cdf_db,ebpf,2,4281,148.65
cdf_db,ebpf,2,4282,148.72
cdf_db,ebpf,2,4283,148.61
cdf_db,ebpf,2,4284,146.38
cdf_db,ebpf,2,4285,148.99
cdf_db,ebpf,2,4286,207.77
cdf_db,ebpf,2,4287,146.91
cdf_db,ebpf,2,4288,147.43
cdf_db,ebpf,2,4289,148.41
cdf_db,ebpf,2,4290,154.41
cdf_db,ebpf,2,4291,150.06
cdf_db,ebpf,2,4292,205.12
cdf_db,ebpf,2,4293,151.88
cdf_db,ebpf,2,4294,153.07
cdf_db,ebpf,2,4295,152.81
cdf_db,ebpf,2,4296,156.26
cdf_db,ebpf,2,4297,198.391
cdf_db,ebpf,2,4298,208.251
cdf_db,ebpf,2,4299,157.92
cdf_db,ebpf,2,4300,146.3
cdf_db,ebpf,2,4301,150.72
cdf_db,ebpf,2,4302,146.74
cdf_db,ebpf,2,4303,145.24
cdf_db,ebpf,2,4304,153.86
cdf_db,ebpf,2,4305,193.44
cdf_db,ebpf,2,4306,148.44
cdf_db,ebpf,2,4307,164.83
cdf_db,ebpf,2,4308,149.93
cdf_db,ebpf,2,4309,149.81
cdf_db,ebpf,2,4310,156.08
cdf_db,ebpf,2,4311,199.43
cdf_db,ebpf,2,4312,153.38
cdf_db,ebpf,2,4313,150.63
cdf_db,ebpf,2,4314,149.26
cdf_db,ebpf,2,4315,916.67
cdf_db,ebpf,2,4316,235.51
cdf_db,ebpf,2,4317,181.73
cdf_db,ebpf,2,4318,219.4
cdf_db,ebpf,2,4319,177.921
cdf_db,ebpf,2,4320,153.709
cdf_db,ebpf,2,4321,151.651
cdf_db,ebpf,2,4322,153.351
cdf_db,ebpf,2,4323,155.36
cdf_db,ebpf,2,4324,192.191
cdf_db,ebpf,2,4325,149.06
cdf_db,ebpf,2,4326,150.25
cdf_db,ebpf,2,4327,190.97
cdf_db,ebpf,2,4328,149.11
cdf_db,ebpf,2,4329,158.23
cdf_db,ebpf,2,4330,198.87
cdf_db,ebpf,2,4331,151.54
cdf_db,ebpf,2,4332,150.66
cdf_db,ebpf,2,4333,145.33
cdf_db,ebpf,2,4334,146.47
cdf_db,ebpf,2,4335,147.82
cdf_db,ebpf,2,4336,216.73
cdf_db,ebpf,2,4337,147.11
cdf_db,ebpf,2,4338,155.1
cdf_db,ebpf,2,4339,155.05
cdf_db,ebpf,2,4340,149.23
cdf_db,ebpf,2,4341,148.95
cdf_db,ebpf,2,4342,216.68
cdf_db,ebpf,2,4343,147.17
cdf_db,ebpf,2,4344,149.12
cdf_db,ebpf,2,4345,145.81
cdf_db,ebpf,2,4346,147.77
cdf_db,ebpf,2,4347,146.82
cdf_db,ebpf,2,4348,146.37
cdf_db,ebpf,2,4349,244.191
cdf_db,ebpf,2,4350,147.54
cdf_db,ebpf,2,4351,146.24
cdf_db,ebpf,2,4352,150.651
cdf_db,ebpf,2,4353,147.4
cdf_db,ebpf,2,4354,154.33
cdf_db,ebpf,2,4355,192.21
cdf_db,ebpf,2,4356,148.68
cdf_db,ebpf,2,4357,147.45
cdf_db,ebpf,2,4358,148.99
cdf_db,ebpf,2,4359,146.24
cdf_db,ebpf,2,4360,147.0
cdf_db,ebpf,2,4361,196.42
cdf_db,ebpf,2,4362,150.58
cdf_db,ebpf,2,4363,146.8
cdf_db,ebpf,2,4364,150.37
cdf_db,ebpf,2,4365,190.87
cdf_db,ebpf,2,4366,148.34
cdf_db,ebpf,2,4367,208.06
cdf_db,ebpf,2,4368,153.18
cdf_db,ebpf,2,4369,148.57
cdf_db,ebpf,2,4370,150.61
cdf_db,ebpf,2,4371,148.41
cdf_db,ebpf,2,4372,146.67
cdf_db,ebpf,2,4373,156.86
cdf_db,ebpf,2,4374,193.39
cdf_db,ebpf,2,4375,145.8
cdf_db,ebpf,2,4376,148.27
cdf_db,ebpf,2,4377,437.231
cdf_db,ebpf,2,4378,270.48
cdf_db,ebpf,2,4379,151.9
cdf_db,ebpf,2,4380,160.051
cdf_db,ebpf,2,4381,153.4
cdf_db,ebpf,2,4382,150.52
cdf_db,ebpf,2,4383,153.07
cdf_db,ebpf,2,4384,192.05
cdf_db,ebpf,2,4385,146.97
cdf_db,ebpf,2,4386,146.13
cdf_db,ebpf,2,4387,187.65
cdf_db,ebpf,2,4388,146.14
cdf_db,ebpf,2,4389,153.32
cdf_db,ebpf,2,4390,196.14
cdf_db,ebpf,2,4391,150.16
cdf_db,ebpf,2,4392,148.92
cdf_db,ebpf,2,4393,185.62
cdf_db,ebpf,2,4394,145.3
cdf_db,ebpf,2,4395,151.56
cdf_db,ebpf,2,4396,192.57
cdf_db,ebpf,2,4397,147.04
cdf_db,ebpf,2,4398,189.63
cdf_db,ebpf,2,4399,145.96
cdf_db,ebpf,2,4400,147.5
cdf_db,ebpf,2,4401,148.52
cdf_db,ebpf,2,4402,237.14
cdf_db,ebpf,2,4403,150.25
cdf_db,ebpf,2,4404,148.44
cdf_db,ebpf,2,4405,185.281
cdf_db,ebpf,2,4406,146.4
cdf_db,ebpf,2,4407,178.649
cdf_db,ebpf,2,4408,230.731
cdf_db,ebpf,2,4409,193.36
cdf_db,ebpf,2,4410,226.25
cdf_db,ebpf,2,4411,146.97
cdf_db,ebpf,2,4412,149.6
cdf_db,ebpf,2,4413,220.98
cdf_db,ebpf,2,4414,148.26
cdf_db,ebpf,2,4415,152.65
cdf_db,ebpf,2,4416,151.15
cdf_db,ebpf,2,4417,144.93
cdf_db,ebpf,2,4418,147.69
cdf_db,ebpf,2,4419,202.96
cdf_db,ebpf,2,4420,150.52
cdf_db,ebpf,2,4421,149.94
cdf_db,ebpf,2,4422,156.74
cdf_db,ebpf,2,4423,145.9
cdf_db,ebpf,2,4424,146.49
cdf_db,ebpf,2,4425,150.35
cdf_db,ebpf,2,4426,193.54
cdf_db,ebpf,2,4427,148.21
cdf_db,ebpf,2,4428,150.54
cdf_db,ebpf,2,4429,148.88
cdf_db,ebpf,2,4430,147.48
cdf_db,ebpf,2,4431,147.0
cdf_db,ebpf,2,4432,218.46
cdf_db,ebpf,2,4433,148.19
cdf_db,ebpf,2,4434,153.85
cdf_db,ebpf,2,4435,146.21
cdf_db,ebpf,2,4436,142.88
cdf_db,ebpf,2,4437,150.01
cdf_db,ebpf,2,4438,206.42
cdf_db,ebpf,2,4439,149.669
cdf_db,ebpf,2,4440,150.04
cdf_db,ebpf,2,4441,151.29
cdf_db,ebpf,2,4442,151.56
cdf_db,ebpf,2,4443,147.47
cdf_db,ebpf,2,4444,158.82
cdf_db,ebpf,2,4445,193.9
cdf_db,ebpf,2,4446,150.15
cdf_db,ebpf,2,4447,150.61
cdf_db,ebpf,2,4448,150.46
cdf_db,ebpf,2,4449,147.66
cdf_db,ebpf,2,4450,156.81
cdf_db,ebpf,2,4451,194.63
cdf_db,ebpf,2,4452,150.14
cdf_db,ebpf,2,4453,145.97
cdf_db,ebpf,2,4454,148.96
cdf_db,ebpf,2,4455,148.69
cdf_db,ebpf,2,4456,148.02
cdf_db,ebpf,2,4457,203.03
cdf_db,ebpf,2,4458,192.15
cdf_db,ebpf,2,4459,143.96
cdf_db,ebpf,2,4460,149.4
cdf_db,ebpf,2,4461,147.85
cdf_db,ebpf,2,4462,147.87
cdf_db,ebpf,2,4463,200.66
cdf_db,ebpf,2,4464,149.2
cdf_db,ebpf,2,4465,144.72
cdf_db,ebpf,2,4466,149.82
cdf_db,ebpf,2,4467,147.42
cdf_db,ebpf,2,4468,143.98
cdf_db,ebpf,2,4469,154.031
cdf_db,ebpf,2,4470,193.92
cdf_db,ebpf,2,4471,149.091
cdf_db,ebpf,2,4472,150.06
cdf_db,ebpf,2,4473,147.09
cdf_db,ebpf,2,4474,148.43
cdf_db,ebpf,2,4475,185.45
cdf_db,ebpf,2,4476,199.19
cdf_db,ebpf,2,4477,143.89
cdf_db,ebpf,2,4478,152.4
cdf_db,ebpf,2,4479,148.36
cdf_db,ebpf,2,4480,146.0
cdf_db,ebpf,2,4481,148.85
cdf_db,ebpf,2,4482,223.33
cdf_db,ebpf,2,4483,147.06
cdf_db,ebpf,2,4484,144.24
cdf_db,ebpf,2,4485,150.4
cdf_db,ebpf,2,4486,145.4
cdf_db,ebpf,2,4487,147.64
cdf_db,ebpf,2,4488,261.49
cdf_db,ebpf,2,4489,145.54
cdf_db,ebpf,2,4490,151.35
cdf_db,ebpf,2,4491,151.79
cdf_db,ebpf,2,4492,143.49
cdf_db,ebpf,2,4493,149.74
cdf_db,ebpf,2,4494,207.21
cdf_db,ebpf,2,4495,146.87
cdf_db,ebpf,2,4496,146.951
cdf_db,ebpf,2,4497,153.8
cdf_db,ebpf,2,4498,145.611
cdf_db,ebpf,2,4499,147.949
cdf_db,ebpf,2,4500,155.98
cdf_db,ebpf,2,4501,199.051
cdf_db,ebpf,2,4502,148.191
cdf_db,ebpf,2,4503,148.51
cdf_db,ebpf,2,4504,147.18
cdf_db,ebpf,2,4505,148.95
cdf_db,ebpf,2,4506,161.31
cdf_db,ebpf,2,4507,197.05
cdf_db,ebpf,2,4508,155.05
cdf_db,ebpf,2,4509,150.64
cdf_db,ebpf,2,4510,190.79
cdf_db,ebpf,2,4511,149.95
cdf_db,ebpf,2,4512,146.87
cdf_db,ebpf,2,4513,197.37
cdf_db,ebpf,2,4514,149.24
cdf_db,ebpf,2,4515,147.84
cdf_db,ebpf,2,4516,144.73
cdf_db,ebpf,2,4517,145.29
cdf_db,ebpf,2,4518,145.15
cdf_db,ebpf,2,4519,196.35
cdf_db,ebpf,2,4520,146.88
cdf_db,ebpf,2,4521,144.56
cdf_db,ebpf,2,4522,147.26
cdf_db,ebpf,2,4523,148.13
cdf_db,ebpf,2,4524,146.63
cdf_db,ebpf,2,4525,152.721
cdf_db,ebpf,2,4526,196.1
cdf_db,ebpf,2,4527,188.871
cdf_db,ebpf,2,4528,147.58
cdf_db,ebpf,2,4529,145.891
cdf_db,ebpf,2,4530,150.72
cdf_db,ebpf,2,4531,152.0
cdf_db,ebpf,2,4532,199.06
cdf_db,ebpf,2,4533,149.6
cdf_db,ebpf,2,4534,148.67
cdf_db,ebpf,2,4535,149.83
cdf_db,ebpf,2,4536,148.03
cdf_db,ebpf,2,4537,143.59
cdf_db,ebpf,2,4538,198.94
cdf_db,ebpf,2,4539,150.9
cdf_db,ebpf,2,4540,183.52
cdf_db,ebpf,2,4541,147.77
cdf_db,ebpf,2,4542,148.16
cdf_db,ebpf,2,4543,144.71
cdf_db,ebpf,2,4544,154.07
cdf_db,ebpf,2,4545,188.18
cdf_db,ebpf,2,4546,141.1
cdf_db,ebpf,2,4547,148.26
cdf_db,ebpf,2,4548,150.38
cdf_db,ebpf,2,4549,144.03
cdf_db,ebpf,2,4550,192.89
cdf_db,ebpf,2,4551,199.09
cdf_db,ebpf,2,4552,146.61
cdf_db,ebpf,2,4553,149.15
cdf_db,ebpf,2,4554,149.03
cdf_db,ebpf,2,4555,174.38
cdf_db,ebpf,2,4556,155.15
cdf_db,ebpf,2,4557,253.86
cdf_db,ebpf,2,4558,156.951
cdf_db,ebpf,2,4559,150.631
cdf_db,ebpf,2,4560,147.609
cdf_db,ebpf,2,4561,149.161
cdf_db,ebpf,2,4562,199.26
cdf_db,ebpf,2,4563,208.21
cdf_db,ebpf,2,4564,148.24
cdf_db,ebpf,2,4565,153.05
cdf_db,ebpf,2,4566,188.09
cdf_db,ebpf,2,4567,153.12
cdf_db,ebpf,2,4568,204.73
cdf_db,ebpf,2,4569,188.4
cdf_db,ebpf,2,4570,144.39
cdf_db,ebpf,2,4571,150.75
cdf_db,ebpf,2,4572,194.44
cdf_db,ebpf,2,4573,187.6
cdf_db,ebpf,2,4574,270.76
cdf_db,ebpf,2,4575,149.21
cdf_db,ebpf,2,4576,145.36
cdf_db,ebpf,2,4577,150.07
cdf_db,ebpf,2,4578,146.84
cdf_db,ebpf,2,4579,148.74
cdf_db,ebpf,2,4580,195.13
cdf_db,ebpf,2,4581,146.67
cdf_db,ebpf,2,4582,146.06
cdf_db,ebpf,2,4583,149.54
cdf_db,ebpf,2,4584,147.44
cdf_db,ebpf,2,4585,142.45
cdf_db,ebpf,2,4586,200.591
cdf_db,ebpf,2,4587,148.78
cdf_db,ebpf,2,4588,142.06
cdf_db,ebpf,2,4589,148.601
cdf_db,ebpf,2,4590,143.96
cdf_db,ebpf,2,4591,142.8
cdf_db,ebpf,2,4592,173.43
cdf_db,ebpf,2,4593,188.46
cdf_db,ebpf,2,4594,144.99
cdf_db,ebpf,2,4595,150.27
cdf_db,ebpf,2,4596,152.5
cdf_db,ebpf,2,4597,145.02
cdf_db,ebpf,2,4598,146.62
cdf_db,ebpf,2,4599,199.57
cdf_db,ebpf,2,4600,144.65
cdf_db,ebpf,2,4601,145.28
cdf_db,ebpf,2,4602,149.63
cdf_db,ebpf,2,4603,143.66
cdf_db,ebpf,2,4604,148.19
cdf_db,ebpf,2,4605,155.63
cdf_db,ebpf,2,4606,192.26
cdf_db,ebpf,2,4607,143.99
cdf_db,ebpf,2,4608,147.92
cdf_db,ebpf,2,4609,146.42
cdf_db,ebpf,2,4610,145.52
cdf_db,ebpf,2,4611,153.0
cdf_db,ebpf,2,4612,192.86
cdf_db,ebpf,2,4613,148.85
cdf_db,ebpf,2,4614,147.01
cdf_db,ebpf,2,4615,146.32
cdf_db,ebpf,2,4616,151.27
cdf_db,ebpf,2,4617,144.571
cdf_db,ebpf,2,4618,197.64
cdf_db,ebpf,2,4619,146.171
cdf_db,ebpf,2,4620,150.141
cdf_db,ebpf,2,4621,182.62
cdf_db,ebpf,2,4622,143.74
cdf_db,ebpf,2,4623,149.23
cdf_db,ebpf,2,4624,158.96
cdf_db,ebpf,2,4625,193.19
cdf_db,ebpf,2,4626,145.57
cdf_db,ebpf,2,4627,160.41
cdf_db,ebpf,2,4628,148.14
cdf_db,ebpf,2,4629,147.21
cdf_db,ebpf,2,4630,156.34
cdf_db,ebpf,2,4631,212.16
cdf_db,ebpf,2,4632,146.9
cdf_db,ebpf,2,4633,146.0
cdf_db,ebpf,2,4634,149.62
cdf_db,ebpf,2,4635,144.77
cdf_db,ebpf,2,4636,143.8
cdf_db,ebpf,2,4637,199.77
cdf_db,ebpf,2,4638,147.86
cdf_db,ebpf,2,4639,146.71
cdf_db,ebpf,2,4640,148.53
cdf_db,ebpf,2,4641,147.33
cdf_db,ebpf,2,4642,145.76
cdf_db,ebpf,2,4643,156.66
cdf_db,ebpf,2,4644,191.97
cdf_db,ebpf,2,4645,145.22
cdf_db,ebpf,2,4646,146.661
cdf_db,ebpf,2,4647,147.36
cdf_db,ebpf,2,4648,141.931
cdf_db,ebpf,2,4649,153.509
cdf_db,ebpf,2,4650,197.209
cdf_db,ebpf,2,4651,185.2
cdf_db,ebpf,2,4652,148.109
cdf_db,ebpf,2,4653,149.101
cdf_db,ebpf,2,4654,147.07
cdf_db,ebpf,2,4655,147.44
cdf_db,ebpf,2,4656,200.5
cdf_db,ebpf,2,4657,145.35
cdf_db,ebpf,2,4658,146.48
cdf_db,ebpf,2,4659,147.41
cdf_db,ebpf,2,4660,144.56
cdf_db,ebpf,2,4661,144.78
cdf_db,ebpf,2,4662,156.77
cdf_db,ebpf,2,4663,188.48
cdf_db,ebpf,2,4664,146.47
cdf_db,ebpf,2,4665,152.97
cdf_db,ebpf,2,4666,147.96
cdf_db,ebpf,2,4667,148.96
cdf_db,ebpf,2,4668,153.29
cdf_db,ebpf,2,4669,193.7
cdf_db,ebpf,2,4670,145.19
cdf_db,ebpf,2,4671,146.07
cdf_db,ebpf,2,4672,146.89
cdf_db,ebpf,2,4673,197.42
cdf_db,ebpf,2,4674,145.97
cdf_db,ebpf,2,4675,199.17
cdf_db,ebpf,2,4676,148.609
cdf_db,ebpf,2,4677,150.091
cdf_db,ebpf,2,4678,151.989
cdf_db,ebpf,2,4679,152.54
cdf_db,ebpf,2,4680,155.371
cdf_db,ebpf,2,4681,199.25
cdf_db,ebpf,2,4682,145.89
cdf_db,ebpf,2,4683,152.85
cdf_db,ebpf,2,4684,145.84
cdf_db,ebpf,2,4685,143.78
cdf_db,ebpf,2,4686,148.68
cdf_db,ebpf,2,4687,151.47
cdf_db,ebpf,2,4688,197.72
cdf_db,ebpf,2,4689,145.37
cdf_db,ebpf,2,4690,188.2
cdf_db,ebpf,2,4691,149.99
cdf_db,ebpf,2,4692,144.08
cdf_db,ebpf,2,4693,154.02
cdf_db,ebpf,2,4694,194.82
cdf_db,ebpf,2,4695,147.83
cdf_db,ebpf,2,4696,151.09
cdf_db,ebpf,2,4697,147.47
cdf_db,ebpf,2,4698,143.5
cdf_db,ebpf,2,4699,149.46
cdf_db,ebpf,2,4700,211.98
cdf_db,ebpf,2,4701,146.87
cdf_db,ebpf,2,4702,184.1
cdf_db,ebpf,2,4703,151.11
cdf_db,ebpf,2,4704,146.38
cdf_db,ebpf,2,4705,148.59
cdf_db,ebpf,2,4706,218.31
cdf_db,ebpf,2,4707,143.58
cdf_db,ebpf,2,4708,149.33
cdf_db,ebpf,2,4709,150.231
cdf_db,ebpf,2,4710,142.709
cdf_db,ebpf,2,4711,147.661
cdf_db,ebpf,2,4712,238.37
cdf_db,ebpf,2,4713,145.37
cdf_db,ebpf,2,4714,146.33
cdf_db,ebpf,2,4715,150.28
cdf_db,ebpf,2,4716,143.18
cdf_db,ebpf,2,4717,147.53
cdf_db,ebpf,2,4718,155.8
cdf_db,ebpf,2,4719,188.96
cdf_db,ebpf,2,4720,185.75
cdf_db,ebpf,2,4721,149.92
cdf_db,ebpf,2,4722,146.38
cdf_db,ebpf,2,4723,147.28
cdf_db,ebpf,2,4724,156.52
cdf_db,ebpf,2,4725,226.78
cdf_db,ebpf,2,4726,147.73
cdf_db,ebpf,2,4727,149.98
cdf_db,ebpf,2,4728,148.25
cdf_db,ebpf,2,4729,184.3
cdf_db,ebpf,2,4730,153.39
cdf_db,ebpf,2,4731,188.58
cdf_db,ebpf,2,4732,143.81
cdf_db,ebpf,2,4733,152.89
cdf_db,ebpf,2,4734,184.64
cdf_db,ebpf,2,4735,146.63
cdf_db,ebpf,2,4736,153.31
cdf_db,ebpf,2,4737,193.68
cdf_db,ebpf,2,4738,147.28
cdf_db,ebpf,2,4739,147.951
cdf_db,ebpf,2,4740,150.2
cdf_db,ebpf,2,4741,145.2
cdf_db,ebpf,2,4742,144.72
cdf_db,ebpf,2,4743,203.55
cdf_db,ebpf,2,4744,149.92
cdf_db,ebpf,2,4745,151.26
cdf_db,ebpf,2,4746,153.41
cdf_db,ebpf,2,4747,152.31
cdf_db,ebpf,2,4748,152.4
cdf_db,ebpf,2,4749,146.94
cdf_db,ebpf,2,4750,190.51
cdf_db,ebpf,2,4751,144.18
cdf_db,ebpf,2,4752,145.35
cdf_db,ebpf,2,4753,148.61
cdf_db,ebpf,2,4754,143.28
cdf_db,ebpf,2,4755,146.87
cdf_db,ebpf,2,4756,201.75
cdf_db,ebpf,2,4757,153.84
cdf_db,ebpf,2,4758,151.21
cdf_db,ebpf,2,4759,186.94
cdf_db,ebpf,2,4760,148.41
cdf_db,ebpf,2,4761,147.16
cdf_db,ebpf,2,4762,202.45
cdf_db,ebpf,2,4763,147.36
cdf_db,ebpf,2,4764,146.12
cdf_db,ebpf,2,4765,146.29
cdf_db,ebpf,2,4766,147.91
cdf_db,ebpf,2,4767,144.16
cdf_db,ebpf,2,4768,147.09
cdf_db,ebpf,2,4769,192.78
cdf_db,ebpf,2,4770,144.689
cdf_db,ebpf,2,4771,147.371
cdf_db,ebpf,2,4772,149.05
cdf_db,ebpf,2,4773,159.5
cdf_db,ebpf,2,4774,149.96
cdf_db,ebpf,2,4775,213.47
cdf_db,ebpf,2,4776,151.47
cdf_db,ebpf,2,4777,175.15
cdf_db,ebpf,2,4778,187.53
cdf_db,ebpf,2,4779,143.94
cdf_db,ebpf,2,4780,152.61
cdf_db,ebpf,2,4781,193.95
cdf_db,ebpf,2,4782,146.38
cdf_db,ebpf,2,4783,151.05
cdf_db,ebpf,2,4784,148.49
cdf_db,ebpf,2,4785,145.93
cdf_db,ebpf,2,4786,146.82
cdf_db,ebpf,2,4787,202.48
cdf_db,ebpf,2,4788,155.26
cdf_db,ebpf,2,4789,149.39
cdf_db,ebpf,2,4790,148.88
cdf_db,ebpf,2,4791,179.17
cdf_db,ebpf,2,4792,148.3
cdf_db,ebpf,2,4793,201.49
cdf_db,ebpf,2,4794,150.14
cdf_db,ebpf,2,4795,148.87
cdf_db,ebpf,2,4796,146.89
cdf_db,ebpf,2,4797,145.2
cdf_db,ebpf,2,4798,145.16
cdf_db,ebpf,2,4799,153.609
cdf_db,ebpf,2,4800,191.42
cdf_db,ebpf,2,4801,148.269
cdf_db,ebpf,2,4802,189.349
cdf_db,ebpf,2,4803,150.469
cdf_db,ebpf,2,4804,148.291
cdf_db,ebpf,2,4805,157.21
cdf_db,ebpf,2,4806,193.36
cdf_db,ebpf,2,4807,149.08
cdf_db,ebpf,2,4808,150.79
cdf_db,ebpf,2,4809,151.64
cdf_db,ebpf,2,4810,190.53
cdf_db,ebpf,2,4811,157.55
cdf_db,ebpf,2,4812,200.56
cdf_db,ebpf,2,4813,150.35
cdf_db,ebpf,2,4814,152.86
cdf_db,ebpf,2,4815,841.45
cdf_db,ebpf,2,4816,676.42
cdf_db,ebpf,2,4817,297.591
cdf_db,ebpf,2,4818,241.46
cdf_db,ebpf,2,4819,194.331
cdf_db,ebpf,2,4820,266.78
cdf_db,ebpf,2,4821,231.051
cdf_db,ebpf,2,4822,220.01
cdf_db,ebpf,2,4823,231.29
cdf_db,ebpf,2,4824,215.37
cdf_db,ebpf,2,4825,232.04
cdf_db,ebpf,2,4826,256.77
cdf_db,ebpf,2,4827,222.23
cdf_db,ebpf,2,4828,290.84
cdf_db,ebpf,2,4829,224.28
cdf_db,ebpf,2,4830,214.23
cdf_db,ebpf,2,4831,173.64
cdf_db,ebpf,2,4832,211.5
cdf_db,ebpf,2,4833,179.03
cdf_db,ebpf,2,4834,267.27
cdf_db,ebpf,2,4835,173.94
cdf_db,ebpf,2,4836,210.63
cdf_db,ebpf,2,4837,172.19
cdf_db,ebpf,2,4838,216.05
cdf_db,ebpf,2,4839,222.56
cdf_db,ebpf,2,4840,210.82
cdf_db,ebpf,2,4841,173.771
cdf_db,ebpf,2,4842,208.38
cdf_db,ebpf,2,4843,180.76
cdf_db,ebpf,2,4844,258.48
cdf_db,ebpf,2,4845,173.92
cdf_db,ebpf,2,4846,224.93
cdf_db,ebpf,2,4847,179.25
cdf_db,ebpf,2,4848,217.74
cdf_db,ebpf,2,4849,232.78
cdf_db,ebpf,2,4850,211.08
cdf_db,ebpf,2,4851,173.98
cdf_db,ebpf,2,4852,213.48
cdf_db,ebpf,2,4853,269.18
cdf_db,ebpf,2,4854,212.65
cdf_db,ebpf,2,4855,172.26
cdf_db,ebpf,2,4856,208.61
cdf_db,ebpf,2,4857,174.39
cdf_db,ebpf,2,4858,267.56
cdf_db,ebpf,2,4859,170.95
cdf_db,ebpf,2,4860,208.01
cdf_db,ebpf,2,4861,172.0
cdf_db,ebpf,2,4862,217.75
cdf_db,ebpf,2,4863,222.07
cdf_db,ebpf,2,4864,212.191
cdf_db,ebpf,2,4865,170.62
cdf_db,ebpf,2,4866,209.36
cdf_db,ebpf,2,4867,181.53
cdf_db,ebpf,2,4868,261.85
cdf_db,ebpf,2,4869,177.34
cdf_db,ebpf,2,4870,213.42
cdf_db,ebpf,2,4871,214.07
cdf_db,ebpf,2,4872,211.99
cdf_db,ebpf,2,4873,217.53
cdf_db,ebpf,2,4874,209.97
cdf_db,ebpf,2,4875,174.28
cdf_db,ebpf,2,4876,205.63
cdf_db,ebpf,2,4877,181.58
cdf_db,ebpf,2,4878,249.75
cdf_db,ebpf,2,4879,173.48
cdf_db,ebpf,2,4880,205.97
cdf_db,ebpf,2,4881,172.44
cdf_db,ebpf,2,4882,219.14
cdf_db,ebpf,2,4883,219.86
cdf_db,ebpf,2,4884,248.79
cdf_db,ebpf,2,4885,170.06
cdf_db,ebpf,2,4886,210.26
cdf_db,ebpf,2,4887,231.73
cdf_db,ebpf,2,4888,210.4
cdf_db,ebpf,2,4889,168.511
cdf_db,ebpf,2,4890,208.0
cdf_db,ebpf,2,4891,174.99
cdf_db,ebpf,2,4892,265.69
cdf_db,ebpf,2,4893,173.03
cdf_db,ebpf,2,4894,209.28
cdf_db,ebpf,2,4895,174.82
cdf_db,ebpf,2,4896,214.78
cdf_db,ebpf,2,4897,219.74
cdf_db,ebpf,2,4898,203.69
cdf_db,ebpf,2,4899,174.48
cdf_db,ebpf,2,4900,205.11
cdf_db,ebpf,2,4901,170.41
cdf_db,ebpf,2,4902,264.85
cdf_db,ebpf,2,4903,211.54
cdf_db,ebpf,2,4904,206.97
cdf_db,ebpf,2,4905,170.31
cdf_db,ebpf,2,4906,213.66
cdf_db,ebpf,2,4907,225.84
cdf_db,ebpf,2,4908,208.89
cdf_db,ebpf,2,4909,171.38
cdf_db,ebpf,2,4910,209.78
cdf_db,ebpf,2,4911,184.701
cdf_db,ebpf,2,4912,270.8
cdf_db,ebpf,2,4913,174.929
cdf_db,ebpf,2,4914,173.12
cdf_db,ebpf,2,4915,211.191
cdf_db,ebpf,2,4916,186.541
cdf_db,ebpf,2,4917,267.36
cdf_db,ebpf,2,4918,179.96
cdf_db,ebpf,2,4919,227.23
cdf_db,ebpf,2,4920,178.26
cdf_db,ebpf,2,4921,292.83
cdf_db,ebpf,2,4922,179.77
cdf_db,ebpf,2,4923,215.32
cdf_db,ebpf,2,4924,173.49
cdf_db,ebpf,2,4925,218.9
cdf_db,ebpf,2,4926,224.73
cdf_db,ebpf,2,4927,210.19
cdf_db,ebpf,2,4928,168.67
cdf_db,ebpf,2,4929,211.31
cdf_db,ebpf,2,4930,218.22
cdf_db,ebpf,2,4931,257.98
cdf_db,ebpf,2,4932,170.98
cdf_db,ebpf,2,4933,211.741
cdf_db,ebpf,2,4934,176.26
cdf_db,ebpf,2,4935,221.269
cdf_db,ebpf,2,4936,219.291
cdf_db,ebpf,2,4937,211.991
cdf_db,ebpf,2,4938,175.549
cdf_db,ebpf,2,4939,207.44
cdf_db,ebpf,2,4940,225.92
cdf_db,ebpf,2,4941,210.1
cdf_db,ebpf,2,4942,174.33
cdf_db,ebpf,2,4943,207.8
cdf_db,ebpf,2,4944,172.82
cdf_db,ebpf,2,4945,262.81
cdf_db,ebpf,2,4946,176.23
cdf_db,ebpf,2,4947,211.23
cdf_db,ebpf,2,4948,171.54
cdf_db,ebpf,2,4949,210.64
cdf_db,ebpf,2,4950,272.25
cdf_db,ebpf,2,4951,215.44
cdf_db,ebpf,2,4952,171.32
cdf_db,ebpf,2,4953,208.2
cdf_db,ebpf,2,4954,178.06
cdf_db,ebpf,2,4955,260.0
cdf_db,ebpf,2,4956,167.23
cdf_db,ebpf,2,4957,209.251
cdf_db,ebpf,2,4958,168.731
cdf_db,ebpf,2,4959,211.0
cdf_db,ebpf,2,4960,217.52
cdf_db,ebpf,2,4961,214.421
cdf_db,ebpf,2,4962,193.86
cdf_db,ebpf,2,4963,207.39
cdf_db,ebpf,2,4964,186.67
cdf_db,ebpf,2,4965,221.39
cdf_db,ebpf,2,4966,246.44
cdf_db,ebpf,2,4967,174.85
cdf_db,ebpf,2,4968,210.13
cdf_db,ebpf,2,4969,235.27
cdf_db,ebpf,2,4970,207.67
cdf_db,ebpf,2,4971,169.95
cdf_db,ebpf,2,4972,207.19
cdf_db,ebpf,2,4973,174.08
cdf_db,ebpf,2,4974,284.03
cdf_db,ebpf,2,4975,178.78
cdf_db,ebpf,2,4976,211.56
cdf_db,ebpf,2,4977,226.66
cdf_db,ebpf,2,4978,215.72
cdf_db,ebpf,2,4979,223.32
cdf_db,ebpf,2,4980,209.09
cdf_db,ebpf,2,4981,174.941
cdf_db,ebpf,2,4982,207.151
cdf_db,ebpf,2,4983,179.101
cdf_db,ebpf,2,4984,257.99
cdf_db,ebpf,2,4985,176.67
cdf_db,ebpf,2,4986,250.44
cdf_db,ebpf,2,4987,169.58
cdf_db,ebpf,2,4988,217.24
cdf_db,ebpf,2,4989,217.98
cdf_db,ebpf,2,4990,207.79
cdf_db,ebpf,2,4991,171.26
cdf_db,ebpf,2,4992,225.03
cdf_db,ebpf,2,4993,285.1
cdf_db,ebpf,2,4994,213.14
cdf_db,ebpf,2,4995,172.34
cdf_db,ebpf,2,4996,208.74
cdf_db,ebpf,2,4997,175.38
cdf_db,ebpf,2,4998,307.2
cdf_db,ebpf,2,4999,168.68
